-7.488192974235e-07,-4.51012109154924e-07,-1.57122429311787e-07,0.00237267658153988,0.0133726944345624,0.0266775334179286,0.0404486959820445,0.0540183746574135,0.0672545306760231,0.0799114027996767,0.0919427128590278,0.103332327433333,0.11408069923378,0.124200172142769,0.133710955135456,0.142637452883045,0.151004735538931,0.158835045406659,0.166144365484042,0.172939188146809,0.179213697459774,0.184947588324867,0.190104681153229,0.194632364500299,0.198515158364695,0.201626526466321,0.203899954592163,0.205261813438163,0.205692134503554,0.205055726969631,0.203334001865788,0.200503424748624,0.196534213411976,0.191482057972964,0.185389082486833,0.178362270714551,0.170484013226221,0.161920435510466,0.152827085401764,0.143484283250607,0.133995640334735,0.124569353681725,0.115352511294043,0.106487422621712,0.0980252526217,0.0900372058214386,0.0826092506892191,0.0756357365884739,0.0691485802366536,0.0631657336101305,0.0578149903988156,0.0527847661472774,0.0481847936944192,0.0439658972926057,0.040104473551587,0.0365677112493473,0.0333500469010736,0.0304085575466372,0.0277209325358754,0.0252626388111932,0.023023307197651,0.0209898728260443,0.0191284660667427,0.0174152158051432,0.0158669397745487,0.0144586257405245,0.0131643277537676,0.0119988145359419,0.0109510508689465,0.00998149486279528,0.00905300618537626,0.00828564837466465,0.00752584668468173,0.00687545182370786,0.00651473174990772,0.00799722785583815,0.00923245021163274,0.0102192333445382,0.0109620033439132,0.0114711703805438,0.0117628746007763,0.0118581404066131,0.0117815888965495,0.0115599160572802,0.0112203536719533,0.0107892961003619,0.010291215513499,0.00974791993373855,0.00917814841150931,0.00859745662715683,0.00801832482142723,0.00745041564133574,0.00690091701834883,0.00637491823707624,0.00587578221933289,0.0054054903892974,0.00496494738843842,0.00455424071146682,0.00417285566301105,0.00381984903421341
-7.48815664932814e-07,-4.51016534642799e-07,-1.57121789810689e-07,0.00240640496279231,0.0136303374627177,0.0271352594855741,0.0411687986159073,0.0550469958430083,0.0684739258944096,0.0813116540140679,0.0935196315419579,0.105080243702381,0.115992920250228,0.126269301507392,0.135929097660053,0.144996330040073,0.153495737260732,0.161449243610739,0.168872514252492,0.175771731528136,0.182140800219377,0.187959196572774,0.193190611056974,0.197782410339909,0.201665795971833,0.204728754677883,0.206990225603107,0.208285850849611,0.208532834191962,0.207777828090706,0.205885999925767,0.202824232307668,0.198694076913344,0.193394471214717,0.187064516066017,0.179749663212284,0.171623001789266,0.162847300670952,0.153574464047862,0.144003804006638,0.134403184723789,0.124838269687452,0.115555821382634,0.10661211992881,0.0981141067775717,0.0900852754783919,0.0826394503218512,0.0756526104154966,0.0691557617366827,0.0631661093960225,0.0578106205538512,0.0527781273775915,0.0481768222899118,0.0439572923671263,0.0400957969738413,0.0365588369511603,0.0333418554444024,0.0304006813398265,0.0277135459489123,0.0252558883830976,0.0230165883814194,0.0209840111690495,0.0191227968026802,0.0174097957652396,0.0158625997646889,0.0144546508426174,0.0131607579487506,0.0119949083766789,0.0109476289378326,0.00997858368952463,0.00905062041319139,0.00828304465792219,0.00752382050353348,0.00687324121905211,0.00622322409080569,0.00731270034734598,0.00847010976386631,0.00938273099495913,0.0100581366759194,0.0105095805807789,0.010755475258671,0.0108183541431077,0.0107234961512555,0.0104974248306873,0.0101664820092705,0.00975562755438116,0.00928755181250045,0.00878212347996273,0.00825614514284428,0.00772335865310035,0.00719463058569634,0.00667825005203458,0.00618028203858639,0.00570493322751205,0.00525490122893379,0.00483169005221537,0.00443588357901882,0.00406737516525322,0.00372555544694607,0.00340946254638552
-7.48818178531315e-07,-4.51012889430641e-07,-1.57124122949472e-07,0.00244527570141321,0.0138696165292674,0.0276459540376618,0.0419019427354688,0.0560193135035812,0.0696261034928863,0.082722754721918,0.0951503562592721,0.106901100452297,0.117982084427481,0.128410848714637,0.138211479213653,0.14741098543819,0.156035772993029,0.164108151155337,0.171642940969357,0.178644352855105,0.18510335907919,0.190995770922399,0.196281145167996,0.20090250478742,0.204786710144946,0.207868618823235,0.210018714893795,0.211267198680596,0.211455655635522,0.210523733739611,0.208452127344024,0.205215933022312,0.200783151329649,0.19526433723314,0.188621842074064,0.181078413962591,0.172698157336898,0.163701389094054,0.154260936858095,0.144491673265204,0.134773979096763,0.12508106016753,0.115737932298456,0.106722139360633,0.0981911310234575,0.0901253174587805,0.0826631817864402,0.0756642513705831,0.0691586899453771,0.0631630124854765,0.0578037025111728,0.0527694124510297,0.0481670615541385,0.0439471480366203,0.0400858036759307,0.0365487612580203,0.0333326562096083,0.0303919003021112,0.0277053556649218,0.0252484345704538,0.0230091917294517,0.0209775745143862,0.0191165831341027,0.0174038642934578,0.0158578563164374,0.0144503106719671,0.0131568631903001,0.0119906493388842,0.0109438998339487,0.00997541255112789,0.009048022511239,0.00828021027619737,0.00752161532168381,0.00687083583880035,0.00622148385198172,0.00662058534771246,0.0077046316538779,0.00854885672598974,0.00916375847838886,0.00956509305650133,0.00977312363279813,0.00981144335802938,0.00970556705205868,0.00948149724282093,0.00916443973252355,0.00877778635069871,0.00834241768586317,0.00787632205905445,0.00739448698344956,0.00690899943552409,0.00642928705349948,0.00596243912134701,0.00551355891424852,0.00508611255605123,0.00468225233166545,0.00430310249544473,0.00394900300672157,0.00361971148205599,0.00331456662280547,0.00303261771762296
-7.48823577134642e-07,-4.5101225445565e-07,-1.57123968749122e-07,0.00248112196657916,0.0140916687948202,0.0281339404548644,0.0426507121473206,0.0569469474323742,0.0708606952383608,0.0841303029164688,0.0967258912264177,0.108638416534918,0.11987413345131,0.130450005115892,0.140389701929856,0.149732299517653,0.158494425853719,0.166696849395673,0.174353289214984,0.181465750108219,0.188022081981696,0.193994302390294,0.199337774321147,0.203991182314314,0.207877102617837,0.210901539107192,0.213099290310065,0.214205568526363,0.214257583730365,0.213197989197449,0.210937535400468,0.20745298628738,0.202860797030366,0.197038172566637,0.19021520231353,0.182409152617003,0.173790353367472,0.164518346534895,0.154890031416831,0.144990160467938,0.135110137175546,0.125299172615182,0.115899954140075,0.1068181709654,0.0982568144633315,0.0901575899938085,0.0826805983729605,0.0756707338265576,0.0691573817248451,0.0631564196055347,0.057794187530782,0.0527585605620702,0.0481554435738958,0.0439353938673534,0.0400744242257714,0.0365374141971436,0.0333223853157499,0.0303821534599007,0.0276963047800685,0.0252402255850704,0.023001065861324,0.0209705181700427,0.0191097818898942,0.0173973801850779,0.0158526764358229,0.0144455750470659,0.0131526163869771,0.0119860078387421,0.0109398376435889,0.00997195940100056,0.00904519440987572,0.00827712553622325,0.00751921579893635,0.0068682189659729,0.00621959081014612,0.00592319138958771,0.00693875745630467,0.00772064351468419,0.00828200068144243,0.00864071619079127,0.00881847905067291,0.00883951741379724,0.00872920727279055,0.00851274220015734,0.00821400976288943,0.00785475814204851,0.00745407600552431,0.00702816107496986,0.00659032321194352,0.00615115683638323,0.00571881924271925,0.00529936129385416,0.00489707019180006,0.0045147969446834,0.00415425242136237,0.00381626422493166,0.00350099263148371,0.00320810743626749,0.0029369296880798,0.00268654306470051
-7.48813107738475e-07,-4.51013303917559e-07,-1.57123902477349e-07,0.00251416783847348,0.0142975838303561,0.0285885397186521,0.0433504212855504,0.0579390241700727,0.0720191739324104,0.0854643606505864,0.0982900849633567,0.110403442065428,0.121818080123196,0.132556642889514,0.142646976966525,0.152118545349132,0.160998903433428,0.169310220873876,0.177065952473232,0.184267853507246,0.190903568098905,0.196955029392366,0.202360226929327,0.207049651790837,0.210974428624886,0.214029592041182,0.216070681542738,0.217160777674963,0.217091242371459,0.215847014895812,0.213407963396913,0.209747636664951,0.2048315520172,0.19882933570735,0.191706148571841,0.183639707486715,0.174797183841422,0.165334637621975,0.155465051601109,0.145443688554516,0.135413600547988,0.125523376708311,0.116042881570524,0.106900819544855,0.0983115750683423,0.0901823008329911,0.0826918116564321,0.0756720976562262,0.0691518253259122,0.0631462837281851,0.0577820091611644,0.0527454962232898,0.0481418876950155,0.0439219482374896,0.0400615796870373,0.0365247170708187,0.0333109714832636,0.0303713731651794,0.0276863304882947,0.0252312044200002,0.0229921543956164,0.0209627931136496,0.0191023458694994,0.0173902984423846,0.0158470241572734,0.0144404110744081,0.013147988038136,0.0119809516570618,0.0109354141749709,0.00996820026038446,0.00904211644714441,0.00827376901978903,0.00751660525975805,0.006865372436901,0.00621753180087717,0.00570627599801166,0.00617523878340875,0.00690103679584359,0.00741580193577475,0.00773916475911941,0.00789382582985129,0.00790425874791068,0.00779537867037163,0.00759134301167681,0.007314597896861,0.00698522218814633,0.00662056705322381,0.00623515142615141,0.00584075371734469,0.00544663627241175,0.00505984544521686,0.00468554145057901,0.00432732548368403,0.00398754320407069,0.00366755332872093,0.00336795699027383,0.00308878807807862,0.00282966753054669,0.00258992591682087,0.00236869904937581
-7.48817207225229e-07,-4.5101261006833e-07,-1.5712235884149e-07,0.00254462184895265,0.0145411937877593,0.0290381542725744,0.0440434949003405,0.0588676823013165,0.073167444505864,0.0868704651889322,0.0998551222378832,0.112120790403837,0.123680429516363,0.134556211210573,0.1447980770284,0.154422782439195,0.163447953978557,0.171895645709277,0.179777982794796,0.18709431885087,0.193829034593016,0.1999501510668,0.20540880554796,0.210139486183772,0.214060782745354,0.21705186480681,0.219099239722726,0.220001642286916,0.219848067740946,0.218459030913049,0.215812728730122,0.211892260030527,0.206818938132428,0.200492626557294,0.193118751652062,0.184800779602838,0.175723371993216,0.166082797173119,0.155995032668624,0.145854782966994,0.135686142603408,0.125728216487212,0.116167597246246,0.106970607162396,0.0983557614427468,0.0901996082125957,0.0826968920070886,0.0756683483590726,0.0691419802531873,0.0631325337068339,0.0577670826787862,0.0527301287682836,0.0481262999309638,0.0439067179969971,0.0400471810177489,0.0365105818801761,0.0332983355734098,0.0303594846698941,0.0276753636167342,0.0252213085299768,0.0229823955455028,0.0209543457692678,0.0190942234992034,0.0173825699745594,0.0158408602354898,0.0144347829137419,0.0131429460061711,0.0119754457531915,0.0109305987453071,0.00996410904428585,0.0090387672538384,0.00827011744805837,0.00751376557630899,0.00686227651319147,0.0062152925243692,0.00570383659629603,0.00541679636751196,0.00609285330413493,0.00656787267424351,0.00686283744850504,0.00700106769556409,0.00700693592281884,0.00690462984070658,0.00671710169611389,0.00646528572120257,0.00616760734979405,0.00583976253610068,0.00549471763946271,0.00514286868916439,0.00479230080823503,0.00444909753737071,0.00411766204071619,0.00380102453361754,0.00350112054781058,0.00321903277517828,0.00295519469420359,0.00270955765853867,0.00248172510907179,0.00227105836898516,0.00207675860704726
-7.48817107420082e-07,-4.51014205160052e-07,-1.57120634122311e-07,0.00257267786442138,0.0147684262358953,0.0295170882502887,0.0447640228558318,0.0597701823778458,0.0743312314761788,0.0881896406643167,0.101347861894119,0.113823886794835,0.125571977050447,0.136619765015232,0.146998717110752,0.156740574742627,0.165873838752337,0.174420321293572,0.182428010808611,0.189866477800141,0.196706439179851,0.202911946475859,0.208429910944491,0.213190575513833,0.217108428841694,0.220082479635824,0.222044000121353,0.222915854875015,0.222573414628946,0.221001269725038,0.218178325808058,0.214076376016353,0.208666720047336,0.202157889317094,0.194536766195705,0.18596980365341,0.176620846583947,0.166766640593578,0.156539094319727,0.146225766208129,0.135929372569671,0.125908801739182,0.116274874988126,0.107027975284047,0.0983896543706699,0.0902096215523518,0.0826958688570118,0.0756594569910974,0.0691277769283873,0.0631150737808644,0.0577493045333784,0.0527123517613575,0.0481085723608791,0.0438895976939894,0.0400311285286666,0.036494910792119,0.0332843900818389,0.0303464056603584,0.027663328198872,0.0252104693315131,0.0229717217286831,0.020945117605208,0.0190853585219405,0.0173741412471524,0.0158341419480483,0.014428651534825,0.0131374553385076,0.0119694519971233,0.0109253579984292,0.00995965739327986,0.00903512359019689,0.00826614552644239,0.00751067705369438,0.00685890975155801,0.00621285744151919,0.00570118415265703,0.00513674325779141,0.00529874387841974,0.00574066679006872,0.00601380254129476,0.00614173054569332,0.00614842371644582,0.00605713110506528,0.00588948466534087,0.00566488181868007,0.00540014376546331,0.00510941354866711,0.00480423907106916,0.00449378138004386,0.0041850947649646,0.00388343570110925,0.00359256977585468,0.00331505701391542,0.00305250479334125,0.00280578420953694,0.00257521000275463,0.00236068675779783,0.00216182535870473,0.00197803416540725,0.00180858923084874
-7.48821586015419e-07,-4.51015200502546e-07,-1.57125968940934e-07,0.00259851588271834,0.0149789781333084,0.0299626365304789,0.0454361228374747,0.0607097979525157,0.0754206705032766,0.0895201113655937,0.102893776113133,0.115512484307608,0.127395770524545,0.138570882164382,0.14911442284854,0.159017016478483,0.168301834601394,0.176990328070582,0.18509281881538,0.192605846604942,0.199535544471785,0.205829666208205,0.21140959423993,0.216201362373291,0.220115434368691,0.223078965433342,0.224963230202705,0.225711660900812,0.22526961728631,0.223535903943513,0.220487676495622,0.216120656695621,0.210547908340304,0.203737476502596,0.19584594978823,0.187045379224849,0.177496293717403,0.167389731393895,0.157032071805005,0.146558761359921,0.136144739561399,0.126066229603113,0.116365382629185,0.107073286622879,0.0984134680064207,0.0902124019018112,0.082688730733157,0.0756453598830454,0.0691091161992502,0.0630937829329464,0.0577285517467646,0.0526920422564341,0.0480885824127451,0.0438704689732372,0.0400133112413509,0.0364775954633524,0.0332690385388086,0.0303320456285439,0.0276501409730688,0.0251986118040935,0.0229600591071598,0.020935044744217,0.0190756895979555,0.0173649539825763,0.0158268227628661,0.0144219744808547,0.0131314779939039,0.0119629289291436,0.0109196556685246,0.00995481448176984,0.00903116020802727,0.00826182576926573,0.0075073182861847,0.00685524885241145,0.00621020967091419,0.00569830031601121,0.0051335950705046,0.00470293648273265,0.00493636025843746,0.00519379150212834,0.00531697253446992,0.00532922871443635,0.00525271240817108,0.00510766838521639,0.0049119703295249,0.00468090986773557,0.00442719259652053,0.00416108473243082,0.00389065457066179,0.00362206174993667,0.00335985854496337,0.00310727875473908,0.00286649982274796,0.0026388710077314,0.00242510593182749,0.00222544096308751,0.00203976278247193,0.00186770927650887,0.00170874804013527,0.00156223651499102
-7.48814297889093e-07,-4.51013928581888e-07,-1.57123705841114e-07,0.00262230283741589,0.0151739419108104,0.0303767470056382,0.0460773733355641,0.0615874813155088,0.0765454263290409,0.0908285021648263,0.104343340430175,0.117146635752495,0.1292269120642,0.1405824471318,0.15124816065469,0.161257874485553,0.170645690465923,0.179485630461781,0.187727418423998,0.195364778872654,0.20237497157838,0.208717988515641,0.214346337963638,0.219169941785469,0.223090103376882,0.226000323194965,0.227865388220388,0.228505962499507,0.22787691698417,0.225962390654397,0.222740164286113,0.218180038882827,0.212300417078546,0.205230500709129,0.197095672030688,0.188032524647711,0.178296359256974,0.167988936698746,0.15747668678521,0.146855695842023,0.136341358724322,0.126201461505085,0.116439684532776,0.107106826645063,0.0984273507327998,0.0902079621320013,0.0826754250784845,0.075625958186198,0.0690858686630987,0.0630695872423018,0.0577046810123377,0.0526690599934888,0.048066192102752,0.0438491997538309,0.03999360605465,0.0364585163316192,0.0332521748629915,0.0303163053690074,0.0276357107980539,0.0251856539820478,0.0229473271141103,0.0209240575571819,0.0190651499179063,0.0173549446963153,0.0158188520478032,0.0144147055597109,0.0131249726082178,0.0119558314935371,0.0109134523577624,0.00994954682362719,0.00902684967205818,0.00825712832504821,0.00750366603250126,0.00685126852808302,0.00620733087928983,0.00569516515099476,0.00513017283796096,0.00470072789109302,0.00430771040438415,0.00440419991254204,0.00452760048448369,0.00454951910245413,0.00449090276781557,0.00437058389216827,0.00420495606498588,0.00400787439812115,0.00379072981832754,0.00356264215727966,0.00333072156427894,0.00310035794745346,0.00287550938719025,0.00265897076702578,0.00245261249228774,0.00225758510806368,0.00207448989059233,0.00190351783686996,0.00174456076889872,0.00159729863618067,0.00146126709929744,0.00133590906590377
-7.48818252436552e-07,-4.51013643444352e-07,-1.57122198914215e-07,0.00264419349941682,0.0153678619836722,0.0308080746582133,0.0467631291293903,0.0624484569933644,0.0776316248075613,0.092066614045875,0.105827874745715,0.118798361735218,0.13100403671183,0.142477067764342,0.153318007368744,0.163495359472516,0.173035945591463,0.181960377064751,0.190295870547108,0.198064249268464,0.205185506591978,0.211615536347869,0.21729289316334,0.222139702052239,0.226062830509899,0.228954984233554,0.230664622459898,0.231240098814159,0.230496286972536,0.228403832104601,0.224938663568755,0.220116714424936,0.214026918659083,0.206719964660241,0.198327542874922,0.189018444052079,0.179025095364323,0.168569751285366,0.157875428601487,0.147118305334741,0.136535093127856,0.126315326328587,0.116498243734132,0.107128804717522,0.098431385732002,0.0901962668379009,0.0826558578057432,0.0756011171586309,0.0690578737924466,0.0630439077823045,0.0576775277476366,0.0526432465342505,0.0480412470260608,0.0438256433903201,0.0399718770623351,0.0364378600550533,0.0332336826973095,0.0302990762774412,0.0276199380892438,0.0251715064162984,0.0229334379148114,0.0209120802007854,0.0190536667424874,0.0173440443539944,0.0158101747434753,0.0144067945546713,0.0131178942398969,0.0119481107379316,0.0109067052536319,0.00994381804298746,0.00902216218264032,0.00825202077655329,0.00749969504297589,0.00684694131183588,0.00620420115708595,0.00569175700506696,0.00512645298079278,0.00469832704075599,0.00430509583819186,0.00387107990981044,0.00377409141401102,0.00380915728432167,0.00377096994314965,0.0036769592359463,0.0035421057827968,0.00337893343545602,0.0031976437895088,0.00300634100050655,0.0028113024155184,0.00261726141761568,0.00242767946998398,0.00224499338315657,0.00207083120761956,0.00190619478865124,0.00175161037704435,0.0016072503273975,0.00147302973383412,0.00134868194143859,0.00123381675767191,0.0011279646796374
-7.48818305848628e-07,-4.51012860457969e-07,-1.57126853976086e-07,0.00266826539233286,0.015579648375902,0.0312393389142853,0.0474016487660046,0.0633293724540604,0.078651049447126,0.0933568135265657,0.107250055184239,0.120355806052214,0.132766110651547,0.144427176424762,0.15537718403777,0.165651815213923,0.175343233265267,0.184423600565653,0.192882684488669,0.200711058338582,0.207940737211924,0.214461114178862,0.220199048963375,0.225072597386335,0.228984805728535,0.231795004126473,0.233507458855498,0.233904942256643,0.232982421421627,0.230706447331553,0.227070499105236,0.222036450646363,0.215677566355281,0.208092183758304,0.199458006628397,0.189940678933282,0.179693609619115,0.169093136845761,0.158230557480789,0.147348137670369,0.13670113989853,0.126408523191693,0.116541423686253,0.10713935489101,0.0984255911758314,0.0901772319938423,0.0826298926210508,0.0755706652756094,0.0690249389006264,0.0630146011836326,0.0576469051379153,0.052614424146033,0.0480135755032367,0.0437996376663219,0.0399479746061342,0.0364164220592816,0.0332134346181462,0.0302802396116627,0.0276027141436201,0.0251560715738822,0.0229182958244453,0.0208990300830849,0.0190411609592601,0.0173321778790863,0.0158007309964894,0.0143981868863969,0.0131101940397447,0.0119397134978142,0.010899367869886,0.00993758863231449,0.00901706537607378,0.00824646792845302,0.00749537791501608,0.00684223739563512,0.00620079888930545,0.00568805239708135,0.00512240990883514,0.00469571736700999,0.00430225404584815,0.00386797802154846,0.00348118310195126,0.0032353759528318,0.0030919594184593,0.00302535920320912,0.00292158532334156,0.00279194255251762,0.00264556731479472,0.0024896719237676,0.00232981605000585,0.00217017809091933,0.00201380866327101,0.00186285636220402,0.00171876185199,0.00158242006838216,0.00145431284499025,0.00133461529379984,0.00122327979629907,0.00112010134954853,0.00102476776520085,0.000936897702781722
-7.48811633958007e-07,-4.51015039691074e-07,-1.57122521506288e-07,0.00269577907000697,0.0157755793587563,0.0316396219746055,0.0479955883675685,0.064150519082395,0.0797272796345894,0.0945627172214138,0.108643244209291,0.121963259157742,0.1344892459152,0.146258114260003,0.157390331138836,0.167838890023204,0.177631029752968,0.186807947643709,0.195416989709749,0.203377621065623,0.210659527999901,0.217252870409812,0.223052850403143,0.22795318270667,0.231853178377079,0.234652371356018,0.236229119706239,0.236560151915095,0.23550244480324,0.233038245574142,0.229142046867205,0.223858751764618,0.217234783412926,0.209420250897053,0.20051245341827,0.19078023735809,0.180366993122788,0.169561957413275,0.158544107951064,0.147552688246855,0.136840499955261,0.126481623809403,0.116569489562341,0.107138536323022,0.0984099201042255,0.0901507243047352,0.082597350116305,0.0755343931109555,0.0689868378855081,0.0629814659032297,0.0576126027369773,0.0525823947614058,0.0479829872861496,0.0437710038184943,0.0399217343239173,0.0363929398845927,0.033191291317091,0.0302596658112954,0.0275839204577745,0.0251392432119832,0.0229017967194585,0.0208848173947966,0.0190275465391907,0.0173192636796834,0.0157904557391157,0.0143888232689213,0.0131018189579741,0.0119305820431747,0.0108913897397396,0.00993081570373727,0.00901152412101522,0.00824043158917466,0.0074906848877295,0.00683712443093119,0.00619710061446279,0.00568402582014461,0.0051180158636363,0.0046928808442769,0.00429916549049927,0.00386460705156831,0.00347939371401119,0.00323343066946001,0.00296357568029458,0.00266578991284032,0.00234149255235074,0.00224474436625673,0.00213216863319159,0.00201020132450221,0.00188378893070616,0.0017566450297679,0.00163148421887184,0.00151022678288189,0.00139417237633666,0.00128414368751824,0.00118060298299212,0.00108374502211223,0.000993570078219685,0.000909940535965413,0.000832624271283781,0.000761327463917936
-7.48817796222253e-07,-4.5101466176687e-07,-1.57123383647013e-07,0.00272108495794871,0.015956722841035,0.0320108370303457,0.0486240379047656,0.0649529876470843,0.0807313331713172,0.0957621209271028,0.110031127815669,0.123467077226332,0.136173090858605,0.148136886553835,0.159368255902287,0.169924757729876,0.179889243203989,0.189204437571612,0.197879162521617,0.205977858627213,0.213374907326157,0.220017937533541,0.225851770228601,0.230778615657892,0.234664822496865,0.237427712351346,0.238943193490382,0.239086928890167,0.237888063326653,0.235218595664693,0.231146256223623,0.225623162168536,0.218777213839319,0.210698321194488,0.201561131019156,0.191541343349107,0.180973089284713,0.169978812688903,0.158817892399872,0.147751732525039,0.136954014718229,0.126535074434158,0.116582609153549,0.107126333282741,0.0983842599172218,0.0901165602848569,0.0825580065878128,0.0754920519836758,0.068943309801364,0.0629442744732076,0.0575743853639179,0.0525469385660624,0.0479492725060079,0.0437395453111121,0.0398929760183589,0.0363672522507866,0.0331671007218761,0.0302372135713362,0.0275634279612395,0.0251209057150916,0.0228838273250237,0.0208693444882591,0.0190127299939464,0.0173063676431046,0.015779278329867,0.0143786393174012,0.0130927113893909,0.0119206537176118,0.0108827160843091,0.00992345271408397,0.00900550027715845,0.0082338703085444,0.00748558367379205,0.00683156731828139,0.00619308086786548,0.00567964962551592,0.00511324073995229,0.00468979797843825,0.00429580894807387,0.00386094391265413,0.00347744887081897,0.00323131652710932,0.00296127407426008,0.00266327836868192,0.0023316978324221,0.0020784467290673,0.0019610722214166,0.00183301567995462,0.00169284112777186,0.00153866327243864,0.0013679140744739,0.00118492325570441,0.00109498480271015,0.00100940154269531,0.000928636134295893,0.00085291610824266,0.000782297392555991,0.000716713447414643,0.000656012846994799,0.000599987708830996
-7.48820810400361e-07,-4.51015864860041e-07,-1.57126520243158e-07,0.00274434864261236,0.0161240863519568,0.0324008023843801,0.0492242712240751,0.0657707608524733,0.0816969005734107,0.0969431115948085,0.111327310211037,0.124992177501114,0.13783573290984,0.149897828660958,0.161313621230871,0.172029544512491,0.182068811936773,0.191538564544721,0.200360523350381,0.208510305516992,0.216026524511473,0.222760162208819,0.22863742898115,0.233568778622489,0.237450303307456,0.240143917780688,0.241581230324993,0.241645337994793,0.240262648955247,0.237414606158583,0.233074030416529,0.227324609141806,0.220194176383046,0.211867103548267,0.202515062628275,0.192296832342389,0.181515136238438,0.170346040620536,0.159060818620674,0.147918017125839,0.137042368614885,0.126569197235578,0.116580853263812,0.107102654807778,0.0983484315460272,0.0900745050575673,0.0825115925921265,0.0754433523791438,0.0688940571947328,0.0629027720530932,0.0575319913198308,0.0525078127264735,0.0479122002582346,0.043705046666098,0.0398615026527692,0.0363391830072938,0.0331406970058003,0.0302127289819482,0.0275410961526795,0.0251009333149339,0.0228642645346102,0.0208525052470737,0.0189966097863552,0.0172932283425789,0.0157671220623248,0.0143675651266176,0.0130828088040115,0.0119098605372026,0.0108732874640453,0.00991544915865819,0.00899895246378146,0.00822673912676253,0.00748003923674118,0.00682552799257411,0.00618871202161108,0.00567489380469784,0.00510805188904513,0.00468644756645463,0.00429216141716795,0.00385696356728486,0.00347533517050762,0.00322901898339255,0.00295877300042323,0.00266054940453307,0.00232870947902665,0.00207743005813979,0.00195996846270566,0.00183181658146966,0.00169153695040645,0.00153724219215631,0.00136636117004319,0.00117522929095398,0.000958310697431312,0.000756373260838624,0.000696707158140188,0.000640538953538551,0.000587985683810385,0.000539053906194315,0.00049367240214205,0.000451716934301401
-7.4881440944541e-07,-4.5101381646501e-07,-1.57124481905553e-07,0.00276572318085717,0.0162819386747924,0.032783128773766,0.049781619784099,0.0665314831774411,0.082684637833783,0.0980442077974562,0.112673047165415,0.126446185551032,0.139431822478408,0.151695099929192,0.163204561384603,0.174049232637585,0.184265424671102,0.193809771475585,0.202768744901502,0.211051899911587,0.218612215412448,0.22543869200011,0.231374665634052,0.23632674426789,0.240187488582123,0.242836163247497,0.244145869636942,0.244065882221458,0.242529399650202,0.239460463994571,0.234943992444428,0.228917127184521,0.221577467854112,0.212994971062102,0.203378912213073,0.192988161376569,0.181996071079238,0.17066572026903,0.15929415217276,0.148052527771423,0.137106091015584,0.126584191241635,0.116564195695876,0.107067333913469,0.0983021882039697,0.0900242708435061,0.082457791252751,0.0753879621538484,0.0688387442633591,0.062856674815245,0.0574851310900097,0.0524647498015696,0.04787151712895,0.0436672720642236,0.0398270990170149,0.0363085400789598,0.0331118995354918,0.0301860445816427,0.0275167722550678,0.0250791893198636,0.0228429745861532,0.0208341844412446,0.0189790756811883,0.017278938781059,0.0157539036614927,0.0143555248469326,0.0130720433530324,0.0118981287513778,0.0108630394236377,0.00990675024196764,0.00899183578590182,0.008218989282651,0.00747401356902161,0.00681896516810614,0.00618396410803434,0.00566972581057889,0.00510241392596348,0.00468280662709011,0.00428819794510494,0.00385263886289305,0.00347303808644767,0.0032265222912818,0.00295605535547683,0.00265758440484277,0.002325462993661,0.00207632510409302,0.00195876892835866,0.00183051351867365,0.00169011980487446,0.00153569814391724,0.00136467404935162,0.0011733776463707,0.000956264052908906,0.000704260364870168,0.00048324074681781,0.000464350002374857,0.000455564048875422,0.000445940448687992,0.000435428663525243,0.000423971057479417
-7.48816593329553e-07,-4.51014419347588e-07,-1.57124324658114e-07,0.00278534980938552,0.0164610032264605,0.033137180294157,0.0503247100652037,0.0672583569367922,0.0836040183616312,0.0991820667497317,0.113929600820952,0.12787043181747,0.141028282512896,0.153380593813185,0.165070929361457,0.176050193195313,0.186364894831205,0.196080405422297,0.205108255400083,0.213524041377615,0.221188988788539,0.228050721464411,0.234045909473488,0.239017897862702,0.242855803048302,0.245402680094521,0.246681373838894,0.246469309745026,0.244751407525283,0.24150811545116,0.236710323381207,0.230491277852482,0.222882287821838,0.214064982984316,0.204207580680286,0.193605178536017,0.182418531129281,0.170969242740875,0.159487870637836,0.14815605997013,0.137145557692635,0.126580132666376,0.116532512672041,0.107020126426088,0.0982452138268474,0.0899655151460861,0.0823962363005027,0.0753255044531205,0.0687769947685876,0.0628056681669891,0.0574334851986169,0.0524174560565605,0.0478269456516624,0.0436259638178757,0.0397895303074071,0.0362751142229209,0.033080511756114,0.0301569782364028,0.0274902902449964,0.0250555252385971,0.0228198122853275,0.0208142569556249,0.0189600080465011,0.0172634012591699,0.0157395327966666,0.0143424361846307,0.013060341430109,0.0118853784078149,0.0108519020517262,0.00989729655914941,0.00898410155187101,0.00821056791166651,0.00746746545755767,0.00681183409409347,0.00617880462092109,0.00566411038791025,0.00509628848960535,0.0046788502500852,0.0042838914805269,0.00384794040502823,0.00347054185008201,0.00322380935534616,0.00295310259511874,0.00265436320374426,0.00232193637447235,0.00207512425862725,0.00195746537425258,0.00182909756187157,0.00168858000575876,0.001534020612349,0.00136284126033256,0.00117136635821543,0.000954041243545576,0.000701774287355257,0.00047225835964636,0.000464258577596247,0.000455464426072056,0.000445831981707472,0.000435310659701166,0.000423842767812774
-7.48814543525897e-07,-4.5101220400975e-07,-1.57122545521553e-07,0.00280335900127685,0.0166262586302463,0.0334647781361838,0.0508831575957603,0.068010191008021,0.0844954965776367,0.100253067712813,0.115162479334827,0.129269202217945,0.14252683578061,0.155086016674463,0.166870069087655,0.177991619660277,0.188454588430577,0.198260334715581,0.207448647603994,0.215919418035027,0.223705456379816,0.230637600087644,0.23664777245105,0.241638583163746,0.24545134621676,0.247992768410195,0.249088870375285,0.248765915718426,0.246880206537103,0.243400658185718,0.238439501575592,0.231931838037318,0.224069920821219,0.215032579698254,0.204985028766141,0.194151146732073,0.182800495506706,0.17123705246067,0.159643099301615,0.148229220919013,0.137160991625409,0.126556974740369,0.116485581842905,0.106960709382409,0.0981771210819321,0.089897838648963,0.0823265097993841,0.0752555554225173,0.0687083897293124,0.0627494047842319,0.0573767024398358,0.0523656096750743,0.047778182582864,0.0435808408780127,0.0397485408210815,0.03623867776351,0.0330463199179115,0.0301253320666177,0.0274614698003572,0.0250297798770395,0.0227946200477368,0.0207925870804747,0.0189392771289677,0.0172465098328058,0.0157239114716512,0.0143282098961054,0.0130476232255063,0.0118715228304838,0.0108397995807345,0.00988702370219091,0.00897569696261726,0.00820141771679168,0.00746035021745966,0.00680408626951676,0.00617319832172973,0.00565800928811341,0.00508963403447388,0.00467455140969848,0.00427921272170859,0.0038428363205418,0.00346782936772826,0.00322086164730597,0.00294989460831247,0.00265086394991509,0.00231810580085484,0.00207381926392175,0.00195604886521013,0.00182755902724145,0.00168690705165107,0.00153219819211319,0.00136085039638637,0.00116918187653731,0.000951627360217621,0.000699074924252489,0.000472167226905499,0.000464159186790259,0.000455356125581477,0.000445714070765113,0.00043518238517406,0.000423703316531388
-7.48815752661718e-07,-4.5101391234086e-07,-1.57124028148557e-07,0.00281987080409395,0.0167786609595758,0.0337909137130771,0.0514007538218567,0.0687081061781127,0.0853935170718545,0.101267616539231,0.116374219107512,0.13058375291805,0.144052211624941,0.156691428795829,0.168646168238003,0.179884650586335,0.190474597860415,0.20041642846773,0.209702735551611,0.218305329382264,0.226145688037274,0.233169076872361,0.239220010569023,0.24419803932676,0.247989388803457,0.25044526579374,0.251502241938516,0.251005541289836,0.248942812120932,0.245293297102736,0.24002567194477,0.233334407298692,0.225240769712371,0.215923311533606,0.205677134123158,0.194628989240239,0.183159112544702,0.171457578967289,0.159760736398835,0.148272430746102,0.137152463219724,0.126514546892996,0.116423080713475,0.106888679002781,0.098097449011633,0.0898207827708508,0.0822481396372418,0.0751776416260129,0.0686324648975883,0.0626875024922332,0.0573143976757693,0.0523088587690398,0.0477248970146628,0.0435315969893465,0.0397038522835511,0.0361989831425364,0.0330090918534334,0.0300908911931825,0.0274301152227121,0.0250017783201136,0.0227678848132191,0.0207690276104486,0.0189167422373904,0.0172281495917598,0.0157069334677847,0.0143127492363471,0.0130338022020324,0.0118564680988167,0.0108266498939783,0.00987586186665011,0.00896656478944458,0.00819147661780638,0.00745261941804174,0.00679566914862732,0.00616710701042983,0.00565138109825501,0.00508240555467186,0.00466988083458819,0.00427412990155473,0.00383729209639624,0.00346488210156061,0.0032176590891215,0.00294640962390175,0.0026470629924752,0.00231394549006318,0.00207240116556878,0.00195450970175008,0.00182588741279152,0.00168508956354107,0.00153021853603142,0.00135868802528671,0.0011668095264991,0.000949006285233731,0.000696144354598527,0.000472068154257265,0.000464051139601128,0.000455238394998958,0.000445585896769463,0.000435042950322274,0.000423551738476445
-7.48816921281854e-07,-4.51012577830977e-07,-1.57122786363153e-07,0.00283499580176947,0.0169191050992446,0.0341246454676342,0.0518800314128507,0.0693552966850269,0.0862274274321545,0.102303582082361,0.117501238166938,0.13192255239486,0.145472701029057,0.158294545431815,0.170349536432377,0.181735777225445,0.192440595555631,0.202513574801169,0.211902134683257,0.220618681283525,0.228541772631273,0.235622529472455,0.241727786738449,0.246718314300262,0.250477079618895,0.252869936187229,0.253768129411987,0.253157985846182,0.250913666740242,0.247029954188314,0.241607292356674,0.234643454395016,0.226311080025852,0.216785904120141,0.206287463835603,0.195086450824952,0.183460260688011,0.171632074511294,0.159841454708469,0.148285923156301,0.137119889830195,0.12645255340847,0.116344584631914,0.10680354824362,0.0980056602756177,0.089733826916879,0.0821605966796896,0.0750912372349283,0.0685487079878695,0.0626195419372055,0.0572461494856099,0.0522468192422191,0.0476667283879119,0.0434778989594953,0.0396551621975297,0.0361557614632594,0.0329685754604225,0.030053422479398,0.0273960142176388,0.0249713308763316,0.0227413279173738,0.0207434189681086,0.0188922509098417,0.0172081960081502,0.0156884836510614,0.0142959493623228,0.0130187846061521,0.0118401124969476,0.0108123640565671,0.00986373544848642,0.00895664302926369,0.00818067737050374,0.0074442205849423,0.00678652582835158,0.00616048929710561,0.00564418095371338,0.00507455433032901,0.00466480678495305,0.00426860863049481,0.00383127038409594,0.00346167995939711,0.00321417992572032,0.00294262405964587,0.00264293470627019,0.00230942755127596,0.00207086025482845,0.00195283737907803,0.00182407134415154,0.00168311521762402,0.00152806827279328,0.00135633960724001,0.0011642334462745,0.000946160594404293,0.000692963228611355,0.000471960452172015,0.000463933683367786,0.000455110416301179,0.000445446570814412,0.000434891388027253,0.000423386983828628
-7.48816755248921e-07,-4.51012569680685e-07,-1.5712340129687e-07,0.00284883571709119,0.0170484278883343,0.0344329264661727,0.0523595049783076,0.0700270615398623,0.0870253183234333,0.103265697530361,0.118648708739809,0.133167520463766,0.146893396760217,0.159815991671447,0.172024082176891,0.18351761680776,0.194368458755467,0.204530684408663,0.214067833499818,0.222845113431746,0.230890033257374,0.238004512680498,0.24415354571216,0.249154991988173,0.252878417843524,0.255190841241862,0.256016165660728,0.25522687850664,0.252810035669002,0.248743443186512,0.243047153413881,0.235827679507456,0.227271010726497,0.217551358432667,0.206826845382747,0.195485236648337,0.183705610494742,0.171761523757015,0.159885702526481,0.148269745344588,0.137063034658368,0.126370571433375,0.116249564171282,0.106704743903461,0.0979011379964783,0.0896363853922773,0.0820632916632748,0.0749957609176255,0.0684600473329191,0.0625450640622532,0.057171497731579,0.0521790725398787,0.047603284367822,0.0434193845815727,0.0396021420230337,0.0361087208095446,0.0329244972790244,0.0300126730643052,0.0273589366444694,0.0249382319429886,0.0227124621423632,0.0207155882625586,0.018865637992388,0.0171865141493253,0.0156684373130943,0.0142776967061946,0.0130024688701179,0.0118248551355969,0.0107968457713975,0.00985056254386967,0.00894586450253585,0.00816894717888793,0.00743509688073423,0.00677659469603898,0.00615330034395681,0.00563636025406772,0.00506602764144596,0.00465929489864451,0.00426261166316039,0.00382473077235134,0.00345820117091997,0.00321040057595094,0.00293851237291152,0.00263845138447263,0.00230452181228814,0.0020691860047944,0.00195102049986287,0.00182209849113759,0.00168097066218594,0.00152573293057779,0.0013537894166761,0.00116143648394558,0.00094307146060133,0.000689510649910672,0.000471843370733734,0.000463806003167173,0.000454971302507526,0.000445295126198753,0.000434726650668288,0.000423207914424861
-7.48817269572081e-07,-4.51013510472713e-07,-1.57123272464672e-07,0.00286148388561503,0.0171674092518128,0.0347174404427646,0.0528351600664687,0.0706610470633772,0.0878339531536295,0.104184435366151,0.119728049905863,0.134393075997836,0.148241293745397,0.161306272181794,0.173628450219881,0.185266458220405,0.196208225669143,0.206531798571536,0.216137827087964,0.225054823414797,0.233150653164299,0.240353742946721,0.246497535661586,0.251503595756371,0.255188686439982,0.257439668131932,0.258128933010386,0.257213900559012,0.254601782624185,0.250321377834251,0.244419927206156,0.236997394226708,0.228188181903602,0.218223513450137,0.207341901320339,0.195817029170557,0.183896519679591,0.171846644868303,0.159893703902127,0.148223757152945,0.136981504914385,0.126268048363996,0.116137382067109,0.106591603274885,0.0977831822148647,0.0895278039867595,0.0819555717450796,0.0748905724597496,0.0683727269149401,0.0624635673951063,0.0570899407439697,0.0521051631060375,0.0475341384954707,0.0433556605401831,0.039544435216749,0.0360575445960773,0.0328765608137699,0.0299683689513616,0.0273186331495025,0.0249022588024971,0.0226810930075662,0.0206853482675239,0.0188367246588565,0.0171629578987497,0.0156466593989885,0.0142578683024607,0.0129847450088838,0.011809366318305,0.0107799908042026,0.0098362545145705,0.00893415648114235,0.00815620725315627,0.00742518677163215,0.00676580908844387,0.00614549160336458,0.005627866448149,0.0050567684622378,0.00465330796094195,0.00425609870303529,0.00381762952570147,0.00345442215285589,0.0032062955355036,0.00293404692752559,0.00263358305033126,0.00229919566681129,0.00206736700155691,0.00194904672994822,0.00181995550720254,0.0016786414493019,0.00152319685214481,0.00135102044747681,0.00115840010372081,0.000939718559864534,0.000685764084939288,0.000471716096347284,0.000463667211627709,0.000454820086876395,0.000445130515046353,0.00043454759757269,0.00042301329406713
-7.48818143611104e-07,-4.51014279407802e-07,-1.57125078548319e-07,0.00287302576109123,0.0173007566203835,0.034979771890245,0.0532746759337072,0.0712475951841668,0.0885829542928606,0.10510845459621,0.120740888207872,0.135576316534138,0.149538243467014,0.162740520646769,0.175190149829914,0.186934547233833,0.198031339641793,0.208427369335644,0.218177075656159,0.227176982957556,0.235346800983678,0.242612354591632,0.248804648533124,0.253786216568766,0.257434207483125,0.259607300428989,0.260194572905395,0.259104942938827,0.256324683986443,0.251829914289918,0.245707167318819,0.238043357864074,0.229023140890338,0.218816093418706,0.207777255427874,0.196083620137009,0.184034034044426,0.171887889935801,0.159865458100794,0.148147629481204,0.136874749297039,0.126144298644419,0.116007289552955,0.106463370367858,0.0976510058830608,0.0894073562123869,0.0818367167802064,0.0747749691238683,0.0682771092993449,0.0623745051228751,0.0570009324987735,0.052024595780889,0.0474588277156783,0.0432863001481167,0.0394816552284207,0.0360018896859107,0.0328244448908045,0.0299202133693741,0.0272748337267616,0.0248631702741599,0.022647009949561,0.0206524963159419,0.0188053174177393,0.0171373690887816,0.015623003734887,0.0142363310499346,0.0129654940059798,0.0117925428354938,0.0107616864108388,0.00982071544726283,0.00892144023958483,0.00814237236792054,0.00741442365252711,0.00675409689475751,0.00613701052253363,0.00561864263742174,0.0050467151328028,0.00464680569950552,0.0042490261466756,0.00380991939305266,0.0034503173607839,0.00320183717415841,0.00292919783479674,0.00262829728823846,0.00229341388554364,0.00206539088400007,0.00194690269786551,0.00181762793622511,0.00167611194385724,0.00152044309757898,0.00134801432493649,0.00115510429223212,0.000936079962832583,0.000681699234780492,0.000471577746566212,0.000463516347207636,0.000454655723884535,0.000444951598851388,0.00043435299428884,0.000422801781792791
-7.48814270116791e-07,-4.51016461147134e-07,-1.57121602675362e-07,0.00288353972609853,0.0174258592400254,0.0352450001772262,0.0536803672174021,0.0718036174558421,0.0892758845127538,0.105964162111877,0.121768782972019,0.136673062672411,0.150810287238029,0.164107365025758,0.176692899252762,0.188569137038443,0.199742966240336,0.210300004532633,0.220137432251528,0.229212532889213,0.237492127049186,0.244776066490387,0.251015986757619,0.255999682360063,0.259601278617101,0.261673005915856,0.262131570556976,0.260903924436357,0.257914634293682,0.253241152414385,0.24686068638566,0.238970454103008,0.229752462174879,0.219373547431656,0.208135191550733,0.196286441269782,0.18411888776377,0.17188544466617,0.159800738251788,0.148040841907953,0.136742054734287,0.125998499915274,0.115858422198353,0.106319191671423,0.0975037305257537,0.0892742391951152,0.0817059352672557,0.0746481816839813,0.0681725554095538,0.0622772819646427,0.0569038795375426,0.0519368330407945,0.0473768498275453,0.0432118256130209,0.0394133832470665,0.0359413844132589,0.0327678017237004,0.0298678850913899,0.0272272461858712,0.0248207054136584,0.0226099851097142,0.0206168131494495,0.0187712069734078,0.0171095765864875,0.0155973121896262,0.0142129409780352,0.0129445870799135,0.0117742720091097,0.0107418106798394,0.00980384160427473,0.0089076306092107,0.00812735036780599,0.00740273548064771,0.00674138015077019,0.00612780023962474,0.00560862733373365,0.00503580103256146,0.00463974453213355,0.00424134686200513,0.00380154928947086,0.00344585915303044,0.0031969956121468,0.00292393276262496,0.00262255908602807,0.00228713843745735,0.00206324426167191,0.0019445739350145,0.00181510013956428,0.0016733652315881,0.00151745336507192,0.00134475119074955,0.00115152744747594,0.000932132024349595,0.000677289939351632,0.000471427360992977,0.000463352364111558,0.000454477076486199,0.000444757142625901,0.000434141498567485,0.000422571921844546
-7.48819721175819e-07,-4.51015038774953e-07,-1.57121155042096e-07,0.0028930971897708,0.0175407038271873,0.0355088880751821,0.0540687445884283,0.0723735067460729,0.0899893332043905,0.106766648037189,0.122720225390436,0.137786208130711,0.151988375095466,0.165451711392037,0.178130415258724,0.190121448276759,0.201448732163384,0.212079289898333,0.222015544233146,0.23121587458837,0.239537203591134,0.24690127796173,0.253126681668935,0.25811012715346,0.261661797940325,0.263664434845733,0.264007287656505,0.262609377910052,0.259455989479712,0.254521280649022,0.247972645050043,0.239861586296597,0.230379741260451,0.219839837622582,0.208417583896256,0.196426564065773,0.184151503083973,0.171839227166984,0.159699089132112,0.147902679472465,0.136582542425624,0.125829688538757,0.115689795220381,0.10615811145347,0.0973403814152796,0.0891275692474681,0.0815623599816298,0.0745093702336172,0.0680583693370132,0.0621712508191538,0.0568007520682379,0.0518412919030302,0.0472890112460427,0.0431345347140394,0.0393391659042395,0.0358756265201829,0.0327062550770462,0.0298110366780064,0.0271755545049601,0.0247745820138125,0.0225697720375199,0.0205780617101831,0.0187341670921486,0.0170793953516046,0.0155694137846579,0.0141875424194599,0.0129218850025479,0.0117544319900394,0.0107202318551686,0.0097855208546148,0.0088926354862478,0.00811104168181562,0.00739004434933958,0.00672757462157946,0.00611779926633415,0.00559775405681365,0.00502395420422017,0.00463207733621057,0.00423300990416322,0.00379246408176011,0.0034410176136781,0.00319173853306327,0.002918216777372,0.00261633062464519,0.00228032827696884,0.00206091262319104,0.00194204477062891,0.00181235519518286,0.00167038303104675,0.00151420787951662,0.0013412096242608,0.00114764627513752,0.000927849274614572,0.000672508038382086,0.000471263897565927,0.000463174128528551,0.000454282910997144,0.000444545804410253,0.000433911654898438,0.000422322135854424
-7.48816051680515e-07,-4.51012336633931e-07,-1.57124239256338e-07,0.00290176333748883,0.017646001051171,0.0357516086236793,0.0544671726959663,0.0728993045179099,0.0906549171102048,0.107582074048433,0.123611925883419,0.138820411476021,0.153166977148709,0.166695285957496,0.17952937680612,0.191629758499081,0.203031602827057,0.213803638244447,0.223852190988071,0.23311239725083,0.241515669185154,0.248926724515281,0.255181459678951,0.260124996891422,0.26362891395081,0.265539316647794,0.265744275455851,0.264195923352101,0.260842413520877,0.255756518085056,0.248965327490418,0.24064100611115,0.230962742822469,0.220217332867961,0.208625895679194,0.196504699089767,0.184131989154223,0.171748885930396,0.159559824085242,0.147732228706639,0.136395163177945,0.125636754491153,0.115500298207639,0.105979066639631,0.0971598823865402,0.0889663770454984,0.0814050432977872,0.0743576196578706,0.0679337945067728,0.0620557092055634,0.0566907141924479,0.0517373408387577,0.047197173534644,0.0430505143641288,0.0392585127846794,0.0358041810164326,0.0326393981465946,0.0297492925549615,0.027119417139328,0.0247244950482484,0.0225261043601303,0.0205359858336069,0.0186939533748323,0.0170466253773103,0.0155391237398727,0.0141599671438558,0.0128972372952008,0.0117328910824426,0.0106968076473325,0.00976563205749283,0.00887635533521969,0.0080933387598503,0.0073762660676055,0.0067125893332123,0.00610694113433638,0.00558595100388374,0.00501109700735879,0.0046237531836329,0.00422396024387432,0.00378260424684864,0.00343576038951001,0.003186031011751,0.00291201215144113,0.0026095710927662,0.00227293916494193,0.00205838027952697,0.00193929825986455,0.00180937480838928,0.00166714558695805,0.00151068529298766,0.00133736650678746,0.00114343567087159,0.000923204286517857,0.00066732326540044,0.000471086226750491,0.000462980409322221,0.000454071887507729,0.00044431612988061,0.000433661883817583,0.000422050712512305
-7.48815277114318e-07,-4.51015631262792e-07,-1.57122550316859e-07,0.00291102797045235,0.0177424085934186,0.0359745745984152,0.054833908020038,0.0733837719486733,0.0912687312869617,0.108334666530259,0.124510658410829,0.139785104778161,0.154269397919454,0.16793652705739,0.180831245528486,0.193064595688106,0.204606414744773,0.215453042501114,0.225574259575611,0.234946605817596,0.243421001687439,0.250845330896671,0.257137468760733,0.262073163136768,0.265518408429952,0.267329968074166,0.267421658821939,0.265706923992412,0.262169833272591,0.256848874129851,0.249829820914784,0.241305322091906,0.231452008619629,0.22050793922959,0.208761177409166,0.196521194565691,0.18406014000515,0.171613796834704,0.159382021052079,0.147528372801114,0.136178691951702,0.125418435691724,0.115288689407502,0.105780881195805,0.0969610502354768,0.0887896025264061,0.0812329522225548,0.0741919348501636,0.067798009620852,0.0619298955018141,0.0565709817986137,0.051624296361443,0.0470973434395633,0.0429592112827836,0.0391708938558156,0.035726577742937,0.0325667914597487,0.0296822470560579,0.0270584652023628,0.0246701150857351,0.022478694358301,0.020490308895778,0.0186513757877504,0.0170110506569092,0.0155062425127539,0.0141300334760898,0.0128704814460567,0.0117095070225379,0.0106713844757599,0.0097440444145882,0.00885868262682191,0.00807412552323403,0.00736130970529859,0.006696326115558,0.0060951540391136,0.00557314067804222,0.00499714569115532,0.00461471704925241,0.00421413850659789,0.00377190560786899,0.00343005251032923,0.00317983531191727,0.00290527815479034,0.00260223648099462,0.0022649234314719,0.00205563024106005,0.00193631608017165,0.00180613921262636,0.00166363156690622,0.00150686256490048,0.00133319692360956,0.00113886860327405,0.000918167582087167,0.00066170311764457,0.000470893118507887,0.00046276986984796,0.000453842553283948,0.000444066541604241,0.00043339047384429,0.000421755794709328
-7.48817903033504e-07,-4.51011644848626e-07,-1.57123651282249e-07,0.00292138163806922,0.0178305338663304,0.0361791019775221,0.0551709964482235,0.0738305980476681,0.0918454570054765,0.109028161370428,0.125339311140433,0.140753939705666,0.155298797918311,0.169091307258064,0.182124509393358,0.194434406646904,0.206057438567766,0.217028148340148,0.227267071254828,0.236700559698846,0.24521196042754,0.252716139267174,0.258976770863602,0.263901575502813,0.267283929333083,0.269005403724849,0.268932320153638,0.267058057550875,0.263366769198152,0.257830332109341,0.250627549557641,0.241864092975627,0.23184008284517,0.220713096618792,0.208824064888954,0.196476034168784,0.183935431641234,0.171433059231172,0.159164517696168,0.147289786019116,0.135931721851434,0.125173311655926,0.115053589405874,0.105562260135943,0.0967425887205903,0.0885960894006372,0.0810449630801295,0.074011235681588,0.0676501243659898,0.0617929849538468,0.056440771220261,0.0515014195424911,0.0469888673735928,0.0428600276820578,0.0390783062979357,0.0356423090432529,0.0324879605705931,0.029609462308982,0.0269923005574118,0.0246110865863975,0.0224272313943689,0.0204407323869526,0.0186101278146407,0.0169724380293014,0.0154705547270328,0.0140975453453506,0.0128414420505683,0.0116841262357152,0.0106437966882423,0.0097206168080719,0.00883950128476613,0.00805327677652486,0.00734507710688575,0.00667867909101631,0.00608236045668188,0.00555923947754467,0.00498200999854693,0.00460490953601528,0.00420348062345652,0.00376029900309487,0.00342385618251757,0.00317311070086455,0.00289797085293175,0.00259427935937764,0.00225622976400314,0.00205264414104535,0.00193307842173539,0.00180262705085441,0.00165981794980595,0.0015027148602128,0.00132867403861371,0.00113391599571602,0.000912707479284455,0.000655612734741262,0.00047068324204974,0.000462541059662651,0.000453593332135633,0.000443795326406717,0.000433095567779999,0.000421435370776148
-7.48817537352879e-07,-4.51014086120696e-07,-1.57124288095125e-07,0.00293069814560125,0.0179109363923946,0.0363664136909254,0.0554803508640316,0.0742959987262817,0.0924295787173185,0.109712102760406,0.126101954111986,0.14164593790814,0.156323077732019,0.170181937457025,0.183314609912124,0.195750173275638,0.207490023254306,0.218533729822081,0.228842396857714,0.238353464059709,0.24695503267024,0.254466776030894,0.260756769878975,0.265630407816922,0.268953849989044,0.270568553309698,0.270401503823296,0.268360308688749,0.264427580421546,0.25873556408817,0.251318135094633,0.242365708286093,0.232128839633072,0.220833775439731,0.208830264910093,0.196368834008775,0.183757018125273,0.171205491067872,0.158905905704944,0.147014927294884,0.135652657300586,0.124899796640879,0.114793474426265,0.105321783096823,0.0965030822285491,0.0883845793894156,0.0808398559909265,0.0738205982075481,0.0674891748983682,0.0616440855103049,0.0562992354818061,0.0513679556742816,0.0468710395531137,0.0427523182803801,0.0389815819003667,0.0355508271677684,0.0324023936986318,0.0295335077302855,0.0269204938859609,0.0245470260856444,0.0223713804711681,0.0203869344396959,0.0185653634590747,0.0169305360106805,0.0154318281009154,0.0140622912813706,0.0128099299132071,0.0116565830346737,0.0106138657490064,0.00969519707854232,0.00881868609223398,0.00803065759470613,0.0073274623982427,0.00665953417040183,0.00606847674265885,0.00554415727327591,0.00496559276029432,0.00459426656336118,0.00419191754633188,0.00374770995482822,0.00341713061187823,0.00316581321903218,0.00289004289337143,0.00258564866605402,0.00224680299417996,0.00204940212525688,0.00192956389090405,0.0017988152802243,0.00165567990876239,0.00149821542197624,0.00132376897532143,0.00112854659973547,0.000906789995061469,0.000649014773198215,0.000470455150918345,0.000462292405149065,0.000453322513462302,0.000443500629362349,0.000432775152370377,0.000421087260729366
-7.48819194105214e-07,-4.51014888865138e-07,-1.57122594666824e-07,0.00293904111900274,0.0179841305156294,0.0365524781546523,0.0557700406174044,0.0747231134229098,0.0929660264576281,0.110365097282305,0.126864116079285,0.1424654474586,0.157264240632772,0.171245728190329,0.184464707665126,0.19696888909873,0.208808644704868,0.219958448456406,0.230366360039688,0.23994900433967,0.248579714138459,0.25612667334023,0.262412248277904,0.267266393497644,0.270517084098794,0.272034427818321,0.271705641666072,0.269507428205871,0.26542239789175,0.259502041634729,0.251882768587837,0.242752628846697,0.232319627364833,0.220893685533911,0.208764969638163,0.196198917799883,0.183523726700864,0.170929623127874,0.158604524167983,0.146702033159373,0.135339706686276,0.124596132245232,0.114506669072353,0.105057897481784,0.0962409890580375,0.0881537061316184,0.0806163090165864,0.0736338677099217,0.0673141191104893,0.0614822334496507,0.0561454603271591,0.0512300272705967,0.046743098620936,0.042635387099943,0.0388765897523736,0.0354515416370488,0.0323095393257216,0.0294549402558075,0.0268425825601927,0.0244775204043918,0.0223107804600064,0.0203285682553354,0.0185167927594145,0.0168850735628382,0.0153898123179459,0.0140240434056852,0.0127757411342001,0.0116266988175318,0.0105813994208585,0.00966762130957239,0.00879610206773785,0.00800612268391533,0.00730835146089233,0.00663876851318991,0.00605341271303489,0.00552779701506884,0.00495023765636863,0.00458271904197295,0.00417937492381731,0.00373405839602113,0.00340983176595194,0.00315789549551041,0.00288144328562201,0.00257628947021021,0.00223658385165943,0.0020458827384313,0.00192574938879512,0.00179467903915378,0.001651190691967,0.00149333544671689,0.0013184506897735,0.00112272687126258,0.0009003787092318,0.000641869302124436,0.000470207275888598,0.000462022200296917,0.000453028243911614,0.00044318043708628,0.000432427046015559,0.000420709101582996
-7.48812599890892e-07,-4.51011821217768e-07,-1.57123413564016e-07,0.00294646750941707,0.0180556452533287,0.0367373304868228,0.0560691301209663,0.075114319860011,0.0934576914773639,0.110963859012406,0.127574976642611,0.143288110355715,0.15813677843681,0.172220558629671,0.185550869516726,0.198163825607903,0.210084528884556,0.221305634353986,0.231779386916186,0.241419458726757,0.250121450535882,0.257693877056907,0.263964896674693,0.268763305646747,0.27194608820155,0.273340570145207,0.272905850878985,0.270526933817372,0.266268407054062,0.260133208897206,0.252324031918994,0.243026618539581,0.232413263245933,0.22086778523769,0.208621376536358,0.195967379989776,0.1832340519298,0.170603692249538,0.158258452235559,0.146349109891652,0.134990874380556,0.124260379478767,0.114191338739108,0.104768911305473,0.0959546344296201,0.0879019888467142,0.080372892135993,0.0734307511052255,0.0671238317485242,0.0613063888644837,0.0559784598546137,0.0510802766722375,0.0466042241240623,0.0425084843769831,0.0387626559703264,0.0353438165603968,0.032214500664117,0.0293696995639103,0.0267647595606578,0.0244021247127845,0.0222450425357598,0.0202652605486313,0.0184641034187653,0.0168357588110777,0.0153442378652118,0.013982556355293,0.0127386561483917,0.0115942812148408,0.0105461908675135,0.0096377130745453,0.00877160382304427,0.00797951573185803,0.00728762139815265,0.00661624998205746,0.00603707121597126,0.00551005424962066,0.0049386877831689,0.00457019254996667,0.00416577273849264,0.0037192582500317,0.00340191216606948,0.00314930648212369,0.00287211714604074,0.00256614274372145,0.00222550873978132,0.0020420628239562,0.00192161000046576,0.00179019153480161,0.00164632149260538,0.00148804396644449,0.00131268584879253,0.00111642085552528,0.000893434648679569,0.000634133674724713,0.000469937916644897,0.000461728595087207,0.00045270851245111,0.000442832569065713,0.000432048886121775,0.000420298334944067
-7.48814942271184e-07,-4.5101473842867e-07,-1.57121518564831e-07,0.00295302813601356,0.0181303329671487,0.0369057287080607,0.0563422278696653,0.0754718321321362,0.0939072741068288,0.111511578027435,0.128225361711446,0.144044186886856,0.15900006621983,0.173145060170889,0.186542601111605,0.199254023475191,0.211268892637609,0.222578278653145,0.233132935864146,0.242839679894883,0.251561852919672,0.259138300036364,0.265416644844936,0.270183890975705,0.273285297554051,0.274584620781331,0.273990220929898,0.271455681767578,0.266969309532221,0.260684434913067,0.252674524801859,0.24318885107765,0.232433554342987,0.220751592680812,0.208398485102467,0.195665701889374,0.182886148910104,0.170225633840472,0.15786550099132,0.145953925114976,0.134603952224838,0.123890410435632,0.113845481594554,0.104452985727058,0.0956422032440829,0.0876278257778439,0.0801080609892326,0.0732099514458296,0.0669170993205175,0.0611154309722698,0.0557971721825983,0.0509177505620526,0.0464535328289745,0.0423708030520066,0.038639055279759,0.0352269677612783,0.0321135882778917,0.0292772425723261,0.0266814632794926,0.0243203605865101,0.0221737483673601,0.0201966099014099,0.0184069593999873,0.0167822777842166,0.0152948148262421,0.0139375662046955,0.0126984387447154,0.0115591232103542,0.0105080178116471,0.00960528264475927,0.00874503490192232,0.00795066875047173,0.00726513997448872,0.00659183659169136,0.00601934768060718,0.00549081669406629,0.00492615807555705,0.00455660699878113,0.00415102499887298,0.00370321713279815,0.00339332065978809,0.00313999124605998,0.0028620054967371,0.00255514513310997,0.00221350952619432,0.00203791738954141,0.00191711886088674,0.00178532391347961,0.00164104133257808,0.00148230770928848,0.00130643869824438,0.00110959005106445,0.0008859161807716,0.000625762447845855,0.000469645226010508,0.00046140958205881,0.000452361141399722,0.000442454661715397,0.000431638112308402,0.000419852191114657
-7.48817265626413e-07,-4.51014313268493e-07,-1.57122974864674e-07,0.002958768053586,0.0181978087526743,0.0370587083563339,0.0565909465843465,0.0757977041699549,0.0943545448695956,0.112043412452669,0.128818754743479,0.14473384844238,0.159787241290571,0.174029470140104,0.187515572493251,0.20029011804681,0.212373616988392,0.223751509444871,0.234366979171454,0.244125457795333,0.252899896079833,0.26050222233596,0.266738759780948,0.271453310203711,0.274468635879006,0.275663254140005,0.27491447056158,0.272229099377974,0.267587811240497,0.261107482189047,0.252917536589349,0.243239902046728,0.232353509399486,0.22054423365638,0.208094831548869,0.195298841343996,0.182477825583387,0.169793073501031,0.157423204653263,0.145513998819025,0.13417651062753,0.123483899623994,0.11346692031495,0.104108127265954,0.0953349643478926,0.0873294874313483,0.0798201505181676,0.0729700708879675,0.0666926149297436,0.0609081533685586,0.0556004550364998,0.0507414234781795,0.0462900750553839,0.0422214755486388,0.0385050079418196,0.0351002599792836,0.0320041568948616,0.0291769855231775,0.0265911408981842,0.024231714058218,0.0220964483778054,0.0201221850979093,0.0183449994733024,0.0167242930185172,0.0152412316653662,0.0138887893328033,0.0126548350537943,0.0115210022440971,0.0104666416185556,0.00957012624169347,0.00871622710621861,0.00791940139054003,0.00724076504731948,0.00656537593723468,0.00600012966234061,0.00546996379433031,0.0049125682412303,0.0045418762704537,0.00413503936469409,0.00368583603066634,0.00338400217823312,0.00312989071584656,0.00285104499812954,0.00254322871680382,0.00220051328839203,0.0020334194887121,0.00191224703890901,0.00178004513193629,0.00163531691743884,0.00147609097839458,0.00129967094542047,0.00110219330542296,0.000877778896420944,0.000616707272619098,0.000469327203772723,0.000461062986210054,0.000451983768057026,0.000442044156698052,0.000431191952107569,0.00041936767277572
-7.48815376127752e-07,-4.51018842493337e-07,-1.57124300951314e-07,0.00296372647690474,0.0182585098810781,0.0371972185324524,0.0568167722668123,0.0761303714000979,0.0947737813496881,0.112550010087344,0.12941596300386,0.145379139640918,0.160502317414214,0.174832204498995,0.188403939234171,0.201260577702281,0.213421101467938,0.224869457282763,0.235547424661102,0.24535190537826,0.254136247278118,0.261727482703237,0.26796459014827,0.272626838558061,0.275559213232797,0.276607772606478,0.275735637968585,0.27285046027693,0.268065343979298,0.261393552293367,0.253033591097286,0.243179740988594,0.23216913741059,0.220244310681225,0.207708481686907,0.194862484368242,0.182006534256652,0.169303318020213,0.156928811300104,0.145026593957411,0.133715173258967,0.123038314995378,0.113053293624734,0.10373217996159,0.0950012767127787,0.0870051097542549,0.0795073685378129,0.0727096050136139,0.0664489730073524,0.0606832591849495,0.0553872456014029,0.0505501939142809,0.0461128309289319,0.0420595702596589,0.038359676690004,0.0349639613078931,0.0318855220660735,0.0290683015945502,0.0264932272262504,0.0241356336090855,0.0220126599854197,0.0200415235144258,0.0182778357935779,0.016661442279196,0.0151831540039078,0.0138359213368136,0.0126075725516051,0.0114796793195272,0.0104263581942071,0.0095320252263048,0.00868499981534164,0.00788552029535335,0.00721434400883599,0.00653670465027111,0.00597929637715196,0.00544736622930063,0.00489783192850592,0.00452590786846195,0.00411771682120982,0.0036670089427168,0.00337389749704441,0.00311894145080362,0.00283916773668225,0.0025303207845142,0.00218644212551199,0.00202854009225971,0.00190696339145372,0.00177432181378108,0.00162911251531027,0.00146935552623191,0.00129234163240148,0.00109418670129551,0.000868975532826131,0.000606916854486924,0.000468981679841711,0.00046068645116698,0.000451573837376174,0.00044159828147222,0.000430707407433592,0.000418841538457419
-7.48815659634116e-07,-4.51012191637278e-07,-1.57120303100273e-07,0.00296793760975098,0.0183128315466533,0.0373221249987057,0.057021068802984,0.0764354859608166,0.0951540089330606,0.11300948451031,0.129957474757691,0.146004147120267,0.161188411083785,0.175565742740149,0.189205228381974,0.202134293094593,0.214362034641683,0.225870952660544,0.236601457414874,0.246449196712058,0.255266396648105,0.262865930733175,0.269050583701087,0.273643630254443,0.276489125382245,0.277447985646296,0.276421332184177,0.273383765707103,0.268396321948994,0.261543691256232,0.253022916834474,0.243013434757693,0.231879135228232,0.21984989557891,0.207237023179552,0.19435377377253,0.181469362495755,0.168753345855394,0.156379273107396,0.144506861256152,0.133234124426171,0.122574270463338,0.11260204770558,0.103322817378145,0.0946384099819447,0.0866526872505815,0.0791719191893401,0.0724269371329628,0.0661846640609414,0.060439356250679,0.0551662701111946,0.0503428801652414,0.0459207066039581,0.0418840881903302,0.0382021636361484,0.0348255542375781,0.0317569497677597,0.0289505186297817,0.0263871161387333,0.0240360991653402,0.0219218658086204,0.0199583454300588,0.018205052412216,0.0165933372050496,0.0151202233904207,0.01377863589157,0.012556359052813,0.0114348980935763,0.0103882766768052,0.00949074532179287,0.00865115929276487,0.00784881842033017,0.00718571319451815,0.0065056478318075,0.00595671823951913,0.00542288550177564,0.00488185636856828,0.00450860257240692,0.00409895132278817,0.00364662256797431,0.00336294297358155,0.0031070753873154,0.00282630096078214,0.00251634361378641,0.00217121296471138,0.00202324795056149,0.00190123444477332,0.0017681181415806,0.0016223898198122,0.00146206041939129,0.00128440702412123,0.00108552345802711,0.000859455890982633,0.000596336881695613,0.000468606305985546,0.000460277425090142,0.000451128579422598,0.000441114037132039,0.000430181233286452,0.00041827028220392
-7.48819052243689e-07,-4.51014490643569e-07,-1.57119702162443e-07,0.0029714302533589,0.0183611288452473,0.0374342143086147,0.0572050811851445,0.0767109681574685,0.0954974109407197,0.113424410285143,0.130446250622178,0.146567824479262,0.161826742306176,0.176277134914314,0.189974127979141,0.202958983367032,0.215245782991123,0.226811010061961,0.237587226048446,0.247461288100471,0.256276514896091,0.263865908131463,0.270025282110686,0.274561954676352,0.277302760054489,0.278124763548254,0.276947305077597,0.273761054846674,0.268581932693911,0.261558238934328,0.25288506127622,0.242739902921646,0.231481604678283,0.219358521382566,0.206677557025673,0.193769587790826,0.180863023434305,0.168139797211931,0.155771236431223,0.143952518316394,0.132707559418225,0.122082880159241,0.112110427717424,0.102877534700155,0.0942441354667013,0.0862700662275681,0.0788475792044154,0.0721203326252638,0.0658980694679885,0.0601749523560631,0.0549267569809001,0.0501182163064613,0.0457197626576216,0.0416979495005734,0.0380315072445135,0.0346755917669778,0.0316176538930687,0.0288229168434431,0.0262721585018619,0.0239346147086551,0.0218235119530096,0.0198749701414925,0.0181262038699555,0.0165195619793566,0.0150520561092522,0.0137165836637565,0.0125008817038284,0.0113863839818851,0.0103470143827296,0.00944603587575328,0.00861449802323745,0.00780907442656513,0.00715469733353837,0.00647201855637061,0.00593225639456736,0.00539637347426932,0.00486454201616477,0.00448985407655821,0.00407862946894798,0.0036245560152243,0.00335107032361991,0.00309421959741569,0.0028123668802181,0.00250121427688653,0.00215473738850684,0.00201750946004674,0.00189502423777523,0.00176139568484227,0.00161510782544606,0.00145416193469116,0.0012758205093995,0.00107615385210938,0.000849166780426136,0.000584910034654621,0.00046819853456571,0.000459833142724651,0.000450644996327083,0.000440588178306162,0.000429609920947471,0.00041765011644119
-7.48814893159169e-07,-4.51012869196984e-07,-1.57120679746033e-07,0.00297422839258449,0.0184037185139165,0.0375341966069152,0.0573736363736991,0.0769584553129373,0.0958059825177578,0.113797143464746,0.130885001616693,0.147073224808937,0.162398170865884,0.176912669965151,0.190670492760389,0.203711502857512,0.216048371720541,0.227656201583861,0.238466243629567,0.248364143399698,0.257192115567679,0.264753599459437,0.270866462365245,0.275319381763831,0.277967715309838,0.278640797251268,0.277315569987181,0.273983076280871,0.268622621585641,0.261437402575464,0.252618880517017,0.242344481326459,0.230974043999943,0.218767173711252,0.20602700648174,0.19310638006943,0.180183845845954,0.167458963999343,0.155133478609472,0.143344879940964,0.132132281125354,0.121547322184438,0.11159839710461,0.102393641055535,0.0938160610566928,0.0858549382439385,0.0784958138617747,0.0717879334674233,0.0655874564708172,0.059888450642278,0.0546672586411538,0.0498761183004036,0.0455063830535968,0.041504129762893,0.0378466794327658,0.0345131671818364,0.031466793816623,0.0286847266006575,0.0261476601460036,0.0238247004034209,0.0217170063418225,0.0197846686334775,0.0180408138212577,0.0164396721057945,0.0149782420483289,0.0136493913067637,0.0124408060450608,0.0113338433074425,0.010302319860519,0.00939762912736362,0.00857479405216884,0.00776605206709961,0.00712110900258215,0.00643561735428607,0.00590576227629632,0.00536767199748656,0.00484578217738137,0.00446954866427747,0.00405663020684769,0.00360068054839707,0.00333820634809929,0.00308029606513176,0.00279728243985954,0.0024848444432258,0.00213692148387423,0.00201128851887456,0.00188829420682022,0.00175411331000434,0.00160722270612054,0.00144561343724054,0.00126653251055428,0.00106602516087374,0.000838052005057094,0.000572576003230747,0.000467755608281925,0.000459350611388569,0.000450119846146046,0.000440017196763029,0.000428989680019565,0.000416976949944781
-7.48816750857052e-07,-4.51014476401284e-07,-1.57124601402635e-07,0.00297635121374414,0.0184408807212545,0.0376227084869948,0.0575437660583618,0.0771794318140105,0.0960815356456158,0.114143240193661,0.131281889388412,0.147523122822781,0.162905761877224,0.177475677762375,0.191285325514522,0.204373210481709,0.216750631713974,0.228391342327374,0.239225392079099,0.249138486656044,0.257967405506064,0.265519054834685,0.271560930302816,0.275948273342605,0.278471445359429,0.279040832957844,0.277565875237572,0.274050371556843,0.268544642037231,0.261196681247314,0.252222528884068,0.241824650622396,0.230353338842695,0.218072281770485,0.205306663369364,0.192360169815058,0.179427764171364,0.166706779899288,0.154440240197257,0.142680301058876,0.13150484056552,0.120964384726192,0.111066291214705,0.101868252190236,0.0933516244220813,0.0854048339507256,0.0781145131362783,0.0714277530324757,0.0652509734109573,0.0595781453064794,0.0543862289840201,0.049625573339773,0.0452753283784738,0.0412942639391651,0.0376465828861051,0.0343373122307902,0.0313034721772622,0.0285351264065041,0.026012880032595,0.0237056997257953,0.0216017171798256,0.0196869009387005,0.0179483737393803,0.0163531932238648,0.0148983436079527,0.0135766604369088,0.0123757751336729,0.0112769624575204,0.0102539243868595,0.00934523955441481,0.00853181037264576,0.00771949967696966,0.00708474811491885,0.00639623179722918,0.00587707717813447,0.00533661247916958,0.00482546266913563,0.00444756486156109,0.00403282453330039,0.00357485934506475,0.00332427271831613,0.00306522145716877,0.00278095912582501,0.00246714023183452,0.00211805501850572,0.00200454638985537,0.00188100303349812,0.00174622701937712,0.00159868769593913,0.0014363652954314,0.00125649040853052,0.00105508161627464,0.000826052366610867,0.000559271560553837,0.000467274542607642,0.000458826593751249,0.000449549622410439,0.000439397299751635,0.000428316413339984,0.000416246368297149
-7.48816840708066e-07,-4.51014678140215e-07,-1.57120243771229e-07,0.00297781326286562,0.0184728605393115,0.0377022585077682,0.0576943596788295,0.0773752339136659,0.0963529200570761,0.114473103504493,0.131666549311835,0.147948589612609,0.163363616509835,0.177969143256323,0.19182180885447,0.204953705461239,0.217377981935764,0.229060011465647,0.239921596622562,0.249838199024876,0.258641930557019,0.266136936492148,0.27214473490344,0.276436807213294,0.278855314686286,0.279286498410147,0.277659669253821,0.273962686812714,0.268313409577954,0.260809183553735,0.251693448558648,0.241177209501687,0.229615753168089,0.217269709184921,0.204492173932646,0.191526532023859,0.178590308804033,0.165912681201526,0.153681097066497,0.141954849004094,0.130821528384688,0.120330621332481,0.110488497509853,0.101298283845065,0.0928480868013985,0.0849171175103384,0.0777014236191856,0.0710376713169431,0.0648866454644191,0.0592422176736727,0.0540820195742412,0.0493543662162819,0.0450252416893346,0.0410671191147681,0.0374440167065033,0.0341469949807587,0.0311267328475587,0.0283732410176066,0.0258670285463342,0.023576912841157,0.0214769715581774,0.019581091369073,0.0178483417423233,0.0162596200536322,0.0148118947964406,0.0134979667970097,0.0123054087303843,0.0112154071790944,0.0102015412661975,0.00928856329221793,0.00848529436462652,0.00767497832473062,0.00704540145669208,0.00635363612488616,0.00584603186223261,0.00530301564641927,0.00480346146962516,0.00442377317935823,0.00400707526750483,0.00354738752612124,0.00330918572567229,0.00304890691676496,0.00276330282133799,0.00244800211076971,0.0021112986897525,0.00199724156763562,0.00187310651699422,0.00173768984611769,0.00158945299511631,0.00142636479826085,0.00124563849928126,0.0010432644060246,0.000813105724471793,0.000544930696953644,0.000466752107557693,0.000458257587521104,0.00044893053330983,0.00043872438994472,0.000427585701644688,0.000415453608714999
-7.48813358426393e-07,-4.5101312567002e-07,-1.57118785200439e-07,0.00297862454477565,0.018499869095399,0.0377828812591304,0.0578263511131904,0.0775470533352354,0.096595509830363,0.114762997805804,0.13200390660594,0.148332417530815,0.163791735280323,0.178438051674027,0.192325028363702,0.205489018434352,0.21793608395713,0.229632234635557,0.240498013657747,0.250407688937983,0.259192244839131,0.26664457410532,0.272572251149994,0.276764513159354,0.279073488302026,0.279365795412913,0.277588241194435,0.273723546869077,0.267925776996744,0.260272342346373,0.251028359179593,0.24040311618422,0.228756920199444,0.216378568807761,0.20357875224607,0.190600588211717,0.177666597101187,0.165053803954989,0.152851614664345,0.141164295302821,0.130078367226097,0.119642343790281,0.109861648842312,0.100692334303101,0.0923025275089477,0.0844002103202775,0.077254143848852,0.0706154308095082,0.0644923709132501,0.0588787328815381,0.0537603618321389,0.0490609289175155,0.0447546794622019,0.0408213835718421,0.0372248627789541,0.0339411178295015,0.0309355591490793,0.0281981399097481,0.0257092660465244,0.023437595200441,0.021342054299386,0.0194666273849451,0.0177401415995015,0.016158415523719,0.0147184003784251,0.0134128595375158,0.0122293026399293,0.0111488219221092,0.010144865211597,0.00922727767379389,0.00843497730329987,0.00763560586578538,0.00700284230373287,0.00630992790158566,0.00581244621679043,0.00526669119210236,0.00477964844936502,0.00439803581912145,0.00397923686164516,0.00353227472615857,0.00329285606351484,0.00303125788979194,0.00274421363814639,0.00242732480892298,0.00210397797673916,0.00198932962878606,0.00186455745574378,0.00172845175155865,0.00157946567274217,0.00141555609959227,0.00123391798622518,0.00103051172095221,0.000799147099812878,0.000529484823100125,0.000466184808711445,0.000457639808937037,0.00044825848507019,0.000437994045354827,0.000426792776220811,0.000414593539673056
-7.48819365817081e-07,-4.5101274269506e-07,-1.57123379389809e-07,0.00297879046366343,0.0185220850069266,0.0378519851599287,0.0579405627832445,0.0777046435574422,0.0968064258181253,0.115014609882137,0.132295882743554,0.148663297730666,0.164158893803259,0.17883764787635,0.19275195846833,0.20593687977579,0.218397163888629,0.230097527166735,0.240957259805615,0.250849429059748,0.259603869701117,0.267012364689026,0.272844975223911,0.276935607815252,0.279126341509628,0.279278404858368,0.277350526717744,0.273334636499566,0.267379121938287,0.259582791902788,0.250223247742709,0.239510903356674,0.227793226475582,0.215383132155782,0.202561105611005,0.189576998126929,0.176686399161634,0.16411431858484,0.151947025420391,0.14030410878667,0.129271105341683,0.118895616222055,0.109182155848389,0.100085799092228,0.0917118394713797,0.0838921278732882,0.0767701204929643,0.0701586331898928,0.064065918283421,0.0584856373112995,0.0534204877705364,0.0487435966833278,0.0444621094085721,0.0405556650751605,0.0369878751988698,0.0337185159726225,0.0307350805111228,0.028015976880378,0.0255387017577798,0.0232869564965854,0.0212078992550882,0.0193428586747863,0.0176231619656043,0.0160490101035502,0.0146173353446594,0.0133208606841766,0.0121470281843089,0.0110768293218713,0.01008357184801,0.00916104089443263,0.00838057398853983,0.00759301372838759,0.00695683009450919,0.00627630566850245,0.00577612898022605,0.0052274377143818,0.00475388505178703,0.0043702064786961,0.00394915529675212,0.00351591556112237,0.00327518866801805,0.00301217398183888,0.00272358586847686,0.00240499734265133,0.00209604823456821,0.00198076311572286,0.00185530553237452,0.00171845952217791,0.00156866961985563,0.00140388019314426,0.00122126699840534,0.0010167588394059,0.000784108855178488,0.000512863048503183,0.000465568870223536,0.000456969166054292,0.000447529055408843,0.000437201494147123,0.000425932497985376,0.00041366063495516
-7.48817423954321e-07,-4.51013837663557e-07,-1.57125569451408e-07,0.00297831201917513,0.0185396546450612,0.0379100119320523,0.0580377078738479,0.0778510923171929,0.0969869265415844,0.115229410937249,0.132544148159398,0.148943080522782,0.16446709564602,0.179169971056425,0.193102858811537,0.206299532497555,0.218763450899954,0.230458048644875,0.241313061219303,0.251184251299428,0.259882293099097,0.267231371369369,0.272982339726927,0.276969256590995,0.279013403860979,0.279023144196549,0.276944590815897,0.272776485914533,0.266669978632484,0.258736357024308,0.249273358962152,0.238484366804147,0.226713432455373,0.214270480540022,0.201433427226492,0.188449952931943,0.175630913375144,0.163088899555664,0.150962222936948,0.139369450383595,0.12839521192243,0.118086250764103,0.108446202850802,0.099429173391306,0.0910727261988041,0.0833424456927808,0.0762466456460668,0.0696647371293188,0.0636049245234729,0.05806075700454,0.0530530819825431,0.0484017085544437,0.0441580982482367,0.0402693891513971,0.0367317347445161,0.0334795355276091,0.0305290026369525,0.0278286982567188,0.025354415038047,0.0231241599717476,0.0210676261144432,0.0192090965972193,0.0174967558978648,0.0159308014269305,0.0145081445893399,0.0132214648227486,0.0120581319351256,0.0109990299127672,0.0100173173341074,0.00908949189291693,0.00832178249933623,0.00754695989480011,0.00690711026669927,0.00623994439414909,0.00573687754417134,0.00518504261287581,0.00472602409047885,0.00434013024033861,0.00391666803807427,0.00349821439283421,0.00325608252957625,0.00299154886975547,0.00270130795444106,0.00238090307023552,0.00208746174758962,0.00197149141644033,0.00184529721019251,0.00170765670479916,0.00155700549521601,0.00139127493059636,0.00120762066367795,0.00100193827466455,0.000767920939092115,0.000494992561876715,0.000464900210350755,0.000456241243836496,0.000446737475228131,0.000436341593693172,0.000424999331231889,0.000412648948331494
-7.4881700920094e-07,-4.5101295612383e-07,-1.57124748885653e-07,0.00297718572431923,0.0185526936010262,0.0379573330891813,0.0581183941123155,0.0779738895850984,0.0971380914133625,0.115408659148909,0.132750125289791,0.149173330796877,0.164718020136769,0.179436780135709,0.193379527317476,0.206578766668136,0.219036674732917,0.230737063241743,0.241574442736227,0.251405237385697,0.26004896791064,0.267302074243265,0.272969564810377,0.276835663823293,0.278734439026108,0.278597949261253,0.276367611487669,0.27204551162928,0.26579402578883,0.257738264591527,0.248173186719057,0.237317621871035,0.22550227020938,0.21303433093403,0.200189390676689,0.187260869940032,0.174477789820587,0.161971844900219,0.149891758530535,0.138379484622287,0.12747404330171,0.117209805381437,0.107649745693182,0.0987188340213467,0.0903817004524168,0.0827481336903896,0.0756808555286815,0.0691310574824629,0.063106894519607,0.0576017973707224,0.0526561413084003,0.0480495929384014,0.0438350266088038,0.039977616398998,0.0364550480967082,0.033238151589433,0.0303063705952521,0.0276263751360924,0.0251738059203965,0.0229483221452721,0.0209160809124895,0.0190646138882843,0.0173602407697787,0.0158083438828098,0.0144051203024429,0.0131149666346263,0.0119621356710525,0.0109150019859535,0.00994573816177239,0.00901826307242789,0.00825828411014237,0.00749718806942049,0.00685341419888406,0.00620064009844629,0.00569447787918428,0.00513928218584008,0.0046959095924933,0.00430764349126448,0.00388160412813588,0.00347906955163519,0.00323543060002856,0.00296927024251249,0.00267726253691857,0.00235491988625207,0.0020781676036644,0.00196146065437424,0.00183447565800464,0.0016959835635605,0.00154441075130912,0.00137767507578317,0.00119291125232294,0.000985980005313865,0.000750511233250337,0.000475799122319837,0.000464174423380174,0.000455451276477763,0.00044587860069374,0.00043540880329177,0.000423987319146359,0.000411552090849855
-7.48817325529832e-07,-4.51015554094459e-07,-1.57120793817896e-07,0.0029754035395267,0.0185612871555845,0.0379942503925265,0.0581831254877471,0.0780737834312606,0.0972608234889241,0.115553402681369,0.132914990285811,0.149355329087848,0.164913022147261,0.179639467792975,0.193583351189382,0.206775914923314,0.219238420065669,0.230918306367446,0.241716965782724,0.251495794720374,0.260073084299098,0.267229696425659,0.272795012250419,0.27653335048752,0.27829266555574,0.277999856837839,0.275615864107887,0.271137226610871,0.264746075803615,0.256591675512545,0.2469164670321,0.236004092023748,0.224152969321095,0.211667826182555,0.198836878105083,0.185972996485981,0.173220711101836,0.160757074931808,0.148782212684977,0.13735444445005,0.126521641272114,0.116312897099071,0.106788512017269,0.0979509535304744,0.0896436551413376,0.0821059935413919,0.0750697310312449,0.0685547662712713,0.0625692023338085,0.0571103594581383,0.0522371061740668,0.0476693731613264,0.0434861890261433,0.0396625676034351,0.0361567923412167,0.032977514551741,0.0300659967120905,0.0274079277437983,0.0249787861275759,0.0227585132162382,0.0207524533248922,0.0189086449664914,0.0172128986374293,0.0156903322442708,0.0142976943183418,0.013018868485687,0.0118585367086568,0.0108243018098873,0.00986845120312741,0.00895468113006897,0.00818974342542346,0.00744342760585144,0.00679545936182211,0.00615817715198639,0.00564870458919652,0.00508992192122808,0.00466337670393975,0.00427257395958351,0.00384378442121122,0.00345837322887535,0.00321311973163673,0.00294521984960175,0.00265132661586532,0.00232692049314337,0.00206811159299781,0.0019506136114676,0.00182278070450229,0.00168337706799134,0.00153081965761763,0.00136301242667861,0.00117706836191577,0.000968811780420643,0.000731805989593584,0.000471365899691095,0.000463386751478764,0.000454594127317608,0.000444946891211018,0.000434397160895881,0.000422890060755602,0.000410363202448901
-7.48812247130039e-07,-4.51012800442588e-07,-1.57123920209725e-07,0.00297295297634938,0.0185654903257561,0.0380209979836082,0.0582323042844979,0.0781513799451877,0.0973558520662851,0.115664481612658,0.133039674990084,0.149490073059902,0.165053132251427,0.179779058380459,0.193715303360647,0.206906722450385,0.219349924980398,0.230992325268436,0.24174092160614,0.251455845117775,0.259954120334768,0.267015330745955,0.272456997543346,0.276059941492997,0.277671594468206,0.277224988061875,0.274684706963549,0.27006372655046,0.26352864176579,0.255278856026107,0.24549617330715,0.23453650562371,0.222658126899416,0.210165601889216,0.197406934695004,0.184567886061329,0.17185294559202,0.159494061516686,0.147601398196179,0.13624456527846,0.1254912880216,0.115369881833634,0.105863767151188,0.0971215026182599,0.0889206768718228,0.0814126607948147,0.074410100431129,0.067934670690171,0.0620720996583635,0.0566597976760236,0.0517956815026419,0.0472590730629401,0.0431097753288384,0.0393226049780832,0.0358555469967274,0.0326962685720205,0.0298066339868408,0.0271722221845184,0.0247683389375449,0.0225577821780543,0.0205758923100615,0.0187403867549986,0.0170704924306914,0.0155629639921533,0.0141817506562126,0.0129151418661579,0.0117468086110787,0.0107264641395448,0.00978505400831928,0.00888603902941383,0.00811580879498853,0.00738539358999843,0.00673294967931825,0.00611232828434746,0.00559932113487662,0.00503671697307342,0.00462825173564812,0.00423474095051459,0.00380302193284036,0.00343601138832141,0.00318903068565168,0.00291927362731142,0.0026233717989911,0.00229677284745404,0.00205723610684741,0.00193888966177227,0.00181014880972157,0.00166977093593357,0.00151616341630059,0.00134721598728923,0.00116001921309907,0.000950359529073294,0.000711730391748982,0.000470581235937071,0.00046253206721491,0.000453664258407548,0.000443936383739245,0.000433300256414264,0.000421700680805477,0.000409074929242354
-7.48817619451511e-07,-4.51012780318943e-07,-1.57124562684603e-07,0.00296981679007004,0.0185653285834611,0.0380377429319808,0.0582662326178872,0.0782071442664868,0.0974237341544462,0.115742529549184,0.133124867710002,0.149578277019822,0.165139055546243,0.179856206039458,0.193786634453013,0.206958658459054,0.219365249612481,0.230959107432596,0.241645941314654,0.251284589778474,0.259690771627587,0.266642741435251,0.271952955242748,0.275412146478685,0.276867166532711,0.276268532768428,0.273568568066088,0.268814114819848,0.262155951907806,0.253792471030625,0.243939333888085,0.232909439555878,0.221027603654391,0.208585870202702,0.195845434804005,0.183038134039633,0.170414454578607,0.158147090821627,0.146322916451798,0.135044098257429,0.124377663698616,0.114351174356883,0.104947172810177,0.0962262558312128,0.0881403389013913,0.0806646097520083,0.0736986448598575,0.0673533547216043,0.0615365904774066,0.0561736712792877,0.0513196070761742,0.0468225546991034,0.0427136945915897,0.0389560149629742,0.0355306621763465,0.0323929950940698,0.0295269782146997,0.0269180725132532,0.0245414002180667,0.0223594948991838,0.0203855074312558,0.0185590002460599,0.0169217270674287,0.0154255894551997,0.0140566978106827,0.0128032553298373,0.0116475782047501,0.0106210031731382,0.00969512546068626,0.00881198182742696,0.00803611301166942,0.00732278715524438,0.00666557617526822,0.00606285476955308,0.00554608026586876,0.00497941289297596,0.00459035231641872,0.00419395565715128,0.00375912247559852,0.00341186378234157,0.00316303825453961,0.00289130192350379,0.00259326470222408,0.00226434073968795,0.00204548007676837,0.00192622474966946,0.00179651310008177,0.00165509570914017,0.00150037032510675,0.00133021224511798,0.00114168903212289,0.000930547888329322,0.000690209259280813,0.000469729791971258,0.000461604842978516,0.000452655710437713,0.000442840665488876,0.000432111205440825,0.000420411807385387,0.00040767939699166
-7.48814058506763e-07,-4.51013854290472e-07,-1.57124394545542e-07,0.00296597299305047,0.0185607976836755,0.0380445859664587,0.0582851132520045,0.0782414028523817,0.0974648556120125,0.115787974407338,0.133176115388593,0.149626975923941,0.165177567211217,0.179882145784474,0.193788808301492,0.206924838433315,0.219284112392646,0.230818026544057,0.241430981535223,0.250980493180567,0.259280933246973,0.266109176330542,0.27127941983801,0.274585741265013,0.27588378614021,0.275124735136856,0.272260933987269,0.267377111146425,0.26059909667296,0.252124377065306,0.24222900375938,0.231176549906363,0.219289817141964,0.206859138407683,0.194144278978248,0.181412753742236,0.168890686851208,0.156688703254389,0.144940305198398,0.133747012900133,0.12317519520655,0.113251679994752,0.103958132972738,0.0952608012091128,0.0872987517416839,0.0798581616430158,0.0729741671614074,0.0667265309970151,0.0609592222617788,0.0556495548539542,0.0508129933500479,0.0463696436081314,0.0423002463686495,0.0385749476798466,0.0351805441992786,0.0320662164096986,0.0292329114680445,0.026644243777109,0.0242968611206012,0.0221457779585644,0.0201803712161784,0.0183805125447814,0.0167613791651631,0.0152775308266772,0.0139219186216747,0.0126826540631314,0.0115419218937425,0.0105074140064294,0.00959822681614738,0.00873213848573129,0.00795027442371035,0.00725529607168298,0.00659301793079044,0.00600950682612465,0.0054887247102052,0.00491774667676529,0.00454948767105135,0.00415002170183799,0.00371188541831822,0.00338580401571563,0.00313501144425694,0.00286116986141747,0.00256086750117641,0.00222948457554646,0.00203277893382096,0.00191255140570333,0.00178180343188677,0.00163927891561944,0.00148336602052696,0.00131192551196178,0.00112200153247341,0.000909300850779137,0.000667167896889485,0.000468806054190756,0.000460599128491204,0.000451562073593325,0.000441652847300306,0.000430822623828412,0.000419015545022331,0.000406168187209306
-7.48816256849418e-07,-4.51012155369062e-07,-1.57123451755402e-07,0.00296139475193424,0.018551863447584,0.0380415619324575,0.0582890503531343,0.0782543428992748,0.0974794316864233,0.115802072201166,0.133192807470518,0.149632669864298,0.165165357089295,0.179843865473746,0.193715003328508,0.206804749169131,0.219105665727103,0.230567829627366,0.241094309375091,0.250541265844602,0.258721681159916,0.265410998732696,0.270432006470387,0.273575549816091,0.274716493012761,0.273786881112576,0.270754341059762,0.265744689156278,0.258849554271286,0.250273076412336,0.240337801148779,0.229271709335869,0.217388364430396,0.204976588969442,0.192330070587382,0.179701159439729,0.167240782082014,0.155111703548074,0.143459013475111,0.132377787942864,0.121880279741036,0.112066090546361,0.102891855989935,0.0942839468656146,0.0863918685418827,0.0789894967981521,0.072249750101602,0.0660511747576857,0.0603372182323841,0.0550849256201724,0.0502858678258535,0.0458818663566365,0.0418549822863906,0.0381750944805717,0.0348035396532458,0.0317354477890709,0.0289339263929765,0.0263710328815991,0.0240335718900774,0.0219156137679901,0.0199595223628738,0.0181956824418661,0.0165886834721568,0.0151180843054648,0.0137767722399031,0.0125527615598435,0.0114280983885785,0.0103851746798154,0.00949390326639686,0.00864612289127734,0.00785789846663957,0.00718259563425076,0.00651494344113816,0.00595202422489251,0.00542698813715649,0.00487431217193444,0.00450545917204159,0.00410273591168395,0.00366110479393362,0.00335769974206113,0.00310481383445966,0.00282873787199676,0.00252603866637765,0.00219206236723263,0.00201906462823321,0.00189779880219827,0.00176594654873066,0.00162224529515821,0.00146507381895734,0.00129227841281664,0.00110087954495153,0.000886542566187098,0.000642533103047631,0.000467804087497098,0.000459508523213185,0.000450376462384994,0.000440365540432998,0.000429426602289578,0.000417503450424328,0.000404532315614594
-7.48817253673044e-07,-4.51015767090883e-07,-1.57121496795856e-07,0.00295605005294906,0.0185384615853926,0.0380286393502705,0.0582780491617369,0.078246013364678,0.0974675066841883,0.115788925228841,0.133167493015355,0.14958880670314,0.165095311391295,0.179738715154548,0.193564513546432,0.206597359658,0.218828483922044,0.230206622694287,0.24063348638437,0.249963846590333,0.258009252911399,0.264543667667343,0.269405392171054,0.272375427507115,0.273354886975711,0.272247288484543,0.269067249864893,0.263907918487316,0.256897952232583,0.248285562508938,0.238259138755234,0.227185202418299,0.215313684467934,0.202980124958686,0.190419085912522,0.177847675896072,0.165456792993605,0.153471611985693,0.141950987329555,0.130972874299934,0.120587584820633,0.110804114056252,0.101743375386272,0.0932711216527033,0.0854155011693591,0.0781106480942002,0.0714697614614888,0.0653241549556834,0.0596677055941364,0.054477173345023,0.0497185893301767,0.0453610595335273,0.0413763363757337,0.0377448103022919,0.0344156613891477,0.0313840416265017,0.0286121686362907,0.0260810049296614,0.0237604914637482,0.0216679512641862,0.0197314970713924,0.0179967564308318,0.0164028492857307,0.0149465231272111,0.0136205968904449,0.0124129819995139,0.011305578892503,0.010273054105785,0.00938168604471229,0.00855353532022966,0.0077585797468044,0.00710434993929935,0.00643101241264611,0.00589013723197883,0.00536059648631341,0.00483015409921063,0.00445806101187925,0.00405188932970293,0.00360657070172205,0.00332741297382347,0.0030723040524511,0.00279386238128792,0.00248863391585832,0.00215193099816435,0.00200426566344176,0.0018818928949703,0.00174886627690517,0.00160391712229314,0.00144541515726559,0.0012711924540818,0.00107824577222836,0.000862198304677194,0.000616234366213809,0.000466717506939362,0.000458326148970328,0.000449091486523448,0.000438970825396521,0.000427914678134636,0.000415866511212224,0.000402762211842806
-7.4881828645896e-07,-4.51013332311243e-07,-1.5712080358408e-07,0.00294990142054392,0.018520497386014,0.0380057202098901,0.058252015727256,0.078216323483195,0.0974289524034011,0.115740461609417,0.133099907212394,0.149494976164051,0.164966823970088,0.179565835522162,0.193336163627481,0.206301109961389,0.21845054988204,0.229731855397282,0.240045350912982,0.249244383534642,0.257139028077488,0.263516155417388,0.268193297838603,0.270990348859183,0.271791095065362,0.270497300066733,0.267196518058644,0.261892266316015,0.254794556596626,0.246096113678609,0.236062458724471,0.224976888397703,0.213149245465107,0.20085748437668,0.18834935353899,0.175859848620722,0.16362865297089,0.151743893611907,0.140325264774033,0.129459201607461,0.119195379097839,0.109542010437892,0.100507574337139,0.0921812095277987,0.0843653418189224,0.0772194374674559,0.0706307150728357,0.0645422500212669,0.0589477303000171,0.0538236136754308,0.0491243860603037,0.0448252863170793,0.0408897504800203,0.0372827506342288,0.03400831692403,0.0310062073707009,0.0282662270051666,0.0257691543970571,0.0234846668030137,0.0214017116458066,0.0195047762772006,0.01778285716534,0.0162030647099797,0.0147621015313991,0.013452713466181,0.0122627034145402,0.0111738192319726,0.0101605203605753,0.00926109518406412,0.00845396440184314,0.00765190471074385,0.00702021361127519,0.00634087807032837,0.00582356784441673,0.00528926968130166,0.00478260670586197,0.00440708120194424,0.00399726858404337,0.00354807105618677,0.00329480055897094,0.00303733644744932,0.00275639672965635,0.00244850741481422,0.00210894771613944,0.00198830722925416,0.00186475661143758,0.00173048383714201,0.00158421462060353,0.00142431016509445,0.00124858877758882,0.00105402372267304,0.000836195596029691,0.000588205242375444,0.000465539448761248,0.000457044624542864,0.000447699227454393,0.000437460230876848,0.000426277816610667,0.000414095121164808,0.000400847702151968
-7.48815683553412e-07,-4.5101422940404e-07,-1.57123578113296e-07,0.00294290608375984,0.0184978447660545,0.0379726389514671,0.0582107555556659,0.0781650416187925,0.0973634664387162,0.115656290178644,0.132989514508273,0.149350450993547,0.164778920925244,0.179323945166886,0.193028297675773,0.205913898168919,0.217969239792717,0.229140304012657,0.239325999530062,0.248378214320781,0.25610550805479,0.262320104334736,0.266807682254661,0.26942441966587,0.270020879209082,0.268583835327997,0.265108430090304,0.259693071309586,0.252490744520636,0.243708495356117,0.233662501837334,0.222595609859023,0.210801784429675,0.198558043478659,0.186158818666196,0.173808856210842,0.161666591035632,0.149882126847393,0.138574676646978,0.127830150131843,0.117697598787414,0.10818445345731,0.0992505273790907,0.0910095357555327,0.0832916864607716,0.0762614193686483,0.0697290440803849,0.0637021683661225,0.0581742762213989,0.053121505463285,0.0484994954695333,0.0442496764785505,0.0403669780783315,0.0368160252352158,0.0335707157773819,0.0306003694485319,0.0278946620931028,0.0254341778727172,0.023188318129195,0.0211157957104945,0.0192611672639172,0.0175530890371945,0.01598850213911,0.0145640599575213,0.0132724302688077,0.0121013018099607,0.0110322632792464,0.0100395589513794,0.00913164308735425,0.00834698971228649,0.00755776920840288,0.00692983402597832,0.00624649568911678,0.00575203146487418,0.00521272381359174,0.00473145500483423,0.00435230289138535,0.00393865754590439,0.00349871699623576,0.00325971479609905,0.00299976197988845,0.00271619232628354,0.0024055132449977,0.00208614602477323,0.00197111138284615,0.00184631014144426,0.00171071826035133,0.00156305653229043,0.00140167837160505,0.00122438903258443,0.00102813879225091,0.000808465542070235,0.000558384926559419,0.000464262544900411,0.000455656036569298,0.000446191209715312,0.000435824707755602,0.000424506386965555,0.000412179067263644,0.000398777998776643
-7.4881813727299e-07,-4.51014607761037e-07,-1.57124835355594e-07,0.0029350152123771,0.0184703453921888,0.037929161104025,0.0581539721516326,0.0780917928239987,0.0972705693133338,0.115535787454566,0.132835503508613,0.14915417963851,0.164530252211767,0.179011330225034,0.192638767193597,0.205433065807921,0.217381306748507,0.228428052779968,0.238470767253672,0.247359845653966,0.254902310423574,0.260942694844776,0.265240654702745,0.267651551358861,0.268074179089597,0.266455675591577,0.262803486872872,0.257267226646169,0.249968136346739,0.241180000588992,0.231093199722957,0.220034170022875,0.208302370193265,0.196165520177398,0.183861084119327,0.171597226288892,0.159553110297915,0.147919341174598,0.136759005677139,0.126134257284331,0.116088059790197,0.10672583037926,0.0979510617660108,0.0897513474928222,0.082207770181157,0.0752326869453716,0.0687611280555849,0.0628005743255537,0.0573442893262818,0.0523680726448133,0.0478340297516149,0.0436471946647895,0.0398098595890003,0.0363150515273041,0.0331049125785538,0.0301893798610628,0.0275211099047847,0.025076289729207,0.0228702617288861,0.020838015280681,0.018999692551136,0.0173065452882415,0.0157583251537219,0.0143516314633287,0.0130790488173836,0.0119281462851964,0.0108803472897904,0.00990967365977747,0.00899283890805527,0.00823218503935128,0.00746706844128823,0.00683285412422484,0.00617469932269719,0.00567523899563152,0.0051306738292842,0.00467647871107798,0.00429350595190366,0.00387583944513654,0.00346350085038892,0.00322200429363783,0.00295942932345597,0.00267310006335524,0.00235950716482948,0.00206889144130837,0.00195259732429074,0.00182647134223356,0.00168948690329512,0.0015403607786118,0.00137743957033467,0.0011985164575568,0.00100051955101534,0.000778944331700777,0.00052672001038408,0.00046287890001806,0.000454151914133279,0.000444558377191919,0.000434054605218185,0.000422590142530754,0.000410107512947295,0.00039654169013342
-7.4881458532495e-07,-4.5101617038563e-07,-1.57125471312057e-07,0.00292617373073704,0.0184378078915401,0.0378749818151516,0.0580812647042552,0.0779960562135318,0.0971496001744422,0.115378092965386,0.132636780303808,0.14890477877091,0.16421908154788,0.178625832202578,0.192164916666579,0.204855381461727,0.216682862254335,0.227590474076053,0.237474206376897,0.246182932167019,0.253558509145847,0.259375758517978,0.263470814171097,0.265675824320965,0.265903362490471,0.264095550501618,0.260336169017579,0.254670182553149,0.247303209323234,0.238424258126978,0.228364567872531,0.217347640411828,0.205672179915712,0.193605282007614,0.1813838923898,0.16927083849739,0.157399156210845,0.145896367503824,0.134868425871261,0.1243865211579,0.114483249224774,0.1051604674737,0.0965564176955577,0.0884505885622851,0.0810447079920571,0.0741293015521397,0.06772332662994,0.0618481316776582,0.0564691015909447,0.0515605312477255,0.0471485239343966,0.0430186296335491,0.0392419697317409,0.0357779810417902,0.0326351034868139,0.0297564305086306,0.0271276175167554,0.0247246030793065,0.0225293085159845,0.020543138967665,0.0187193694989284,0.0170423169379301,0.0155333081363963,0.0141548657621206,0.0128891168275209,0.0117426054014548,0.010717505233385,0.00977036380167918,0.00886608195901432,0.00810912241952516,0.00736971745201026,0.00672891589896278,0.0060976078233694,0.0055928994677278,0.00504283680451289,0.00461745380172329,0.00423046905220184,0.00380859938993818,0.00342564183298692,0.0031815150601906,0.00291618625246762,0.00262697206809058,0.00231034872026837,0.00205031089923673,0.00193268177453997,0.00180515623364917,0.00166670612482034,0.00151604532523601,0.00135151485786154,0.00117089711200687,0.00097109921129691,0.000747574943724923,0.000493166425023881,0.000461380051988678,0.000452523204685493,0.000442791071696088,0.000432139655752946,0.000420518209364326,0.000407868992971171,0.000394126743817183
-7.48811526730692e-07,-4.51015237069053e-07,-1.57122408969161e-07,0.00291632008710721,0.0184000060201001,0.0378097234082725,0.0579921250150499,0.0778771605814903,0.0969997125951648,0.115185489063832,0.132391960620989,0.148600523223377,0.163850474782333,0.178178039826002,0.19161719802483,0.204185626293606,0.215870614887405,0.226622207129564,0.23633367649683,0.244868793101177,0.252036510246845,0.257638478174178,0.261513125264486,0.263517156256817,0.263543391282039,0.261569918714855,0.257626284348636,0.251859937634574,0.244397748561113,0.235529296472246,0.225439667907814,0.214452015042291,0.202856030066281,0.190909664425901,0.178840413235262,0.16684604343454,0.155094641402575,0.14372385411064,0.13283919937088,0.122511329648698,0.112772151853964,0.103609727351906,0.0950614799676485,0.0871459103807536,0.0797982552416823,0.0729473350175734,0.0666938988268067,0.0609544908998856,0.0556579340879847,0.0507628550066422,0.0464147751369357,0.0423490069159576,0.0386336558140981,0.0352380791680281,0.0321318418854163,0.0292927089201076,0.0267061485057654,0.0243478404456613,0.0221815083476762,0.0202272704350054,0.0184192213155733,0.0167882952782089,0.0153047990018816,0.0139468444910951,0.0127028151355043,0.0115554856051544,0.0105431753206734,0.00962112950497057,0.0087425088065846,0.00797737705078926,0.00726535077874714,0.00661766459584359,0.00601492448547323,0.00550472323795595,0.00494893584177827,0.00455415452893685,0.00416297211458254,0.00373672737449644,0.00338498337828897,0.00313809185169816,0.0028698813442648,0.00257766373798142,0.00225790369804912,0.00203032004498094,0.00191127947236725,0.00178227966327267,0.00164229211048779,0.00149002918183428,0.0013238278540418,0.00114146132672929,0.000939817295105831,0.000714309030526024,0.000467906759668478,0.000459756962592452,0.000450760250002375,0.000440879011115924,0.000430068956167896,0.000418279075871696,0.000405451408031841,0.000391520512255414
-7.48814014700318e-07,-4.51016383831852e-07,-1.57122201929886e-07,0.00290538565768672,0.0183566777466441,0.0377329331134733,0.0578859343555131,0.0777342804083808,0.0968198681870069,0.114960378672439,0.132106073166643,0.148252853633002,0.16342494068464,0.177658944597783,0.190988518713742,0.203429777650539,0.214968477908641,0.225550325534069,0.235075516645967,0.243397800866104,0.250327334969148,0.255720000169025,0.259367816894298,0.261135661124642,0.260960737277229,0.258811571696409,0.254743524305595,0.248854767057894,0.241347432482004,0.232407639554003,0.222370249192681,0.211448961311237,0.19993301570856,0.18807998226869,0.17611702309916,0.164247348919915,0.152670706794563,0.141470158585822,0.130738124298914,0.120530688843673,0.110939079103374,0.101962258189606,0.0935082473250267,0.0857487805759226,0.0784642145064804,0.0717809184707793,0.0656541069966234,0.0599976303490136,0.0547893672976805,0.0499874248062583,0.045666224111085,0.041665847083385,0.0380041482907803,0.0346603643118281,0.0315965171467827,0.0288104286554555,0.0262583119912029,0.0239447532349984,0.0218283527779504,0.0198893703336997,0.0181203035872473,0.0165232187713451,0.0150602341713058,0.0137242051637071,0.0125033853969115,0.0113803766420027,0.0103568077503393,0.00946147801179893,0.00861017545779835,0.00783653315038635,0.00715360526514313,0.00649875373015748,0.00592635319326501,0.00541042581861596,0.00485063482983322,0.00448635582253487,0.00409079929428189,0.00366002180329904,0.00334136733969113,0.00309157982809929,0.00282036600226533,0.00252503616895457,0.00220204694483458,0.00200883240140085,0.00188830381399164,0.00175775609688138,0.00161616186326322,0.00146223362182558,0.00129430612740915,0.00111014534361685,0.0009066214827783,0.000679108959280209,0.000466290839427436,0.000457999982009544,0.000448852764256985,0.000438811274694249,0.000427830958767936,0.000415860588949037,0.000402842036134199,0.000388709755652557
-7.48815937908156e-07,-4.51012700825778e-07,-1.57122945389781e-07,0.0028932942829546,0.0183075230650069,0.0376440800201737,0.0577619591903061,0.0775664299086429,0.0966088301783953,0.114696937671197,0.131779488094662,0.147850779546249,0.162933379851758,0.177062230818183,0.190269333720697,0.202569189218086,0.213945981328337,0.22434386969814,0.23366150245042,0.241751053144191,0.248467286648381,0.253599290741164,0.257015861869809,0.258575130149801,0.258193914400414,0.255859751275268,0.251628263832838,0.245647264049383,0.238056182287187,0.229151872165384,0.219109167538179,0.208238099134667,0.196819045438835,0.185100495472636,0.173300138669087,0.161605372928541,0.150173111284003,0.13912876604897,0.128564291058611,0.118535168702581,0.109056237820462,0.100199819295121,0.0919527772954649,0.0842547524397238,0.0771124061549198,0.0705860919575949,0.0645421519367693,0.058974504967286,0.0538606315409146,0.0491581027311325,0.0448680297320603,0.0409357227320552,0.0373479468891652,0.0340563690364512,0.0310601830046903,0.0283195064104035,0.0258155507874664,0.0235190702814613,0.0214508969659664,0.0195324486768527,0.0178165684964748,0.0162398787158434,0.0147988575168303,0.0134862589963891,0.0122902023799331,0.011193112764552,0.0101704925357301,0.00929093115226302,0.00846865505957257,0.00768619083616516,0.00703412497597932,0.00637185094869507,0.00583160217533151,0.00530973239741549,0.00478251536294203,0.00441383621212976,0.00401374242690466,0.00357829359488755,0.00329463560284184,0.00304182654563781,0.00276749682482661,0.00246895892924369,0.00214266553342369,0.00198575997860455,0.00186366762901812,0.00173150061635242,0.00158823439390795,0.00143258356710304,0.00126288281273191,0.00107689315383793,0.000871469644592405,0.000641949984842943,0.000464541514175291,0.000456098832408439,0.000446789818951721,0.000436576290337056,0.000425413467965707,0.000413249961032666,0.000400027546981451,0.000385680669618665
-7.48815548483776e-07,-4.51013619915778e-07,-1.57124206294519e-07,0.00287996196161105,0.0182522022567555,0.0375425512597777,0.0576193460899002,0.0773724564872705,0.0963651550777023,0.114393373124676,0.131404233252687,0.147390340187259,0.162372520990455,0.17638396914789,0.189454965883518,0.201598345072811,0.212796681908495,0.222992568415592,0.232083096395552,0.239956211936004,0.246418494813167,0.25131583661424,0.254478873941228,0.255798598184369,0.255204912306657,0.252690877113119,0.248342464678405,0.242256179934578,0.234631080303847,0.225673121467561,0.215686616084145,0.204907674767183,0.193594097199844,0.181994167049523,0.170325363223867,0.158774846788829,0.147501579885584,0.136626593327483,0.126239421575807,0.116401564061286,0.107124081064308,0.0983746971373329,0.0902907995137754,0.0826793178924831,0.075753809019968,0.0693098931181599,0.0633548146495142,0.0578821818116838,0.0528690580445109,0.0482724648610187,0.0440547933172744,0.0401948780492243,0.0366582575374105,0.0334384292523388,0.0304876660134533,0.0277954979740412,0.025342890523502,0.0231002781539546,0.021048090207202,0.0191880262784445,0.0174923069563468,0.0159374809212815,0.0145199449764594,0.0132323463230849,0.0120626656581782,0.0109931488799879,0.00999906478464031,0.00910903404615285,0.00831753534943962,0.00752597405905738,0.00690656700656231,0.00623664481077902,0.0057303884800968,0.00520238305669113,0.00470963034279714,0.00433638126670338,0.00393160509118338,0.0034913707511278,0.00324463206343287,0.00298868431999914,0.00271113836826888,0.00240931323750397,0.00207966232548049,0.00196101406045115,0.00183728416347588,0.00170343007515542,0.00155843211010008,0.00140100921219057,0.0012294984402612,0.00104165850116444,0.000834331992394852,0.000602822492558207,0.000462648523317766,0.000454042588115854,0.000444559829673973,0.000434161830461982,0.000422803644077534,0.000410433787022148,0.000396994034362873,0.000382418935511783
-7.48816431854535e-07,-4.51014196438711e-07,-1.57123911460251e-07,0.002865295998969,0.0181903334503388,0.0374276484300206,0.0574571168692695,0.0771510340118921,0.0960871841723311,0.114047629557056,0.130977784697649,0.14686846292947,0.161738657040699,0.175619726691473,0.188540162807498,0.200511080494833,0.211513413804991,0.221502535678432,0.230380928683653,0.237994972217531,0.24419830025382,0.248824095286194,0.251743121849667,0.252815167348558,0.25201163656056,0.249336966810222,0.244816421435581,0.238636674886656,0.230986804977334,0.222054464760912,0.212109422065163,0.201401822852314,0.190203026446796,0.17875221420339,0.167257291470641,0.155895185041328,0.144811419207811,0.134118852177112,0.123895453526298,0.114181003689703,0.105061626455637,0.0965367198313324,0.0885178646672867,0.0811482974569613,0.0743043893665616,0.0679489776483447,0.0620890559958354,0.0567178977384083,0.0518121311827455,0.047328217893713,0.0431969813811469,0.0394074282857353,0.0359543714773794,0.0327797343688678,0.0298934761272234,0.0272533506928719,0.0248391418716062,0.0226537722073691,0.0206381812819658,0.0188207669802903,0.0171466994188712,0.015615280873346,0.0142228195482583,0.012961850245315,0.0118202117402568,0.0107799696916289,0.00981616040775701,0.00891536506755661,0.00815642654558003,0.00739571792249151,0.00677060820496579,0.00611559164736623,0.00562244315257889,0.00508813875788341,0.00463175936834476,0.00425378759964973,0.00384420718892734,0.00343082815878005,0.00319120493939763,0.00293201294175389,0.00265116630157073,0.00234599546959432,0.00205060681338921,0.00193450613827075,0.00180906821683411,0.00167346447981777,0.00152668240838699,0.00136744782823056,0.00119410294294336,0.00100440706129185,0.000795193344079616,0.000561734267195043,0.000460600955964178,0.000451819664326021,0.000442150550093752,0.000431555016051516,0.00041998801714757,0.000407398068554098,0.000393727060601747,0.000378909785921809
-7.4881623305104e-07,-4.51012351348309e-07,-1.57121820611197e-07,0.00284919461982281,0.0181214904378199,0.0372985828499381,0.0572741617460952,0.0769006537940254,0.0957730327980194,0.113657377005255,0.130497288808551,0.146281685763883,0.161027625544822,0.174764545213555,0.187519073678367,0.199319226459141,0.210133479378421,0.219897767841739,0.228512878453281,0.235861396986782,0.241794110572591,0.246157212591448,0.248795628270671,0.249650359868866,0.248632025147255,0.24574466837231,0.241140303464008,0.234880872751969,0.227160598552318,0.218252868573257,0.208335782692963,0.197734937705681,0.18666924453406,0.175364595728898,0.164028750118859,0.152838419069416,0.141938826029466,0.13144242393662,0.121426649327791,0.111930590830268,0.102950442634029,0.0945777427727733,0.0867502907240517,0.0795167818268505,0.0727607284060908,0.066500259893708,0.0607975542758436,0.0555298658643584,0.0506875479896884,0.046323251858934,0.0423184485062887,0.0386111272239393,0.0352107075459177,0.0321194652430143,0.0292885011140941,0.0267034520791057,0.0243407611425406,0.0221785529803893,0.0202259058462893,0.018429839010575,0.0167789962362623,0.0152965932584619,0.013939492416283,0.0126938590020186,0.0115623278041928,0.010553101629548,0.00962134119143262,0.00873324931086239,0.00798497033404052,0.00725896966179165,0.0066259528039401,0.00600703046493231,0.00550751718597256,0.00496678802898164,0.00454869242640473,0.00416586744069329,0.00375139009319007,0.00337711872057014,0.00313420949478388,0.00287168282391584,0.00258747092161825,0.00227892103141404,0.0020239828276051,0.00190614907556363,0.0017789375132669,0.00164152857853951,0.00149291949285439,0.00133184579167353,0.00115665783669794,0.000965118712615662,0.000754055412659434,0.000518712665875511,0.000458387239423578,0.000449417806777313,0.000439549072628442,0.000428742326985105,0.000416952514958086,0.000404128264671715,0.000390211719526128,0.000375138089894223
-7.48813132015421e-07,-4.51016170394711e-07,-1.57124178307009e-07,0.00283415011583878,0.0180451994431879,0.0371544706372891,0.0570692327899099,0.0766196160704303,0.095420579370187,0.113219996720049,0.129959546623453,0.145626138083857,0.160234787956134,0.173818264300366,0.186426574252555,0.19803385786626,0.208620137387068,0.218128220973567,0.226491355686626,0.233570566196538,0.23922373489578,0.243302736675645,0.245680585887986,0.24627828727906,0.245047145526599,0.24200875090287,0.237252050361082,0.230912888052348,0.223184543085927,0.214257764496094,0.204451398410571,0.193956862296995,0.183024646054837,0.171884637023755,0.16073484903398,0.149741519750865,0.139038466289186,0.128725579551332,0.118866332200145,0.109534246019949,0.100796985416717,0.0925318168262511,0.0849278449660034,0.0777813303023042,0.0711764389242696,0.0651363165680382,0.0595504826421241,0.0543978512494098,0.0496384966447474,0.0452556992440097,0.0414069573332793,0.0377703758622872,0.0344603155484834,0.031421044221322,0.028645449041424,0.0261189239293914,0.023817617710708,0.0217063470876567,0.0197876112299869,0.0180162588835016,0.0164316664409085,0.0149786463327325,0.0136500394454642,0.0124343585211711,0.0113147847355563,0.0103121261590522,0.00941421184484178,0.00856073547206476,0.00780284996008049,0.00711341643333566,0.0064723409859911,0.00589140487987666,0.00538538821719804,0.0048381543468728,0.0044602344642841,0.00407245376894135,0.00365302229050249,0.00331980322054521,0.00307351116335754,0.00280757851733025,0.00251996102921697,0.00220802850192907,0.00199549403620909,0.00187585842087743,0.00174681428162178,0.00160755366778375,0.00145708639282722,0.00129416076347034,0.00111713852262132,0.000923789865788411,0.000710939046767208,0.000473806633293058,0.000455995127115017,0.000446824097143679,0.000436741842118945,0.000425709627826964,0.000413682502555622,0.000400609345286749,0.000386432721857163,0.000371088464510018
-7.48819787240813e-07,-4.51009883907052e-07,-1.57122488782876e-07,0.00281887180979086,0.0179609366745456,0.0370015579459756,0.0568409357290417,0.0763127503817275,0.095027452813111,0.112732567232319,0.129360996289858,0.144897521251991,0.159365837972296,0.172813668515472,0.185228691288491,0.196615998237665,0.206953863047542,0.216235724720135,0.224319390010859,0.231108027350222,0.236454520774678,0.24024824647939,0.242365302916748,0.242706412529777,0.241264385258124,0.238055697822326,0.233155035923262,0.226745111485983,0.219016117758334,0.210144120503587,0.200402386604073,0.190006982218731,0.179211446805575,0.168236297740082,0.157269589526136,0.146466825852693,0.135972878394194,0.125885467547446,0.116262829733872,0.107127634349688,0.098508027832976,0.090509595103401,0.0829916142642023,0.0760233856822865,0.0696260297882749,0.0636953867196943,0.0582256243310515,0.0531951840340098,0.0485635689540844,0.0442674177349656,0.0404637978546703,0.0369221341796687,0.0336697690835934,0.0307124889254553,0.0280055824875297,0.0255305861276545,0.0232624772583775,0.0212186945407229,0.0193225849027835,0.0176231937678196,0.0160654699899208,0.0146410714699864,0.0133427136463246,0.0121587615385914,0.011072218457502,0.0100595030388702,0.0091944324606164,0.00837741462814976,0.00760980133689703,0.00695878512618689,0.00630955828485643,0.00576848220595182,0.00525586793076003,0.00473037136657678,0.0043662105206201,0.00397340600364083,0.00354900549811867,0.00325874234282942,0.00300898906212443,0.0027396026182671,0.00244856811260622,0.00213328397433263,0.0019650539500539,0.00184355401369896,0.001712627062172,0.00157147961212398,0.00141913716178333,0.00125436402336909,0.00107553666396748,0.000880435775253498,0.000665886318948003,0.000461907311297358,0.000453411698204083,0.000444024956539969,0.000433714676574072,0.000422442209671002,0.000410162843723508,0.000396825875724557,0.000382374500732449,0.000366745413006969
-7.48821679975205e-07,-4.51011456346775e-07,-1.57122330622711e-07,0.00280217912279983,0.0178681243181776,0.0368406102174105,0.0565877222271933,0.0759888899797634,0.0945910190851991,0.112191847222476,0.128697693862274,0.144102742948617,0.158442334682617,0.171705627795886,0.183909465599506,0.195074758421462,0.205198836748533,0.214187709302537,0.221988157368209,0.228468571919075,0.233530343988224,0.237018196004171,0.238854964351911,0.238942075858561,0.237291109704733,0.233896097418794,0.228914921150818,0.222444295327176,0.214667653442893,0.205868277385671,0.196187570979762,0.185923748193271,0.175307896971256,0.1645251280784,0.153763344052636,0.143177779274314,0.132890143674094,0.12298687572745,0.113516365131038,0.104625055738084,0.096226509273954,0.0883635966424831,0.0810236077492629,0.0742690690399539,0.0679813721464638,0.0621674422840999,0.0568210269879084,0.0519200813661658,0.0474235405217035,0.0432673602840586,0.0395057690315036,0.0360376908124973,0.0328751744252158,0.0299770639303077,0.0273326795648233,0.0249232810684456,0.0227202181536403,0.0207019801549614,0.0188745558804109,0.01720648573282,0.015677401659141,0.014283410374946,0.0130170969761373,0.0118666783291962,0.0108149845051253,0.00983822151546998,0.00896173212418875,0.00818300584082717,0.00740562505415274,0.00679484693864976,0.00613744571100645,0.00563806297897658,0.00511881010139658,0.00463574768326184,0.00426647143884706,0.00386861615379893,0.00343928105532254,0.00319381005814063,0.00294053990146309,0.00266767996936353,0.00237325076089969,0.00205468547389077,0.00193258012946986,0.00180916176989135,0.00167631272334946,0.00153325707072281,0.00137903924339606,0.00121244289298123,0.00103186255488416,0.000835092716367038,0.000618962362091382,0.000459336746860137,0.000450623368794511,0.000441006170724221,0.000430452805077623,0.000418924841702642,0.000406377976136156,0.000392762125849981,0.000378021351867424,0.000362093495518968
-7.48814408079425e-07,-4.51017555193492e-07,-1.57122125352638e-07,0.00278395653620215,0.0177661273613007,0.036663188419381,0.0563078796284235,0.0756309223095324,0.0941083655552875,0.111594258437535,0.127980138905042,0.143261121437402,0.157425510874569,0.170487171647995,0.182489867243399,0.193440152292471,0.203279183453611,0.212002697429713,0.219494448891764,0.225684113146207,0.230426921884383,0.233615408598257,0.23515685846718,0.234992607496977,0.233134772725053,0.229589939572923,0.224497550538166,0.217972793716553,0.21020365495069,0.201430753963291,0.191855152788671,0.18174851256962,0.171288950277948,0.160687373732829,0.150121462714465,0.13973539327299,0.129641731498093,0.11999478443048,0.110791156181834,0.102036391489609,0.0938617050574576,0.0861574753201791,0.07905597708886,0.0724111123778352,0.0662405500173533,0.060550815015623,0.0553352072750412,0.0505711848284649,0.0462171243620113,0.0422083319407307,0.038513474031313,0.0351378097578007,0.0320457168078348,0.0292282864869024,0.0266500285436613,0.0242881569381756,0.0221498722153619,0.0201867370691065,0.0184051840740991,0.0167656949067815,0.0152670822711633,0.0139069226765687,0.0126728839061412,0.0115578184134178,0.0105427959983911,0.00960382386650007,0.00871592342136005,0.00797729172155307,0.0072397665375307,0.00662142762022886,0.00598875371786167,0.0054999890530959,0.00497411912407739,0.00453533106358123,0.00416090007108827,0.00375801533617511,0.00336374857490377,0.00312489749532998,0.00286808226627902,0.00259176215048028,0.00229399918273925,0.00201458969955939,0.00189799599616869,0.00177261571131678,0.0016378187028157,0.00149284987839949,0.00133677592953206,0.00116840316689726,0.000986147391573479,0.000787819931878868,0.000570256803702028,0.000456562025276596,0.000447615907937336,0.000437752924662245,0.000426940921846697,0.000415141852496736,0.000402312018026858,0.000388402196721047,0.000373357597531558,0.000357117532778596
-7.48814585931561e-07,-4.51012715044674e-07,-1.57121662265252e-07,0.00276407806025439,0.0176542493975513,0.0364680884605722,0.0560079317085397,0.0752364490932248,0.0936103887556769,0.110966594024915,0.12722038351554,0.142335951886146,0.156308916954421,0.169181281224727,0.180976864342387,0.191652350694795,0.201246804583576,0.209659723586545,0.216860814533107,0.222717028569141,0.227140889296929,0.2300287441256,0.231278274390303,0.230865432947454,0.228803019830179,0.225112095906946,0.219903984610382,0.213334246345094,0.205587807082716,0.19684426365521,0.187413556781152,0.1774344015341,0.167133924038911,0.156713237187008,0.146382282415958,0.136245789134792,0.126410058684172,0.116947547673576,0.107905909064401,0.0994436487279757,0.0913967364164738,0.083967230872627,0.0769753559195912,0.0704673402928075,0.0645260409138456,0.0590214668077198,0.0539337578109021,0.0492251221487162,0.0449434808123242,0.0410894532236831,0.0375040095277456,0.0342180719884507,0.0312104696252932,0.0284597000418447,0.0259513325249534,0.0236622864443668,0.0215588452762565,0.0196626431024571,0.0179095606594632,0.0163210287201801,0.0148797000868597,0.0135600886968607,0.0123509804226895,0.0112361463098863,0.0102554672240306,0.00935610157261207,0.00850145241355507,0.00776013129322125,0.0070650619076064,0.00643841828725775,0.00584968842474056,0.00535415225759237,0.00482175883383678,0.00442899566002649,0.004049417882396,0.00364158048054745,0.0032943954241358,0.00305191727253513,0.00279156111569593,0.00251183208804685,0.00221083968297449,0.00197983142279233,0.0018612328542562,0.00173386021142489,0.00159710541913186,0.00145023755203109,0.00129234886888048,0.00112227148012962,0.000938445336213512,0.000738701220858072,0.000519884691154427,0.00045356891549981,0.000444374472649917,0.000434249853791819,0.000423163259608337,0.000411077227081082,0.000397948897888081,0.000383730190432659,0.000368367788085155,0.000351802847836065
-7.4881865230722e-07,-4.51015421958391e-07,-1.5712203742363e-07,0.00274240646200416,0.0175317284571552,0.0362539902044219,0.0556966443202024,0.0748028379766819,0.0930643621543761,0.110287988550341,0.126386462993807,0.141321321597068,0.155108662937412,0.167791177662361,0.179323284725928,0.189771465119279,0.199058726273084,0.20718981104102,0.214049878998644,0.219574173500984,0.223679268958198,0.226265440519981,0.227226601859606,0.226568170721684,0.224303783548759,0.220460692188842,0.21514734944299,0.208541833866834,0.200825964377083,0.192168356945559,0.182840433906308,0.17299404999353,0.162895545728359,0.152717720805558,0.142598550693793,0.132670467099288,0.123030089798914,0.113819674607876,0.105060972472184,0.0967055340303664,0.0889746212067889,0.0816547064815672,0.0748704826548236,0.0686134664358218,0.0628051797342167,0.0574402651444949,0.052498351437717,0.0479410959328627,0.0437084449105943,0.0399102926472295,0.0364791427675674,0.0332705957344464,0.0303508944065059,0.027679411665328,0.0252344097958915,0.0230024048581304,0.0209780530731372,0.019110177964003,0.0174223838027633,0.0158847442348049,0.014477768762867,0.0131941604272632,0.0120225569283672,0.010946568927883,0.00995293123027539,0.00909494385683097,0.00828259528913177,0.0075314732708248,0.0068806067458281,0.00624578654024262,0.00570273604824551,0.00520050338457936,0.00467544040460084,0.00431665377581394,0.00393199181028605,0.00351934105206683,0.00322091840249445,0.00297480807933697,0.00271095251588813,0.00242790866743471,0.00212383893627974,0.00194287062602348,0.0018222321485909,0.00169285242852195,0.00155414881348,0.00140541785453796,0.00124578049876142,0.00107409746452436,0.000888835236378381,0.000687846020694277,0.000467986761615058,0.00045034256398037,0.000440883656630208,0.000430481115050333,0.000419103690746252,0.000406714735769608,0.000393272514298026,0.000378730407017489,0.000363036943941831,0.000346135545377352
-7.48813436873457e-07,-4.51010180072296e-07,-1.57123946897733e-07,0.00271879226850865,0.0174134443278865,0.0360194492916835,0.0553553546066583,0.0743272079961574,0.0924655880537724,0.109544184125792,0.125473011375781,0.140221877412523,0.153841607257909,0.166272964334472,0.177587106582843,0.187741346283587,0.196756944639164,0.204546159074704,0.211094720302995,0.216298284706933,0.220060023863943,0.222332840186874,0.223009423333304,0.222108722023159,0.219645370034133,0.215648982971064,0.210240960426038,0.203608957767574,0.195931627243186,0.187374649157102,0.178148989616852,0.168482246159805,0.158591847700404,0.148611324381217,0.138696816233916,0.12899651326585,0.119649896872295,0.11065933182239,0.102074868487618,0.0940422762705511,0.0864210135272877,0.0793547340665455,0.0727828336151476,0.0666598235725181,0.0609925345438873,0.0557751044541969,0.0509866475523222,0.0465882941465446,0.0425194285225232,0.0386928333092603,0.0354287078555206,0.0323249464458545,0.0294798695770654,0.026882663000874,0.0245149686633037,0.0223491533420282,0.0203668252082747,0.0185683544164923,0.0169286534326689,0.015425526885386,0.0140548197203793,0.0128090905558708,0.0116768331010559,0.0106415101032118,0.00968033292607089,0.00882035333603542,0.0080520335121573,0.00729136935990151,0.0066863529571315,0.00604358757218198,0.00554783497369808,0.00503906125541376,0.00456228064952422,0.00419826284232969,0.00380864114758281,0.00339138547159929,0.00314325018697876,0.00289353946185106,0.00262626839415332,0.00234005117585927,0.00203310778136869,0.00190364594164039,0.00178094792265134,0.00164956489681163,0.00150894297215369,0.00135840930764268,0.00119711632548638,0.00102395561807019,0.000837421878010147,0.000635389872684334,0.000455675405704912,0.000446867538388027,0.00043712755709478,0.000426430481529043,0.000414745844719354,0.000402038092588174,0.000388266932797148,0.000373387580499291,0.00035735083105188,0.000340102835508678
-7.48819242072358e-07,-4.51012590122946e-07,-1.57124413099322e-07,0.00269307304820593,0.0172852039732448,0.0357628887603807,0.0549817852773225,0.073806413761279,0.0918101446982997,0.108730364871888,0.12447620563039,0.139076948807452,0.152458675820961,0.164671766533399,0.17571671392387,0.185604715880869,0.194283356409285,0.20178469096368,0.207996216661235,0.212856724465751,0.216286936214358,0.21823847650828,0.218634598013115,0.21749535193124,0.214836536815623,0.210690406503695,0.205233336339082,0.198581101645889,0.190918526638094,0.182468810454512,0.173352578171059,0.163897309433853,0.15418793271217,0.14440327150418,0.134754505208105,0.125326447530492,0.116178522161846,0.107416544700658,0.0991273618085231,0.091238403181443,0.0838999508664802,0.077024108121791,0.0705872608135609,0.0646065989063814,0.059117169736009,0.0540386756846108,0.0493989517276628,0.0451668965350011,0.0412690651156696,0.0376176944316632,0.0343678780196118,0.0313535509253531,0.0285996732835417,0.0260800799978728,0.0237725905401965,0.0216773215131602,0.019760330021908,0.0180151968014182,0.016410142843084,0.0149435121188409,0.013617634456094,0.0124050086796318,0.0113139044139891,0.0103210142803314,0.0094034114817267,0.00853246136844599,0.00780979993725744,0.00709102633778947,0.00648233984381737,0.0058670844663584,0.00538499137847434,0.00486992153390077,0.00444297178235009,0.0040738324810089,0.00367944420973787,0.00329833264642413,0.00306135407023345,0.0028081166959307,0.00253756108061888,0.0022483633123561,0.00197870697251396,0.00186210841204022,0.00173734942645935,0.00160398818464702,0.00146150271566264,0.00130925358373593,0.00114642691060529,0.000971946698533303,0.000784336614100883,0.000581494138916629,0.000452219789211887,0.000443127900326355,0.000433089870906245,0.000422081464597849,0.000410073269854752,0.000397031147793657,0.000382916619172925,0.000367687154784074,0.000351296283203017,0.000333693395254748
-7.48815284783248e-07,-4.51011431756962e-07,-1.57122552119465e-07,0.00266507190071834,0.0171452939748096,0.0354825900679565,0.0545734544992203,0.0732578863206867,0.091093765171312,0.107848101032456,0.123451542135121,0.137828072173272,0.150982994137858,0.162961477130514,0.173736906140871,0.18331687247087,0.191719247116278,0.198871536692788,0.204735942116615,0.209255382144257,0.212354892015405,0.213990152172449,0.214110337455971,0.21273676144947,0.20988656027729,0.205611157726079,0.200101571602616,0.193442653381263,0.185810930004675,0.177464829260436,0.168516906509476,0.159223650251335,0.149696490763248,0.140181603487219,0.130773002723601,0.121552288778255,0.112669310678529,0.104180490735889,0.0960639822923503,0.0884773329492843,0.081317329451591,0.0745778833079735,0.0684114904628815,0.0626711696622163,0.0573525031194544,0.0524367339178832,0.0478880499443316,0.0436777631760783,0.0399579320179944,0.036488665352039,0.0333009912880445,0.0303741883950398,0.0276990849631962,0.0252613009884093,0.0230383884623213,0.0209979423049159,0.0191458875873115,0.0174355367226087,0.0158998933534791,0.0144950065335365,0.0132100044313635,0.0120338693995556,0.0109508799501485,0.00998527936946841,0.00911291793854615,0.00828602165596989,0.00755604335930803,0.00688527945596558,0.00626870508111049,0.0057029094010921,0.00521428833147854,0.00469326484136835,0.00431751413653892,0.00394343139559652,0.00354454444621422,0.00321585246377901,0.00297522896479952,0.00271858552624459,0.00244492759755415,0.00215299656089759,0.00193694338480687,0.00181822412266588,0.00169142384479572,0.00155613357255288,0.0014118660834243,0.00125801759023169,0.00109380940618239,0.000918198525352317,0.000729737277755803,0.000526344892999082,0.000448500515384242,0.000439107283878283,0.000428754007554134,0.00041741746298459,0.000405069617753857,0.000391678116351423,0.000377206713311568,0.000361615604867869,0.00034486156489828,0.000326897770348658
-7.48822569815269e-07,-4.51015736082808e-07,-1.57120736125893e-07,0.00263459683041126,0.0169927709079561,0.0351766831774064,0.0541276623880937,0.0726833381494182,0.0903516430094256,0.106941039461093,0.122334489588089,0.136472101223025,0.14943181805863,0.161127607372499,0.171636190140956,0.18093234741249,0.188992228438284,0.195799909776699,0.201320734647225,0.205501503293575,0.208271621716462,0.209596008979479,0.20944527182297,0.207842149628725,0.204805292319299,0.200430798356211,0.194858308029633,0.18820271264632,0.180637199976254,0.172376813963646,0.163604005068531,0.154474613445978,0.145183835742119,0.135906386802375,0.126707938554579,0.117766615225323,0.109145872088205,0.100848248212436,0.0930502705879257,0.0856338016192898,0.0786930963516264,0.0722533844147606,0.0662391121953311,0.0606575372318099,0.055503689816921,0.0507582998747434,0.046385089031209,0.0423272176793751,0.0385872598866306,0.0353065384831323,0.0322177238104507,0.0293929400951688,0.0268082791179987,0.0244459420474705,0.0222794623872651,0.0203204663920373,0.0185103467339493,0.0168840104889311,0.0153907757272937,0.0140263271123778,0.0127832888542175,0.0116505084838515,0.010612144089677,0.00964647359839591,0.00880910583268889,0.00803000075239346,0.00729104067360989,0.00666971268227341,0.00604569473784601,0.00553072066397092,0.00503589426753155,0.00454183252148046,0.00418596715413678,0.0038071937594362,0.00340415563150928,0.00312907235160533,0.00288491424549107,0.00262503658344433,0.00234851319151676,0.00205415261710241,0.00189280266505782,0.00177197696834263,0.00164317903304879,0.00150603561168386,0.00136009653620485,0.00120479516469498,0.00103938852588404,0.000862866062177074,0.000673807242403118,0.000470150915691413,0.000444501184876351,0.000434789017346402,0.000424103237057417,0.000412421951401874,0.000399718871884376,0.000385963850289022,0.000371123346915032,0.000355160796781612,0.000338036771013811,0.000319708807318874
-7.48810698356042e-07,-4.51018971666956e-07,-1.57122251453705e-07,0.00260143934013064,0.0168266102370119,0.0348761056424943,0.0536449805952717,0.0720568360106222,0.0895588373213447,0.105952728793268,0.121118095982429,0.135077795594468,0.147745446937485,0.159213658511082,0.169421202022272,0.178385288884917,0.186122337031391,0.19259770116074,0.197761618457418,0.201602572684908,0.204045180517681,0.20506458857708,0.204648506500062,0.202821264744781,0.199607416338516,0.195142272915003,0.189518252919661,0.182876056504964,0.175385417025109,0.167218921169516,0.158626103611604,0.149663401501609,0.140635753466718,0.131565767727311,0.122635394744831,0.113961224917453,0.10553523431174,0.0975748891208111,0.0899369474791558,0.0828080856573817,0.0761074544567139,0.0698217992612601,0.0639683967221324,0.0585538900077771,0.0535727409568576,0.0490051806340449,0.0448145159508847,0.0409435719902253,0.0373098995894877,0.0340727098222555,0.0311253041112874,0.0283945175727651,0.0258953248023217,0.0236123006463121,0.0215373030286955,0.0196232121917289,0.0178990772488355,0.0163117929321039,0.014859349946012,0.0135372620996104,0.0123380038001152,0.0112502982359117,0.0102582048385084,0.00933992014273413,0.00849238558472696,0.00776248318775062,0.00703866330849855,0.00644455760957944,0.0058220168450622,0.00535067490793619,0.00485007037764428,0.00440921418732154,0.00404845604263536,0.0036653247304871,0.00327088287606083,0.00303802550744325,0.00279049437496879,0.00252760919506279,0.00224851409176751,0.00196161405238587,0.00184626549918051,0.0017233714609487,0.00159264615622889,0.00145375444891514,0.0013062847775762,0.00114970818376281,0.000983316777687419,0.000806130646563073,0.00061675359850064,0.000449283044056575,0.000440205063317161,0.000430156265301425,0.000419120874273224,0.000407078697820719,0.000394005615605732,0.000379874155686516,0.000364654002955063,0.000348312390198916,0.000330814265886473,0.000312122114859329
-7.48812870398667e-07,-4.51012158525824e-07,-1.57124172663385e-07,0.00256537288776015,0.0166456999998455,0.0345491004036292,0.0531610384114128,0.0713743285917173,0.0886954623172277,0.104876965628588,0.119858718877498,0.133562258084341,0.146004610774744,0.157156133141478,0.167075595923686,0.17574584560683,0.183149864025517,0.189273430721954,0.194085143234626,0.197566368784841,0.199684003537815,0.200404883451579,0.199729667986519,0.197684443882274,0.194329352477044,0.1897603821768,0.18409628544554,0.177477588810068,0.170070443938981,0.162028442807651,0.153597110238764,0.144861607103787,0.136038314699734,0.127195485500019,0.118557477445141,0.110083442706106,0.102000319419013,0.0941944909963936,0.0868931433319708,0.0799529564731335,0.0734101155831284,0.0673959664647847,0.0617864604094925,0.0565781758718798,0.0517539719023857,0.0472804988171868,0.0431786643873554,0.0395009641768799,0.0360644225543155,0.0327892254243816,0.0300430970697294,0.0274037170363679,0.0249944682230693,0.0227937262674731,0.0207705674836372,0.0189469696969725,0.0172622211905982,0.015729457912337,0.0143414154279373,0.0130703507611235,0.0119055390205429,0.0108338894768354,0.00988959170849381,0.00902016149316299,0.00819626048205847,0.00748386830722422,0.00681149143931138,0.00621016380470472,0.00564042606163142,0.00516302229229069,0.00465717634826352,0.00427051028290029,0.00390517760490327,0.00351810470399147,0.00317916417272659,0.00294279035222486,0.00269210292487379,0.00242649434876087,0.00214517898897297,0.00191482195574069,0.00179733310854504,0.00167243544663988,0.00153988212939729,0.00139937777411464,0.00125055001718879,0.00109290696142679,0.000925773867511744,0.00074819832137009,0.000558804411931269,0.000445013705293048,0.0004355952293007,0.000425192204072707,0.000413790495782634,0.000401372035309214,0.000387915341219373,0.000373396143847971,0.00035778791598632,0.000341062275688047,0.000323189145730361,0.000304136539048034
-7.48814383422651e-07,-4.51013345713395e-07,-1.57121550240184e-07,0.00252615175818597,0.0164488344076674,0.0341931405292242,0.0526342205235898,0.0706350392252444,0.0877560574086322,0.103758954628883,0.118510319641542,0.13196178725377,0.144128627533887,0.155026138749236,0.164634386487313,0.172968371514233,0.180030264745716,0.185807501696738,0.190271645052582,0.19340100979647,0.195196951371005,0.195626377412458,0.194698938101912,0.192442639361818,0.188957263859949,0.184300078787244,0.178607392179488,0.172022261728901,0.164707119135225,0.156811875553277,0.148530698639694,0.140029442366339,0.131403606979329,0.122858266502358,0.114429656144885,0.106268718445379,0.0983876604544257,0.0909105181313882,0.083760321909841,0.077094987351322,0.0708492217531782,0.0650061872650425,0.0595736745785948,0.0545476810883601,0.0499105804078073,0.0456286531886623,0.0416487375966564,0.0380020192924381,0.0347680821258729,0.0316644771094576,0.0289536175460042,0.0264119646724002,0.0240862907633998,0.021953251301513,0.0200278937127146,0.0182440790104463,0.0166402937538185,0.0151711888446881,0.0138277642581813,0.0126026766401491,0.011485083038361,0.0104597789522788,0.0095070304054076,0.00868775840234566,0.00791503055680334,0.0071947037408321,0.00657486501526927,0.00596700563937365,0.00545105957654476,0.00496811269739075,0.00447518958254592,0.00412590937476508,0.00375640483765781,0.00336589184162794,0.00308317819764752,0.00284349477884692,0.00258992577537645,0.002321936481873,0.00203880915270536,0.00186560005338187,0.00174603005210998,0.00161922263881674,0.00148497167394479,0.00134302221068071,0.00119304051935287,0.0010345698034866,0.000866965173993142,0.000689297226547651,0.000500205127030468,0.000440431786402235,0.00043065473910599,0.000419880233171186,0.000408096198859756,0.00039528716182322,0.000381434809038615,0.000366518641328801,0.000350516516148995,0.00033340504685653,0.000315159724952486,0.000295754633958213
-7.48817931862723e-07,-4.5101216574798e-07,-1.57124520501422e-07,0.00248756169871631,0.0162477123965098,0.0338058953480858,0.0520611212121727,0.0698908140062836,0.0868045450406684,0.102573000146848,0.117050750581836,0.13028281983156,0.142176381902121,0.152754633577648,0.16203946008231,0.170044043917175,0.176770376633144,0.182207275692976,0.186329107345191,0.189114990296421,0.19059334533208,0.190739074768546,0.189567075793927,0.187122294054214,0.183503247498602,0.178776399010559,0.173066584693705,0.166524980421458,0.159310150004717,0.151568148515693,0.143440184942755,0.135174901414739,0.126779247039475,0.118491316193236,0.110315060088191,0.102423644573894,0.0948148147417608,0.0875480724676526,0.0807210913459388,0.074258292888957,0.068186631223419,0.0625236036712403,0.0572763198107,0.0524401918709317,0.047997138464454,0.043913142489798,0.0401349121102998,0.03658522092011,0.0334235488674575,0.0305309579055536,0.0278595683380723,0.0254109900483454,0.0231770488105805,0.0211407559081831,0.0192616222095423,0.0175718129687923,0.0160161044813189,0.0145921119592603,0.0132951489860183,0.0121177248367956,0.0110488936288798,0.010073396249414,0.00917049688031062,0.00834344906773382,0.00762298249824675,0.00691089147670547,0.00632924686527531,0.00571657370331686,0.00525425751239207,0.00476639979331217,0.00432936593336943,0.00397567710674456,0.00360248985973255,0.00321273012591292,0.00298304717874551,0.0027403195927082,0.00248420318250417,0.00221423384545538,0.00192975683570014,0.00181396961719752,0.00169240684425047,0.00156381480565343,0.00142802886299137,0.0012848340297766,0.00113393330043948,0.00097490162583344,0.000807119258313814,0.000629674089125325,0.000444670546441391,0.000435520251095752,0.000425366844398473,0.000414204238801872,0.000402022904532909,0.000388810495750182,0.000374552441358708,0.000359232619638892,0.000342833896220487,0.000325338486237107,0.00030672801334888,0.000286983116270211
-7.4881681373142e-07,-4.51017735046299e-07,-1.57125620445239e-07,0.00245178931713705,0.0160455814700258,0.033384845318397,0.0514380632618536,0.0690819698759899,0.085775479978276,0.101285367376466,0.1155639520235,0.128481967477953,0.140099928245814,0.150395915653013,0.159371605443794,0.167039679495445,0.173402142966328,0.178480394750168,0.182265864887745,0.184717207949075,0.185882991801031,0.18575351734663,0.184345425246546,0.181744214315325,0.177980013969853,0.173204376530835,0.167488800273204,0.161000492273238,0.153893992472045,0.14631132012191,0.138382689480417,0.130310199870576,0.122188023773613,0.114104550680267,0.106242116681433,0.0985531280268484,0.0912495790672525,0.0842574907085431,0.0776014194069341,0.0713976423457352,0.0655983670869541,0.0601823008314208,0.0551471151741286,0.0504773647285168,0.046142219758964,0.0421380111341246,0.0385667342874782,0.035227439436225,0.0320342077083141,0.02935639159225,0.026782622284583,0.0244317340766368,0.0222834677572262,0.0203083330414314,0.0185262783526438,0.0168806138310241,0.0153826702787943,0.0140256989917937,0.0127831176423469,0.0116444666042055,0.0105980552689549,0.00967362358916181,0.00882273387790764,0.00801761077701242,0.00732080593765635,0.00666298314080529,0.00607523075869946,0.00551801847124333,0.00505046538463079,0.00455844240309552,0.00417777993388746,0.0038201595013879,0.0034438647544077,0.00311183945819161,0.00287894678680311,0.00263350082535739,0.00237523039383123,0.00210373720023948,0.00187672357389935,0.00175997794236405,0.00163654226753816,0.00150632343621809,0.00136919795720025,0.00122498898594022,0.00107343289660575,0.000914131583967306,0.000746484439116692,0.000569589911314263,0.000439793449707652,0.000430262219399043,0.000419715234044262,0.000408148882642502,0.000395556709008797,0.000381930074419471,0.000367258767775001,0.000351531682596648,0.000334737311560865,0.000316864060209421,0.000297900185850281,0.000277833269408613
-7.48818689199552e-07,-4.51016639917702e-07,-1.57121942295729e-07,0.00241291107414684,0.0158259183811023,0.032967408671091,0.050807903465682,0.0682034412639418,0.0846582976126828,0.0999651390438074,0.113952007273217,0.126631006253127,0.137947151805034,0.147921397690535,0.156570860200844,0.163906116996127,0.169928827448797,0.174634805601191,0.178090626084304,0.180216980238678,0.181076194567114,0.180680788468357,0.179064848209993,0.176300706890364,0.172430309125651,0.167598939232217,0.161888787134633,0.155463262227001,0.148472718560218,0.141054957588573,0.133335933966674,0.125446808896982,0.117595843111542,0.109774886160383,0.102149463727574,0.094782377118534,0.0876648738144058,0.0809476960751434,0.074598673830806,0.0686103971698141,0.0630015602315122,0.0577806169218857,0.0529446572777534,0.0484778122145757,0.0443490189926851,0.0405088801498137,0.0369483970108717,0.0338235880672779,0.0308268803788952,0.028143875493283,0.0257129932296968,0.0234531915744011,0.0213790238531218,0.0195043602514089,0.0177679640231496,0.0162092840597419,0.0147781355133143,0.0134698068288925,0.0122769673330205,0.0111890646362852,0.0101915136957428,0.00926457249488143,0.00846365762425759,0.00771248572324519,0.00700934832585658,0.00640644974387522,0.00581354243874623,0.00531229411134611,0.00484023598878711,0.00436430096767873,0.00402077133651571,0.0036597841977714,0.00328103996562187,0.00300689366356188,0.00277110870511927,0.00252333062915681,0.0022633566242366,0.00199084668690924,0.00182240837651967,0.00170370075171677,0.00157854515565985,0.00144689072621862,0.0013086534131064,0.0011636912283513,0.00101176910278551,0.000852509723776664,0.000685324521956783,0.000509315026698184,0.000434571183400331,0.000424641209933735,0.00041368433324618,0.000401699952957911,0.000388685272789866,0.000374635988850876,0.000359546901094097,0.000343412553288015,0.000326227677522579,0.000307987392780218,0.000288687005274621,0.000268321278807419
-7.4882159933734e-07,-4.51013231398155e-07,-1.57124097534404e-07,0.00237066426651688,0.0155872862400117,0.0325225474096098,0.0501390307432901,0.0672977821071356,0.0835251669576122,0.0985549808093328,0.112283414828978,0.124641253999301,0.135659488843881,0.145321573084505,0.153633265790811,0.1606437097671,0.166334607866946,0.170697948782148,0.173812485462772,0.17562405003908,0.176185274533947,0.175542502872641,0.173736758216398,0.170804708697343,0.16685444178008,0.161974790579083,0.156280975623075,0.149927335982126,0.143059873889592,0.135811991155254,0.128305187659448,0.120649741744749,0.113012355142937,0.105485587423121,0.0980910578379475,0.0909851477639712,0.0841841133192685,0.0776855983039383,0.0715258649945805,0.0657725347943628,0.0604063036081357,0.0553959977017964,0.050728423435223,0.04641667644936,0.0424995319190399,0.038873862129442,0.0354678173201231,0.0323777352818966,0.0296021830485718,0.0268971251622781,0.024646537038259,0.0224744783367103,0.0205054836368988,0.0186900569578243,0.017047915910204,0.0155373065631769,0.0141554458557659,0.0128974314420089,0.0117557956789287,0.0107199132659252,0.00977519838860534,0.00890198265012681,0.00809435959040393,0.00739780242018322,0.00671203075628295,0.00614201013147012,0.00555395782197135,0.00509994700810576,0.00462422808395223,0.00420592288385293,0.00385876305790844,0.00349505922665892,0.00312510027894326,0.00289811987966962,0.00265982179680916,0.00241015650440234,0.0021489821528852,0.00188011138135921,0.00176576568273632,0.00164524412070728,0.00151855553465449,0.00138568973015044,0.00124659891106961,0.00110117114856676,0.000949193707163887,0.000790302747371818,0.00062391382588339,0.000449123717231759,0.000428987116045711,0.000418641429001169,0.000407259640218651,0.000394844749903165,0.000381398260227818,0.000366920867156437,0.000351413035749208,0.000334875591337324,0.000317310059795597,0.000298718711959265,0.000279104176322375,0.000258468469675137
-7.4881632797269e-07,-4.51012941497555e-07,-1.57124756363177e-07,0.00232476437422203,0.0153281338268248,0.0320395443379264,0.0494130440662629,0.0663477745932755,0.0823092982519774,0.0970602203588375,0.110517009069193,0.122610019477223,0.133318695234466,0.142656933830445,0.150637045194754,0.157267221055937,0.162627573210926,0.16666172597544,0.169440925439156,0.170948579642081,0.171239284310777,0.170361514446579,0.168358589702719,0.165269634860278,0.161252373432935,0.156346277044645,0.150679337374017,0.144406935725665,0.13766832730573,0.130594562414504,0.123301755170159,0.115895467296321,0.108470596464256,0.101206188416933,0.0941165429251865,0.0872388359020134,0.0806621360711137,0.0744596524017457,0.0685874268351276,0.0630656305864721,0.0579042909935472,0.0531023395804715,0.0486462012236361,0.0445077508015699,0.0406413574578558,0.0371922388449803,0.0340072198492494,0.0309442977807645,0.0283421614985052,0.0257792331880424,0.0235964355555101,0.021528111720784,0.0196284879388556,0.0179012173187064,0.0163079657566183,0.014872408838846,0.0135599110223114,0.0123592742330506,0.0112603009576033,0.0102490173550828,0.0093475693044391,0.0085288494919583,0.00775621380610087,0.00707455827857758,0.00644504415805358,0.00587051535655704,0.00533965955253601,0.00488163201509974,0.00440320151247857,0.00404240827245585,0.00369226033730419,0.00332656904772664,0.0030154800776782,0.00278580340821273,0.00254543159326045,0.00229437865025412,0.00203255348587281,0.00182315291217315,0.00170689867168121,0.0015847457571734,0.00145674490374004,0.00132292352647564,0.00118326532955385,0.00103768220391857,0.000885976293259304,0.00072778902822121,0.000562531738850837,0.000432751007388154,0.000423025264290044,0.000412248106174262,0.000400428108158924,0.000387572521950421,0.000373687819974346,0.000358780371446596,0.000342856964987147,0.00032592529022209,0.000307994131154853,0.000289073218732557,0.000269172603364714,0.000248301407485966
-7.48816312123711e-07,-4.51016055398406e-07,-1.57121613244966e-07,0.00227490345927599,0.0150624683239392,0.0315153466716245,0.0486486382559559,0.0653176575751817,0.0810140760189254,0.0955231526798406,0.108674775956694,0.1204444830238,0.130836704321236,0.139859007814748,0.147519223761159,0.153822956878279,0.158816106836707,0.1625303726721,0.164985807176238,0.16620113295797,0.166232896576783,0.165131733745598,0.162943319866435,0.159746957489525,0.155638214994463,0.150727243779528,0.145098423269073,0.138944200992914,0.132336733552527,0.125413868644287,0.118335888515098,0.111176836544083,0.104026623573252,0.0969649703227671,0.0901460268862419,0.0835704794314524,0.0772630162119304,0.0712615880149039,0.0655949829107651,0.060282531396673,0.0553335458609196,0.0507464158583875,0.0465072446306496,0.0425878510199103,0.0389428508349155,0.0355053258699373,0.0325081354620281,0.0296719758405323,0.0270511175903436,0.0247170075049586,0.0225699747004797,0.0205830595373849,0.0187703019176562,0.0171119505719657,0.0156069919625051,0.0142268897050907,0.0129667110177384,0.0118191352805977,0.0107739063037344,0.00981707446647918,0.00892991502030269,0.00814643813985602,0.00742971520636245,0.00674390164515312,0.00617077234379997,0.00559294164762677,0.0051192101034048,0.00465810801872054,0.00421210942595885,0.00387425908851424,0.00352184712666099,0.00315496768930127,0.00290222660820154,0.00267028746491023,0.00242833787610389,0.00217644529016903,0.00191455661001759,0.00176392722849684,0.00164594254201537,0.00152237541867953,0.00139331555593601,0.00125882330826395,0.00111890765356851,0.000973496752964644,0.000822399233837734,0.000665253082461051,0.000501457032799618,0.000426834035840548,0.000416670606316667,0.000405447869715922,0.000393178584061181,0.000379874940903801,0.000365549080745653,0.000350213725583513,0.000333882596092881,0.000316570747223662,0.000298294562491792,0.000279071367222538,0.000258918518016612,0.000237851850637284
-7.48818055543866e-07,-4.51016133517486e-07,-1.57125009428226e-07,0.0022207482579416,0.0147995992189,0.0310020094660015,0.0478746666985467,0.0642671337199443,0.0796972620728442,0.093866897580312,0.106747889523894,0.118225467861701,0.128295668803051,0.136965286240016,0.144284200783022,0.150271152033921,0.154908878835586,0.158313458474861,0.160457350003601,0.161392645131841,0.161177815920737,0.159865671797227,0.157504282371149,0.15421961594171,0.150049781197408,0.145130880621405,0.139577535951041,0.133525291353368,0.127066349881851,0.12032467666467,0.113416632152887,0.10650175355959,0.0996201229699393,0.0928462009690959,0.0862446214048397,0.0798921223209892,0.0738693990209326,0.0681458177155728,0.0627433192722477,0.057673749485288,0.0529380685008758,0.0485251123950099,0.0444097290767246,0.0406226627000455,0.037202107280628,0.0339913931254865,0.0309760174886125,0.0283675643128788,0.0257510632373114,0.0236282869364758,0.0215526463102092,0.019655074887165,0.0179281488824168,0.0163466790012982,0.0148940481698207,0.0135723957462432,0.0123709603277598,0.0112682167146577,0.01027664682054,0.00937497488578995,0.00854365025378781,0.00775783193108663,0.00709552962017327,0.00644815134159384,0.00589019085771079,0.00533877561355274,0.00489336662999733,0.00443022965267881,0.00404245248550439,0.00370205818318087,0.00334817952148618,0.00300992128610447,0.00278568035506928,0.00255197101152073,0.00230899022698699,0.0020568460833236,0.00181669611271317,0.00170256680890457,0.00158306509011628,0.00145833438852004,0.00132849879632549,0.00119364540167015,0.0010538008546374,0.000908901048017109,0.00075875210210893,0.000602979767475416,0.000440962219516839,0.000420525499413449,0.000409909461424488,0.000398229171857513,0.000385502273175285,0.00037174660751189,0.000356980688131381,0.000341224232454105,0.000324498427204265,0.000306826073238789,0.000288231325792248,0.000268739021198712,0.000248373457264779,0.000227156525110861
-7.48816079670243e-07,-4.5101581389492e-07,-1.57122950929478e-07,0.00216535035711296,0.0145143846462747,0.030453015088448,0.0470357771836335,0.0631602088818994,0.0782719022728738,0.0921993020222501,0.104746580821233,0.115899368698307,0.125652271498418,0.13400549594497,0.140962137335166,0.146620250573973,0.150932067425747,0.154020869344853,0.155866098996197,0.156534379401581,0.15608606860004,0.154576143512363,0.152068170534806,0.148695861281282,0.144499214432025,0.139569560768404,0.134105270614471,0.128161923845902,0.121855979490067,0.115306342009542,0.108619587792925,0.101890648342082,0.095256223598596,0.0887593967874445,0.0824452587612519,0.0763632587133378,0.07055341831473,0.0650463750448989,0.0598632264907803,0.0550151208174611,0.0505025156163661,0.0463139901081003,0.0424244317255792,0.0387923028390935,0.035425683620401,0.0324431941134216,0.0295798576976522,0.0270359380404088,0.0246520476914001,0.0225171622828412,0.0205545004457006,0.0187539625086203,0.0170944749154385,0.0155879607213859,0.0142158326763818,0.0129600287535916,0.0118133629357651,0.0107659199851127,0.0098043396071677,0.00892442525919995,0.00814922692569005,0.00742039178144238,0.0067549463529302,0.00616479175490303,0.00560439274855965,0.00511079952024422,0.00466298527317814,0.00419893510230198,0.00386860604981383,0.0035264630525272,0.00317197624344102,0.00289244461648453,0.00266623897652537,0.00243130452241406,0.00218788155631246,0.00193610368708171,0.00175498718712965,0.00163923722465732,0.0015184663194141,0.00139285381400889,0.00126255203874105,0.00112766717568263,0.000988234881883905,0.000844189574217866,0.000695325745581312,0.00054124846834971,0.000423804538599221,0.000413811433893709,0.000402729914372828,0.000390582765026192,0.000377393247377142,0.000363185581620613,0.000347985327238181,0.00033181976747289,0.000314717980326828,0.000296710719296234,0.000277829868791418,0.000258107447379644,0.000237574054746662,0.000216256709066892
-7.48819983804613e-07,-4.51015636963828e-07,-1.57124551080311e-07,0.00211723631135206,0.0142050212093625,0.0298578944102118,0.0461589224715734,0.0619741511066053,0.0768339318475271,0.0903968917911104,0.102654292873669,0.113486388446562,0.122886811358025,0.130932738112096,0.137579615455202,0.142878927850129,0.1468894398208,0.149662773295915,0.151222880556048,0.151637871194593,0.15096993358832,0.149276184173694,0.146660967865891,0.143189563092967,0.138979142362923,0.134073742249225,0.1286931142445,0.122864637688479,0.116715106046795,0.11035821319873,0.103895270542781,0.0974158908151527,0.0909986202329096,0.0847115027497935,0.0786641584397999,0.0728548999854272,0.0673125060618998,0.0620610047491877,0.0571143315531407,0.0524756927609746,0.0481364907254962,0.0440746304444998,0.0403998741858535,0.0369975392812871,0.0337924363710802,0.0308668250691271,0.0282348722205432,0.0256824914069409,0.0235297600050764,0.0213881529436919,0.0195896349457632,0.0178572939503715,0.0162930995689745,0.0148541360622201,0.0135370466384704,0.0123366833879906,0.0112457531456561,0.0102543239766915,0.00934912364613121,0.00851251041188954,0.00774823532898364,0.00707628808202249,0.00641879514750209,0.00587599260875345,0.00531457231652507,0.00487810556270914,0.00442900927434168,0.00402271536878044,0.00369122823646351,0.00334819653451459,0.00299400637788847,0.00277198024442038,0.00254435330354764,0.00230878366275515,0.00206553972209152,0.00181476380002072,0.00169126268034156,0.00157413689533914,0.00145237692474385,0.00132619192466502,0.00119575479582765,0.00106118204383415,0.000922508937913354,0.000779659009846776,0.000632406304750208,0.000480327556378659,0.000417145732279815,0.000406679567438902,0.000395122272387312,0.000382502196810921,0.000368848975728962,0.000354193913690007,0.000338570225714799,0.000322013228470668,0.00030456014066205,0.000286249672692706,0.000267121144380631,0.000247213140959486,0.000226561653047942,0.000205197636113339
-7.48819298684241e-07,-4.51013903089522e-07,-1.57125195254157e-07,0.0020649961570222,0.0138885432553305,0.0292566271243017,0.0452706992690032,0.0607910039161375,0.0752995337529979,0.0885957454655815,0.100510701721003,0.111017501599017,0.120100922549862,0.127754671344954,0.134102893626996,0.139056059567525,0.142777853179949,0.145249574429074,0.146538745976503,0.146714859635821,0.145841860281767,0.143978952188947,0.141270687955302,0.137714897411458,0.133503263862803,0.128656338962897,0.123351320798787,0.117642633443548,0.111651777049658,0.105487096771902,0.0992445072143367,0.0930081753716172,0.0868511429398149,0.0808358696352918,0.0750146778874725,0.0694300754472604,0.0641149262986938,0.0590924307435119,0.054375860900277,0.0499679751100291,0.045859996560194,0.0420299757055562,0.0384402364351092,0.0351729815950999,0.032200031153935,0.0293395107845338,0.0268670469749921,0.0244640527889465,0.0223887377741054,0.0202866868769861,0.0186374535957687,0.017001022478998,0.0154924471990075,0.0141298267744982,0.012884389921871,0.0117448591278733,0.0107016393748877,0.00974192424374834,0.00888698559451378,0.00810737555575793,0.00737356133294557,0.00672694100874653,0.00612723762770142,0.00558295487428093,0.00507718789316406,0.00464164094101845,0.00419245330118141,0.00384370509601838,0.00351104516840431,0.00316803465150021,0.00286992966811057,0.00264897874793843,0.00242052118133874,0.00218494098329518,0.00194251755927927,0.00173946488805169,0.00162571909767804,0.00150749572544487,0.00138505562040496,0.00125863007303297,0.00112840368086903,0.000994493697449471,0.000856925331125111,0.000715602086647277,0.00057026947552331,0.00042046937520745,0.000410070303081586,0.000399119781865348,0.000387079565297343,0.000373984346022488,0.000359870864788808,0.00034477816418643,0.000328747622099622,0.000311822893094393,0.00029404938604774,0.000275473513594487,0.000256141449260836,0.000236097452103232,0.000215381715876409,0.000194027718760419
-7.48817092559793e-07,-4.51013038672715e-07,-1.57124772723365e-07,0.00200828528499019,0.0135783428749588,0.0286383507022819,0.0443092905530516,0.0595113858230761,0.0737338431294305,0.0866628782588386,0.0982497003910565,0.10843066477755,0.117206506854019,0.124554941623585,0.130540549778298,0.135194557377342,0.138607308099743,0.140791855650244,0.141824903035965,0.141777206518037,0.140714373837266,0.138717720425571,0.135910468999383,0.132321961611856,0.128084975415537,0.12331177774879,0.118088748140968,0.112503615024712,0.106672450853469,0.100698124920645,0.0946710335153425,0.0886697787118979,0.0827617748165098,0.0770037616578098,0.071442200808053,0.0661135253354178,0.061044204464272,0.0562505700944529,0.0517383288652565,0.0475016447485041,0.0435489626736941,0.0399529292356856,0.0365974251806939,0.0334262307702295,0.0305849476681198,0.0279584219260657,0.0254822504763198,0.0233119570496312,0.0212338908441962,0.0193658670437847,0.0177134831541615,0.0161560030973188,0.0147360798393107,0.0134344773891991,0.0122460239158407,0.0111635649090292,0.0101775080786863,0.00927516336764077,0.00843975597295703,0.00769710092345401,0.00702072718968755,0.00637387570884038,0.0058312270044231,0.00528696459683728,0.00483843362955389,0.00440242795070657,0.00398497186759237,0.00366175683894737,0.0033288389614545,0.00298679199910566,0.00274591918982278,0.00252393951141305,0.00229527927044148,0.00206033592780251,0.00181938170366763,0.00167353846110262,0.00155858517642633,0.00143957255210838,0.00131678526745378,0.00119046777491045,0.00106080660781961,0.000927909846793077,0.000791783189216859,0.0006523016549728,0.000509175271262908,0.000412888183573685,0.000402567724505351,0.00039112460687966,0.00037859808531496,0.000365029962816655,0.000350464781471676,0.000334949874383602,0.000318535142151369,0.000301272673501185,0.000283215863329638,0.000264418282035626,0.000244932082509161,0.000224806016841192,0.0002040830602929,0.000182797628893511
-7.48816479708759e-07,-4.51014451178889e-07,-1.57124081728881e-07,0.00194673159504058,0.0132421679394277,0.0279689078342752,0.0433460858960111,0.0582261977370161,0.0720905322814054,0.0847284122238134,0.0959831953267058,0.105815374222865,0.114211046386599,0.121266213627813,0.126901274920623,0.131278134638461,0.134387937740796,0.136300310076124,0.137092636155976,0.136836803893332,0.135599968964529,0.133493589485794,0.130593230068438,0.126985042280583,0.122752077184121,0.118048517586593,0.112912698232773,0.107453633963749,0.101786706892958,0.0960270198294654,0.0902208932185282,0.0844459641803531,0.0787686210387847,0.0732445638374676,0.0679192485422322,0.0628281852278575,0.0579970515628744,0.0534415691464025,0.0491670674617751,0.0451676221068556,0.0414245866937168,0.0379042145952846,0.0347313949010497,0.0317952505531258,0.0289643062479276,0.0265593861613647,0.0241643492079631,0.0221452239422414,0.0200704112145702,0.0184315572826399,0.0168220166064029,0.0153379545436148,0.0139762168337132,0.0127466016632917,0.0116198247777182,0.0105865971470582,0.00964815595685563,0.00880317382726495,0.00802538934358248,0.00729286364102012,0.00666392910808139,0.0060611996663702,0.00553205907436232,0.00502079354776301,0.00459676286882558,0.00416154503857135,0.00380141421299867,0.00347765785336441,0.00314543310154447,0.00283582158424895,0.00261978005095022,0.00239740265068381,0.00216919305180104,0.00193554355097105,0.00171787603822409,0.00160597281284461,0.00149011946969419,0.00137065136479559,0.00124786793967455,0.00112201686443766,0.000993276440665779,0.000861735795685964,0.00072737232360442,0.000590025233878021,0.00044936352124623,0.000405452439823098,0.000394630039096813,0.00038268974770644,0.000369677921397621,0.000355644205248474,0.000340641543585016,0.000324725976517563,0.000307956078975484,0.000290392224111742,0.000272095285960636,0.00025312515331117,0.000233538786935487,0.000213387999201087,0.000192716933829793,0.000171559264511901
-7.48818743896793e-07,-4.51014094487774e-07,-1.57126092173317e-07,0.00187993371535423,0.0128779712593378,0.0273036354722251,0.0423354225804864,0.0568675241978604,0.0704148585879299,0.0826847438638668,0.0936038063067469,0.103120641258246,0.11120105259966,0.117896264416731,0.123236552970179,0.127308145632779,0.130129938167812,0.131785661624333,0.132353215625083,0.131905470917597,0.130510993576878,0.128309140215188,0.125331534556339,0.121716331206873,0.117517702872612,0.112873405897544,0.107828760074129,0.102525039302369,0.0970696973386502,0.0915050919113586,0.0859150988339082,0.0803716772265511,0.0749354983507489,0.0696564635185804,0.064574080650657,0.0597176609521741,0.0551062833576584,0.0507484514699048,0.046641328986959,0.0428076339589061,0.0393027961659643,0.0360201110083918,0.0329082789459091,0.0301476394606394,0.0275521732465757,0.02514867471677,0.0229866926398538,0.0209690933454272,0.0190964222303098,0.0174878857674853,0.0159439245241629,0.0145479957254202,0.0132669782832516,0.0120956833744216,0.0110270934219062,0.0100519428650259,0.00915809772516161,0.00832961039580053,0.0076074436410437,0.00693263212362018,0.00630478467173043,0.00575910447744397,0.00523109471893761,0.00477686921531599,0.00435326414758845,0.0039309666761593,0.00361557771725121,0.00329223959726392,0.00296167585415974,0.00270869289385229,0.00249205509537853,0.00226993904195092,0.00204284544676467,0.00181114247305535,0.00164994180781223,0.00153702577771516,0.00142060669112123,0.00130103643374952,0.0011786190873427,0.00105359509184579,0.000926124411153021,0.000796268106911742,0.000663967571980305,0.000529020276579968,0.000407754807925103,0.000397582517488259,0.000386252378178877,0.000373814633247109,0.000360323502033154,0.000345837132493532,0.000330417341154024,0.000314129084042616,0.000297039523407733,0.000279216857946706,0.00026072863945481,0.000241639912198248,0.000222011010074651,0.00020189516785974,0.000181335976921964,0.000160364665172443
-7.48818733664205e-07,-4.51014977534029e-07,-1.57126833701988e-07,0.00182335428671609,0.0125409804019612,0.0266140897755501,0.0412800611656515,0.0554848877058922,0.0686645000239061,0.080617530236695,0.0911851454660949,0.100329234050806,0.108116860299867,0.114453434047653,0.119527441256235,0.123294299714957,0.12584348853519,0.127258575168067,0.127617796937919,0.126994841555546,0.125459524448405,0.123176158248712,0.120137449203487,0.116527399465853,0.112373918827434,0.107791521867368,0.102859285686618,0.0977458913664947,0.0924561569695482,0.08708084719989,0.0816980874299424,0.0763740600184414,0.0711635952786852,0.0661106257566513,0.0612484646912364,0.0566030753629013,0.0522371916459798,0.0481232898565938,0.0442585490185888,0.0406278099646101,0.0372013703985708,0.0341199584398097,0.031244986386992,0.0284909445606203,0.0261274342607274,0.0237640195751123,0.0217988643045756,0.0197890010683037,0.0181439608819154,0.0165391753959684,0.0151117581063909,0.0137753993463456,0.0125537053106725,0.0114442996646194,0.0104312230605218,0.00951414825680509,0.00867816016381489,0.00790764559280448,0.00718784514705442,0.00656982178853738,0.00596969545142903,0.00545501982239844,0.00494398486727799,0.00453095687329826,0.00410906410242806,0.00374355186797232,0.00342830078139734,0.00310636101931614,0.00279124462219898,0.0025798894281564,0.00236331989073937,0.00214213887694921,0.00191682458656292,0.00169073242981195,0.00158057668208174,0.00146698232571903,0.00135035288113104,0.00123104645646701,0.00110936102216576,0.000985519367064242,0.000859653632829501,0.000731788753928292,0.000601823846165594,0.000469510343246772,0.000399963273951682,0.000389272987770991,0.000377433509367572,0.000364502952799479,0.000350544111598314,0.000335624155762744,0.000319814054907531,0.000303187658493273,0.000285820315295643,0.000267787286663074,0.000249161665677445,0.000230012215797032,0.000210400979420746,0.000190380851138568,0.000169993112564573,0.000149264912958365
-7.4881565526808e-07,-4.51015240283187e-07,-1.5712751759498e-07,0.00176572092120982,0.0121803266503247,0.025870787294695,0.040224760924025,0.0540509235773636,0.0668986425309687,0.0784846030418953,0.088719148599968,0.0975381835862224,0.104955470734871,0.111018321497995,0.115769083917896,0.119246237668924,0.121538661298419,0.122729557260294,0.122897311407093,0.122116244497561,0.120461744499562,0.118105907423512,0.115024992260459,0.111429055820154,0.107330809993923,0.102806021420939,0.0980528409000685,0.093074329373633,0.0879459153597371,0.0827525314237765,0.0775664526869291,0.0724828696804404,0.0675218747025098,0.0627184767983008,0.0581052867588018,0.0537045328302622,0.0495278600202482,0.0455757152479603,0.0418590782062005,0.0384697489232244,0.0352833989372884,0.0322536934422324,0.0295715708710397,0.0270297090669508,0.0246966743768548,0.0225654658026222,0.0206063593159538,0.018751261943553,0.0171858617592403,0.0155898547367076,0.0142977603691269,0.0130419374169225,0.0118924993698871,0.0108425682854555,0.00988319778709728,0.00900279060518395,0.00819705788880526,0.00748376888374477,0.00681568297981501,0.00620611879144947,0.00566274308152099,0.00515036110956559,0.00469586544511997,0.00428419558045025,0.00386530382500016,0.00355457319469677,0.00324045209144268,0.00292089049519987,0.00266147532385503,0.00244999067396284,0.00223417124584035,0.00201459925612278,0.00179171132585383,0.00162101473155181,0.00151006539739518,0.0013961498359176,0.00127967959385608,0.00116100798263461,0.00104041607858286,0.000918099127232661,0.000794153018802151,0.000668559928030447,0.00054117207795359,0.000411692250301044,0.000391733205403441,0.000380521966473287,0.000368176380227015,0.000354763185422081,0.000340354331858042,0.000325026365239431,0.000308859447502721,0.000291935988644736,0.000274338810985891,0.000256149133857401,0.000237444157543993,0.0002182946811542,0.00019876265132652,0.000178898809405735,0.000158740426690256,0.000138309088852774
-7.48821665564015e-07,-4.51014837877039e-07,-1.57123735560454e-07,0.00170319742940048,0.0117899872998063,0.0251665472338284,0.0390930841019479,0.0525893767396161,0.0650452031382356,0.0762882496892903,0.086160868963043,0.0946800894331878,0.101754723534038,0.107528952510329,0.111970573154349,0.11517344080008,0.117225323015061,0.118208848409143,0.118202349276921,0.117280577292868,0.115528338760642,0.113108993507861,0.11001529370005,0.106431209611184,0.102397450034563,0.0979835552464332,0.0933560305951098,0.088509555252553,0.0835365600041097,0.0785784297271378,0.0736427735109401,0.0687756797154861,0.0640251731702666,0.0594283010715786,0.055011318968822,0.0507895773241293,0.0468592973864457,0.0431537252629356,0.0396585778580444,0.0363483544634697,0.0333570249644527,0.0305648710635384,0.0278958658620866,0.025585190154702,0.0232738722604722,0.0213614999748319,0.0194147714396859,0.0177845581008731,0.016226607153888,0.0146502776774166,0.0135159591153515,0.0123205917635228,0.0112309556772456,0.0102401354954578,0.00933925944592191,0.00851693796449769,0.0077583888787961,0.0070599666012128,0.00644839710993576,0.00585566446284356,0.00535503532855727,0.00484907455118433,0.00444674513674274,0.00403774224982161,0.00367189276852499,0.00336490803815007,0.00305291232557614,0.00273730378142241,0.00253052375969348,0.00231959932797512,0.00210521464511696,0.0018879114445175,0.00166806714459191,0.00155010067833646,0.00143871616514844,0.00132485227552361,0.00120891726960351,0.0010912484864649,0.000972099788898007,0.000851630037248778,0.000729891880489834,0.000606819790918244,0.000482216195512295,0.000393609956256915,0.000383062075355851,0.000371331659040205,0.000358488648964978,0.000344609060111725,0.000329774416938188,0.0003140707560079,0.000297587174253519,0.00028041398675787,0.00026264042164545,0.000244352239162109,0.000225629047254015,0.000206541833676556,0.000187150575368651,0.000167502088681403,0.000147628087369303,0.000127543327072529
-7.48819600190917e-07,-4.51013918591013e-07,-1.57122765724461e-07,0.00163538327949744,0.0114267067878322,0.0244056648534434,0.0379991890373424,0.0510857455237969,0.0632110402451507,0.0740901180819432,0.0836171996678889,0.091748323523074,0.0985514868245944,0.103993553254629,0.108140782626907,0.111085131164645,0.112913027275194,0.113706308254516,0.113543037445488,0.112498177038559,0.110661223271307,0.108195229395669,0.105099812734241,0.101542740933887,0.0975817800958963,0.0932936545512198,0.0887673938384687,0.0840528858132585,0.079330432495102,0.0745622383865579,0.0698137959876762,0.0651385680456885,0.0605784798004724,0.056230003887424,0.0520674819455727,0.0480975542744368,0.0443242824098733,0.0407395512260751,0.0374732894983577,0.034404473542974,0.0314771270944459,0.0288727799645245,0.026404181252834,0.0241405618440737,0.0220594164400257,0.0201577858851193,0.0183390995601386,0.0168161326557894,0.0152707032315523,0.0139168998283079,0.0127664872163857,0.0116430687293988,0.0106160006375975,0.00967665292234047,0.00881395088966846,0.00803191643217023,0.00733041446239171,0.0066734432777995,0.00608172695527046,0.00554515937233684,0.00504801915161117,0.00459780180039855,0.0041977954452326,0.00379274682539027,0.00348056797627899,0.00317544844806538,0.00286655524247379,0.00260541350055596,0.00239899772516081,0.00218932862162636,0.00197705126260428,0.00176264842332885,0.00158729131184316,0.00147829877128475,0.00136685490026915,0.00125342358177651,0.00113839820930879,0.00102208935776375,0.00090471438893246,0.000786388386004737,0.000667115467738424,0.000546779239911497,0.000425131147056613,0.000385031251100159,0.000373951351681169,0.000361708884493049,0.000348383159405534,0.000334059942803363,0.000318830531699434,0.00030279027646898,0.000286036615942852,0.000268666759429394,0.000250774944768355,0.000232449767871461,0.000213771356212234,0.000194808950387867,0.000175618714353639,0.000156241913522138,0.0001367033647988,0.000117010007068686
-7.48813429979621e-07,-4.51015981253849e-07,-1.5712594253343e-07,0.00156604986445834,0.0110452382577229,0.0236455527154523,0.0368195221858523,0.0495653164513195,0.0612805236226026,0.0718039388706905,0.0810138459404544,0.0888212781722667,0.0952966141211536,0.100420351703975,0.104307176178402,0.107025633491595,0.108629789292094,0.10923129490712,0.108928913063484,0.107778689142923,0.105869361568816,0.103373504148245,0.100286578577857,0.0967713807517143,0.0928904994683305,0.0887112525462244,0.0842830978464386,0.0798127078155405,0.075241738971935,0.0706383641277953,0.0660688108790026,0.0616547497541537,0.0573538438720136,0.0531963642777608,0.049201528478452,0.0453967520656381,0.0418732304011253,0.0385350902707979,0.0353612290749597,0.0324601747410102,0.0297699498963809,0.0271854112792478,0.024946106356258,0.0227043787068609,0.0208445158818928,0.0189599812112215,0.0173622821755326,0.0158505536092305,0.0143225830575776,0.0131815800537373,0.0120402390447613,0.0109772399870363,0.0100096580688876,0.00912896013200811,0.00832430475043754,0.00758171199712183,0.00690428475739327,0.00630328570042061,0.00572195301103866,0.00523517608350979,0.00474312635363303,0.00434655577136735,0.00395018405078227,0.00358815846344948,0.00328934038831308,0.00298708192179845,0.00268222916119414,0.00247286376441048,0.0022675174845695,0.00205978910311164,0.00185026519180925,0.00163935337957022,0.00151510338216658,0.00140593636148822,0.00129481861207215,0.0011822005372194,0.00106844939863594,0.000953839215724298,0.000838542992736637,0.000722626388930502,0.000606041534900821,0.000488619771294357,0.000386403164523653,0.000376013417110353,0.000364407021280151,0.000351665588885152,0.000337878347979182,0.000323141102580553,0.000307554830117076,0.000291223673375321,0.000274252475688067,0.000256743963898797,0.000238795693021405,0.000220497163385794,0.00020192703166648,0.000183150869138592,0.000164219313859706,0.000145166666487417,0.000126009789214133,0.000106747115290139
-7.48819558766384e-07,-4.51016401389517e-07,-1.57125467002076e-07,0.00150949810279038,0.0106328167156691,0.0228763657541819,0.0356829798374757,0.0479997138759411,0.0593823163987181,0.0695343174741666,0.0783396017980995,0.0858697168767365,0.0919976286563974,0.0968579047344536,0.100503457398344,0.102983280719882,0.104385181165064,0.10479333421907,0.104368795212194,0.103130937128693,0.101160780360835,0.0986516583528202,0.0955824664487717,0.0921236030543569,0.0883289694703706,0.0842317866478222,0.0800201949343028,0.0756787066841882,0.0712487942696864,0.0668649506267093,0.0625519078657683,0.0583112695728441,0.0541781576552466,0.0502161909505303,0.0464775516118304,0.0429056549650225,0.0394965414830772,0.0363320122543511,0.0333997806606774,0.0305926675279881,0.0280665759898864,0.0256882226558742,0.0234939770518387,0.0214792532904259,0.0196349082324332,0.0178683425089737,0.0163877776234821,0.0148923272195581,0.0135667222193154,0.0124477994584503,0.0113537117752236,0.0103531506720696,0.00943746911905212,0.00859610489311287,0.00783751879633751,0.00715152915217164,0.00650933915884847,0.0059352774600745,0.00540925122267251,0.00492716847755147,0.00448496977908615,0.00409652074316557,0.00370504976708118,0.00339531832574564,0.00309911038330045,0.00280067239979631,0.00254162004898944,0.00234028110505838,0.00213670237685235,0.00193157556161287,0.00172541154860255,0.00154929490802131,0.00144230488910496,0.00133335303039448,0.00122294817518481,0.00111151546243499,0.000999385665274212,0.000886787872253048,0.000773844687888325,0.000660568562995206,0.000546858037515291,0.000432492416534238,0.000377492111265921,0.000366561614827592,0.000354440096599212,0.0003412192323141,0.000326998531182566,0.000311883826129978,0.000295985345973268,0.000279415153880169,0.000262284168022524,0.000244698961266618,0.000226758441219232,0.00020855097080125,0.000190151730288121,0.000171620819320315,0.00015300184436396,0.000134321010908446,0.000115586478899892,9.67877914074401e-05
-7.48816380866956e-07,-4.51017360867901e-07,-1.57125531665062e-07,0.00144817993863715,0.0102631644071301,0.0220713704316539,0.0344713713796828,0.0464416886176369,0.0574194926590338,0.0672234011306859,0.0757157997837859,0.0828681210717409,0.0887103711340222,0.0933123302590822,0.0966972901109111,0.0989552861278164,0.100172418391659,0.100431695762845,0.0998706564693885,0.0985627950332615,0.0965470884348345,0.0940363677086957,0.0909930899149549,0.0876045300934535,0.0839011312762553,0.0799442979709,0.0758674116810242,0.0716416701996067,0.0674493499973456,0.0632624174808955,0.059104386198038,0.0550447221343901,0.0511742057507834,0.0474309538533315,0.0438270379420467,0.0404360984695528,0.0372746591147891,0.034255334140533,0.031446085214465,0.0288745657927993,0.0263750170760746,0.0242229940394825,0.0220655944094328,0.0202587631543763,0.0184362169861146,0.0168856812687607,0.015420161385169,0.0139458022484797,0.0128269047548253,0.011719006399934,0.0106865563144492,0.00974559244235559,0.0088884530095763,0.00810483284422153,0.00738152894292974,0.00672496936387408,0.00613794858230643,0.00557129438498926,0.00509836665321694,0.00462254800643251,0.00423270743975455,0.00384885493120198,0.00349400519159708,0.00320337368430123,0.0029107568768317,0.00261704247917471,0.00240804568595462,0.00220829298011173,0.00200715742344299,0.00180525474230929,0.00160300600158285,0.00147612853694562,0.00136923748165141,0.00126089336006652,0.00115158094599524,0.00104168916958454,0.000931503382025646,0.000821201202656684,0.000710850693109682,0.000600409256920411,0.000489721922140021,0.000378517650879566,0.000368147558175309,0.000356685907144042,0.000344067041165116,0.000330393131125315,0.000315774047989132,0.000300325335976895,0.000284165672641014,0.000267413781287097,0.000250184998215132,0.000232587769315956,0.000214720262406758,0.000196667616266555,0.000178499630844876,0.000160269334173976,0.000142012086941356,0.000123745182148117,0.000105467653463076,8.71600643995448e-05
-7.48815537816926e-07,-4.51012686465713e-07,-1.57125721223695e-07,0.00138171032632887,0.00986601234977641,0.021301741312622,0.0333025451324874,0.0448240381358177,0.0554472001488149,0.0648557621994334,0.0730419323481198,0.0798588554716998,0.0854406522247585,0.0897558933245669,0.0928963338999702,0.0949494485302404,0.0959993660880057,0.0961276603983138,0.09544149581033,0.0940810643914364,0.0920457039493254,0.0895330361952982,0.0865227039123003,0.0832178515659399,0.079609436899644,0.0757988607046194,0.0718106667730184,0.0678187020930936,0.0637847881241725,0.0597330710715419,0.0558138094089795,0.0519900680455284,0.0482602537866216,0.0446866800260428,0.0413374210406599,0.038123157851698,0.0350634410198215,0.0322848855713014,0.029613717923164,0.0271674201394956,0.0248938451590672,0.0227697908002484,0.0208351702166492,0.0190486208279047,0.0173470273628007,0.0159094070426275,0.0144638613326501,0.0131790334828828,0.0120916913735331,0.0109985423688585,0.0100594874093448,0.00917055147251796,0.00835356359933307,0.00761844314600556,0.00695104518740968,0.00632663465772596,0.00577023587744082,0.00525777717608431,0.00479073489870711,0.00435955619242823,0.00398269677831729,0.00360466621635796,0.00330049932294769,0.00301321769527894,0.00272511898766014,0.00247116517427232,0.00227499031033542,0.0020775141379292,0.00187946069035123,0.00168135447742898,0.00150753554095244,0.00140264310218487,0.00129624895020098,0.00118889937107572,0.00108104349801499,0.000973024484955885,0.000865075135253156,0.000757317083303201,0.000649761704772177,0.000542311285225671,0.000434758945903979,0.000369136950566498,0.000358378638605942,0.000346401747954308,0.000333310122962827,0.000319216614597418,0.000304241238770292,0.000288508522485174,0.000272144419536488,0.000255272690881994,0.000238011127549104,0.000220467902939099,0.000202738282234023,0.000184902177106713,0.000167022302145163,0.000149143298051041,0.000131291387258043,0.000113474472584614,9.56823409731867e-05,7.78867617943376e-05
-7.48816543954815e-07,-4.51014230268155e-07,-1.57125715067969e-07,0.00130967606501138,0.00945702599807673,0.0204724423688869,0.0320690324803286,0.0432505847831992,0.0534775383894186,0.0625489201844153,0.0703179297884963,0.0768882175043656,0.0821516737026163,0.0861953414375761,0.0891074830696782,0.0909727347950302,0.0918729807298964,0.091888080362742,0.0910964050545021,0.089691357256821,0.0876528565420627,0.0851456994890619,0.0821939201393844,0.0789657566617271,0.0754547918773073,0.0717464903419619,0.0679668231161592,0.0641149694792108,0.0602014964012019,0.0564207636839492,0.0526647294396788,0.0489670102940776,0.0454950520849739,0.0421329108709366,0.0388807986815329,0.0358935454377062,0.0330451496207726,0.0303303884148112,0.0278922372419187,0.0255098827799498,0.0234279203605218,0.0213670789552233,0.0196144750843148,0.0178543179335599,0.0163628522166369,0.0149440235256739,0.0135230670176431,0.0124379790992221,0.0113644798044558,0.0102895732899308,0.00945339581675105,0.00862263715021369,0.00786283695856361,0.00716154606995871,0.00652593581946596,0.00595565274514319,0.00540784476390853,0.00494736537189481,0.00448772269641236,0.00410739267780729,0.00373606650245723,0.00339101163417331,0.00310868620401867,0.00282570549418092,0.00254297968996019,0.00233715289746465,0.00214307781578736,0.00194853361204733,0.00175415199253451,0.00156035464770855,0.0014337019879456,0.00132918909695696,0.00122368562623083,0.00111770316506446,0.00101164495314344,0.000905800626920593,0.000800345447199465,0.000695342554124127,0.000590746397456379,0.000486405661469562,0.000382064394699814,0.00035949111519385,0.000348199752267705,0.000335730301501943,0.000322197589141048,0.000307725025172592,0.000292442160303784,0.000276481413360617,0.000259974437441754,0.000243048084075038,0.000225820420160409,0.000208397118191479,0.000190868434513043,0.000173307230769915,0.000155767717336646,0.000138285162965598,0.000120876109155893,0.000103538909085191,8.6254270154894e-05,6.8985568984363e-05
-7.488180624493e-07,-4.51011096222385e-07,-1.57124261324e-07,0.00125509777268657,0.00908057877406203,0.0197034116161051,0.0308859918105684,0.0415986028740398,0.0514446734480383,0.0601862846306826,0.0676708651852056,0.0738900579398249,0.0788491849527367,0.0826486139087811,0.0853490565441701,0.0870311489399284,0.0877991806799074,0.0877186875849108,0.0868664847428604,0.0853979859158611,0.0833723735161005,0.0808769382783506,0.078002797586393,0.0748488773620314,0.0714365061110007,0.0678845942619228,0.0642463089618798,0.0605102185261648,0.0568633302483891,0.0531971547143624,0.0496159660212973,0.0461829020444779,0.0428245208140404,0.0396359592214728,0.0366344278353443,0.0337298468664119,0.0310743357652731,0.0285528849568511,0.0261888071286054,0.0240323425510354,0.0219800069521515,0.0201367665704061,0.018409097747954,0.0167827596580081,0.0153890985723418,0.0139938042908455,0.0127595978567297,0.0117045662451737,0.0106484985923106,0.00959502951632521,0.00888051383613935,0.00809039120586648,0.00737896847829589,0.00673265084904317,0.00612840804603772,0.00558984231106199,0.00509333657417892,0.00464145163068218,0.00422362731442237,0.00385850147722234,0.00349387486228936,0.00319769275980159,0.00291943640865646,0.00264163724645907,0.00239506947135801,0.00220421118437358,0.0020129077877101,0.00182190300617341,0.00163172343852213,0.00146250800825775,0.0013598497459339,0.0012561167029725,0.00115188481331855,0.00104761998321088,0.000943671139783876,0.000840268776184375,0.000737527730733227,0.000635452170455225,0.000533941036696848,0.000432792232813493,0.00035999434943459,0.00034943469567826,0.00033763093518526,0.000324698680438033,0.000310763717556555,0.000295959517600552,0.000280424158299426,0.000264296455570515,0.00024771184008927,0.000230798067079191,0.000213671180565877,0.000196432142667715,0.00017916426689277,0.00016193182605852,0.000144779431229677,0.000127732365637548,0.000110797282787546,9.3963129429395e-05,7.72019222069749e-05,6.04692387935617e-05
-7.48817732563845e-07,-4.51016420460696e-07,-1.57124076381936e-07,0.00119742579831365,0.00867437071409074,0.0188839316885023,0.0296422091604933,0.0400267406685726,0.0494944683788007,0.057825753302324,0.0649941044005381,0.0708690355557321,0.0756146680681225,0.0791924434489211,0.081686159950276,0.0831805799327249,0.0837827184158064,0.0836239724716428,0.0827283111297295,0.0812038594949551,0.0792066155096077,0.0767278000648599,0.073944222900268,0.0708662395297201,0.0675603731496719,0.0641695343097443,0.0606227916250288,0.0571369856408304,0.0535843069259206,0.0501292242676107,0.0467501694324479,0.0434126881679828,0.0403097318176555,0.0372881544299285,0.0344068151212195,0.0317441763988666,0.0291518255871035,0.0268355505006646,0.024585656135934,0.0225721168178778,0.020617828589869,0.0189211923493123,0.0172243050101854,0.0158013830039293,0.0144301215487977,0.0130627106749391,0.0120205567089745,0.0109820841092902,0.00994674471233743,0.00900270267400926,0.00833607574043501,0.00760234523356165,0.00692523691021245,0.00631082081965558,0.00575944933890354,0.00523076986663657,0.0047847461364367,0.00434133528767667,0.00397266314804079,0.00361396283762434,0.00328066860726136,0.0030068474371267,0.00273356696816122,0.00246174386861315,0.00226120886909171,0.00207294969375116,0.00188504339188767,0.00169812661091791,0.00151261215986857,0.00138832951223043,0.00128633234365942,0.00118376810420128,0.00108116770036154,0.00097894218180548,0.000877379861013269,0.000776648754646001,0.000676802472497295,0.000577787488535987,0.000479450052537998,0.00038154111683078,0.000350078400065383,0.0003389865519293,0.000326698107392189,0.000313340016810466,0.000299048645553288,0.000283966625040557,0.000268239152037591,0.000252009562372194,0.000235414879705122,0.000218581404035166,0.000201620864479176,0.000184627461508424,0.00016767588541502,0.000150820616509516,0.000134095963601111,0.000117516950621009,0.000101080455900614,8.4766409180902e-05,6.85387334331687e-05,5.23458983293654e-05
-7.48815120811965e-07,-4.51015855926828e-07,-1.57126370222651e-07,0.00113494463937564,0.0082885464370963,0.0181027501445525,0.0284624660670572,0.0383901734222202,0.0474858990469153,0.0555099540822583,0.0622852997669954,0.0679497514960729,0.0724130417168189,0.0757548458526054,0.0780584533629064,0.0794052496252491,0.079875374469641,0.0796070672229424,0.0786845767953494,0.077132216196716,0.0751563975026784,0.0727185067204135,0.0700169536127425,0.0670152168813908,0.063861553706444,0.0605301630711009,0.0572349331893634,0.0538211538440858,0.0504996363631916,0.047195067171472,0.0439584267423779,0.0408820178161499,0.0378554966450206,0.0350442395128262,0.0323418503117996,0.0297815496867885,0.0274218910302098,0.0251431678255851,0.0231142137928272,0.0211356815724045,0.0193929847047834,0.0177257271545465,0.0161826680736774,0.01483434580316,0.0134899703714152,0.012313830300635,0.0112921091610241,0.0102735953185102,0.0092619322841236,0.00850072832566554,0.00781038054200065,0.00712304989150566,0.0064997684171629,0.00591753334797553,0.00539709281546216,0.00491835391975373,0.00448184390304094,0.00407911668420948,0.00372595266976226,0.00337476855966232,0.00308837777476481,0.00281930914886969,0.00255182644945441,0.002314298790131,0.0021289594915918,0.00194394285077509,0.00176000103448024,0.00157765369965007,0.00141469099470965,0.00131443592293732,0.00121349641994213,0.00111247016709964,0.00101183305119413,0.000911934228407934,0.000812997452227512,0.000715127084941408,0.000618316599627212,0.000522457577863347,0.000427347438152517,0.000350101812505784,0.000339769884577266,0.000328171375465672,0.000315433184067184,0.000301693327689434,0.000287097972586748,0.000271797605459035,0.00025594272064153,0.000239678996648133,0.000223142669166872,0.000206456207276833,0.000189724845096977,0.000173034209337409,0.000156449044768911,0.000140013214956231,0.000123750384587196,0.000107665391014264,9.17457197041767e-05,7.59628661055314e-05,6.02733830619086e-05,4.46194257076076e-05
-7.48821155798073e-07,-4.51015795893359e-07,-1.57123794010945e-07,0.00106727481989305,0.00791059385847045,0.0173031076321372,0.0272214747604318,0.0368067933646942,0.0455130725028659,0.0531532472404665,0.0596818788375382,0.0650254772669706,0.0692176560072396,0.0723392893591209,0.0744693150186999,0.0756854269801123,0.0760646387533979,0.0756836623244139,0.0747364529996009,0.0732051564065892,0.0712209153255113,0.0688673758931454,0.0662180840951479,0.0633160828924018,0.0602982610139561,0.05714812117993,0.0539006964501746,0.0507223836893466,0.0475140976017971,0.0443870281304704,0.0413519111563823,0.0383712258693875,0.0355970412896158,0.0328682060528493,0.0303648517144815,0.0279494447830681,0.0257160819795292,0.023608187616354,0.021665913185608,0.0198262309181533,0.0181877096729655,0.0165553286735199,0.015208312924638,0.0138857835691291,0.0125853989029454,0.0115799878451091,0.0105773821586177,0.00958188212978837,0.00868393487155869,0.00800492029303953,0.00732707889723603,0.00667582478763767,0.0060829648664521,0.00555215837742042,0.00504286932919018,0.00461288558131118,0.00418584169898264,0.00383041945421132,0.00348451057074349,0.00316437234947074,0.00289931028620876,0.00263584396607314,0.00237488322743222,0.00218117258401529,0.00199890664907551,0.00181771907730389,0.00163824221963824,0.0014608732080143,0.00134049579394978,0.00124117786317116,0.00114167426456317,0.0010425279681344,0.000944152013223885,0.000846829019801046,0.000750716564944198,0.000655856175332983,0.00056218390958774,0.000469540362245503,0.00037767876619825,0.000339952734888833,0.000329092192135644,0.000317019786005149,0.000303873965411067,0.000289803175003629,0.00027496217633406,0.000259507563136357,0.000243593001660786,0.000227364115653953,0.000210953888136215,0.000194478670432063,0.000178035259827732,0.000161699234494971,0.000145524451945667,0.000129543734513746,0.000113770117576313,9.81986073196554e-05,8.28078808298873e-05,6.75617497358553e-05,5.24101971596215e-05,3.72898905407055e-05
-7.48820119703825e-07,-4.51016893063872e-07,-1.57127202653913e-07,0.00101569362368084,0.00750333596969233,0.0165201004451547,0.0260612821283259,0.0352062782637641,0.0435593741051962,0.0508635493883338,0.0570648786927956,0.0620948410563427,0.0660518567472386,0.0689741421092172,0.0709207336230327,0.0720228459228707,0.0723278168113087,0.0719093754346195,0.0708834958310397,0.0693879711787188,0.0673976733045828,0.065140713036258,0.0625429938892239,0.0597866530134437,0.0568638569453696,0.0538140161009753,0.0507907157374453,0.0477020881190857,0.0446921879749917,0.0417170539241395,0.0388257660042149,0.0360648728781743,0.0333652687254713,0.0308784211879158,0.0284189248847848,0.0262315214329382,0.0240551765418782,0.0221491169077868,0.0202468720769834,0.0186120731504955,0.0170070708706053,0.0155533789142116,0.014252027518783,0.0129594597232148,0.0118467783773185,0.0108595519400225,0.00987922582411521,0.00890940548947691,0.0081851488507391,0.00751747431345447,0.00685430392092147,0.00625554124414539,0.005696669829779,0.005194728380348,0.00473506999133499,0.00431421982112743,0.0039278182877715,0.00358690063649052,0.00324924789840189,0.00297392557571545,0.00271424947571624,0.00245713815602629,0.00222976170571826,0.00205017732369716,0.00187159059353778,0.00169475216805401,0.00152016781106057,0.00136454722452765,0.00126688655658989,0.00116889265229325,0.00107117703660068,0.00097421927296104,0.000878364133679903,0.00078382550657365,0.000690695260102613,0.000598954684850705,0.000508486356824983,0.000419084640507215,0.000339506924217961,0.000329433308569842,0.000318074587908911,0.000305568275259536,0.000292063854044923,0.000277719108727169,0.000262695743196928,0.000247154394426587,0.000231249475335459,0.000215124059478666,0.000198905481699531,0.000182701892673314,0.00016660002961283,0.000150664353268861,0.000134937292690073,0.000119440574726494,0.000104176925855246,8.91321163448414e-05,7.42767694107587e-05,5.95678360133001e-05,4.49495806698914e-05,3.03540123421789e-05
-7.48819061576696e-07,-4.51016631693618e-07,-1.57125221762476e-07,0.000964139804973692,0.00715562550497354,0.0157506279822782,0.0248372861459385,0.0336282446783664,0.0415780338042644,0.048592611391556,0.0544375345611506,0.0592686072667433,0.0630068313123865,0.0657305741372256,0.0675173905187319,0.0684445416202728,0.0686646713698978,0.0682245904532977,0.0671684383941961,0.0656778897025164,0.0637603669198456,0.0615336110011187,0.0590369737461805,0.056383125402553,0.0535499594024331,0.0506959947210112,0.0477522437343333,0.0448689775356234,0.0419736775610422,0.039177762457977,0.0364461700222685,0.0338191407930221,0.0313221932719044,0.0289185068930575,0.0266903227588579,0.0245443595999082,0.0225865306411184,0.0207187054625386,0.0190000460226828,0.0174220509700562,0.0158704359160967,0.0145901152721715,0.0133176651827474,0.0120931962055545,0.0111212073009964,0.0101554398735909,0.00920016992192217,0.00835201286533344,0.00769446377160981,0.00704041474456879,0.00641627558157151,0.00584540482977645,0.00533636225599647,0.00484886297753301,0.00443395765271015,0.00402346412269849,0.00368240683794553,0.00334949477458086,0.00304342202062835,0.00278740778647178,0.00253389953664357,0.00228378932014867,0.00209793686430431,0.00192186481917828,0.00174749744056879,0.00157545513955982,0.00140611474045786,0.00129066456565302,0.00119420517813882,0.00109789732243627,0.00100228908092245,0.000907790363116785,0.000814674783423258,0.000723087559608795,0.000633057218752071,0.000544508736993693,0.000457276066758499,0.000371112587885211,0.000329167424649474,0.000318571366629797,0.000306752173568002,0.000293858976271961,0.000280051339901929,0.000265494849689747,0.000250356159375965,0.000234797541352754,0.000218971633788322,0.000203016445740764,0.000187051461177745,0.000171174860700742,0.000155462089963011,0.000139965837340244,0.000124716963130665,0.000109726372884422,9.4987068864385e-05,8.04763440719873e-05,6.61576194369881e-05,5.19818689418474e-05,3.78884837976805e-05,2.38056230927137e-05
-7.48815642505193e-07,-4.51016640335037e-07,-1.57124407747092e-07,0.000908317894041095,0.00678456984436284,0.01497391192669,0.0237108523453668,0.0320826436806129,0.0397026472070487,0.0462981200542465,0.0519420108140447,0.0564786076911144,0.0599811093169368,0.0625221358827602,0.0641742387925638,0.0650103072702762,0.0651038167025602,0.0646268318814114,0.0635968836270906,0.0620703538625778,0.0602421454829454,0.0580393659023435,0.0556818289093644,0.0530967726109481,0.0504279508197192,0.0476562113385402,0.0449108773749241,0.0421166587252094,0.0394236815335744,0.036738197181265,0.0341884771189959,0.0316951006407579,0.029350100256882,0.027092475769736,0.0249916090636341,0.0229786892271035,0.0211458566145091,0.0193522874010119,0.0178015781177535,0.0162608542185281,0.0149010120285397,0.0136484009268399,0.0124086527290855,0.0113631201252351,0.0104116688472738,0.00947025059809178,0.00854239424201802,0.00785853666968464,0.00721394676741205,0.00657556057551272,0.00600283152895801,0.00546826038836359,0.00498523321434217,0.00454554040939311,0.0041406690363814,0.0037713855968106,0.0034430269178319,0.00311902080961589,0.00285559870629075,0.00260554102147627,0.0023588759912052,0.00214230962663972,0.00196873262363528,0.00179673343092544,0.00162705252426471,0.00146017652010264,0.00131252434048328,0.00121766071159895,0.00112277421843387,0.0010284826348278,0.000935263424663811,0.000843453181093519,0.00075325386771805,0.000664744094998762,0.000577892913706714,0.000492573916385401,0.00040857785205456,0.000328268098692332,0.000318483781884144,0.000307400540811305,0.000295165693931087,0.00028193917883767,0.000267889230609411,0.000253187326927961,0.000238002699873312,0.000222496717711904,0.00020681765509161,0.000191096129880758,0.000175441843800948,0.000159941614573801,0.000144658821832927,0.000129634120236412,0.000114887020368836,0.000100418163054064,8.62115939453428e-05,7.22370055008168e-05,5.84515337235117e-05,4.48010431578334e-05,3.12208879380972e-05,1.7636138530555e-05
