-7.48812588848258e-07,-4.51016053221655e-07,-1.57123168802822e-07,0.00291730969971428,0.0178571837581413,0.0362467000506972,0.0552592519704229,0.0739285596148446,0.0918816055703064,0.108939610984049,0.125089362625747,0.140320193195723,0.154632383379026,0.168102867444541,0.180795260948203,0.192702360333544,0.203850998742854,0.214286103456811,0.223922030307473,0.232678662557499,0.240469402144322,0.24716425296566,0.252601396299464,0.256631823834738,0.259126273248383,0.259942953103899,0.259063156672811,0.2563942103508,0.252024503055653,0.245945199882315,0.238345839864145,0.229400560046503,0.219288492989146,0.208338224180187,0.196781018314743,0.184873524933754,0.172859395998011,0.160963786413887,0.149372186936454,0.138187535826999,0.127500255482413,0.117378454068645,0.10792181730005,0.0990476225004077,0.0907551666712325,0.0831203861704426,0.0760629653769177,0.0695123104551237,0.0733520343848136,0.0914796347604959,0.052978408629357,0.0483449987485609,0.0441109167741165,0.0402314429600337,0.0366959631866162,0.03345333806874,0.0305058378932384,0.0278090653677153,0.0253388098712932,0.0231065341026688,0.0210553089365117,0.0191959701347491,0.0174832234996436,0.0159173792673213,0.0144986854250536,0.0132100615606021,0.0120486043679186,0.0109917978465707,0.0100125754567254,0.00908042994071298,0.00831646132329925,0.00754481143218641,0.00690235644421186,0.00623872988840377,0.00573377417606644,0.00517920046602147,0.00472502756378862,0.00433765062987589,0.00391203926313002,0.00349825850240551,0.00325543265126202,0.00298988941980216,0.00269818607487142,0.00237565496480574,0.00208784497175211,0.00197166624653368,0.00184516184975392,0.0017070678005499,0.00155575899292597,0.00138907534274584,0.00120402894048975,0.000996276559035638,0.000771279673110783,0.000702854517093067,0.000640485380770261,0.000583639782145998,0.000531831201954396,0.000484615325600512,0.000441586542293096,0.000412760614377696
-7.48813208586648e-07,-4.51018071077615e-07,-1.57122096175843e-07,0.0029252529055857,0.0179283980178867,0.0364248261565253,0.0555413166604781,0.0743567378137897,0.0924241474848888,0.109605118256616,0.125840699441653,0.141170460661726,0.155614517405224,0.16918744899094,0.181953848884323,0.193989241737725,0.205263396253327,0.215772125249249,0.225473552850207,0.234330575842771,0.242185970936139,0.248896700869444,0.254341199106866,0.258349221341627,0.26076794964178,0.261526449323049,0.260506139789569,0.257697610746155,0.25310398773352,0.246853864993866,0.239049235088351,0.229929557844247,0.219649700745064,0.208557035984464,0.196869734583901,0.184860096321923,0.172767951926189,0.160817679158739,0.149191177961127,0.137985655621941,0.127289259903772,0.117151404380988,0.107701760778001,0.0988416029690974,0.0905477544465249,0.0829367037345788,0.0758843456146811,0.0693409202640459,0.0665362829085408,0.0846381269343538,0.0528465218990241,0.0482271473030286,0.0440021503010187,0.040132739185414,0.0366020000728853,0.0333710936877508,0.030429782807673,0.0277397968495205,0.0252768620983906,0.0230461384037881,0.0210031895228263,0.0191462321177941,0.0174361905218394,0.0158733718777958,0.0144643647959418,0.0131730216267273,0.012015460874835,0.0109627758774086,0.00998784416935088,0.00905443119165063,0.00829451489862736,0.00752760252284365,0.00688379302436064,0.00622513563204121,0.00571911231223942,0.0051633776183296,0.00471460975394411,0.0043264147668092,0.0038999132248829,0.00349163203440917,0.00324828713167828,0.00298218308257782,0.00268986962915382,0.0023666677530305,0.00208462538595872,0.00196819316633983,0.00184141654364531,0.00170302911609021,0.00155140239778061,0.00138437134328471,0.00119894033534191,0.000990753310977615,0.000753048970858879,0.000628628721675379,0.000572842146520993,0.000521997119160346,0.000475658145347695,0.000436126227527839,0.000424758905542403,0.000412379701269362
-7.48815348816697e-07,-4.5101444452807e-07,-1.57123574537666e-07,0.00293230138915905,0.0179936905900059,0.0366064477389168,0.0558361599712539,0.0747490351359284,0.0929216864853236,0.110215879977451,0.126570950154646,0.141981006544387,0.156516296387032,0.170212326283977,0.183088952092833,0.195189162907441,0.206558626787967,0.217177470795134,0.226982710842002,0.235888691000302,0.243781363106199,0.250546842934004,0.255982008710569,0.259951332916333,0.262322202614515,0.262944760063007,0.261788490757283,0.258844727135613,0.254093595662802,0.247663300537646,0.239675110963521,0.230345687875937,0.219926295169657,0.20868459724801,0.196878627837676,0.184776708445633,0.172615061079087,0.160621167453076,0.148965881774537,0.137744882237957,0.127044192334803,0.116907886083089,0.107453472542229,0.0986112697158008,0.0903173302096077,0.0827336819618689,0.0756876569856545,0.0691527513420985,0.0631388008472572,0.0772593286362853,0.0527025346547929,0.0480986298661758,0.0438836535533204,0.0400252867528528,0.0364997786838038,0.033281661008173,0.0303471165841483,0.0276645327885808,0.0252095694665399,0.0229805537988672,0.0209465982854164,0.0190922389863173,0.0173851435548702,0.0158323345251229,0.0144271150395017,0.0131351450486023,0.0119795020154122,0.0109312882065123,0.00996101005618364,0.00903235384920168,0.00827070641573513,0.00750892975258626,0.00686365606454394,0.00621038450823972,0.0057032068532649,0.00514621769716497,0.00470330598127399,0.00431422649185574,0.00388676311364974,0.00348444055296937,0.00324053407032998,0.00297382361966763,0.00268085090746056,0.00235692476127246,0.00208113033010932,0.00196442362281952,0.00183735237850191,0.00169864761774829,0.00154667724879317,0.00137927092575113,0.00119342477968038,0.000984768976515645,0.000746517068219918,0.00056066960887976,0.000510910780195983,0.000465560335781058,0.000446219526487363,0.00043577390231305,0.00042437690636873,0.000411965954300502
-7.48813724366395e-07,-4.5101822369459e-07,-1.57119678558563e-07,0.0029385033311934,0.0180661059020017,0.0367718242006648,0.0561071328278495,0.0751076147085303,0.0933768629790559,0.110775012001111,0.127239794429961,0.142763743321625,0.157375660189407,0.171150596787889,0.184139792948771,0.196350787976744,0.207804302584901,0.218489165392594,0.228358786186412,0.237350190704701,0.245304905792697,0.252060573451971,0.257507888729264,0.261444570916215,0.263728085206894,0.264272944883786,0.262993878613153,0.259851811497478,0.254957179251513,0.248335106331529,0.240173566962119,0.230650257441639,0.220099175937792,0.20872104195553,0.196807317430802,0.184622557730361,0.172399587369212,0.160372917290615,0.148694819136797,0.137463660104543,0.126763481524609,0.116636611096388,0.107175374502951,0.0983551564306029,0.0900624324519606,0.0825100272117612,0.0754716487506755,0.0689466089292254,0.0629445964082773,0.069441502028482,0.0525455299434684,0.0479586262304172,0.0437546703223372,0.0399083993375507,0.0363886475838163,0.0331844683994968,0.030257311144256,0.0275827922379039,0.0251365013671167,0.0229093623024451,0.0208851732597589,0.0190336463447515,0.0173297577376132,0.015787952166312,0.0143866971423092,0.0130989764864332,0.011940499212093,0.0108971341463715,0.00993190136258584,0.00900840196888635,0.00824488411350721,0.00748867300225967,0.00684181735661231,0.00619438135664385,0.00568595620533404,0.00512761232970812,0.00469104337581167,0.00430100801605673,0.00387250595527326,0.00347663727421855,0.00323212347167051,0.00296475765941197,0.00267107298420901,0.00234636529286454,0.00207733680597782,0.00196033299131674,0.00183294302298286,0.00169389518138963,0.0015415535369499,0.00137374209020863,0.0011874481513919,0.000978287132442639,0.000739445574385946,0.000498425348897067,0.000464170844853468,0.000455444113141694,0.000445866863594918,0.000435391163045603,0.000423961973294958,0.00041151658667685
-7.48812593160456e-07,-4.5101470814652e-07,-1.57122375762562e-07,0.00294390116927569,0.018131441897962,0.0369219611519711,0.0563538558113341,0.0754344868493761,0.0938089754140597,0.111290912934011,0.127850590150436,0.143478667869588,0.158196969977809,0.17205269438378,0.185098026673021,0.197409357531644,0.208959613431337,0.219735971146785,0.22968594684453,0.238713840798548,0.246694045306741,0.253498053716458,0.258913540797583,0.262802610530992,0.265029293210463,0.265462736736788,0.264047375077933,0.260769334100164,0.255674698845129,0.248871434529882,0.240546123174274,0.230869362560876,0.220168593625712,0.208666048903185,0.196655002271411,0.184396456029129,0.172120045657615,0.160071297843926,0.148376245423746,0.137140197614398,0.1264453474859,0.116332388005509,0.106865715258852,0.098071646568178,0.089787764144297,0.0822643260526618,0.075234958852433,0.0687211953867019,0.0627325867736336,0.0612767432377083,0.0523815857176381,0.0478062503980685,0.0436143844541845,0.0397813366532334,0.036267904713794,0.0330788998817749,0.0301597977003559,0.027494057322013,0.0250571941724678,0.0228321142048516,0.0208185249035334,0.018970083743187,0.0172696837729419,0.0157398054540101,0.0143428539025374,0.0130597435612798,0.0118982068082323,0.010860097954974,0.0099003333598313,0.00898242253739934,0.00821688485864942,0.00746670300959853,0.00681813911113799,0.00617702374144916,0.00566725114239762,0.00510744517083516,0.00467774350430852,0.00428667571657291,0.00385705268548679,0.00346817179042903,0.0032230015239176,0.00295492782894633,0.00266047474990786,0.00233492429907904,0.0020732199985032,0.00195589472557061,0.00182816011874598,0.00168874155321607,0.00153599902305665,0.0013677505112931,0.00118097391386103,0.000971268857255554,0.000731792905779176,0.000471790407063394,0.000463846615143228,0.000455091467923978,0.000445483752490211,0.000434975419988226,0.000423511309885688,0.000411028582905108
-7.48809904671564e-07,-4.51015961360132e-07,-1.57119683051766e-07,0.00294853187222284,0.0181901195675152,0.0370577801065654,0.0565777787368388,0.0757522244749044,0.0942320690706397,0.111806518720796,0.12842949411899,0.144129318197808,0.158944272614266,0.172897072382358,0.186037866629821,0.198406479698709,0.21001902042246,0.220863624375701,0.230887817383216,0.239981543530995,0.248004938128942,0.254788739350635,0.260203502789267,0.264048619299996,0.266175140843666,0.266491048582059,0.264942886856896,0.261532088363184,0.256248415403726,0.24927389675911,0.240793760221837,0.230977267710248,0.220134295761074,0.20851882858198,0.196420449852967,0.184096821014967,0.171774592976386,0.15971437346578,0.148008142902602,0.136772459624582,0.126087794248233,0.115993308711922,0.106522563274996,0.0977589669402062,0.0895104849273318,0.0819950396011627,0.0749761085477548,0.0684751051431446,0.0625251659085212,0.0570776100479226,0.0522039551035027,0.0476405469881513,0.0434619165435524,0.0396433014364356,0.0361429826814691,0.0329642926086307,0.030053964440858,0.0273977711244615,0.0249711493258183,0.0227483262686584,0.0207462344983459,0.0189011531831199,0.0172057088454835,0.0156875908053279,0.0142953088423633,0.0130171985397133,0.0118523611033875,0.0108199479696008,0.00986610757992151,0.00895425103191734,0.00818653349352819,0.00744288081446481,0.00679247341170883,0.00615820150279959,0.00564697436124378,0.00508559146464247,0.00466332202991482,0.00427113979922886,0.00384030781306659,0.00345898983181818,0.00321311036220142,0.0029442725179727,0.00264899068624625,0.00232253216222744,0.00206875315230808,0.00195108023102378,0.00182297315331412,0.00168315422247576,0.00152997911397718,0.00136125941759718,0.00117396300298721,0.000963672631987357,0.000723514823988772,0.000471466885990266,0.000463494356636812,0.000454708371265902,0.000445067599684447,0.000434523869700589,0.00042302188999806,0.000410498681569963
-7.48812447701218e-07,-4.51018821467695e-07,-1.57121518912428e-07,0.00295242717582952,0.0182425189028094,0.0371801217559431,0.0567802324988412,0.0760571594713986,0.0946158471678921,0.112274383702348,0.128985307177538,0.144751577067896,0.159621216885156,0.173661384599776,0.186888180590205,0.199339914267768,0.211031141823934,0.221941867728465,0.23201051415931,0.241131243533827,0.249183165402808,0.255991597258602,0.261367922752233,0.265155599772005,0.26721527567602,0.267419524779665,0.265730320630653,0.262142433787403,0.25671633196876,0.249579530309413,0.240916896324694,0.230968081045146,0.219995511364365,0.20827811048827,0.196101985393526,0.183721666477413,0.171377414200845,0.159299895352114,0.147588212668649,0.136358159647363,0.125688602324354,0.115617267668325,0.106143799892207,0.0974151811517812,0.0892065172733012,0.0817004977553956,0.0746934969703088,0.068206819604006,0.0623097391403779,0.0568811580021219,0.0520108146907775,0.0474604876223165,0.0432963206046189,0.0394934364072719,0.0360099594276056,0.0328399343259202,0.0299391541996199,0.0272933355607914,0.0248778314147162,0.0226574799293553,0.0206678525347362,0.0188264276258996,0.017144428020281,0.0156309822570258,0.0142437651195642,0.0129710754077099,0.01180267939722,0.0107764357468055,0.00982901104955762,0.0089237107494341,0.00815364218341223,0.0074170571976028,0.00676466166847124,0.00613779630090957,0.00562500003726705,0.00506191762188629,0.0046476883655929,0.00425430395874666,0.00382216910411389,0.00344903303033829,0.00320238783312356,0.00293272564793394,0.00263655064270356,0.00230911449368223,0.00206390744191803,0.00194585873467898,0.00181734932921428,0.00167709829240852,0.00152345673581114,0.00135422947546772,0.00116637372182491,0.000955454252231155,0.000714564370419207,0.000471115393511506,0.000463111675291903,0.000454292228583384,0.000444615597377666,0.000434033478104549,0.000422490440504713,0.000409923357175943
-7.48816084908429e-07,-4.51017559655586e-07,-1.57121855261934e-07,0.00295561376409132,0.0182889806559213,0.037289748954612,0.0569624326517257,0.0763323706254642,0.0949624526833829,0.11269703924532,0.129487358652187,0.145335058582972,0.160274319368169,0.174355737675638,0.187652404108989,0.200177302614143,0.211937066020251,0.222910193464895,0.233033629672182,0.242200113226719,0.250259486425334,0.257052786279794,0.262397113748777,0.266128154000828,0.268092955733639,0.268200404304765,0.266376181672114,0.262611059195861,0.257047313553912,0.249747583245077,0.240915366072453,0.230841054041185,0.219750936207156,0.20794213078157,0.195697481048922,0.183268592533639,0.170914926186365,0.158825292951728,0.147113866348938,0.135894751840688,0.125245321016278,0.11520195454217,0.105754557894106,0.0970381829922946,0.0888739893905259,0.0813788934156135,0.0743853957145977,0.0679324655085066,0.0620753414701233,0.0566675637784058,0.051800977490223,0.0472649673329377,0.04311658078708,0.0393308212663881,0.0358656485827311,0.032705060856591,0.0298146621531384,0.0271801092763292,0.0247766662546991,0.0225669534653054,0.0205828971219591,0.0187454495233725,0.0170780071066797,0.0155696302735293,0.0141879044364388,0.0129210888877162,0.0117515382953689,0.0107292952139335,0.00978881552841065,0.00889061213661935,0.00811800977461665,0.00738907211961354,0.00673453408491436,0.00611568115931507,0.00560119338429615,0.00503628081176679,0.00463074532419366,0.00423606504834483,0.00380252726874405,0.00343823867299969,0.00319076725266672,0.0029202164409044,0.00262307962543758,0.00229459194364784,0.00205865183959843,0.00194019715040321,0.00181125343208657,0.00167053635147244,0.00151639221421305,0.00134661867722981,0.00115816164607406,0.000946566754480901,0.000704891823554102,0.000470733540078473,0.000462695978282304,0.000453840230472264,0.000444124706693156,0.000433500963354114,0.000421913422725536,0.000409298800549755
-7.48814236592592e-07,-4.51017545526252e-07,-1.57121620338108e-07,0.00295811348257343,0.0183298080778174,0.037387349725035,0.0571254829643087,0.0765794605810534,0.0952738469679949,0.113076806644931,0.129938321805824,0.14585878489739,0.16087109316092,0.175024512840744,0.188369282782301,0.200941923814121,0.212752092677651,0.223772293647622,0.233934021543905,0.243135788284219,0.251219931837579,0.257996103476076,0.263311452566498,0.266974020450661,0.268841025364818,0.268819634262747,0.266862556014917,0.262963711282481,0.257230038653349,0.24977580229662,0.240788400644936,0.230594850093589,0.219398718726313,0.207508620243578,0.195204345244167,0.182734775853581,0.170383224672427,0.158287665259694,0.146582217721693,0.135379422953294,0.124755260702689,0.114744846877724,0.105336901947375,0.0966256898985371,0.0885108769286196,0.0810282767921767,0.0740499435508067,0.0676569397780775,0.0618205414640705,0.0564355219881937,0.0515731695379519,0.0470528010741791,0.0429235544798904,0.0391544697540683,0.035709172344878,0.0325588536541173,0.0296797335768773,0.0270574055996931,0.0246670390353118,0.0224711207961558,0.0204908524335036,0.0186577293963914,0.0170060403992755,0.0155031605771119,0.0141273859758526,0.0128669334666163,0.0117040967636737,0.0106782418542768,0.00974527677057809,0.0088547521264825,0.00807942117814922,0.0073587541687629,0.00670190914529056,0.00609172001120396,0.00557541022995834,0.00500852857722835,0.00461238877831035,0.00421631275466052,0.00378126567346273,0.00342653945717949,0.00317817717075783,0.00290666920009976,0.00260849759538297,0.00227888003441055,0.00205295297914308,0.00193405994489731,0.00180464769814948,0.00166342834881887,0.00150874315837321,0.00133838224131454,0.00114927954356631,0.000936960364470401,0.000694444683600437,0.000470318736787103,0.000462244457830306,0.000453349336367344,0.000443591640172221,0.000432922777069306,0.000421287013202663,0.000408620898726235
-7.48814595254667e-07,-4.51019214049115e-07,-1.57121445414019e-07,0.00295994342519936,0.0183652683771738,0.0374735400060566,0.0572832274151877,0.0767998828871547,0.0955518126995004,0.113415799071524,0.130340632686118,0.146325499264855,0.161402057768637,0.175618287710313,0.189023083810222,0.201651570201624,0.213511973836163,0.224575364898494,0.234769428968477,0.243976703807328,0.252040211405787,0.258818489318008,0.264070548476731,0.267660324430336,0.269444679743997,0.269278952436911,0.267190607545912,0.263159264647998,0.257264400547037,0.249663431004901,0.240539078831543,0.230227528351582,0.218936446516616,0.206974792605056,0.194619512214912,0.182131632784751,0.169779085443991,0.15768377216963,0.145990074440681,0.134809084405763,0.124215485291636,0.114243202928217,0.10487982655915,0.0961752366605505,0.0881149970680093,0.0806465499388712,0.0736851413918771,0.0673574873902155,0.0615438028040927,0.0561836324636934,0.0513260262659745,0.0468322967826584,0.0427237504812548,0.0389633268740953,0.035539591638368,0.032400437472261,0.0295335617234394,0.0269244906027421,0.0245482925427325,0.022367312111931,0.0203911672311414,0.0185627444988596,0.0169280940690031,0.0154311730265418,0.0140618453782811,0.0128082824676484,0.0116527126848075,0.010622971941318,0.00969813381968345,0.00881591349700253,0.00803764678939814,0.00732592002761588,0.0066665931340771,0.0060657672583961,0.00554749661377221,0.0049784984919512,0.00459250732233049,0.00419492929657869,0.0037582600835938,0.00341386324761296,0.003164541140856,0.00289200309723672,0.00259271929163877,0.00226188902159695,0.00204677501696663,0.001927409001845,0.00179749168465205,0.00165573147231026,0.00150046435364197,0.00132947252350972,0.00113967731244765,0.000926582468325735,0.000683167691486239,0.000469868180768866,0.000461754074815609,0.000452816256945922,0.00044301284346929,0.000432295084868312,0.000420607082799163,0.000407885213379288
-7.48816725489884e-07,-4.51016534962862e-07,-1.57121714633309e-07,0.00296111607234672,0.0183955941587147,0.0375488661451804,0.0574312371924808,0.0769949453790986,0.0958004361552929,0.113733705312458,0.130703146587229,0.146737678426798,0.161869944067943,0.176140017637755,0.189595487724695,0.202270121107997,0.214170753925289,0.225267057671873,0.235485335908752,0.244706776101485,0.252769575032942,0.259492761368796,0.264703106533077,0.268213596142439,0.269886002289026,0.269611191663161,0.267360810072872,0.263197586670837,0.257149597267061,0.249409031624374,0.240157509269748,0.229736528497583,0.218361133487485,0.206337333327361,0.193939431939486,0.181457689252919,0.169098901073118,0.157010026131614,0.145333930105605,0.134180364758719,0.123622805059028,0.113694054864572,0.104380619843373,0.0956841695480315,0.0876840029427618,0.0802314616704696,0.0732990428196735,0.0670323265626568,0.0612434802163896,0.0559103965164657,0.0510580891434938,0.0465954064011691,0.0425072343315498,0.0387624698821163,0.0353559037461421,0.0322288782184164,0.0293752858767329,0.0267805813212516,0.0244197255192968,0.0222549113036883,0.0202832535095332,0.0184692918566361,0.0168437050128276,0.0153532405724449,0.0139908937894702,0.0127447871743849,0.0115970791852008,0.010563161848652,0.00964710835935225,0.00877386426553876,0.00799244196574487,0.00729037397095463,0.00662837970742202,0.00603766735274966,0.00551728842073954,0.00494601786576287,0.00457098195899715,0.00417178914817543,0.00373337844127645,0.00340013283761504,0.00314977750095852,0.00287613198626014,0.00257565407728789,0.00224352379593714,0.00204007949405345,0.00192020348811918,0.0017897421453149,0.00164740003728539,0.00149150766717513,0.00131983894744128,0.00112930194192062,0.000915377619125845,0.000671002888610857,0.000469378837931883,0.000461221541240345,0.000452237434992137,0.000442384475002638,0.000431613745594801,0.000419869175396465,0.000407086958707237
-7.48813779786285e-07,-4.5101735478795e-07,-1.5712293750524e-07,0.00296163935662569,0.0184209845254521,0.0376175111924331,0.0575606166647093,0.0771658136127268,0.0960437484266781,0.114027604174517,0.131048586933649,0.147117509645553,0.162277184113972,0.176592326835815,0.190089274550379,0.202800469936694,0.214731391709374,0.22585034306872,0.236082269369318,0.245307022096575,0.253361484324889,0.260044136497632,0.265197539491637,0.268621817489733,0.270170276857878,0.269787843946661,0.267394004129684,0.26307781244176,0.256884108255432,0.249010465067102,0.239637772767568,0.229118656525707,0.217669207781295,0.205592389064064,0.193165231750203,0.180697051052999,0.168338672661393,0.156262484407833,0.144609956974495,0.133489602834875,0.122973770157538,0.113094202612418,0.10383636411309,0.0951496411040637,0.0872153785999908,0.0797806030586976,0.0729217209767002,0.066679552103688,0.0609178157854285,0.0556142135428836,0.0507796976156738,0.0463387958263703,0.0422727436746308,0.0385517205553583,0.0351570402080829,0.0320445510485807,0.0292169833612275,0.0266267958923394,0.0242805912242198,0.0221332619278481,0.0201664853051205,0.0183715704285254,0.0167523798199989,0.0152689083230828,0.0139141170075574,0.0126760760494987,0.0115368691261705,0.0104984674629433,0.00959190414457108,0.00872835713545955,0.00794354658128489,0.00725190741053195,0.00658704953179043,0.00600725440946312,0.0054846110646811,0.00491447878573863,0.00454768580512635,0.00414675880420462,0.00370648070374799,0.00338526572215226,0.00313379917367506,0.00285896423514936,0.0025572058261178,0.00222368383122842,0.00203282519894481,0.00191239972446179,0.00178135291132008,0.0016383853850181,0.00148182197108254,0.00130942795768836,0.00111809750850315,0.000903287580524901,0.000657889730653971,0.000468847425164652,0.000460643301351121,0.000451609026025919,0.000441702385615766,0.000430874289575859,0.000419068485654567,0.00040622097814336
-7.48810296399595e-07,-4.51016978655956e-07,-1.5712082159243e-07,0.00296151671987736,0.0184416061699813,0.0376838203523483,0.0576721607080031,0.0773135140351543,0.0962549522388812,0.114282486515392,0.1313475565842,0.147459834150004,0.1626577983547,0.176992782471628,0.190513587354119,0.203251850403423,0.215209190946169,0.226347524068385,0.236583657406626,0.245788440006921,0.253814479482425,0.260464138996361,0.265535915116004,0.268868325806506,0.270314227101523,0.269797152812352,0.267266239313311,0.26279831954933,0.256465672745662,0.248464872372269,0.238988685266165,0.228370071660579,0.216856500707738,0.204735558073684,0.192319778615866,0.179845291252725,0.167494002490308,0.155436842293088,0.143813999686173,0.13274078292689,0.122264665113339,0.112440208621879,0.103243930841874,0.0946071125918691,0.0867064347202241,0.0792914037366278,0.0725124622327793,0.0662971319494017,0.0605649358077356,0.0552933781221636,0.0504797983808343,0.0460609952198701,0.0420189355353644,0.0383236307626519,0.034941865102567,0.0318580879532763,0.0290461782002873,0.0264727920864385,0.0241300962582231,0.0220016660720415,0.0200401977331639,0.0182658539119502,0.016653593903044,0.0151776927622123,0.0138310747707786,0.0126017540677512,0.0114717344731371,0.0104285237350267,0.0095322065363016,0.00867912901830639,0.00789068468690414,0.00721029850528198,0.00654237001239055,0.00597435186816633,0.00544927923717128,0.00489101714515277,0.00452248384066633,0.00411969659114412,0.00367741874801432,0.00336917388624769,0.00311651349021794,0.00284040259948976,0.00253727285511334,0.00220226319959099,0.00202496803273821,0.00190395106266228,0.00177227478658552,0.00162863579845097,0.00147135308596282,0.00129818300254843,0.00110600520507484,0.000890251421539624,0.000643765259344966,0.000468270391714114,0.000460015511533693,0.000450926877414934,0.000440962096685391,0.000430071896109041,0.000418199834708195,0.000405281720437871
-7.48813737604473e-07,-4.51015076152428e-07,-1.57122495013265e-07,0.00296074712353765,0.0184575942209615,0.0377390599652387,0.0577665564389324,0.0774457151911692,0.096435278017988,0.114499798792143,0.131601704971596,0.147749546425497,0.162980641477723,0.177345115455018,0.190890512621299,0.203647172538392,0.215615390474389,0.226755748797262,0.236983727421791,0.246168857552979,0.254137639195165,0.26073461556621,0.265718854045369,0.268953224515763,0.270290100095367,0.26963802248566,0.266969317578112,0.262356704778387,0.255891269851284,0.247768657760917,0.238200658112565,0.227486274688856,0.215918237022951,0.203781899179255,0.191371180048739,0.178897537864653,0.166560088020231,0.154528427751009,0.14298826693841,0.131970331629462,0.121527185639851,0.111728393933167,0.102599976784138,0.0940364876117513,0.086154305385666,0.0787611292890369,0.0720689460102699,0.065882904484681,0.0601828483785212,0.0549460777772717,0.0501552617046603,0.0457604444434184,0.0417443847682286,0.0380769166873038,0.0347100358377299,0.0316564236713484,0.0288614641974903,0.0263062500947736,0.0239673997352725,0.0218593835051259,0.0199036863247154,0.0181515445273373,0.0165467908376354,0.0150790811714304,0.013741300228967,0.0125214022116176,0.0114013057953912,0.010355680113626,0.00946768217935486,0.00862590065470564,0.00783356430434121,0.00716531185676868,0.00649409513869086,0.00593877221871696,0.00541109674476541,0.00486563353699202,0.00449523270369583,0.00409045255404437,0.0036460363652193,0.00335176361995862,0.00309782204775308,0.00282034414040982,0.00251574791870728,0.00217915065808543,0.00201646088345749,0.00189480777383569,0.00176245545541418,0.00161809644023068,0.00146004375608119,0.00128604455360681,0.00109296342008276,0.000876205668076536,0.000628564349219523,0.000467643899485429,0.000459334019927089,0.000450186505690523,0.000440158776958652,0.000429201369585651,0.000417257647007838,0.000404263215384267
-7.48810767312219e-07,-4.51014546536779e-07,-1.57122894140934e-07,0.00295932503996797,0.0184690529287479,0.0377835794824883,0.0578443856259565,0.0775660908764785,0.0965857781156946,0.114680776061328,0.131812435321398,0.147988196036253,0.163244226392993,0.177629455451268,0.191190185195716,0.203955474383822,0.215924312179972,0.227055963974438,0.237264591955981,0.246418411085715,0.254342601007134,0.26085595602247,0.265751344367187,0.268875848264105,0.270096635323413,0.269308543524911,0.266500669249732,0.261749762696868,0.255157100409024,0.246917473445887,0.237268952998691,0.226480326234986,0.214871753061681,0.20273079252987,0.190314069291391,0.177848468906455,0.165531717780737,0.15358776107671,0.142094695457536,0.131130177024932,0.120748396934504,0.110961466016083,0.101900941627514,0.0934175435400037,0.0855559462163231,0.0782374595054499,0.0715887086223326,0.0654345768755032,0.0597694419312117,0.054570391601141,0.0498042998141794,0.0454389700850001,0.0414475832021202,0.037810219507406,0.0344751342725359,0.0314384441908207,0.0286618217990383,0.0261262489195921,0.0238015889578466,0.0217056311993059,0.0197656102779532,0.0180280095444539,0.0164313819858531,0.0149725313099651,0.0136442996471789,0.0124345771755263,0.0113251919421733,0.0102906897711791,0.00939797885743903,0.00856837636793176,0.00777187739034717,0.00711669832076131,0.00644196547693262,0.00590031680854511,0.00536985645444489,0.00483818290897234,0.00446578055128895,0.0040588684226806,0.00361216936183251,0.00333293536364199,0.00307762061437361,0.00279868019733302,0.00249251827495974,0.00215422983271422,0.00200725350792076,0.00188491695128669,0.00175183941289895,0.0016067093160269,0.00144783365662059,0.00127295017122174,0.00107890787262498,0.000861084524646332,0.000612220036948729,0.000466963801892287,0.00045859434371201,0.000449383074599014,0.000439287219100244,0.000428257115066938,0.00041623592483047,0.000403159048616219
-7.48813823286484e-07,-4.51014638775567e-07,-1.57122964454699e-07,0.00295724040137708,0.0184760561537398,0.0378176594059855,0.0579061266947494,0.0776632789165607,0.0967073289278423,0.114826443649414,0.131980905466052,0.148177049726891,0.163449898204219,0.177847188679051,0.191413988770691,0.204178087417527,0.216137180093579,0.227249226014642,0.237427075360361,0.246537624902294,0.254404723354553,0.260827820989677,0.265636752879385,0.268638179972301,0.2697317432967,0.26880596753292,0.265856878254334,0.260973466185835,0.254258570786551,0.245906206535906,0.236188124297328,0.225350708163673,0.213711983848009,0.201557619755426,0.189142581996924,0.176692309908537,0.164450610461273,0.152561998527027,0.141120144977672,0.130215728791625,0.119902062971255,0.110190359318451,0.101143047629068,0.0927469127721165,0.0849081342590127,0.0776865151639244,0.0710691426382173,0.0649497247057143,0.0593224849930426,0.054164289984482,0.0494292501772036,0.0451055990306166,0.0411446005604375,0.0375221053669075,0.0342213486261445,0.0312029737482962,0.0284461751295618,0.0259318164970516,0.0236295928113678,0.0215395833292135,0.0196241996413232,0.0178945811692587,0.0163067464674395,0.0148574714229084,0.0135395524157567,0.0123408113297597,0.0112429799357117,0.0102204733073653,0.00932272557272926,0.00850624398124009,0.0077053000142857,0.00706419495812096,0.00638570834427984,0.0058587757602273,0.00532534037806922,0.00480851153929879,0.00443396700633715,0.00402477768710405,0.00357564579783623,0.00331258359739806,0.00305579908533846,0.00277529644025837,0.00246746584430804,0.00212737951479898,0.00199729242942999,0.00187422243452476,0.00174036792243244,0.00159441327513256,0.00143465944875644,0.00125883462487101,0.00106377181471814,0.000844820177762382,0.000594663950835248,0.000466225621419907,0.000457791646418873,0.000448511370409126,0.000438341814750731,0.000427233113432851,0.000415128223304831,0.000401962336699867
-7.48814682066552e-07,-4.51017113178264e-07,-1.57121431247073e-07,0.00295447854472405,0.0184786477560587,0.0378415123535681,0.057952156304631,0.0777378554614108,0.0968006325749965,0.114937618372214,0.132108028287069,0.148317090701771,0.163598677767765,0.17799933430884,0.191562895107334,0.204315884268279,0.216254710537895,0.227336032900556,0.23747139112796,0.246526358437368,0.25432343947689,0.260649116970525,0.265357601258236,0.268235203678796,0.269192480075295,0.268126683772485,0.265033661221647,0.260022949142959,0.253190278993948,0.244728968489995,0.234952011318911,0.224075487601593,0.212415482027999,0.200255949254448,0.187850355730403,0.175456414431752,0.163283282649732,0.151443071459045,0.14005940059845,0.129222107073873,0.118983670410156,0.109354431147403,0.100322301755611,0.092021036066464,0.0842074700803529,0.0770906780022913,0.070507497945065,0.0644257932388459,0.0588396274593751,0.0537256357189288,0.0490386219246551,0.0447455733779442,0.0408174852811321,0.0372192259323912,0.0339473408081032,0.03094877550599,0.0282133926458566,0.025721930228354,0.0234439046936272,0.0213603718453917,0.0194715311261521,0.0177505568907051,0.0161722315609811,0.0147333006580446,0.0134265114225597,0.012239613010061,0.0111542351406308,0.0101446545881103,0.00924153290089009,0.00843917494465139,0.00763349279376513,0.00700752516701758,0.00632503820768181,0.00581392802156907,0.00527731992446784,0.00477645695887974,0.00439962320311474,0.00398800580005134,0.0035362863843522,0.00329059678626095,0.00303224151807609,0.00275007300341898,0.00244046747994561,0.00210059952924933,0.00198652085501168,0.00186266475724974,0.00172797900497107,0.00158114405350302,0.00142045488635657,0.00124363007830228,0.00104748631245354,0.000827343193778135,0.000575826849718537,0.000465424526962648,0.000456920713578372,0.000447565777132225,0.00043731652938465,0.000426122895616535,0.000413927625070331,0.000400665702465259
-7.48812272416615e-07,-4.51017388171929e-07,-1.57118446426611e-07,0.00295102008566953,0.018476841708887,0.037855283893796,0.0579827505434109,0.0777902556290583,0.0968662180722323,0.115014909202673,0.132194471593018,0.148409017362245,0.163691258973249,0.178086539919837,0.191637457321829,0.204369269568639,0.216277100285177,0.227316309497567,0.237397124249319,0.246383785759062,0.25409743920266,0.260321206330352,0.264911398374343,0.267656516124888,0.268475023513657,0.26726619777611,0.264025848988662,0.258892491730976,0.251946003598911,0.243406968972553,0.23355373385691,0.22264766808928,0.210975221129811,0.198818803600205,0.186455285996013,0.174137733800322,0.162009648605385,0.15022511436845,0.138906930356289,0.128144147224074,0.117988450433955,0.108449332586336,0.0994880427548127,0.0912361664241161,0.0834898949484991,0.0764468600817164,0.069900884915029,0.0638601006859507,0.0583184037352316,0.0532521867930239,0.0486170064895601,0.0443570473480162,0.0404644965519913,0.0369039788999167,0.0336517076343244,0.030674553233716,0.0279622887004016,0.025495518326228,0.0232435697152607,0.0211670877734449,0.019306817827306,0.0175952003830308,0.0160271536474195,0.0145993899773023,0.013304603881779,0.0121304672076349,0.0110585017692827,0.0100628384626325,0.00915399368637475,0.0083668247141438,0.00757466460665566,0.00694639903266426,0.00626013313043945,0.00576554157997901,0.0052255563567408,0.00474184797650315,0.00436257196819979,0.0039483705451985,0.00350574255288945,0.00326685739329447,0.00300682624633901,0.00272288473399368,0.00241139536694309,0.00208975472432518,0.00197487861750208,0.00185018113123608,0.00171460747486108,0.00156683436974808,0.00140515098868882,0.00122726635606058,0.0010299806225681,0.000808583025918888,0.000555639289951597,0.000464555309208007,0.000455975927805891,0.000446540251237725,0.000436204876197311,0.000424919516632614,0.000412626714579912,0.000399261250513476
-7.48815426359461e-07,-4.51016173051588e-07,-1.57120411939987e-07,0.00294684079465902,0.0184706221221061,0.0378590529975613,0.0579980856294126,0.0778207743682018,0.0969044418643931,0.115058717303475,0.132240657297745,0.148453241385369,0.163728005325709,0.178109076276488,0.191637802602937,0.204338170286537,0.216204014265612,0.227189392521353,0.23720321343749,0.246108375099004,0.253724646100937,0.259833732499626,0.264294791492093,0.26690189191843,0.267574651319393,0.266219112195091,0.262847648806631,0.25757550870677,0.250518696168357,0.241928313234049,0.231986754215921,0.221059597042669,0.209383578883273,0.197269108009311,0.184974927167191,0.172698593807227,0.160623166229956,0.148901918262817,0.137658748998511,0.126976408822412,0.116911387151508,0.107470493269875,0.098614026371954,0.0903883762198012,0.0827584648973857,0.0757518261102254,0.0692462801317185,0.0632498439069869,0.0577562381386289,0.0527416012380288,0.0481623052996062,0.0439405648122048,0.0400838809214388,0.0365640382502387,0.0333329837803333,0.0303909605227059,0.0277043306526933,0.0252514621460481,0.0230275902909526,0.0209754417605446,0.0191292374287688,0.0174277430796229,0.0158707997870011,0.0144550836698678,0.0131732327067017,0.0120128367398285,0.0109553037985057,0.00997461138953717,0.00905968413677487,0.00828883344283707,0.00751305604035565,0.00688051394190521,0.0062113657319255,0.00571337388287235,0.00516980149475588,0.00470450483111862,0.00432262815032563,0.00390568258771071,0.00348182160591285,0.00324124198208999,0.00297942610791866,0.00269360156491888,0.00238011757882717,0.00207803214325403,0.00196230215110914,0.00183670547087232,0.00170018502333046,0.00155141408453758,0.00138867628927908,0.00120967129734696,0.00101118267151826,0.000788468643519749,0.000534032430978171,0.000463612355509007,0.000454951243130739,0.000445428295238097,0.00043499989020794,0.000423615530337484,0.000411217553708658,0.000397740544623646
-7.48815128747095e-07,-4.51014892602734e-07,-1.57121596458659e-07,0.00294191145307699,0.0184599430275821,0.0378528320885403,0.057998238138931,0.0778295666029832,0.0969154876720052,0.115069235317142,0.132246759912801,0.148449884990886,0.163708945730278,0.178066831312289,0.191563624049387,0.204222025194412,0.216034572576934,0.226954014921132,0.236887932928479,0.245697868262529,0.253202194834409,0.259186841837684,0.263503542524262,0.26597442292223,0.266485721205019,0.264979110292267,0.26149173558984,0.25607665144479,0.248939586710792,0.240269567526366,0.230305707548737,0.219345491008212,0.207691882534161,0.195616064188351,0.183358879574312,0.171131749214209,0.159125711422878,0.147528381502292,0.136393142150747,0.125793690528498,0.11576480581759,0.106413133140895,0.0976702470084568,0.0894735682641573,0.0819692119719739,0.0750022021126781,0.0685405351928933,0.0625921070294889,0.0571504530159312,0.0521914444298667,0.0476875708300424,0.0435121764689223,0.0396879632605422,0.0361977658358733,0.0330038247172504,0.0300956632598325,0.0274359167561636,0.0250006620976968,0.0227949290494894,0.0207742559011155,0.0189379345342301,0.0172473865586268,0.0157024300681835,0.0143076919487893,0.0130317785325385,0.0118861639918812,0.0108441463748582,0.00987954246346205,0.00895816540200988,0.00820482703954821,0.00744663926286314,0.00680955551514504,0.00615877851993203,0.0056571724946163,0.00510979870729942,0.00466423949479298,0.00427959914172978,0.00385974625064672,0.00345600663191637,0.0032136214216359,0.00294990879601727,0.00266208904640366,0.0023464988107837,0.00206536748324387,0.00194872450645011,0.00182216846834256,0.00168464036777011,0.00153481043703989,0.00137095717642331,0.00119077121809355,0.000991019661319214,0.000766929299630015,0.000510938994279448,0.000462589624326003,0.000453840158424765,0.000444222931250112,0.000433694101863763,0.000422202963663713,0.000409691658109077,0.000396094585864706
-7.48812534294841e-07,-4.51016893576577e-07,-1.57120918909996e-07,0.00293619758822695,0.0184447279737114,0.0378365667558217,0.0579831847265682,0.0778166468252324,0.0968993656777183,0.115046445841677,0.132212704006305,0.148398777212375,0.163633769221788,0.177959303026072,0.191414171495249,0.204019773428785,0.215767336520252,0.226608289453645,0.236448873658011,0.245149259696287,0.252526408603076,0.258379012386219,0.262538297816276,0.264863112792499,0.265205122356969,0.263543641724651,0.259939287436959,0.254419108999211,0.247183766904331,0.238421954414808,0.228445752516651,0.217489276175207,0.205854296452959,0.193810950299574,0.181599167137588,0.169464027190476,0.157584413877427,0.146068444823957,0.135024217786629,0.124524747131269,0.114604062821886,0.105272279466843,0.0966522348504533,0.0885326813011672,0.0811184035368147,0.074194487892077,0.067780389166299,0.0618991011873334,0.0565147215176591,0.0515991992938674,0.0471845976154913,0.0430508760125185,0.0392710992995569,0.0358046062175906,0.0326588494205752,0.0297777258719935,0.0271469255899244,0.024742341852021,0.0225445129421801,0.0205576433315803,0.0187320239987522,0.0170533058775372,0.0155445140512453,0.014165065554315,0.0128984738385152,0.0117498733423513,0.0107245177997108,0.00977718491642033,0.00887259452369366,0.00811441866813426,0.00737509454214215,0.00673319891203038,0.00610211490685491,0.00559667604496941,0.00504528424338928,0.00462085616482329,0.00423328562220411,0.00381036055537163,0.00342816660014907,0.00318386121717752,0.00291813736401504,0.00262820904921491,0.00231040132381762,0.0020516929797483,0.00193407541871211,0.00180649773229892,0.0016678994763341,0.00151694837090699,0.0013519183365773,0.00117049149277126,0.000969418805408324,0.000743895448296962,0.000486294385767979,0.000461480617927979,0.000452635690613775,0.000442916674671295,0.000432279511524932,0.000420673292803238,0.000408039975206044,0.000394313794491231
-7.48816602282759e-07,-4.51016523973183e-07,-1.57122762365798e-07,0.00292965929979984,0.0184248694978777,0.0378101351096553,0.0579528013296866,0.0777818879918525,0.0968559108544066,0.114990119009952,0.132138160823227,0.148299449156179,0.163501818612389,0.177785591245765,0.191188241129672,0.203729841771994,0.215400293545341,0.226149691270873,0.235882923701175,0.244458775163492,0.25169277668417,0.257403010051946,0.261406437469476,0.263561229766127,0.263752556694029,0.261947099998107,0.258181696984626,0.252559097028476,0.245227699837789,0.236423011274629,0.226397460213447,0.215454237710423,0.203847019147445,0.191847925801006,0.179749892056961,0.16771571282713,0.155915788329783,0.144489929445284,0.133545618576545,0.123155216119913,0.113352019160617,0.104125106901349,0.095555365789502,0.0875744401754548,0.0802021820539637,0.0733250739550048,0.0670072438424264,0.0612411301141913,0.0559172548378275,0.0509943638743252,0.0466434363898884,0.0425546003214325,0.0388226211409267,0.0354065129327038,0.0322877263858899,0.0294357264426972,0.0268360635639521,0.0244644377708442,0.0222845250940603,0.0203246312343653,0.0185105953998839,0.0168656381005445,0.0153759321587518,0.0140115952503343,0.0127610252997487,0.0116069844533215,0.0105958921951179,0.00966707818030801,0.00878142131400633,0.00801721075662733,0.00729809109508727,0.00665111057534227,0.00604110891429376,0.0055316155131652,0.00497598895573496,0.00457415197246023,0.00418348255745871,0.00375732055992422,0.00339816491097238,0.00315182199439887,0.00288397090788811,0.00259182068054265,0.00227168612241062,0.00203693746174002,0.00191828143506119,0.00178961800063254,0.00164988588018207,0.00149775096302001,0.00133148332015593,0.00114875727263133,0.000946308220752478,0.000719299825252997,0.000468383046682146,0.000460278356387625,0.000451330348285517,0.000441501507959667,0.000430747565056737,0.000419017420415898,0.000406252864645956,0.00039238799426878
-7.48809989887688e-07,-4.51017620771769e-07,-1.57122600757915e-07,0.00292225095629109,0.0184002283092838,0.0377733466960275,0.05790686181443,0.0777250196444971,0.0967847804976225,0.114899809173507,0.132022543754267,0.148151128064822,0.163312082882544,0.177544388043512,0.190884163789074,0.203350130657108,0.214930840914669,0.225575039386283,0.23518624785522,0.243621849982893,0.250695932170963,0.256252729560427,0.260088623323647,0.262061096980904,0.262095928848066,0.26014253017718,0.256219877131503,0.250486807600116,0.243081768680974,0.234253384698992,0.224216249874015,0.213274649861836,0.201719972968623,0.189811951607176,0.177779901279691,0.165823397761279,0.154112266631868,0.142785756745433,0.131950771263352,0.121679040404199,0.112003141076851,0.102911295668574,0.0943748877078368,0.0865430898864853,0.0792165871313892,0.0724116220591198,0.0662384083968721,0.0605333296755985,0.0552745754262805,0.0504204870625365,0.0460812075766829,0.0420439066662702,0.0383439526792569,0.0349785826416099,0.0318888692544796,0.0290682099636245,0.0265020068409254,0.0241657571058679,0.0220228651251994,0.0200742236029948,0.0182772493569868,0.0166692236709521,0.0151947052077035,0.0138466129958447,0.0126132477489691,0.0114772411789124,0.0104577329509855,0.00954875059551672,0.00868336945378658,0.00791279760125792,0.00721528877690605,0.00656295047739971,0.00597548641519849,0.00546171590218984,0.00490164047068587,0.00452391795425651,0.00412998050488991,0.00370041904241165,0.0033658598577321,0.00311736015881292,0.00284726545365155,0.00255278143431962,0.00223021439748276,0.00202102647319975,0.0019012661175296,0.00177145144193513,0.00163052109048544,0.00147713997523033,0.00130957524125373,0.00112549435344295,0.000921617979190898,0.000693078699356573,0.000467184329099356,0.000458975349628613,0.000449916104800312,0.00043996885538879,0.000429089129885465,0.000417225655562628,0.000404320082161458,0.000390306401784062
-7.48811993506174e-07,-4.51018675033536e-07,-1.57123369942125e-07,0.00291392087710673,0.0183706323327782,0.0377259410734085,0.0578450360447845,0.0776456253782348,0.0966854508884424,0.114774850501985,0.131865002710782,0.147952730169526,0.163063188161608,0.177233966752167,0.190499791735318,0.202877998698764,0.214355768033099,0.224880477009,0.234354266442756,0.242633107007931,0.249539654013421,0.254921155286072,0.258577040388224,0.260375767379468,0.260225972220287,0.258120121119223,0.254099778711292,0.248253548707734,0.240782922532119,0.231873356323112,0.221858750545394,0.210953928904533,0.199449547155507,0.187604687421438,0.175648080150286,0.163798727180681,0.152232940891794,0.14104598302581,0.130331357672062,0.12014595985471,0.110551762210535,0.101605543296278,0.0931876891991961,0.0854343178192592,0.078157583740303,0.0715241721829803,0.0654120892608497,0.0597727361849934,0.0545839885574486,0.0498037665121078,0.0454859462066239,0.0415005779660201,0.0378556197967118,0.0345190676857543,0.0314749824383959,0.0286988484529748,0.02615778147118,0.0238450873452994,0.0217418503494526,0.0198054086018347,0.0180511511943362,0.0164582713569835,0.0150000858928959,0.0136694382121347,0.0124545269471527,0.011337848154396,0.0103094970714946,0.00942172287053662,0.0085780246772878,0.00780076864581675,0.00712634027122794,0.00646837494379963,0.00590496676351369,0.00538669836138972,0.00483566707058386,0.00446994031813499,0.00407256725832608,0.00363944857305913,0.0033311052652628,0.00308032875956165,0.0028078750810467,0.00251094859965095,0.00218584925779241,0.00200388246344838,0.00188295033346837,0.00175191805965149,0.00160972513540818,0.00145503653874407,0.00128611763058273,0.00110063020900107,0.000895281333327346,0.000665173300330156,0.000465885109111671,0.000457563571084074,0.000448384372800163,0.000438309559525242,0.000427294474637552,0.000415287696619364,0.000402230767977105,0.000388057621755458
-7.48813400248753e-07,-4.51016092134962e-07,-1.57119907467323e-07,0.00290461099727323,0.0183358755480873,0.0376675859027979,0.0577668874198946,0.0775431394934492,0.0965572130050375,0.114614351568944,0.131664417281557,0.147702852149133,0.162753387369186,0.176852169430113,0.190032483933489,0.202310245704893,0.213671237357588,0.224061450738135,0.233381633378152,0.241486334521195,0.248233853356731,0.253407706070065,0.256877807403517,0.258503281367423,0.258187427011633,0.255912461224211,0.251753257552525,0.245816703440739,0.238261004220827,0.229360937024567,0.219311870157947,0.208432299816662,0.196992625685032,0.185253622693859,0.173430542663297,0.161712055575981,0.150256312670031,0.139189874611675,0.12860568980853,0.118560011424725,0.109068154613841,0.10020264307842,0.0919486362010723,0.0842437533736918,0.0771008181049292,0.0705711996844433,0.0645250079609413,0.0589563475818945,0.0538427642841409,0.049141740739158,0.0448518975508871,0.0409183238558632,0.0373316803968632,0.0340426174764472,0.0310466729917083,0.0283067889839515,0.0258041591173916,0.0235094418377156,0.0214403882221226,0.0195245387667355,0.017808535640264,0.0162319578507821,0.0147913195016849,0.0134793835354922,0.0122842417720601,0.0111882498710989,0.0101668000283695,0.00928551238674109,0.00846496697796905,0.00768071252202551,0.0070308938596349,0.00636704012106211,0.00582926487375963,0.00530628281369499,0.00478121838270781,0.00441200205784124,0.00401102988505512,0.00357420401149223,0.00329375133304008,0.00304057859209286,0.00276565331491174,0.00246618097528725,0.00213845777939909,0.00198542506964547,0.00186325264886222,0.00173093621822942,0.00158741723358955,0.00143136199348631,0.00126103545266722,0.00107409519972662,0.000867236121878408,0.000635531418609963,0.000464477369728882,0.000456034431430558,0.000446725979724646,0.000436513859267685,0.00042535325134409,0.00041319261845816,0.000399973440663984,0.000385629649229763
-7.48812999745955e-07,-4.51019123105971e-07,-1.57122924607349e-07,0.00289425646604461,0.0182957165543557,0.0375978746150664,0.0576718696878891,0.0774168428416301,0.0963991673317135,0.114417188815698,0.131419388642775,0.147399761240966,0.162380548281577,0.176396392780928,0.189479089685023,0.201643094162903,0.212872763978417,0.223112688737665,0.232262213742941,0.240196070237922,0.246750375656094,0.251737476437983,0.255004969637598,0.256411493691891,0.255922605183788,0.253511968004108,0.249211401487244,0.243169263621366,0.235583771708541,0.226637660685017,0.216636042799131,0.205813548692564,0.194451184538744,0.182798197117836,0.171073110899491,0.159464176215886,0.148129107764841,0.137193990815331,0.126751234373782,0.116856458227007,0.107524212763179,0.0987224359969121,0.0906190350252169,0.0829670111753346,0.0760130650637837,0.0695491250075301,0.0635738730544113,0.0580811528699884,0.0530481640668771,0.0484319367261588,0.0442000488465004,0.0403262149317528,0.0367756747620001,0.0335471950948918,0.03058764435651,0.0278866353018187,0.0254251631264269,0.0231736279671477,0.0211173862030562,0.0192483462038516,0.0175485073436935,0.0159894593350317,0.0145676516790234,0.0132757618787288,0.0121017704427805,0.0110278885292888,0.0100293196737821,0.00913963844980262,0.00834377459084915,0.0075522219358849,0.0069285968382371,0.00625860616041071,0.00574809380800849,0.00522019114625192,0.0047227609800151,0.00434988495950962,0.00394515718924837,0.00350448546800767,0.00325364571725647,0.00299795956594168,0.0027204548088534,0.00241834089033257,0.00208791338679376,0.00196557149672125,0.00184208984229177,0.0017084233044253,0.00156351662100911,0.00140603889415948,0.00123425630293256,0.00104582396362475,0.000837426353206525,0.000604109171292006,0.000462952529547883,0.00045437875384835,0.000444931145992867,0.00043457137151858,0.00042325448158192,0.00041092886585846,0.000397535998341404,0.00038300988100224
-7.4881316948203e-07,-4.51018056691467e-07,-1.57122011159972e-07,0.00288278518905815,0.0182498770069261,0.0375163237251352,0.0575593232408552,0.0772658577930245,0.096210217567117,0.114181998873799,0.131128230141457,0.147041383900507,0.161942139983322,0.175863572378192,0.188835930649715,0.200872169177622,0.211955193898417,0.22202817801878,0.231008055193214,0.238757403334009,0.245080456933716,0.249866708452274,0.252916812875164,0.254154628344934,0.253478461099041,0.250874272681597,0.246482403839675,0.240358573077709,0.232696257232711,0.223757046072188,0.21374386958534,0.202984747103605,0.191706930765747,0.180150895288259,0.168564977672154,0.157111305786428,0.145933717156602,0.135145908456721,0.124826604666998,0.115029164517389,0.105868472739693,0.0972461919874386,0.0891941983103171,0.0817274573054175,0.0748475126803871,0.0684543882306439,0.0625554185264101,0.0571441677501636,0.0521974730237737,0.0476718982292501,0.0435021482190828,0.0396922708923803,0.0362089988913237,0.0330168345237088,0.030098970470784,0.0274399648130112,0.0250195041097782,0.0228140844692856,0.0207778754283929,0.0189526115026411,0.0172701791427641,0.0157299615154359,0.0143283377756694,0.0130578949403455,0.0119064980373594,0.0108562104413025,0.0098820442642363,0.00898362858217252,0.00821402882381543,0.00744223669448231,0.0068190996582951,0.00615262122115823,0.0056611679290109,0.00512815101612693,0.00466007160653509,0.00428337203710858,0.00387474265692757,0.00344924281794844,0.00321063487683803,0.00295232237058164,0.00267213735443195,0.00236729657338176,0.00205973117462911,0.00194423702214949,0.00181937755507351,0.00168429654226882,0.00153794354678794,0.0013789921983818,0.00120571179242913,0.00101575699577324,0.000805803962098852,0.000570872908326742,0.000461301418163709,0.000452586751064117,0.000442989465071025,0.000432471076723253,0.000420986548542903,0.000408484252908477,0.000394905729120603,0.000380185138364645
-7.48815051848054e-07,-4.5101740372808e-07,-1.57121099050185e-07,0.00287011737928541,0.0181980397055703,0.037422369517805,0.0574284707356668,0.077089142385374,0.0959890634115942,0.113907169601956,0.130788956488903,0.146625292904524,0.161435217844652,0.175250165316657,0.188098781256129,0.199992476968855,0.210918785015951,0.220832443764996,0.229621504048781,0.237143940677783,0.243271797063106,0.247821814209493,0.250665371762403,0.251669883404201,0.250808937297409,0.248087040853258,0.243533921462347,0.237320649361983,0.229642467933799,0.220679644508066,0.210739649849285,0.200043721707509,0.188863516914396,0.177438631642471,0.165977458485156,0.15465743285341,0.143624551330784,0.132992042641116,0.122838072030243,0.113202361779999,0.104095425977463,0.095665291528116,0.0876936722712717,0.0804099231942238,0.0736003559809756,0.0672834974684085,0.0614664495476251,0.0561424770260581,0.0512880383207739,0.0468592195616477,0.0427872776074399,0.0390343920438664,0.035603018974172,0.032468870095286,0.0296097386412914,0.0269952650304354,0.0246020057020202,0.0224296714730067,0.0204444665012491,0.0186363905463644,0.0169726846161576,0.0154553279093041,0.0140839789413236,0.0128251232796193,0.0116978254137391,0.0106726736638209,0.00972448761478371,0.00881949314075678,0.0080753198241871,0.00733168525701407,0.00670206085325415,0.00606487489588866,0.00556820667889737,0.00502990031937776,0.00459292775767356,0.0042122504532021,0.00379958789159989,0.00340585574365794,0.00316456572342192,0.00290352046945488,0.00262056423839579,0.00231292487275857,0.00203823770584281,0.00192133563592405,0.0017950310987879,0.00165847398227546,0.00151062045394562,0.00135015064642016,0.00117533912294233,0.000983842403082158,0.000772330719154648,0.000535801228748094,0.000459514252354379,0.000450648005686741,0.000440889888891376,0.000430201309769763,0.000418537196041348,0.000405845972452474,0.000392069331478469,0.000377141702932553
-7.48812461698803e-07,-4.51017668809419e-07,-1.57123362470604e-07,0.00285616495586572,0.0181398465252687,0.0373153644232718,0.0572784119188798,0.0768854835393834,0.0957341921810462,0.113590829979611,0.130399271649794,0.146148692987547,0.160856406749825,0.174552131120804,0.187262847532431,0.199022663443563,0.209789217725112,0.219504951028734,0.228071749569649,0.235377143839057,0.241264776498824,0.245588444550767,0.248191377299657,0.249011461196355,0.247961550979797,0.245044989470906,0.24041106305712,0.234124358945497,0.22637756860068,0.217451708337423,0.207522543660633,0.196898785588667,0.185828916981205,0.17452652560413,0.16320003309452,0.152040353100638,0.141166142660703,0.130685263189886,0.120709315532662,0.111261114655334,0.102336522442934,0.0939748785053858,0.0862155973854536,0.0790015214917808,0.0722679089957271,0.0660835103529081,0.0604190688540565,0.0551845834502383,0.0503404530272653,0.0459915852590072,0.0420285512576351,0.0383485636430432,0.0349773255101693,0.031901405644966,0.0290871965380376,0.026520277815299,0.0241769589034228,0.0220221959745447,0.0200883183673547,0.018298773230731,0.0166687074519109,0.0151970577134655,0.0138488546672929,0.0126126975086182,0.0114751796358799,0.0104767569598977,0.00955617797825223,0.00867941593929513,0.00792725334637393,0.00721348385583476,0.00657715281042391,0.00597100917971785,0.00546893902899792,0.00492519234858995,0.00452111057755619,0.00413631494700752,0.00371950659099012,0.00335937205587277,0.00311528760243221,0.00285141244986456,0.00256560696075228,0.00225511433266537,0.00201516106706029,0.00189678083517238,0.00176896643239752,0.00163087567493729,0.00148147335704802,0.00131944833707329,0.00114308285048086,0.000950037827653421,0.000736980263227615,0.000498887060015271,0.000457580615936615,0.00044855145356304,0.000438620717319281,0.000427749757531546,0.000415893535549713,0.000403000614959532,0.000389012949360291,0.000373865368180073
-7.4881166580027e-07,-4.51017168947784e-07,-1.57122822373547e-07,0.00284151178678915,0.0180748960962596,0.0371945727645115,0.0571081179454207,0.0766534893517116,0.0954438693811247,0.11323083866879,0.129956555127516,0.145608404867187,0.160201882782633,0.173767096884245,0.186360137640376,0.197953212228416,0.208527151629745,0.218025773717866,0.226374881888017,0.233452183818973,0.239098157362084,0.243174161186723,0.245553961272461,0.246142990725065,0.24490613116037,0.241859175572967,0.237079053534955,0.230718033858809,0.222968664835858,0.214008974151589,0.204180177117185,0.193656556755142,0.182700597360851,0.171542310469387,0.160379918694387,0.149379908295823,0.138676334588813,0.128369260731795,0.118522206159306,0.109186865558596,0.100471910151672,0.0922349749611429,0.0846370804307116,0.0774984062559307,0.0709347172544898,0.06490840269208,0.0593383801509608,0.0542035152279815,0.0494637131308381,0.0450668159133366,0.0412508468742246,0.0376295617123264,0.0343270196285443,0.0312961850395354,0.0285342034783807,0.0260137540938221,0.0237235848539211,0.0216241116438331,0.0197084862365368,0.017950104242838,0.0163697883711178,0.0149214614751451,0.0135979549178116,0.012387742867207,0.0112739337427181,0.0102679701472417,0.00937666663988184,0.00852984110063537,0.00776945856864818,0.00708729396381804,0.00644406842279682,0.00587074456018469,0.00536310863912473,0.00481380165881976,0.00444440827958554,0.00405537180720616,0.00363432905162059,0.003309637187799,0.00306265463103967,0.00279586473818952,0.00250714832057762,0.00219376861165571,0.00199041304524917,0.00187048659663864,0.00174110133110243,0.00160142504482549,0.0014504334203844,0.00128682650115535,0.00110889682446843,0.000914312504967948,0.000699740215015811,0.00046381403066791,0.000455489442109469,0.000446285373403029,0.000436169594535572,0.000425103465231435,0.000413042064766892,0.000399934201973836,0.000385722221512866,0.00037034151010706
-7.4881532127328e-07,-4.51019445623307e-07,-1.57120803723624e-07,0.00282818903781869,0.018002741137417,0.0370603159793901,0.0569164247722742,0.0763915804069966,0.0951161280798743,0.112824771260463,0.129457846986012,0.145000847744039,0.159467521843783,0.172926111992324,0.185355675536649,0.196762157710239,0.207124814056539,0.216418456345704,0.22453894785663,0.23134930754414,0.236739057616065,0.240560743137788,0.242708137165184,0.243065306142892,0.241643278718866,0.238436064783475,0.233549142095072,0.227123332967215,0.219343817713383,0.210455250010892,0.200659771757787,0.190215205378085,0.179374955749675,0.168362022776185,0.157361442567955,0.146534670117711,0.136015366297769,0.125903102844387,0.116260797353513,0.107111017005691,0.0984829608403971,0.0904773942944661,0.0829541517372572,0.0759856925703462,0.0695867490871719,0.0636555698565718,0.0581864129911763,0.0531577278147513,0.0485289192217703,0.0442364090391535,0.0404306898168585,0.0368919035600377,0.0336429964557012,0.0306871420930468,0.0279820548768618,0.0255092566275503,0.0232408272064481,0.0212000030097599,0.0193040955416742,0.0176082292709068,0.0160512984138266,0.0146278714289073,0.0133306711948831,0.0121480441626137,0.0110629449452123,0.0100517147133922,0.00918553776075939,0.00837038397911463,0.00760159697639754,0.00695279672669526,0.00630252863213889,0.00576381554790399,0.00525047974308887,0.00472710586310351,0.00436262011822433,0.00396924339843696,0.00354390719578508,0.00325650101317124,0.00300652842000092,0.00273675470059188,0.00244508586323801,0.00212881021207001,0.00196390574274395,0.00184236853762904,0.00171135675943523,0.001570050472584,0.00141743874106206,0.001252235459349,0.00107274627610866,0.000876649418199988,0.000660614305762914,0.000461730626196654,0.000453229002019482,0.000443837381395635,0.000433523514446614,0.000422248852761046,0.000409968698244702,0.000396632233387857,0.00038218235028547,0.000366555178920529
-7.48811652045382e-07,-4.51015027637059e-07,-1.57119469453924e-07,0.00281360912081206,0.0179228855940435,0.0369230096322292,0.0567020259487011,0.0761180059567215,0.0947487571615212,0.112369906212251,0.128899831270104,0.144322020261315,0.158688618372602,0.171990501486234,0.184240261869616,0.195442095132948,0.205618154138206,0.214678022498918,0.222525803775844,0.229098481342195,0.234224786031289,0.237785913503366,0.239658362266458,0.239815764761387,0.238185932140496,0.234838034159127,0.229855913443954,0.223370672232605,0.215572413979072,0.206701931227299,0.196971193791656,0.1866680652128,0.175981104449203,0.165130692868836,0.154304742474233,0.143658562787417,0.133313958492864,0.12335743350893,0.113850236230464,0.104928726027956,0.0964852882068451,0.088605438426921,0.0812253308108625,0.0744550923549255,0.0681517009517519,0.0623222679477687,0.0569606792639593,0.0520449536660606,0.0475339930517444,0.0433636146945622,0.0395959929039129,0.0361180102949458,0.0329494742887451,0.0300452532280934,0.0273947292522383,0.0249791821900146,0.0227699310873211,0.0207489910283079,0.018915338147759,0.0172445052605045,0.0157125706320609,0.0143156832964407,0.0130464527225015,0.0118930958358179,0.0108384151785433,0.00985856477480347,0.0089824194635537,0.00820069128438798,0.00742337228655547,0.00680970054109999,0.00615229083502522,0.00564997658292035,0.00513084375000808,0.0046445076098398,0.00427556093067348,0.00387777322294747,0.00344812007389355,0.00319982056323143,0.00294678117979771,0.00267397411431445,0.00237933565291851,0.00206018446034836,0.00193555273217146,0.00181234528447494,0.00167965845464835,0.00153668708923611,0.00138243632614544,0.00121563674066459,0.0010346100168891,0.000837047488468407,0.000619624448802126,0.000459478415364823,0.000450786898838692,0.000441194435224143,0.000430668835201972,0.000419171744399272,0.000406658813963973,0.000393079754982475,0.000378378191713593,0.000362491216516431
-7.48812242245689e-07,-4.51017637694946e-07,-1.57121570010776e-07,0.00279767093944647,0.0178347814594066,0.03677082412648,0.0564634644997852,0.0758135160730553,0.094339288348391,0.111863209433372,0.128278818010678,0.143602180030436,0.157824682643887,0.170954295938479,0.183006900367865,0.194039488430777,0.203978960941157,0.212772056626082,0.220390082884862,0.226669601468333,0.231512267127066,0.234811455457615,0.236446998499767,0.236369931995928,0.234551713274462,0.231056443688587,0.225951115603263,0.219414417630087,0.211633365877155,0.202781209813144,0.193171639668384,0.182967591835954,0.172413255716796,0.161719349095891,0.151063476087502,0.140604026122782,0.130472684719605,0.120739620674794,0.111452565820699,0.102616974456073,0.0944149913559846,0.086632418859317,0.0795023868572774,0.0728279005512461,0.066626879310753,0.0609060819682236,0.0556589979315438,0.0508632028892262,0.0464770977828497,0.0424359139157564,0.0387180998815031,0.03532964555866,0.0322141123170529,0.029382870500719,0.0267903212125095,0.0244163525167835,0.022270229468516,0.0202916201227806,0.0185041096489458,0.0168582843184357,0.0153530257531301,0.013984374981089,0.0127448234591003,0.0116224578470606,0.0105999323080509,0.00965322201542596,0.00876699610289945,0.00802045108437987,0.00727464774615853,0.00665774953106353,0.00601651537366719,0.00552900868255343,0.00500402651496995,0.0045565565912784,0.00418306624083357,0.00378083149361112,0.00337753425448606,0.00313946314803305,0.00288329922050961,0.00260743298792334,0.00230983632556825,0.00202138474227027,0.00190527042141442,0.00178034006076311,0.00164593872930992,0.00150127876977115,0.00134538424182312,0.00117700532712687,0.000994482691370347,0.000795523728300195,0.000576812657589987,0.000457045003078561,0.000448150069982946,0.000438342847673609,0.000427591307112732,0.000415857412795128,0.00040309731801968,0.000389261445768533,0.000374294370650326,0.000358134401402129
-7.48814710422689e-07,-4.51018044869941e-07,-1.57120705147633e-07,0.00278026411377024,0.0177378252403899,0.0366027225783295,0.0561991241116621,0.0754759708718956,0.0938960989622991,0.111306111229413,0.127622765241014,0.142811743511418,0.15687016435606,0.169810941852384,0.181705788743834,0.192506310694301,0.202189140476775,0.210757656919597,0.218070571603292,0.224074792380359,0.228640037005665,0.231644780511984,0.233040868735204,0.232731616275081,0.230726677744674,0.227066373992746,0.221874215780921,0.215289905570519,0.207509389829821,0.198745146666941,0.189198941693134,0.179100612042354,0.168730486291102,0.158232211872891,0.147783161432183,0.137527163549228,0.127573394457089,0.117994336975439,0.108917623764918,0.100338892490941,0.0922165317314686,0.0847074328333796,0.0776732068514927,0.0711015482313518,0.065064388312086,0.0595137617953717,0.0543786997498433,0.0496215302480068,0.0453567026861873,0.041451848877804,0.037830300485489,0.0345080928620086,0.0314795297482858,0.0287068733621714,0.0261757984000336,0.0238632932513085,0.0217405167860803,0.0198306787576768,0.0180681190006548,0.016453664296766,0.015001845208135,0.0136712616368006,0.0124507415695679,0.0113357723103517,0.0103471535692458,0.00943535244051749,0.00856788796117257,0.00782940381982003,0.00712104927946818,0.0064967328598713,0.00589427364176147,0.00540072679285227,0.00486989618835618,0.00446308073932964,0.00408499789214031,0.00367832113614939,0.0033166034216945,0.00307530987574475,0.00281598681403375,0.00253706368022096,0.0022365533342335,0.00199086644040601,0.00187297964131756,0.00174628249458384,0.00161013848286494,0.00146378031353949,0.00130625390363433,0.00113633196930597,0.000952377012851071,0.000752115261224162,0.000532242702838685,0.000454417322751833,0.000445304799206667,0.00043526831214326,0.00042427611512296,0.000412290642069518,0.000399268730326762,0.000385161731541347,0.000369915423888898,0.000353469625602148
-7.48813309705044e-07,-4.51017037194601e-07,-1.571228843304e-07,0.00276126821615036,0.0176313542280541,0.0364175625086079,0.0559218669297052,0.0751031040270468,0.0934270119209973,0.110723401661009,0.126906743036669,0.141940351317267,0.155818980112481,0.168605398394247,0.180282255840713,0.190834077535272,0.200301396582884,0.208562839745781,0.215618080897731,0.221327501715367,0.225596670261113,0.228322555477315,0.229447372095233,0.228908295328362,0.226718450784561,0.222915782662781,0.217651116227619,0.21103086855188,0.203239833661603,0.194541357200037,0.185081113133238,0.175169664131664,0.164949843806007,0.154622384251851,0.144354087234997,0.134277325671215,0.124561905136805,0.115236369617695,0.106327174116077,0.0979222828836687,0.0900403384681482,0.0826664536382899,0.0757354225559017,0.0694143672415286,0.0635455817710725,0.0581180796875116,0.0531117105551607,0.0484882956939524,0.044187892669278,0.0404102787271056,0.0369074490458729,0.0336713871616244,0.0307018609137756,0.027999095278213,0.0255253382456087,0.0232804949860155,0.0212228678677627,0.0193427117229038,0.0176199428952138,0.0160684691285951,0.014646948799005,0.0133481567198109,0.0121607865103306,0.0110684885286331,0.0100798212936987,0.00920469088056845,0.00837471478437262,0.00762735418771658,0.00695822220912135,0.00632649474725331,0.0057645914915277,0.00526498775887579,0.00472837149767131,0.0043639339283942,0.00398125014556532,0.00357018410428359,0.00325181897763469,0.00300725955534428,0.00274477037803304,0.00246282524052335,0.00215948327370557,0.00195831505451581,0.00183860745957748,0.00171011064930947,0.00157220941132504,0.00142415977593256,0.00126503245046664,0.00109362549898858,0.00090832588427148,0.000706881105291829,0.000486001391130647,0.000451581646000468,0.000442236740654801,0.000431955943552252,0.000420707939462481,0.00040845581130615,0.000395157295757793,0.000380764925544209,0.000365225975406293,0.000348482106182922
-7.48814057067079e-07,-4.51017986332033e-07,-1.57121253574824e-07,0.00274055200136295,0.0175155814836266,0.0362140890049212,0.0556265717200712,0.0746924217342396,0.0929104055361422,0.110081910202325,0.126118974623556,0.140982410461425,0.154702839980624,0.167293899353216,0.178723418902066,0.189077198343348,0.19823915718967,0.206258766847373,0.213000005185265,0.218398556917104,0.222371569108271,0.224820002590743,0.225673932690925,0.224907559753411,0.222534860643048,0.218610791393226,0.213249095095493,0.206601062935143,0.198848355472405,0.190182462164455,0.18087835539525,0.171091040134438,0.161022814723689,0.150883966300994,0.140854725743254,0.131027283669574,0.121497765314685,0.112324123229164,0.103682616387828,0.0954636044748098,0.0877777385663159,0.0805225274553463,0.0738799025974103,0.0676829056165064,0.0619387134398681,0.0566417822611032,0.0517714919054773,0.0472891695955715,0.0431343317007022,0.0393104446285849,0.0359639840578969,0.0328104130877203,0.0299283456152461,0.0272925936993972,0.0248849448969257,0.0226778744209235,0.0206807822929901,0.0188387798220321,0.017182194410656,0.0156612273161561,0.0142718244739174,0.0130066310666377,0.0118542079045805,0.0107980648031518,0.0098154484747193,0.00896105538890756,0.00817033158179322,0.00741418367119146,0.00678599711850257,0.00614694499725871,0.00562731498740137,0.00512169877354661,0.00462030880689085,0.00425900216071074,0.0038717561275553,0.00345640785000636,0.00318307450593825,0.00293523294067132,0.00266960290573805,0.00238470785748635,0.00207865813598498,0.00192365520670322,0.00180208922461356,0.00167177325428425,0.00153211637694021,0.00138240090070103,0.0012217251353474,0.00104891505136752,0.000862384301838434,0.00065990359609208,0.000457193313558445,0.000448523605507769,0.000438930957616873,0.000428390336978315,0.000416871036602002,0.000404337002751521,0.000390747122441573,0.000376055401948192,0.000360210946030316,0.000343157634131519
-7.48812165708214e-07,-4.51017160456037e-07,-1.57120275855905e-07,0.0027179725307837,0.0174035909066546,0.0359909270939055,0.0553023483559229,0.074241188761531,0.0923428679093083,0.109377442589172,0.125254371062752,0.139952637121547,0.15350452427253,0.1658586433214,0.17710031023849,0.187159255878902,0.196087538070329,0.203783154991907,0.210211110454564,0.215308184701051,0.218971839411894,0.221141722560759,0.221728092924884,0.220737204556567,0.2181840279377,0.214130379067032,0.208681194897003,0.202013581981859,0.194306000727347,0.18572392955851,0.17653660168816,0.166877239615988,0.157023455756224,0.147109922552178,0.137272277525343,0.127630703656253,0.118330732175008,0.109441627790982,0.100932869607234,0.092969511146087,0.0854074010320949,0.0784491430445659,0.0719256950559958,0.0658546680960995,0.0602427738298003,0.0550839944093444,0.0503572357298487,0.046023350730319,0.042021362444778,0.0382635969719407,0.0350048687991476,0.031929119161677,0.0291146356639324,0.0265479946895264,0.0242119359427961,0.0220795904326119,0.0201110198144816,0.0183462335352824,0.0167203117783947,0.0152317283472088,0.0138762940831665,0.0126465215133985,0.0115308418388567,0.0105126348195093,0.00956900538213554,0.00870436221130415,0.00795460341450254,0.00720806913792233,0.00660426996208259,0.00596034632187091,0.00548234030980008,0.00497082610204159,0.00451426203886595,0.00414821013915073,0.00375649447159096,0.00334493559887157,0.00311028532871211,0.00285917724326168,0.00259046853013109,0.00230273726632993,0.00200205536595319,0.00188681964003638,0.00176337081953508,0.00163123211559767,0.00148983989587126,0.00133850558381435,0.00117635764137953,0.0010022520834668,0.000814630917009517,0.000611289328604039,0.000454148876404108,0.000445228231574805,0.000435371978307747,0.00042455564537248,0.000412749345811109,0.000399918138613205,0.000386022353177773,0.000371017803492938,0.000354855801471256,0.000337482862676966
-7.48812285057081e-07,-4.51016572927142e-07,-1.57122729804217e-07,0.00269337425167028,0.0172812199384749,0.0357465736161293,0.0549470287101908,0.0737464133871033,0.0917206705727655,0.108605421399809,0.124314452867357,0.13886749719237,0.152194377160434,0.164353496460562,0.175329530777376,0.185151631817221,0.193759202547882,0.201171352470365,0.207301196681362,0.212076172809937,0.215417689549982,0.217295193875846,0.217617599616868,0.216405313151012,0.213674446944388,0.209487708403479,0.203962472606099,0.197281729022547,0.189626154608382,0.181156314895188,0.172068913069698,0.162604631876141,0.152940401923773,0.143210055650116,0.133568336859985,0.124208967051829,0.115137676315118,0.10639735459555,0.0981973186912817,0.09035368172164,0.0831003248376117,0.0762622849352581,0.069866203508677,0.0639852747476157,0.0585570398444776,0.0535282331341099,0.0488687293925766,0.0446905636680828,0.0408485909681004,0.0372546683256327,0.034016247442853,0.0310379161578457,0.0283091129787538,0.0258156706175156,0.0235353080730986,0.0214496510915823,0.0195615275442073,0.0178275313366278,0.0162342284930893,0.0147976965802698,0.0134855555519199,0.0122812890617422,0.0111906622411002,0.010212139584032,0.00930923806404438,0.00845104156203337,0.00772748502229074,0.00702428330399281,0.00641301310718749,0.00581378506670351,0.00532962268740754,0.00481240380616123,0.00440224696165305,0.00403152806991921,0.00363549593813049,0.00327143977303332,0.00303339309789849,0.00277907081036252,0.0025073870834639,0.00221697894080142,0.00196493462683383,0.00184775149446392,0.00172241110472881,0.001588464651515,0.00144537867046915,0.00129249627931898,0.001128978212073,0.000953712068849245,0.000765169129605154,0.000561169497091279,0.000450867783680476,0.000441680005325329,0.000431543872332005,0.000420435684002892,0.00040832662190336,0.000395183148620133,0.000380967370644372,0.000365637287703072,0.00034914683949822,0.000331445635002734
-7.48812981470896e-07,-4.51017805716924e-07,-1.57124028716172e-07,0.00266658797024366,0.0171476396176725,0.0354793884948684,0.0545582465959535,0.073225762665696,0.0910397495404917,0.107768784042523,0.123341456848005,0.137682127724466,0.150798894594856,0.162731271217308,0.173459487551896,0.182982977365167,0.191329373276499,0.198422201338534,0.204224128031904,0.208678663465001,0.211711539895636,0.213288098044387,0.213350482484706,0.211920333192592,0.209015058025306,0.204696117973122,0.199148505212619,0.192462105651521,0.184822413631912,0.17647023349592,0.167509852240085,0.158240791646423,0.148746435378781,0.139233510210274,0.129870757392867,0.120703205894316,0.111834687311345,0.103410247640964,0.0953231874155823,0.087803021916117,0.0806710329870566,0.0740146387227031,0.0678821218155137,0.0621778360008039,0.0568972573139187,0.0520214936289399,0.0475145583527188,0.0433198221149185,0.0396161422163987,0.0361929619197575,0.0330245236551947,0.0301172678155138,0.0274698769885754,0.0250460289857973,0.0228450868432344,0.0208272452758248,0.0189839311888634,0.0172936400149559,0.0157714120851527,0.0143767028053516,0.0131022616207192,0.0119370357938875,0.0108652570231002,0.00989665623707769,0.00903615755727563,0.00822128040631773,0.00748903398364432,0.006830773710248,0.00621228630254051,0.00565932976443191,0.00516918538588124,0.00464654212049912,0.00428422564935198,0.00390897848913276,0.00350884974405638,0.00319377115747332,0.00295237057361102,0.0026949278204577,0.00242041846117745,0.00212754183116359,0.00192555120011381,0.00180640677881899,0.00167918450321112,0.0015434664927782,0.0013987520836767,0.0012444182381221,0.00107965947320229,0.00090339573455077,0.000714127585423866,0.000509699530230168,0.000447334489620562,0.000437862932640602,0.000427430350945965,0.000416014060440605,0.000403586601011173,0.000390116173918543,0.000375567041907691,0.000359899813874111,0.000343071518793111,0.000325035352641367
-7.48813624687557e-07,-4.51016222874458e-07,-1.57121589730419e-07,0.00263742979308526,0.0170019478388888,0.0351875852721374,0.0541334247617022,0.0726786376691185,0.0903333790246412,0.106906021395335,0.122279452114756,0.136392196996158,0.149325168944222,0.160989762835358,0.171464872364209,0.180723700736448,0.188743757553216,0.195509483761629,0.200986707712462,0.205122825909812,0.207847928334676,0.209128392441758,0.208935124355904,0.207291143499582,0.204215310224835,0.199806254807199,0.194205686853591,0.187526415226491,0.179941291379608,0.171679494301148,0.162896137820015,0.153778875780467,0.144485286986068,0.135231932942398,0.126064364542382,0.11713093546148,0.10855109421917,0.100270604221863,0.092519044049416,0.0851215773801074,0.0782385453042035,0.0718226740795996,0.0658339479813559,0.060279566065571,0.0551544844298002,0.0504393320998542,0.046097693342391,0.0420725491231769,0.0383247277066172,0.0350788451548245,0.0320154704074887,0.0292058603903439,0.0266369544666884,0.0242909098245114,0.0221411961030816,0.0201887762541478,0.0183962529721779,0.0167772282395946,0.0152915928052948,0.0139350225777689,0.0127001265897204,0.0115757279717131,0.010545949317962,0.00958902212890273,0.00874990366473921,0.00797994278737661,0.00723942332056692,0.00662758718923638,0.00600224712542554,0.00549699321533252,0.00500112840525175,0.00451682452809211,0.00416021266915142,0.00378064284015168,0.00337670927971568,0.0031118970763589,0.00286722645663002,0.0026068028183938,0.00232966657261848,0.00203458142950672,0.00188385831911586,0.00176275699709807,0.00163368366014375,0.00149625405666669,0.00135000253811758,0.00119434145011815,0.00102849980742171,0.000851429708932744,0.000661659965980297,0.000457057938181557,0.000443532957407465,0.000433760641810867,0.000423014894516161,0.000411274336882937,0.000398513201401714,0.000384701808447724,0.000369807003330807,0.000353792470497672,0.000336618827703393,0.000318243378667497
-7.4881246367931e-07,-4.51014755167031e-07,-1.57123473872554e-07,0.00260569989621143,0.0168431640015577,0.0348985828689169,0.0536697610417127,0.0720815319907277,0.0895781857721462,0.105965043876526,0.121121792748747,0.135065589552539,0.147721220410203,0.15916980205806,0.16935604988609,0.178297364728289,0.186016966811216,0.19246772762453,0.197606836503571,0.201416016323927,0.203834721745466,0.204824374846118,0.204380322448506,0.202527111150731,0.199285213003666,0.19479726973539,0.189148347945328,0.182485120552308,0.174976950741745,0.166797999516215,0.158195327569761,0.149232004317071,0.140200811302365,0.131140438333084,0.122211838679142,0.113556293229971,0.105143786175746,0.097203017872169,0.0895757385831585,0.0824804935585777,0.0757943795277071,0.0695244928999568,0.0636880882544702,0.0582917823360092,0.053329994793861,0.0487828869792771,0.044613658639501,0.0407649856663966,0.0371542334081896,0.0339132328164755,0.0309860508478024,0.0282701763464811,0.0257820229168485,0.0235033183503698,0.021439967451031,0.0195377531861781,0.017818679912338,0.0162366181590686,0.0147895637507485,0.0134730319509768,0.012279491637856,0.0111976506093071,0.0102115413282474,0.00929932264657841,0.00845075908902915,0.00772718714967085,0.00700965891538653,0.00641486916786846,0.00579873838279629,0.00532686544794768,0.00482563646695507,0.00439144842146158,0.00403028189598998,0.00364666748127939,0.0032589356155659,0.00302582086469228,0.00277801008124599,0.00251479486691611,0.00223528263284636,0.00195531571778228,0.0018398246288492,0.00171679186741714,0.00158592209427134,0.0014468669857318,0.00129919751582024,0.00114236215241827,0.000975624146055865,0.000797966458410115,0.000607943982253075,0.000448566942209659,0.000439446752952025,0.00042935650688558,0.000418280911599183,0.000406200227485451,0.000393090761576241,0.000378925382301207,0.000363673988337159,0.000347303845876706,0.000329779691258272,0.000311063472879019
-7.48814252401366e-07,-4.51017244846156e-07,-1.57123530962647e-07,0.00257118135095253,0.016670223277496,0.0345862604007372,0.0532072866558617,0.0714305702287763,0.0887551075366098,0.104939914923844,0.119915874635214,0.133622273197427,0.146057449719808,0.157201158254799,0.167123845607773,0.175786058760231,0.183182203130818,0.189298473606178,0.194103962700107,0.197565835617714,0.199680113476454,0.200384739033496,0.199695339870105,0.197638137840522,0.194259001078239,0.189677926281646,0.183991006428879,0.177352790606511,0.16992903259462,0.161872935992012,0.153421205224473,0.14467722474693,0.13584311031849,0.126996247376337,0.118355627863265,0.109883800700219,0.101802682676538,0.0940055615215435,0.086709217880171,0.0797748525393163,0.0732480742199229,0.0672423307599315,0.0616419647896407,0.0564435283512797,0.0516298367708633,0.0471674722512034,0.0430641291423989,0.0393984226970022,0.0359742728614663,0.0326976388780969,0.0299648814107315,0.0273316358637464,0.0249286832496563,0.0227343811094887,0.0207177686747869,0.0188971761663008,0.0172154644834929,0.0156895467553524,0.0143047107973439,0.0130368988481161,0.0118753812313468,0.0108050233200309,0.00986241346026914,0.00899642873593298,0.00817595102116747,0.00746330019292795,0.00679443399920811,0.00619287351322711,0.00562668056846977,0.0051491220672474,0.00464298580786347,0.00426002944484355,0.00389457279817473,0.00350726875265178,0.00317200319819922,0.0029355867165259,0.00268481575875888,0.00241905105590283,0.00213746752173608,0.00191094012369147,0.00179343695650021,0.00166852204650913,0.00153593673134726,0.00139537031936359,0.00124643121484029,0.00108860375867697,0.000921184045493152,0.000743183415780727,0.000553179520614073,0.000444501734715,0.000435059166062825,0.000424633803594325,0.000413211932189226,0.000400775834056392,0.000387304321715339,0.000372773287386162,0.000357156196528825,0.000340424436217697,0.000322547410277724,0.000303492248308529
-7.48813354866205e-07,-4.51017152360847e-07,-1.57122300612279e-07,0.00253363865431357,0.0164819705568371,0.0342461313735095,0.0527042129735643,0.0707215570355724,0.087858913931635,0.103864096764157,0.118630282895155,0.132084694301898,0.144269718367159,0.155171750278079,0.164785302839632,0.173125665080981,0.180195355829465,0.185982218645227,0.190458274728514,0.193580178998345,0.195392673337331,0.195818620689383,0.194889946492762,0.192634694404711,0.189129623104292,0.184462817394916,0.178748316854395,0.172144086168223,0.164812139364951,0.156901987936495,0.148587402790134,0.140075549669918,0.131424474600402,0.122871737398314,0.114424742435633,0.106258928635512,0.0983653565586578,0.0908854873325387,0.0837329435025883,0.0770616049641881,0.0708153910685979,0.0649723031826667,0.0595401469636453,0.0545149231318475,0.0498789863430774,0.0455985679203614,0.0416204243919857,0.0379748637166537,0.0347431064013284,0.0316416828512362,0.0289322271379818,0.0263922000980997,0.0240681419839325,0.0219362100236389,0.0200124628194089,0.018229673388198,0.0166274705194812,0.0151593690634927,0.0138169107195217,0.01259276234585,0.0114760825206768,0.0104516585584252,0.00949912921926474,0.00868076432545544,0.00790886641866728,0.00718870698993251,0.00656971230418974,0.00596197075318785,0.00544683523269235,0.0049640314568305,0.00447178485168778,0.00412270020329591,0.00375329581854676,0.00336273670408228,0.00308083171167497,0.00284128420967377,0.00258778650160016,0.00231976910697659,0.00203647295571446,0.00186417441371009,0.00174470310450218,0.00161798174970423,0.00148379018333777,0.00134185625441529,0.00119182561282051,0.00103321707294967,0.000865356945823501,0.000687281238679782,0.000497585940395281,0.00044013598383577,0.000430353361545675,0.000419575898800907,0.000407791840503041,0.000394985923734008,0.000381139947094106,0.000366233347014117,0.000350243704725512,0.00033314708968145,0.000314918125148512,0.000295529637521736
-7.48815438437477e-07,-4.51016696925011e-07,-1.57123585241557e-07,0.00249469594734476,0.0162841330757787,0.0338759619825231,0.0521566771911579,0.0700048785341078,0.0869396546525684,0.102732264244296,0.117233338954263,0.130483089933477,0.142391185284258,0.152985649098551,0.162301085924464,0.170331356727134,0.177065516887385,0.182526151139924,0.186677533740568,0.189477176317919,0.190981388041813,0.191135632866011,0.189974448254131,0.187527842474896,0.18390734730437,0.179166648848073,0.173435001405188,0.166873677667793,0.159640813274621,0.151882062461285,0.143731332243291,0.135428354189444,0.127019434042618,0.118693332748988,0.110505600065863,0.102581430893177,0.0949625323291704,0.0876676151398582,0.0808317976355766,0.0743601855450562,0.0682797797257683,0.0626081311462106,0.057352398125943,0.0525080239655301,0.0480569282926855,0.0439650552915872,0.0401790317076162,0.0366215174381305,0.0334628425055946,0.0305624454431037,0.0278882683189219,0.0254368398391902,0.0232024089593785,0.0211630035491135,0.0192806120631439,0.0175899127160188,0.0160331612554538,0.0146080037673487,0.0133097795896946,0.0121310152637381,0.0110607707676866,0.0100837801411766,0.00917928972684419,0.00835292079931902,0.00763080567715768,0.00691689983716879,0.00633585512460627,0.00572265400340247,0.00525946282732047,0.00477196030201396,0.0043329589339946,0.00397966518524067,0.00360673644267655,0.00321485413653936,0.00298550595312511,0.00274305223847998,0.00248711686080926,0.00221719878472908,0.00193260122054439,0.00181502352262726,0.00169365455467637,0.00156523113615437,0.00142957262960671,0.00128644534007011,0.00113553081411695,0.000976379672743556,0.000808344535256724,0.000630481184981092,0.000444592938414883,0.00043545276626835,0.000425312564545658,0.000414166478776742,0.000402005148502862,0.000388816250282254,0.000374585096138282,0.000359295226352378,0.000342928912758646,0.000325467475474471,0.000306891291339952,0.000287179351510828
-7.48811456890388e-07,-4.5101608484719e-07,-1.57123194762834e-07,0.00246044520138855,0.0160907286500704,0.0334733355433642,0.0515611518878877,0.0692320440193693,0.0859567013529326,0.101502651352777,0.115801412039379,0.128745614457518,0.140409308659668,0.150734626330484,0.159742860539532,0.1674470284803,0.173849475762493,0.178939974683886,0.182769816130688,0.185252537952147,0.18645569141096,0.186345890108501,0.184959703890453,0.18234337696405,0.178604321164723,0.173804166145473,0.168065763548977,0.161556146711119,0.154429427136703,0.146827232680502,0.138879429547616,0.130748123667163,0.122608317025922,0.11447149692602,0.106592326609592,0.0988861977764252,0.091534814059768,0.0845262454841555,0.0778533812490071,0.0716061752317743,0.0657907756458462,0.060358417141317,0.0553068149224638,0.0506205433914679,0.0462687607867007,0.0422702318940238,0.0386819651439733,0.0353255079158935,0.03213627280232,0.0294412106907519,0.0268602109285122,0.024502049099556,0.0223462903276864,0.020363434656325,0.0185786814792885,0.0169300654904995,0.0154238701726177,0.0140636374981244,0.0128176283846851,0.0116753970289537,0.0106303381594214,0.00970213297314716,0.00884733720469007,0.00803814406595093,0.00734233094769938,0.00668029821730754,0.00609334851611523,0.0055317659298711,0.00506492369019048,0.00457337688386796,0.00418829572470076,0.00383120515955673,0.0034552575353676,0.00311859556296738,0.00288616058735909,0.00264108207879118,0.00238305457689192,0.002111641865278,0.00187996835508177,0.00176351615110979,0.00164034895477498,0.0015103583075397,0.00137340314071742,0.00122928695645304,0.00107772455534849,0.000918294376902777,0.000750370199544174,0.000573021649433169,0.000439938060193916,0.000430435188883112,0.000419920285127432,0.000408389819341961,0.00039583731394004,0.000382253919369417,0.000367629031065509,0.000351950881542557,0.000335207018639987,0.000317384567791295,0.000298470150191136,0.000278449311129504
-7.48811333405178e-07,-4.51017514828203e-07,-1.57122918566899e-07,0.00242321727102407,0.0158805024552129,0.033063390976176,0.0509451911065633,0.0683922486675998,0.0848890416538258,0.100221286839882,0.114261468056854,0.126973704174371,0.138326717598121,0.148341824056848,0.157036496404578,0.1644216537023,0.170499267710347,0.175260421715334,0.178743540509069,0.18091480962197,0.181825483564042,0.181460020434785,0.179857128167571,0.177098725204576,0.17323326763755,0.16839006399454,0.162655185258012,0.156212339204432,0.149192061513322,0.141751182530322,0.134008871356571,0.126079667008664,0.118173124450956,0.110328862261032,0.102635915855866,0.0952456513469283,0.0881042766210284,0.0813239366521789,0.0749512581594245,0.0689388623442341,0.0633055399255025,0.0580598333095184,0.0531988992751271,0.048706900655253,0.0445527616206324,0.0406870233129459,0.0371327366571727,0.0339819402625265,0.0309587629790096,0.0282805665298003,0.0258304496054987,0.023559093198902,0.0214769946050564,0.0195940128595533,0.0178520340652331,0.0162816415837992,0.0148453358273255,0.0135316327354053,0.0123332303026948,0.0112395915411403,0.0102361321127777,0.0093076644233465,0.00850364828941859,0.00774618578222172,0.0070441574326819,0.00643482167374392,0.00584280682716291,0.00533493745770214,0.00486368179163241,0.00438082423631925,0.00403807101377323,0.00367767986288465,0.00329929955828752,0.00301823149365373,0.00278298343281245,0.00253561927681613,0.00227590078313394,0.00200345045338919,0.00182805393159939,0.00170970734638638,0.00158487223062019,0.00145348075766833,0.00131543028644917,0.0011705589409355,0.0010186107774569,0.000859186769050151,0.000691675591207032,0.000515153964319403,0.000434949886799052,0.000425066606967744,0.000414160582428704,0.000402231099123217,0.00038927510322248,0.000375287798999925,0.000360263267818092,0.0003441950377895,0.000327076509217803,0.000308901128058581,0.000289662175164742,0.000269352025873613
-7.48814584850339e-07,-4.51016467584014e-07,-1.57120780307851e-07,0.00238276018130762,0.0156520749786424,0.0326377125706602,0.0503053634318967,0.0675070131612447,0.0837846616159598,0.0988731914725859,0.112639723829661,0.12505873510157,0.136140299843822,0.145857120607774,0.154226006387026,0.161262218048758,0.167022457537103,0.171461363694061,0.174607485185635,0.176473661443928,0.177101138360156,0.176489164272263,0.174680638882088,0.171790187084871,0.167828765360281,0.162938879398333,0.157240220386478,0.150877170242907,0.143960871816863,0.136667066326386,0.129132213120115,0.121447872906258,0.113724128728481,0.106168261333452,0.098743601605774,0.0915558202094377,0.0847244099544612,0.0781947152869056,0.0720031226158944,0.0661770547293026,0.0607739811425382,0.0557314223719619,0.0510311711117833,0.0467288396287425,0.0427780324799184,0.0391184211770265,0.0356780076670496,0.0325942832630415,0.0297839204762289,0.0270837090408384,0.0247976585330608,0.0226199129746182,0.020634924020265,0.018803155850376,0.0171543892976686,0.0156368320707987,0.0142477571791833,0.0129823084995079,0.0118330507038194,0.0107893733718148,0.00983668598662078,0.00895529683447183,0.00814916050605308,0.00744425558639835,0.00674983976057783,0.00618107964028709,0.00558497263546724,0.00513122326912958,0.00465630572945519,0.00422897835947882,0.00388264103909502,0.00351952855245876,0.00314023295075801,0.00291394604126536,0.00267621758792204,0.00242696408666327,0.00216600853261284,0.00189302350784274,0.00177379601156441,0.00165368072907766,0.00152734016169317,0.00139474611096236,0.00125583188589136,0.00111046626654077,0.000958417220776462,0.000799301796980772,0.000632516414482772,0.000457137625406837,0.000429611643522216,0.000419330885328194,0.000408018374744661,0.000395676759831759,0.000382306999621188,0.000367908969017724,0.000352482057365318,0.00033602568759417,0.000318539653537782,0.000300024165248283,0.000280479468573718,0.000259904894361567
-7.48814075156032e-07,-4.51016815172019e-07,-1.57124227065454e-07,0.00233880098539933,0.015403956321644,0.0321754133902768,0.0496106734899497,0.0665981330967345,0.0826216112182342,0.0974137843485221,0.110950362228621,0.123097335546127,0.133865800261899,0.143270077287246,0.151322840588854,0.158032558881101,0.163426880760081,0.167551376018704,0.170370795688266,0.171939198117302,0.172293498352095,0.171444959620597,0.169470646614905,0.166430663110536,0.162401798676918,0.157464869650314,0.151820406368614,0.145539003880565,0.138754970138265,0.131601572313462,0.124261223977157,0.116820423110125,0.109359760869783,0.101995508742266,0.0948694610282679,0.08795420130665,0.0813026562443815,0.0750411496721574,0.069130247755036,0.0635691215027243,0.0583679219246744,0.0535256747091102,0.0490288548892902,0.0448493317139023,0.0409496647759014,0.0375005464037,0.0342733429170061,0.0311675238155297,0.028571795814583,0.0259653309427656,0.0237874545485791,0.0216995000498555,0.0197798757470528,0.0180443392752824,0.0164424322002226,0.0149860444119179,0.0136644203068297,0.0124544028138939,0.0113458152911505,0.0103260850335081,0.00942520396558523,0.00859638187920415,0.00781338480755126,0.00713321955494503,0.0064931386113053,0.00591981290124984,0.00537814328445235,0.00492118951927893,0.00444346649406468,0.00407179257517014,0.00372244338458172,0.0033572680852709,0.00303494225455516,0.00280597953106366,0.00256616210397474,0.00231547020963685,0.00205377949281592,0.00183304295169659,0.00171727575128652,0.00159555019044776,0.0014678992476538,0.0013343319958988,0.00119481379060235,0.00104923871076585,0.000897392060104897,0.000738899544363297,0.000573157584430861,0.000433554600245244,0.000423907023565696,0.000413212701777109,0.000401479794738622,0.000388714910410801,0.00037492365198273,0.000360111205004649,0.000344282889980999,0.000327444592845144,0.000309602975642542,0.000290765349337437,0.000270939081124178,0.000250130396332269
-7.48814195920171e-07,-4.51014974520985e-07,-1.57123485718254e-07,0.00229104416929484,0.0151375946878977,0.0316735574181086,0.048856793745692,0.0656122557814427,0.0813607552545651,0.0959429707327547,0.109151165218813,0.120996544768329,0.131464949179507,0.140544955260886,0.148289758556193,0.154685930775393,0.159734773193348,0.163539368905908,0.166042981787617,0.167321950221192,0.167413856618911,0.166345809303269,0.164212332741725,0.161033485462314,0.156949449236041,0.151999805584069,0.146403503893754,0.140211616467102,0.133565563979943,0.126593937486706,0.119413201434542,0.11220723789571,0.105015099778226,0.0979100657328707,0.0909781215334911,0.0843585730646637,0.0780060187616326,0.0719585828741705,0.0662452345072497,0.0608854770890396,0.0558887711317363,0.0512536122946218,0.0469661511060679,0.0429981802169636,0.0393042068699543,0.0358385193162995,0.0328275328167393,0.0299412685922393,0.0273261837271619,0.0249415227001767,0.0227851241699724,0.0207748100299184,0.0189522112410196,0.0172698115873203,0.0157543989531193,0.0143635225943825,0.0130923060462455,0.0119334676825991,0.0108767690195784,0.00990825414334375,0.00900916813871459,0.00822746753632639,0.00749861331422396,0.00681409718745019,0.00622868825012053,0.00565188990837927,0.00516565360975253,0.00470550752897084,0.00424656106643496,0.00390970221385746,0.00355799537630736,0.00319148827409444,0.00292588159047507,0.00269462941237409,0.00245317094331475,0.00220154166547963,0.001939658759768,0.00177608729575891,0.00165860495022809,0.00153546089036139,0.00140672671113586,0.00127244493841143,0.00113260763408547,0.00098712752962529,0.000835799663328218,0.000678250323348836,0.000513867967577775,0.000427888302840855,0.000417820486387802,0.000406697897688751,0.000394532590141809,0.000381335775587196,0.000367118359903327,0.000351891486830508,0.00033566700488555,0.00031845777059926,0.000300277684956347,0.000281141350633819,0.000261063226081172,0.000240056150703402
-7.48815288486361e-07,-4.51017349013922e-07,-1.57123292018197e-07,0.0022391699118741,0.0148858212069305,0.0311633416494617,0.048115612616265,0.0645780541599706,0.080090948221983,0.0943505749975736,0.107306485990237,0.118859298020248,0.129012691979592,0.137773879644379,0.145150861151691,0.151225792302295,0.15596405924037,0.159434580826951,0.16163390355586,0.162632853050528,0.162473924931388,0.161219293130202,0.158918579805549,0.155620542209076,0.15148565509844,0.146553663821113,0.141003153643432,0.134908043723595,0.128404972437626,0.121617688552896,0.11465775563222,0.107625233042689,0.100687232952528,0.0938636132048944,0.0872109354623974,0.0807845575860538,0.0746587223933948,0.0688827309881135,0.0634270702275326,0.0583037376212654,0.0535138052566689,0.0490461649658001,0.0448756501276537,0.0410978144554423,0.0376214647874699,0.0343544228707837,0.0313454550126589,0.0286804877530551,0.0260514654672044,0.023889164437539,0.021786490026674,0.0198775502559187,0.0181234317270078,0.0165299398124053,0.0150649379411026,0.0137253086784725,0.0125059922007954,0.0113995893357802,0.0103958218910244,0.00948078348082117,0.00863586614835516,0.00784984294781105,0.00717548913914813,0.00651400135112881,0.0059573578658732,0.00539155701661571,0.00494733601334004,0.00448494835211636,0.00408273723215207,0.0037432243936016,0.00338988970407019,0.00303677504227693,0.00281334633878524,0.00258024944353976,0.00233765003536739,0.0020856277253272,0.001830491644958,0.00171693637191519,0.00159792717807188,0.00147358938944398,0.00134402950351096,0.0012093181970927,0.00106946754930653,0.000924401207879457,0.000773915623082072,0.000617629302037252,0.000454914946515592,0.000421841150034757,0.00041133760243133,0.000399773874609137,0.00038716656951119,0.000373532179725388,0.000358887585265074,0.000343250515274445,0.000326639887879254,0.000309075938285841,0.000290580034538815,0.000271174075113189,0.000250879358453605,0.000229714814106936
-7.48812459861835e-07,-4.51015741597821e-07,-1.57123513377411e-07,0.00218283228168076,0.0146125980779515,0.0306374843113203,0.0473121499314015,0.063517930740622,0.0787258704042461,0.0927210646778361,0.105343899622627,0.116580607050264,0.126426321396479,0.134881658546486,0.141949949054594,0.147660317529867,0.152098100166909,0.155246561424918,0.157153746099017,0.157885831772267,0.157502600614789,0.156058311889308,0.153602576527516,0.150227721956757,0.146024540262653,0.141128159961613,0.135632203987579,0.12964041859367,0.123284503422315,0.11668320697285,0.109943034394488,0.103158926118584,0.0964148896514873,0.0898295251981357,0.0834580682556355,0.0773175734413548,0.0714482816814104,0.0658810507512832,0.0606371821888019,0.0557279935011415,0.0511540582560188,0.046903999651795,0.0429526599040881,0.039258354315245,0.0358990993995102,0.0328542570461853,0.0299276602056883,0.0273895748473695,0.0249420568122636,0.0228119465037939,0.0208189945857171,0.0189883402554671,0.0173152956462694,0.0157780982353068,0.0143919595033392,0.0131218773855116,0.0119607088060141,0.0108985556538985,0.00992204542012001,0.00904382141379855,0.00825355013418736,0.00750934235013168,0.00684518088328724,0.0062395273807026,0.00568013997379549,0.00517081758772242,0.00472396401527976,0.0042603735350748,0.00391439239359365,0.00357295392635228,0.00321878714818965,0.00292316755962525,0.00269768951743544,0.00246324694371324,0.00222005234140654,0.00196821596309802,0.00177092254192721,0.00165573188003617,0.00153541804108034,0.00141014277415362,0.00128004223220551,0.0011452085290195,0.00100566591745257,0.000861340436933677,0.000712021274280389,0.000557310911285396,0.000425267429152737,0.00041539846405377,0.000404445444123611,0.000392430035468164,0.000379374084924302,0.000365300061098059,0.000350231475574765,0.000334193220516923,0.000317211731826132,0.000299314891712277,0.000280531577808553,0.000260890765974757,0.000240420094850707,0.000219143803983027
-7.48813915421703e-07,-4.51016236526055e-07,-1.57121760966636e-07,0.00213495573465599,0.0143161896618156,0.030067311170031,0.0464414569057004,0.0623698076971584,0.0773083710186523,0.0909940942954373,0.103338960286309,0.114267993436672,0.123775317873136,0.13187099808066,0.138640414165707,0.144021564408313,0.148146151126303,0.150985143573789,0.152612982630944,0.153097209521243,0.152499302922269,0.150875521046026,0.148277730124338,0.144839186863518,0.140608522278946,0.135735898321684,0.130302545529018,0.124419806035222,0.118214290477915,0.111799598299635,0.105277030115952,0.0987362642138315,0.092255979077131,0.0859044058327003,0.0797397941266778,0.0738315257301288,0.0682238230278537,0.0629063379731937,0.0578931765684949,0.053187664058204,0.0487812516595938,0.0447143465616475,0.0409858269699925,0.0375154953600423,0.0342418665117129,0.0313221903723076,0.0286217753105187,0.0260734790265885,0.0238523235783826,0.0217140187679762,0.0198644587558234,0.0181116317366071,0.0165195757388605,0.0150651390400457,0.0137323224408594,0.0125160440866456,0.011409051206896,0.0104014215763655,0.00947985736753869,0.00862665303199155,0.00786367770083083,0.00717509067630231,0.00650899160383892,0.00595895105571202,0.00539813779245414,0.00494485011386817,0.00449640493843259,0.00407275219669377,0.00374212262329164,0.00339955625265965,0.00304540647143349,0.00280634893999897,0.00257931924271084,0.00234407800398117,0.00210087096533084,0.00184982361373634,0.00170925482573235,0.00159264814690963,0.00147128443479339,0.0013453566858508,0.00121502398521852,0.00108039194782816,0.000941488297066963,0.000798232525610051,0.000650397947656047,0.000497563300153534,0.000418873367631975,0.000408547008511137,0.000397133022488044,0.000384658265959077,0.000371150547255799,0.000356638999502238,0.000341154380999223,0.000324729236615067,0.000307397832330363,0.000289195782632784,0.00027015929317373,0.000250323945449411,0.000229722954423573,0.000208384836533147
-7.48810900698953e-07,-4.51017644445474e-07,-1.57121499147467e-07,0.0020849045034682,0.0139949268777823,0.0294648884767293,0.0455900511208758,0.0612103722392041,0.0758377546486891,0.0892192142005017,0.101229136122874,0.111841235809359,0.121040769457762,0.128821157163493,0.135230417432575,0.140318926555713,0.144117709155797,0.146660404377212,0.148022325747279,0.148272271023546,0.147473340922232,0.145683743190438,0.142957564627869,0.139468513150762,0.135232908999035,0.130388470115043,0.125024943022601,0.119256036408009,0.113203128812099,0.106974531195041,0.100666203932827,0.0943624298975157,0.0881364246521048,0.0820508657580857,0.0761583218074605,0.0705015580403701,0.0651136892010122,0.0600181406754859,0.0552283643994248,0.0507472330215605,0.0465659979989738,0.0426626319622257,0.0389992576097897,0.0357383600567122,0.0326919743005247,0.0297643904328703,0.0272897264734104,0.0248121971558408,0.0227410631922812,0.0205999304561836,0.0189189655993569,0.0172650834218196,0.015739574864984,0.014340792057832,0.0130781899689498,0.0119213020364699,0.0108605468405774,0.00989577973975257,0.00902957429281727,0.00823217082062095,0.00748025194646769,0.00683470969226562,0.00621683587925851,0.00567338296790693,0.00514923883952316,0.00471452648666054,0.00426560708106431,0.00389865257079503,0.00356659710617845,0.00322375744452606,0.00290697901495728,0.00268672743575441,0.00245869410503138,0.00222324067708614,0.00198063048983471,0.00175882720562417,0.00164566118835935,0.00152789151289453,0.00140576267852019,0.00127949221141915,0.00114925410718671,0.00101515861172121,0.000877227738793721,0.00073536550711489,0.000589321237095803,0.000438643099833492,0.000412071624294573,0.000401275419319849,0.000389391765194805,0.000376453448216083,0.000362494957152544,0.000347552742245876,0.000331665342259556,0.000314873314544216,0.000297218886998095,0.00027874526666707,0.000259495548230626,0.000239511175091975,0.000218829911265395,0.00019748328629963
-7.48813166630835e-07,-4.51016292844066e-07,-1.5712393647726e-07,0.00203056516107634,0.0136976168602014,0.0288722567381679,0.0446684552191508,0.059983634594398,0.0742878031339961,0.0873553349094037,0.0990604388701855,0.109335946143978,0.118192187305337,0.125677301227112,0.131740849801569,0.136536202039513,0.140022471782928,0.142282614908699,0.143392666956131,0.143422563646509,0.142436935911814,0.140495868618812,0.137686038254409,0.134129174712599,0.129900780695235,0.12509628368685,0.119808866396132,0.114167396531767,0.108302712744076,0.10227056388877,0.0961661728866096,0.09007294545173,0.0840631206257337,0.0782243570305381,0.0725860982775211,0.0671800676772509,0.0620329562070936,0.0571612740149884,0.0525708420653035,0.0482625961524596,0.0443103604693233,0.0406358989580701,0.0372019568944934,0.0339518812289359,0.0311152384283927,0.0284103116247152,0.025936991871715,0.0236886637495209,0.0216128625438938,0.0196662473564202,0.018016080692699,0.0164203179660841,0.0149821162397177,0.013662033936717,0.0124549686696456,0.0113538054797334,0.0103489562584634,0.00942769413393148,0.00857316168090025,0.00783145570677683,0.00713600881404749,0.00648963005368691,0.00592797797778212,0.00538403141043006,0.00491637475731674,0.00448080300676269,0.0040436447750655,0.00372116979475022,0.0033885482831351,0.00304633151908246,0.00278622545768673,0.00256476343597949,0.00233631645711328,0.00210126630994184,0.00185987685671519,0.00169479002952248,0.00158034701718919,0.00146169858448726,0.00133911548901232,0.0012128316881725,0.00108302705519317,0.000949807048457459,0.00081317874859509,0.000673022223146782,0.000529055553604687,0.000415006158978509,0.000404850480640919,0.000393574678673409,0.000381216028771641,0.000367813995204794,0.000353410437794897,0.000338049703547911,0.000321778521027876,0.000304645643192443,0.000286701167225252,0.000267995491590957,0.000248577881591588,0.000228494624119579,0.000207786760952835,0.000186487380731546
-7.48816069852137e-07,-4.51015977410616e-07,-1.57121623640586e-07,0.00197158015048855,0.013375352862265,0.0282304245214477,0.0437058418972147,0.0587051143980011,0.0727116022026067,0.0854525273801178,0.0968219677080014,0.106780969706589,0.115305064813032,0.122437611951468,0.128216420838421,0.132682722628054,0.135870284853699,0.137862178817781,0.138735004661627,0.138559704773144,0.137402329637679,0.135324744217453,0.132446003317595,0.128834409068642,0.124625099998435,0.119868394490353,0.114668059621818,0.109206964611881,0.10350596607379,0.0976673096146332,0.0917806911542538,0.0859239635711339,0.0801637721101657,0.0745560969123581,0.0691466784103612,0.063971295950875,0.0590558611886484,0.0544162737027761,0.0500579635148074,0.0459750069550076,0.0421486354824425,0.0385801140382953,0.0353764925650329,0.0323576683907529,0.0295183983845986,0.0270419469226003,0.0245694624968038,0.0225474112667456,0.0204726469896568,0.0187529912822178,0.0171235759748755,0.0156198633669025,0.01423806051719,0.0129745152715999,0.0118239604605318,0.010779201719033,0.00983067131875442,0.00896577962719461,0.00816794283842734,0.00742624660037496,0.00678683202034564,0.00616376973845559,0.00563514085201938,0.0051033840872891,0.00467994991322325,0.00424470402600044,0.00386437858722127,0.00354104163918963,0.00320875918598276,0.00287847360478295,0.00266304219227974,0.00244096287776542,0.00221272376615586,0.00197870932940225,0.00174032202837885,0.00162898540659949,0.00151354877860269,0.00139433330021763,0.00127162782450255,0.00114567354210362,0.00101664654486097,0.000884637984839191,0.000749631194388341,0.000611474671035728,0.000469849213444037,0.000407845298337914,0.000397200489105598,0.000385438623128366,0.000372603632790969,0.000358742387898875,0.000343904745525574,0.000328143410868238,0.000311513541252763,0.000294072044780753,0.000275876530948724,0.0002569839019443,0.000237448588440932,0.000217320445293586,0.000196642315635475,0.000175447262662469
-7.48812068399966e-07,-4.51014698753494e-07,-1.57122761630363e-07,0.00190756358657367,0.0130261596313569,0.0275589961392937,0.0427364762391043,0.0574017107850638,0.0710463033582451,0.0834510893142145,0.0944879921062004,0.10411667405022,0.112344535676805,0.119128723807576,0.12461708687865,0.128767920705626,0.131671079649401,0.133409559963484,0.134060361094317,0.133695286845401,0.132381676523826,0.130183052309056,0.127248722495265,0.123599605533875,0.119418331071032,0.114712335876318,0.10966380454137,0.104332866890701,0.0987945189663978,0.0931453992463542,0.0874695774146242,0.0818392514903025,0.0763153583887405,0.0709480725250863,0.0657771624202766,0.0608321668640665,0.0561323382422541,0.0516862776901865,0.0475097594124423,0.0436618115379814,0.0400695133351988,0.0366996174176553,0.0335308365306837,0.0307422990005198,0.0280603682483234,0.0256579086492407,0.023410265462336,0.0213934131241694,0.019434745638451,0.017827775258768,0.0162571998047204,0.0148241844569333,0.0135222598345173,0.0123300085987242,0.0112404495330999,0.0102443135240747,0.00932941650550545,0.00849939254236921,0.00775796696914736,0.00706211861269491,0.0064342629742437,0.00586772709305013,0.00533962331690054,0.00486448565503785,0.00444099878676677,0.0040073024258219,0.0036823443992562,0.00335905912830841,0.00302804841395395,0.0027541930938663,0.00253793795532524,0.00231586864276097,0.00208847832782791,0.0018561359256517,0.00167409576931243,0.00156164919977719,0.00144553118862305,0.00132608283096122,0.00120360171745455,0.0010783263634263,0.00095041925292922,0.000819948079112761,0.000686864451073945,0.000550978875962806,0.000411930259769477,0.000400256546086781,0.00038911497776551,0.000376864478923291,0.000363556402361099,0.000349245696061565,0.000333990730676636,0.000317852867084391,0.000300895709038235,0.000283184013276239,0.000264782251398015,0.000245752843763127,0.000226154109205934,0.000206037973076815,0.000185447458666579,0.000164413960972915
-7.48813919948364e-07,-4.51016532231732e-07,-1.57123792197012e-07,0.00184577696387988,0.012679451940791,0.0268975765817117,0.041688467890329,0.0560204922063127,0.06936609072934,0.0814401559058401,0.0921421984184948,0.10142066774916,0.109292647619835,0.115797514199063,0.120951866682195,0.12480126423186,0.127442382200926,0.128948140008738,0.12937968889911,0.128840772478898,0.127386926681548,0.125083181436573,0.122106282820775,0.118457242249924,0.114292293916778,0.109668000108497,0.10474977061902,0.099549459633487,0.0941713459539434,0.0887063619791931,0.0832328502750047,0.0778224334250559,0.072537652773281,0.0674108904898804,0.062481049970799,0.0577769389832803,0.0533172622870275,0.0491103084382903,0.0451532186048159,0.0414306573135956,0.0379691481267132,0.0348330336939577,0.0318678587088857,0.0291130004205453,0.0266610860324694,0.0242644665413805,0.0222435502888432,0.0202319046511387,0.0184999450936955,0.016894740536283,0.0154232205230059,0.0140647036312392,0.0128208762785389,0.0116864650777322,0.0106544242139567,0.00971552508430247,0.00885774790841845,0.00806535283826214,0.00734508624033688,0.00670556492205111,0.00608341385009373,0.00556881977674658,0.00504277941184258,0.00462290801204737,0.00420060780278097,0.00381342732972836,0.00349834010858375,0.00317605144261013,0.00284725339430543,0.00262790647183485,0.0024114602714882,0.00219005022465382,0.00196415578462857,0.00173411217049021,0.00160629060603671,0.00149304641967228,0.00137658318341362,0.00125725242107396,0.00113535029344323,0.0010111024915199,0.000884648383472765,0.000756023868904798,0.000625142059361478,0.000491770502436321,0.000402724688574934,0.000392232736936731,0.000380590582538208,0.000367853404963171,0.000354080695273937,0.000339336052732176,0.000323686719747689,0.000307202794277525,0.000289956077444213,0.000272018569804695,0.000253460645221655,0.00023434896862378,0.000214744231942914,0.000194698772078342,0.00017425409872514,0.000153438318790179
-7.48813161354086e-07,-4.51015831875492e-07,-1.57123586973017e-07,0.00179053715258999,0.0123335358026953,0.0261821369788613,0.0406642482861256,0.0546438860268791,0.0676045403058377,0.0793169688417334,0.0896921022416102,0.0986661649510032,0.106195822067668,0.112395941868658,0.117229760329247,0.120805570570533,0.123208656676044,0.124479353709494,0.124703768359116,0.12400738100226,0.122429701534562,0.12004253685907,0.117030222283896,0.113392624798546,0.109258020835113,0.104750723662783,0.099929743229119,0.0948591248488265,0.0896411922190804,0.0844115462769678,0.0791767035827807,0.0740021662232265,0.0689421211437811,0.0640399231958682,0.0593284020548558,0.0548299410505973,0.0505562535347637,0.0465087970841544,0.0427917941224101,0.039307477743248,0.0360267178014993,0.0329535685532179,0.0302205029519347,0.0275858523338794,0.0252515780254065,0.0230289042473821,0.0210686418889957,0.0191220388359472,0.0175567531924291,0.015958190861977,0.0146006151407714,0.0133205872659792,0.0121481886109219,0.0110753831496164,0.0100932115213414,0.00919001180611104,0.00838347082978556,0.00764784611088334,0.00695719336243007,0.00634702754924131,0.00578139725839746,0.0052684186361946,0.0047916954819056,0.00437974972678073,0.00395989321384326,0.00362757522123285,0.00331320442235461,0.00299286896978717,0.00271144824007687,0.00250016506430674,0.00228418510305811,0.00206409210675118,0.00184033299524373,0.00164772024908538,0.00153717132529269,0.00142346728395666,0.00130701278850094,0.00118815936480367,0.00106719125074428,0.000944311422501857,0.000819627419717988,0.000693136217894916,0.000564707126561298,0.00043406135596578,0.000394774073007697,0.000383769926289342,0.000371627792406509,0.000358411028022256,0.000344187891116678,0.000329031055057894,0.000313016783014646,0.0002962237261787,0.000278731330072147,0.000260617914248165,0.000241958492291878,0.000222822444227968,0.000203271138501106,0.000183355577083158,0.000163114074287224,0.00014256993295478
-7.48814275744712e-07,-4.51016752845857e-07,-1.57123016753288e-07,0.00173060402101775,0.011959065141626,0.0254682740038344,0.0395704162605233,0.0531779145972513,0.0658238591582947,0.0772059162518701,0.0872151242079232,0.0958245834115856,0.103075339708376,0.108932515875012,0.113472891028213,0.116808288453457,0.11895951628908,0.120011605855171,0.12004499819273,0.119205968079346,0.117521164207355,0.115074281893586,0.112031390625779,0.108415962407678,0.104329167765299,0.0999287128206518,0.0952054705690087,0.0902883339396292,0.0853039151708871,0.0802567361778276,0.0752184378059497,0.0702486952549077,0.0653957788598437,0.0606969425521804,0.0562069922944072,0.0519559727433438,0.0479275187544326,0.0441221219895704,0.040528099120599,0.0371714816169139,0.0341268639536403,0.0312385854560312,0.0285658327151837,0.0261615333425955,0.0238383972618315,0.0218416536633049,0.0198910053551742,0.0181695575754811,0.0166095258163045,0.0150225026436848,0.0138278070189136,0.0126083986225539,0.011494928864853,0.0104805030542988,0.00955622344112603,0.00871061921674451,0.00792876053944223,0.00722912457213254,0.00659479724005717,0.00598817851835615,0.00547771364322941,0.00496792567138254,0.00454599421048883,0.00413614248103489,0.00374761439281635,0.00344048204388255,0.0031277997318153,0.00281036530768309,0.00258256497107805,0.00237155050656956,0.00215670511257998,0.00193858139933356,0.0017175758598974,0.00157815504948715,0.00146702890092515,0.00135322212909441,0.00123714106855779,0.00111912639212618,0.000999440113364395,0.000878253369447519,0.000755634362604186,0.000631535506524887,0.000505778634265964,0.00039671642727138,0.00038638506024293,0.00037486793313207,0.000362231487918813,0.000348547941471001,0.000333894808176047,0.000318354055557468,0.000302010855239426,0.000284951919709533,0.000267263458395376,0.000249028866120265,0.000230326258354361,0.000211225998858939,0.000191788331597867,0.000172061175116192,0.000152078063465035,0.000131856157487791
-7.48812639551543e-07,-4.51018291085941e-07,-1.57121421890275e-07,0.00166559208853693,0.011581878220756,0.0247378469578689,0.0384728986821204,0.051733328415692,0.0639871801750124,0.0750100944629876,0.0846966692079537,0.0929706686986171,0.0998883427560509,0.105419365961745,0.109724009798899,0.112789436700443,0.114705047269455,0.115555342180887,0.115420739278872,0.114446900253832,0.112671886939292,0.110177520492875,0.10711981245986,0.103536524236484,0.0995172089728116,0.0952030538945218,0.0905965775814456,0.0858926628895269,0.0810643702183041,0.0761901117005995,0.0713356193561644,0.066591782189094,0.0619921304362736,0.0575451494317865,0.0532768003325497,0.0492022936801611,0.0453255962993321,0.0417225291405908,0.0383698648245905,0.0352009138168296,0.0322218859000171,0.0295663774289389,0.0270002643380381,0.0247327746104424,0.02255601690478,0.0206510381644814,0.0187370523153151,0.0172124985033376,0.0156627037571255,0.0142162401939199,0.0130643600394763,0.0119163039207553,0.0108647979214621,0.00990118834986588,0.009019179401089,0.00823058270211741,0.00750556723633904,0.00682489607577733,0.00623190204291547,0.00567209110820324,0.005173784098592,0.0047004475204859,0.00429971275134029,0.00389322708877883,0.00355873668343948,0.00325302115461757,0.00294299380782696,0.00265916232059647,0.00245273010753166,0.00224266292214197,0.00202961709113854,0.00181409535710027,0.00161620431912381,0.00150751899936147,0.00139617547028376,0.00128263535439583,0.00116729543183379,0.00105047477955896,0.000932403608013462,0.000813213292717462,0.000692926709969942,0.000571447745654079,0.000448548749298523,0.000388413845986568,0.000377556806199284,0.000365530883313876,0.000352411449969755,0.000338280139338372,0.000323224017737196,0.000307334310639521,0.000290704676391438,0.000273429061989905,0.00025559922666968,0.000237302101406,0.000218617142381391,0.00019961384078653,0.000180349497343338,0.000160867286692916,0.000141194553387269,0.000121341215500252
-7.48813591942434e-07,-4.51020566345822e-07,-1.57122416928525e-07,0.00159508649539618,0.0112157827873382,0.0239613021877194,0.0373395984178113,0.0502020245435587,0.0621118825579943,0.072778811549966,0.0820950583572762,0.0900830119484208,0.0966425781803968,0.101933129141718,0.105947183890877,0.108758435559111,0.110454989775191,0.11112059066226,0.110835407146202,0.109739926381365,0.107891717951687,0.105361415258265,0.102304555479111,0.0987625137818388,0.0948181344243857,0.0905725841354739,0.0861736938191899,0.0815981622924638,0.076917871931081,0.0722443968194038,0.067646135565059,0.0631206036443534,0.0587093305908007,0.0544426966249002,0.0503559978323559,0.0465319041429106,0.042902384772843,0.0394596720594114,0.0362077047772606,0.0332761292772872,0.0304853349659602,0.0278937850343694,0.0255571605067291,0.0233063035722807,0.021353462301942,0.0194626614367926,0.0177710199706506,0.0162553617313543,0.0147207174626845,0.0134891341813141,0.0123445813059088,0.0112562857775868,0.0102637563376252,0.00935842258600413,0.00852934717177797,0.00776238231944708,0.00708291738577325,0.00645827747268068,0.00587021212285052,0.00536499451772472,0.0048710345822828,0.00445171274895581,0.00405400905230879,0.00366870586189962,0.00336938735390249,0.00306607360615014,0.00275964123271282,0.0025282287410476,0.0023225504463154,0.00211410816495853,0.00190350918284255,0.00169118940987179,0.00154514658470197,0.00143612548441528,0.00132493829149052,0.00121203866228569,0.00109780261215578,0.000982517545021373,0.000866373484604866,0.000749455667722622,0.00063173737348682,0.000513071716606827,0.000393181155949518,0.000379672747010145,0.000368292679557189,0.000355767724568698,0.000342182808257375,0.000327629352596882,0.000312204020446018,0.000296006952235959,0.000279139530564522,0.000261701761880459,0.000243789426068956,0.000225491206153429,0.000206885988948882,0.000188040501448992,0.000169007358345983,0.000149823501620069,0.000130508917273117,0.000111065458376164
-7.48814070434706e-07,-4.51017593392905e-07,-1.57123091741657e-07,0.00153537575267164,0.0108198802175632,0.0232224960008151,0.0361858949202657,0.0486966529604721,0.0602231460655993,0.0705359329700398,0.0795136137311331,0.087131789548596,0.0934172693504371,0.0984125562873348,0.102151139973914,0.10472430452366,0.10621861982492,0.106716837623171,0.106298638264954,0.105094048054519,0.103189650158553,0.100634159174871,0.0975936062749212,0.0941009529106339,0.0902379349152592,0.0861390938309655,0.0818532413577722,0.0773993248926964,0.0729400165614396,0.0684857553665744,0.0640581000286857,0.0597039678681237,0.0555047405993149,0.0514945904213991,0.0476449949533456,0.0439638567351423,0.0404752234179963,0.037275886482279,0.0342391641227343,0.0313542755636476,0.0287957566120335,0.0263166168558948,0.0241156301409574,0.022002635079981,0.0201525537525753,0.0182884260303972,0.0168043965066857,0.015302648335006,0.0138827722960783,0.0127613848557255,0.0116408872953596,0.0106146472957259,0.00967357451025757,0.00881787503764303,0.00804575602344334,0.00733542420259375,0.00666876032503957,0.00609269118702319,0.0055427992255695,0.00505893646307085,0.00459310246614591,0.00420343355872706,0.00381002833394445,0.00347763886479387,0.00318045976631602,0.00288050917648384,0.00259847502447759,0.00239687463869991,0.00219264022975857,0.00198648477126795,0.00177894855925867,0.00158007908993379,0.00147328341624205,0.00136430410217477,0.00125365293985371,0.00114176392430633,0.00102898168944279,0.000915553065318102,0.000801621072575103,0.000687220201308483,0.000572271646291116,0.000456577167462148,0.000381190293578165,0.000370495743436889,0.000358600779954656,0.000345592688777605,0.000331566398841747,0.000316623252081398,0.000300869250595205,0.000284412760219443,0.000267361765368071,0.000249820824769988,0.00023188793932259,0.000213651585870914,0.000195188116195959,0.000176559662409273,0.000157812576598146,0.000138976321124225,0.00012006263925565,0.000101064794124289
-7.48812748752462e-07,-4.51017926583666e-07,-1.5712447685654e-07,0.00147657906796403,0.010431835788171,0.0224252593753749,0.0350210583342983,0.0471207095045708,0.0582616954874785,0.0682132164137193,0.0768873221304502,0.0841665025601068,0.0901710955521279,0.0948656307137787,0.0983441409053999,0.100695543837655,0.102004625953218,0.102352900386464,0.101819305622804,0.100517390920036,0.098573693944928,0.0960028538264664,0.0929937558060853,0.0895575770858622,0.0857812358703211,0.0818211677938648,0.0776288827959942,0.073392004070049,0.0691102793637152,0.0648057622015652,0.0605637620783251,0.0564717902171314,0.0524854090754216,0.0486281620343562,0.0449446417579771,0.0415136840493661,0.0382432485551336,0.035116272223411,0.0322981156557454,0.0296229294208498,0.0271129024672344,0.0248612300545256,0.0226824574021103,0.0207902100280439,0.018958935344982,0.0173131602933019,0.015841749012051,0.0143587634057589,0.0131486232597613,0.0120364316133508,0.0109771469542072,0.0100102090690956,0.00912752205569756,0.00831867063395444,0.00757026529812934,0.00691080061016031,0.00629959242073349,0.00572984373631511,0.00523369505411531,0.00475534152887971,0.00434246388365281,0.00395677382970497,0.00357840682783414,0.00328689516171775,0.00299283811476086,0.00269716797846622,0.00246606731432432,0.0022657218986909,0.00206360784446881,0.00186037128804588,0.00165647015241592,0.00150781954040087,0.00140094618512148,0.00129239383529691,0.00118265607047227,0.001072136034366,0.000961137502389216,0.000849859414257221,0.000738392791781727,0.000626718622423261,0.000514705258275017,0.000402104029579968,0.000372115186899685,0.000360890080006393,0.000348494413497993,0.000335025667042821,0.000320588992706538,0.000305295485386061,0.000289259880650851,0.000272597712578621,0.000255422093260463,0.000237840331357979,0.000219950649960843,0.000201839281120308,0.000183578118873496,0.00016522302735496,0.000146812760785175,0.000128368347328322,0.000109892711900764,9.13702976831371e-05
-7.48814289803005e-07,-4.51017242168825e-07,-1.57122126316188e-07,0.00141283430121436,0.0100504398118955,0.0216568028491657,0.0338288278135573,0.0455638794378017,0.0563456977681078,0.0659312460927181,0.0741991922654588,0.0812182828022449,0.0868915285804185,0.09129980131981,0.0945338663433052,0.0966800107006188,0.0978209820625058,0.0980367982042823,0.0974053894692428,0.0960170787313001,0.0940507559427742,0.0914733952335241,0.0885104959848293,0.0851367424843373,0.0814652256471703,0.0775976627634404,0.073594862352598,0.0695165154515859,0.0653622037587247,0.061283885478742,0.0572739364782338,0.0533314634616073,0.0495037168651157,0.045903826233515,0.0424406949419654,0.0391144808000689,0.0360437336461427,0.0331575913719794,0.0303797056399595,0.0279236637767906,0.0255473349096588,0.0234135372582243,0.0213793033005723,0.0195845244524547,0.0177844514408955,0.0163413847791544,0.0148875587163311,0.0135081910350207,0.0124168988829481,0.0113176535354068,0.0103306067141612,0.00941545681341088,0.00858597476655257,0.00783375889177149,0.00714150323452425,0.00649216590023043,0.00593300400674256,0.00539637977569687,0.00492692436446618,0.00447192202441786,0.00409333112709399,0.00371286262331024,0.00338601498987146,0.00309737249885227,0.00280737854878719,0.00253048657810725,0.00233378782999636,0.00213538815581911,0.00193604281727085,0.00173631461619935,0.00153986359930121,0.0014350376533284,0.00132847676856126,0.0012207357310717,0.00111227812040429,0.00100346612313628,0.000894554770313381,0.000785689664849986,0.000676906759701104,0.000568132591264746,0.000459183488764208,0.000373123279587405,0.000362611375163685,0.000350868114759724,0.000337992484075139,0.000324092465700624,0.000309283364772349,0.000293685515940266,0.000277421407171381,0.000260612315328269,0.000243374687598803,0.000225816552527939,0.000208034248988937,0.000190109747931682,0.000172108708500206,0.0001540792923295,0.000136051619644399,0.000118037649171095,0.00010003121987218,8.20080007967077e-05
-7.48813520792922e-07,-4.51019858155187e-07,-1.57122907324134e-07,0.0013437430576446,0.00963847595696291,0.0208594710467854,0.0326419924829689,0.0439649214143244,0.0543522875377245,0.0636030903080728,0.0715640858684236,0.0782298732828201,0.0835851281894184,0.0877771239559275,0.0907967492510703,0.0927319634886868,0.0936748179937654,0.09377562306416,0.093063850699661,0.091614895878453,0.0896265252090045,0.0870719165138406,0.0841479279672391,0.0808413447461358,0.0772896269385339,0.0735398303579083,0.0696983623741659,0.0657234474272401,0.0618153776584015,0.0579112490695507,0.0540337786802873,0.0503252121226066,0.0467385789443367,0.0432597884268336,0.0399745191903823,0.0368957003464743,0.0339368640793585,0.0312091052579673,0.0286654046829962,0.026238266298312,0.0240862918243545,0.0219802582473227,0.0201625386658451,0.0183911621066149,0.0168043768606708,0.0153776528926555,0.0139461262966651,0.0127703289872868,0.0116910316693566,0.0106082978150907,0.00972555309806257,0.00886862826219839,0.00808308071631367,0.00735625823544115,0.00671686315141772,0.00612214230686046,0.00557067326493163,0.00508668778680993,0.00462388487913845,0.00422052697315816,0.00384685326012347,0.00347834918457313,0.00319475095151993,0.00290994243229951,0.00262489172140743,0.00239720035553125,0.00220226277979814,0.00200647347740585,0.00181050377148287,0.00161481990516938,0.00146671183363994,0.00136207763733856,0.00125622016728986,0.00114966546384991,0.00104283632676348,0.000936045460873866,0.000829493180217651,0.000723268305367184,0.00061735054887727,0.000511612703636071,0.000405821242921802,0.000363737605992321,0.000352690254168345,0.000340447728124231,0.000327119773064034,0.000312824905121642,0.000297688169019163,0.000281838246120063,0.00026540401332115,0.000248510722018964,0.000231276107040832,0.000213806749832587,0.000196194996295335,0.000178516669014744,0.000160829648756133,0.000143173264009272,0.00012556829486202,0.000108017318360578,9.05051093262022e-05,7.29988489216896e-05
-7.48817184279353e-07,-4.51017170472544e-07,-1.57121372394246e-07,0.00128047805640836,0.00925883354994363,0.0200619724159866,0.0314290103321826,0.0423681751887172,0.0523922743279158,0.0612380891584083,0.0688977975990477,0.0752135508173648,0.0803586537696266,0.084284032026643,0.0870794779045965,0.0888313738120535,0.089623540216149,0.0895754118578146,0.0888005083174222,0.0873217862449853,0.0853053675864364,0.0827907257641925,0.0799086817564439,0.0766727478366473,0.0732514121363279,0.0696467526067074,0.06588288364887,0.0621543942322185,0.0583815254652982,0.0546156334291345,0.0510052736588441,0.0474506188851166,0.0439969288082959,0.0407731264294601,0.0376566757323602,0.0346904117840232,0.031971342420069,0.0293415844007333,0.026964189117165,0.0247041569833963,0.0226390477383917,0.0206959976819978,0.018957586943782,0.0172330105518219,0.0158318869482357,0.0144263462115073,0.0130984665208618,0.0120379718630655,0.0109743290086925,0.00991141483993004,0.0091316416508102,0.00832855832865668,0.00759906791210073,0.00692765434396673,0.00629831445289564,0.00575622988874257,0.00523553798539239,0.00478060851283521,0.0043390526881955,0.00397168127791178,0.00360412316793401,0.00328550900299718,0.00300550095460477,0.00272543231837896,0.00245625057247164,0.00226459795762829,0.0020721022660636,0.00187954793571234,0.0016875079094085,0.0014963424044952,0.0013933333837987,0.00128928795351151,0.00118451694418215,0.00107950616560048,0.00097462841025559,0.000870140320491493,0.000766183600172641,0.00066278883678593,0.000559880075092755,0.000457278495488517,0.000364239833091258,0.000353934512462311,0.000342368648998483,0.000329652621710747,0.000315907068140229,0.00030126073080416,0.0002858475989668,0.000269803413546886,0.000253261712643347,0.000236349671088883,0.000219184094983433,0.000201867921284049,0.000184487503397969,0.000167110853654868,0.000149786835956543,0.000132545156710236,0.000115396887909202,9.8335217217341e-05,8.13361312290535e-05,6.43588068466232e-05
-7.48815812459633e-07,-4.51020816397033e-07,-1.57125540255249e-07,0.00122515954357333,0.00886845732900942,0.0192735584461568,0.0302312674347445,0.0407682658367913,0.0504091745595132,0.0589338339674289,0.0661894348904812,0.0722797056831631,0.0771238856530906,0.0807967472059945,0.0833843120068112,0.0849698481027243,0.0856346425381415,0.0854586059558357,0.0846199219369418,0.0831278576158146,0.0810902281627224,0.0786299760254615,0.0757938455511746,0.0726592404230918,0.0693496963838152,0.06583125431854,0.0622944937672141,0.0586802645751314,0.0550636759015928,0.0515430423413594,0.0480399140442753,0.0446876689665079,0.0414678027495746,0.0383287566964044,0.0354327495616203,0.032657981234075,0.0300242403391082,0.0276258979180609,0.0252838785715969,0.0232440865482149,0.0212121390477156,0.0194804191647621,0.0177698728777333,0.016252578036423,0.014871441017682,0.0134915859047818,0.012360243966217,0.0113144847363436,0.0102699060303189,0.00923484562088219,0.00858651992319995,0.00782678995862135,0.00712398494131195,0.00650492055801476,0.005929117564,0.00539604904359839,0.00492666568729255,0.00447948834102957,0.00408804486561249,0.0037264989790215,0.0033700809518207,0.00309459465686196,0.00281910860422227,0.00254460950108092,0.00232269037313151,0.00213329893859228,0.00194388749070796,0.00175514067434312,0.00156752245730985,0.00142234284621129,0.00132007962168664,0.00121701365242373,0.00111369587870606,0.00101056189199924,0.000907927209636523,0.000805987984555022,0.000704825508827207,0.000604412534881919,0.00050461952410651,0.000405219316432711,0.000354572703495396,0.000343729744551028,0.000331669134228413,0.000318512478595425,0.000304391111549892,0.000289443314610777,0.000273810823258397,0.000257634767087483,0.000241051307439311,0.000224187289137867,0.000207156312333746,0.000190055558313867,0.00017296359932208,0.000155939280218317,0.000139021561103578,0.000122230089727673,0.000105566184688926,8.9013906504189e-05,7.25409382508787e-05,5.60990858785522e-05
-7.48815625006981e-07,-4.5101947535222e-07,-1.57124519885272e-07,0.00116521881361825,0.00845722858009346,0.0184590745307171,0.029014873145423,0.0391453405353758,0.0484040408056088,0.0565804979774462,0.0635627211735459,0.0693268352284068,0.0738843675016688,0.0773201583659516,0.0797161526739326,0.0811522059231242,0.0817067725556251,0.0814574275195524,0.0805252796327117,0.0790358261853919,0.0769825407128083,0.0745904934324103,0.071802901833653,0.0687921322529787,0.0655819599909362,0.0622266217386449,0.0588006633570665,0.0553428844293143,0.0519356645429042,0.0485046789363521,0.0452578806234922,0.0420591325277457,0.0389768661195469,0.03608797180114,0.0332709776376442,0.0306944701020953,0.0282259508775094,0.0259303846861987,0.0237980532153849,0.0218037842875173,0.0199620590695705,0.018281607043916,0.0166415272489817,0.0152837568530312,0.0139272451083033,0.0126592337738811,0.011630558007155,0.0106030460275805,0.00958062792153076,0.00873365887363571,0.00805033270721366,0.00734584079020955,0.00669746713063284,0.00609020949804378,0.00556551794616708,0.00506280920840132,0.00462264453758418,0.0041965125786366,0.00384060264916423,0.00348601820265057,0.00317766544518404,0.0029064654442162,0.00263635844428904,0.00237676854831578,0.00219036547987713,0.00200389523770941,0.00181815939832286,0.00163373093221758,0.00145095833333167,0.0013486985568545,0.00124729962400178,0.00114558886659727,0.00104406721788207,0.000943112023158771,0.000842976470607548,0.000743793988806065,0.000645585621270045,0.000548268293732146,0.000451662184660422,0.0003554959081486,0.000344503653129442,0.000333144706072891,0.000320620219692215,0.000307062944961136,0.00029261434009575,0.00027742112872991,0.000261631194665207,0.000245389047377751,0.000228831197810859,0.000212081815254545,0.000195249072315965,0.000178422477505612,0.000161671334612323,0.000145044320503849,0.000128569972799368,0.000112257785887921,9.60995666884107e-05,8.00707332394339e-05,6.41313094124876e-05,4.82264667673498e-05
-7.48815805285442e-07,-4.51018391541227e-07,-1.57123743059461e-07,0.00110028945829536,0.00809385625719771,0.0176892118946431,0.0278187177255191,0.0375663265852324,0.0464571637642173,0.0542530367984666,0.0609224644565463,0.0663585229658288,0.0706832648067241,0.0739151278443148,0.0761124024075704,0.0773819979885317,0.0778432326498529,0.0775373267529286,0.0765390327658752,0.0750468802189467,0.0730370253670206,0.0706714869742305,0.0679559711592649,0.0650569048747462,0.0619440083890434,0.0587336366167341,0.0554466656540277,0.0521782996528663,0.0488685874687997,0.0457059427043294,0.0425461989259259,0.0395503435516138,0.0366569805226956,0.0338688539719028,0.0312926449424528,0.028765966095593,0.0265165622158128,0.0243028424992097,0.0223454722810178,0.0204042665781027,0.0187530918935571,0.0171047347771403,0.0156651378986554,0.0143308356219819,0.0130031729766725,0.0119239684299436,0.0109126484903466,0.00990658740621647,0.00892022382984334,0.0082372442712527,0.00755370918545439,0.0068768247127211,0.00627849479062501,0.0057234814362487,0.00520905110757673,0.00475612753864317,0.00432474718653019,0.00394701232133191,0.00359778626936495,0.00325505880875122,0.00298795179867282,0.0027219228410444,0.00245796237648408,0.00224353764005865,0.00205987808819191,0.00187693940944353,0.00169540926864263,0.00151574131792895,0.0013752123678205,0.00127548278159354,0.00117533252061412,0.00107532985015602,0.000975916841440321,0.000877406822878343,0.000779987892209213,0.000683730603164861,0.00058859763694953,0.000494453408898011,0.000401072019162878,0.000344662089650697,0.000334052879261579,0.00032220667299094,0.000309256367824708,0.000295345411786643,0.000280624401909856,0.000265246993851667,0.000249365258345438,0.000233124808952007,0.000216660104065124,0.000200090315318081,0.000183516140672586,0.000167017788075565,0.000150654167036699,0.00013446316914252,0.00011846275117524,0.000102652465197209,8.70150883940078e-05,7.15180524053024e-05,5.61144755136675e-05,4.0743689398193e-05
-7.48814920157475e-07,-4.51014571672752e-07,-1.57123709788411e-07,0.00103905082204611,0.0077021586824737,0.0168683015363918,0.0266151505895925,0.0359330043197512,0.0444560312278729,0.0519650105029027,0.0582560673524691,0.0634837158102493,0.0675677509456213,0.0705833550020678,0.0726111905433882,0.073730836212162,0.0740458726238653,0.0736997438578025,0.0726951747124755,0.0711605935074542,0.069212193443696,0.066870485822461,0.0642724322404129,0.0614490306096607,0.0584438320327335,0.0553661803019184,0.0522641487594057,0.0490946917488248,0.0460285331330458,0.042926608972905,0.0400217126372387,0.0371394070799065,0.0344216814045074,0.0318197295750995,0.0293398525194971,0.02704412311213,0.0248341922572665,0.0228391720845292,0.0209183802826016,0.0191861501048474,0.0175656313611161,0.0160169375469094,0.014704241946149,0.013397776066047,0.0121957715133682,0.0112001648200283,0.010209512827636,0.00922774541847045,0.00842074851394736,0.00774786298211353,0.00707789830452009,0.00645425508391125,0.00587064385845896,0.00536376348057852,0.00488054823595442,0.0044554717092487,0.00404618330563982,0.003702047557934,0.00336056270964829,0.00306392316396292,0.00280175803714345,0.00254169626948868,0.00229298703542078,0.00211207874933354,0.00193179209010479,0.0017529347671044,0.00157607157128298,0.00140153345065238,0.00130163631664564,0.00120303922243357,0.00110450033488946,0.0010065289083578,0.000909501580577889,0.000813664275761674,0.000719139446147064,0.000625936470386899,0.000533962967697014,0.000443035137282064,0.000352885799369857,0.000334366246624658,0.000323246362979543,0.000310948837212842,0.000297617813902651,0.000283406573927781,0.000268473445199346,0.000252977119102136,0.000237071593522391,0.000220901144223162,0.000204595765389994,0.000188267454458754,0.000172007663743782,0.000155886035914414,0.000139950353658183,0.000124227485770411,0.000108724977335223,9.3432909448091e-05,7.83256945443565e-05,6.33635527515884e-05,4.84935140712308e-05,3.36498864683072e-05
-7.48815539089022e-07,-4.51018132531205e-07,-1.57125981743469e-07,0.000989585312514915,0.00732477665807453,0.0161269556956874,0.0254342221904526,0.0343957068785375,0.0425396916713008,0.0496402928576905,0.0557081442466056,0.060632946252906,0.064464404286838,0.0672794877445609,0.0691541760686319,0.0701640113826103,0.0703845065753821,0.0699445104256558,0.0689488832232894,0.0673977793694789,0.0655010166783353,0.0632086476574553,0.0607130000472609,0.0579622402293443,0.0551264649013265,0.0521845013597899,0.049166950114039,0.0462206644264323,0.0432267860657206,0.0403887749290587,0.0375336439498453,0.0348898670105134,0.0322756292990479,0.0298527962747759,0.0275138844444469,0.0253485184505483,0.0232861083016069,0.0214003834239402,0.0195819986366845,0.0179890342507689,0.0164045174757813,0.0150488734421249,0.0137628876668434,0.0124881463886312,0.01146669410621,0.0104908848842415,0.00952385509384698,0.00859051849622764,0.00792804489380962,0.00726762978173614,0.00661790248814697,0.00604080366783754,0.00550796104675437,0.00501248254155138,0.00457737041008803,0.00416202117493313,0.00379927014537859,0.00346260809215981,0.00313464470177138,0.00287622898308252,0.00261983102056455,0.00236643219969539,0.00216067789627767,0.00198296672928306,0.00180662276633975,0.00163232780288158,0.00146051923995752,0.00132580062000423,0.00122878773706114,0.00113169536668025,0.00103510167777157,0.000939449469150933,0.000845045832644273,0.00075206822768492,0.000660574893162377,0.000570517267008965,0.000481752275448694,0.000394052845044124,0.000334057350683575,0.000323712840046632,0.000312115949626522,0.000299410173849647,0.000285750171478955,0.000271297763389577,0.000256217194589509,0.000240669967408377,0.000224809543336087,0.000208776371310377,0.000192693683860132,0.000176664386834437,0.000160769272884169,0.000145066556899374,0.000129592561117284,0.000114363243516856,9.93761869517335e-05,8.46126731462308e-05,7.00395468901707e-05,5.56106588283006e-05,4.12677916725936e-05,2.69410357358949e-05
-7.48815332239729e-07,-4.5101892500753e-07,-1.5712218589041e-07,0.000936015114980143,0.00696774995199548,0.0153314195674856,0.0242578703639641,0.0327961925698684,0.0406073374777974,0.0474164577976912,0.0531516315396251,0.0577800867263575,0.0613738699731969,0.0640039708737499,0.0657415804556462,0.0666578036968878,0.0668243300506318,0.0663134727478836,0.0652977240789004,0.0637998450419258,0.0618989736836457,0.0597172292807189,0.0572710724825907,0.0546546071800578,0.0519287150417819,0.0490769322849941,0.0462757354182438,0.0434056629579798,0.0406479312896438,0.0378726395968569,0.0352719904856947,0.0326699050390215,0.0302963025911583,0.027925798513668,0.0258064843165233,0.0236867867040439,0.0218368200906902,0.0199924551723646,0.0183762399881542,0.0168178687778768,0.0153656807740266,0.0140999702478434,0.0128447333392119,0.0117129965337161,0.0107518441493544,0.00979890015792575,0.00885804841147435,0.00809497119160006,0.00744426807237268,0.00679847441431568,0.00620105047449582,0.00564219584613087,0.00515360362735427,0.00469092600386881,0.00428130936645156,0.00388980762646232,0.00355779907709807,0.00322957614356769,0.00294561348130294,0.00269274034979713,0.00244283487741293,0.00220579713797216,0.00203065277316231,0.00185672867075297,0.00168482875001318,0.00151550305897697,0.00134906131716334,0.00125262510463996,0.0011569991933098,0.00106175594835755,0.000967406566762096,0.000874322460273822,0.000782739505234742,0.000692767764932544,0.000604404365515998,0.000517547214109756,0.000432007632300375,0.000347520571428789,0.000323579537672341,0.000312732291386318,0.00030069924826877,0.000287635084963858,0.00027370380980459,0.000259074066364124,0.000243913846081454,0.000228384997254458,0.000212637895564451,0.000196806754340352,0.000181005981069676,0.00016532781976576,0.000149841397285617,0.000134593053875909,0.000119607688461429,0.000104890764569473,9.04305728966771e-05,7.62004121408435e-05,6.21604304640764e-05,4.82589802296944e-05,3.4433426261629e-05,2.06104147998287e-05
-7.48814628671166e-07,-4.51016067096249e-07,-1.57123062324133e-07,0.000878019821054239,0.00658345634541894,0.0146052493230379,0.0231065799494235,0.031292792571967,0.0387008891475766,0.0451924803469983,0.0506027364313301,0.0550374228528967,0.0584399659453878,0.0608846631601316,0.0624458887241277,0.0632104049654911,0.0633385090137105,0.0628248766035455,0.0617389637795588,0.0603057905569979,0.0584407707874236,0.0563389981710458,0.0539633991046371,0.051484671134656,0.0488402842046741,0.0461855941030306,0.0434504513749929,0.040794236668217,0.0381193494554273,0.0355654699786313,0.0330386097393287,0.0306694336564543,0.0283492850297905,0.026208187317486,0.024131846117808,0.0222283144469937,0.0204178247524296,0.0187279825711566,0.0171959576126731,0.0156770909976708,0.0144100440467195,0.013173975711035,0.0119529949921887,0.010993204658897,0.0100540600277041,0.00912665159573346,0.00824890339664142,0.00760809741627802,0.00697139169092172,0.006342111591017,0.00579476137726913,0.00528504767093014,0.00480887037809931,0.00439248991637418,0.00399343546868065,0.00364650544046196,0.00332267559272649,0.0030101064207011,0.0027607140993688,0.00251413913402888,0.00227134304874827,0.00207498277352841,0.00190345029120752,0.00173383539638606,0.00156680646914985,0.00140278043729632,0.00127456905369163,0.00118046547163798,0.00108658128426632,0.000993497513432679,0.000901652552184343,0.000811344041092434,0.00072273724039638,0.000635877701024288,0.0005507058355015,0.000467071238359525,0.000384745117061462,0.000322820653372218,0.000312772259470515,0.00030146074348398,0.000289039323964759,0.000275672829771904,0.000261533015086374,0.000246793249648691,0.000231622825488674,0.000216181343055927,0.000200613585749548,0.000185045327306559,0.000169580419078774,0.000154299283117181,0.000139258801796821,0.000124493387276732,0.000110016882335741,9.58249137717685e-05,8.18973113130462e-05,6.82002921876435e-05,5.46882113519158e-05,4.1304783695205e-05,2.7983752875789e-05,1.46490424786829e-05
-7.48813271659087e-07,-4.51020847651157e-07,-1.57124588344952e-07,0.000820745889605498,0.00625113979013555,0.0138519619853367,0.0219691857452463,0.0297565086390478,0.0368582998063848,0.0429848959072031,0.0481832354664932,0.052341361279198,0.0555270396828178,0.0578084757057103,0.0592546738320941,0.0599356817992561,0.0599229499300977,0.0594209409783442,0.0583779497823189,0.0569089071300137,0.0551466594158362,0.0530651639883068,0.0508381701822972,0.0484205498380736,0.0459326776923843,0.0433533019243249,0.0408214643450339,0.0382559230780081,0.0357666183219258,0.0333208899503132,0.0309703063152649,0.0287108432801849,0.0265529270246062,0.0245224915332846,0.0225748297212002,0.0207994715890512,0.0190444637841067,0.0175396145659205,0.0160457018350721,0.0146937089701745,0.0134769601037009,0.0122741969441358,0.011215471504485,0.010290200218975,0.00937585105163594,0.00847622348716194,0.00775942628318685,0.00713191339604261,0.00651117612871812,0.00590002039746369,0.00540723358869885,0.00493742233189431,0.00449593328686609,0.00410216121693573,0.00372899239678039,0.00340947432762205,0.00309468663157309,0.00282396245684371,0.00258064610410509,0.00234101637877457,0.00211603613868465,0.00194693077823086,0.0017795534071873,0.001614695446499,0.00145288708357469,0.00129461086962062,0.00120211959079716,0.00110963783607997,0.00101781695474311,0.00092716428620052,0.000838042221121676,0.000750674650685862,0.000665158787889357,0.000581479991252524,0.000499527273044554,0.000419107598905545,0.000339957677726613,0.000312210902698764,0.000301670096849996,0.000289939799363962,0.000277184174098607,0.00026357672816151,0.000249294957001356,0.000234514546325026,0.000219403474367159,0.000204116504292206,0.00018879048957946,0.000173540874276692,0.000158459628601917,0.000143614627498104,0.000129050347186319,0.000114789571531609,0.000100835719883618,8.7175421445635e-05,7.37809743996912e-05,6.06124541040324e-05,4.7619319242461e-05,3.4741471127331e-05,2.1909776063606e-05,9.04609601820976e-06
-7.48814031032761e-07,-4.51017426012433e-07,-1.57124956801513e-07,0.000779229438544464,0.00590914146864881,0.0131395747825805,0.0208622357170804,0.0282922760270311,0.0349839014115517,0.0408842056484101,0.045752355895174,0.0496479693726381,0.0526332800053741,0.0547650347667307,0.0561115952400701,0.0567362298882298,0.0567055162857826,0.0560951165151128,0.0551079041664373,0.053672784958403,0.0519515730833451,0.0499734625770894,0.0478144488772465,0.0455137671785853,0.0431487723534675,0.0407221742304552,0.0382764227814779,0.0358707067278504,0.0335133058566395,0.0311961482931402,0.0290021541785125,0.0268392536367053,0.0248578164595577,0.0228757102011004,0.0211374972694331,0.0194058955405746,0.0178491575266698,0.0163808295094478,0.0149511719435468,0.013754369194464,0.0125698272371138,0.0114188626014963,0.0105078895879861,0.00960656079716036,0.00871936885826232,0.00789837667648461,0.00728039376670247,0.00666822473299341,0.00606514615575363,0.00547343314098226,0.00505700506445996,0.00460047557004778,0.00420338737139481,0.00382088919838028,0.00349025711084429,0.00317952466463853,0.00288262120639624,0.00264258057530498,0.00240601836850436,0.00217386738385877,0.00198726226071214,0.00182213605597923,0.00165938292006888,0.00149965161146849,0.00134333577127049,0.00122196140664028,0.00113095857145713,0.00104043132513057,0.000950957092947339,0.000862965427485534,0.00077674205074005,0.000692439251536377,0.000610090352260412,0.000529625876164892,0.00045088929578825,0.00037365079813889,0.000311024746815072,0.000301303276084958,0.00029031306763145,0.000278216045527345,0.000265185986239662,0.00025140317590527,0.000237048500849108,0.000222297349904861,0.000207313729531908,0.000192245109662747,0.000177218365137358,0.000162337113875964,0.000147680562106183,0.000133303748981422,0.000119238959438127,0.000105497941153699,9.20745263327789e-05,7.89472988599252e-05,6.60820027807116e-05,5.34335068619789e-05,4.0947233655075e-05,2.85600416685649e-05,1.62005990418675e-05,3.78929772050283e-06
-7.48814225386942e-07,-4.51018999560465e-07,-1.57125020702143e-07,0.000734288137524635,0.00555655128915779,0.0124385641616061,0.019772118356463,0.0268321041415139,0.0332485302329834,0.0387545760866069,0.0434029510268985,0.0471164283066713,0.0499227154969669,0.0518869272265425,0.0530758930547211,0.0535935651895079,0.0535592949896266,0.0529712528635903,0.05191975360854,0.0505780885063507,0.0488731647269141,0.0470075799842022,0.0449128041607519,0.042754034306624,0.0404565622858952,0.0381737186664567,0.0358720313416919,0.0336113997323404,0.0313433597385234,0.0292206757163388,0.0270725665541468,0.0251365631754739,0.023200705311199,0.0214314055898345,0.0197347997193013,0.0181244269338613,0.0166829042072726,0.0152557221974047,0.014006507958705,0.012840647478447,0.0116915660285032,0.0107074211982324,0.00981941059935628,0.00894450639559887,0.00808639296632817,0.00741700792435536,0.00681365565868867,0.00621860223373677,0.00563457820542785,0.00506333307245575,0.00471736296400581,0.00429738953847407,0.0039198261599891,0.00356521524073293,0.00325853276713845,0.00295734084664777,0.0027000960795125,0.00246658754229839,0.00223734353608211,0.00202449016880393,0.00186168775567591,0.00170103169988464,0.00154329356659885,0.00138897988334957,0.0012399682820665,0.00115055187523146,0.00106138099293042,0.000973103408396121,0.000886217533565981,0.000801073674479039,0.000717882498437043,0.000636728587485882,0.000557586706617924,0.000480338545669638,0.000404788123495395,0.000330674621210625,0.000300337557933711,0.000290136086757511,0.000278746200043692,0.000266340364500749,0.00025310019369311,0.000239210486482823,0.000224852923164758,0.000210199893332281,0.000195408869625,0.000180617827036855,0.000165941993749389,0.000151472109201539,0.000137274183193578,0.000123390530827387,0.000109841779405604,9.66294610356422e-05,8.37387893721896e-05,7.11413153611179e-05,5.87972063237346e-05,4.66570253577059e-05,3.46629611773509e-05,2.27495330245213e-05,1.08438192134813e-05,-4.46827077264789e-10
-7.488152718956e-07,-4.51019758119381e-07,-1.57125242497858e-07,0.000685658176442205,0.00526028936332281,0.0117415970770573,0.0187239354068885,0.0254255182103035,0.0314667485569755,0.0367595741649608,0.0411338441080031,0.0446056969360045,0.047231184045,0.0490686586145287,0.0501788512087822,0.0506247973073488,0.050474946687343,0.0499297141437,0.0489237633148528,0.0475647887169841,0.0459841820357081,0.0441246188236172,0.0421926016042609,0.0400734349238632,0.0379645783797923,0.0357639781557364,0.0336097570131717,0.0314075761761232,0.0293630581759214,0.0272825617773014,0.0253567991327319,0.0234709387815589,0.0216801475936476,0.0200209974677404,0.0183718331797646,0.0169518966717976,0.0155499122192671,0.0142333340130028,0.0130870570294408,0.0119555560069932,0.0108888363322316,0.0100147659618423,0.00915232327421145,0.00830588260381118,0.0075417692348175,0.00694769552560783,0.00636082865846557,0.00578436748658599,0.00522049677288168,0.00467045990144294,0.00438930988433273,0.00401178166369984,0.00364606991831864,0.00333192479949359,0.0030345270580075,0.00275328083962305,0.00252289433320893,0.00229651369111519,0.00207503607729854,0.00189826817089509,0.00173975790089806,0.00158398461868704,0.00143157259796184,0.00128289055684646,0.00116840441125145,0.00108068272060684,0.000993650731186152,0.000907876629079869,0.000823777462433934,0.000741625258308415,0.000661559157367954,0.000583601257808355,0.000507673863055532,0.000433616134456385,0.000361198677221241,0.000298752319892613,0.000289386948376055,0.000278752659377141,0.000267018899481532,0.000254367040402795,0.000240984366614067,0.000227057634003233,0.000212766591799743,0.00019827797691515,0.000183740385194978,0.000169280457188029,0.000155000543467825,0.000140977914369205,0.000127265373280914,0.000113892969207527,0.000100870461507747,8.81901399708369e-05,7.5829643101837e-05,6.37545092883266e-05,5.19202743430194e-05,4.02740366241646e-05,2.87554843805232e-05,1.72974267513339e-05,5.82588838057217e-06,-4.46949616187633e-10
-7.4881719995949e-07,-4.51018745737455e-07,-1.57126126402055e-07,0.000633058725912467,0.00494205741477166,0.0111018602649777,0.0176853083874934,0.0240499002517221,0.029813560377874,0.0347698800242138,0.0388585697747188,0.0421558713763945,0.0446135669741308,0.0462934839696003,0.047321450463227,0.047744963144758,0.0476059271478747,0.0469660419316557,0.0460275104269533,0.0447271570086965,0.0431718490453402,0.0414517719137375,0.039546329321152,0.0375958539897692,0.0355388216704714,0.0335020651771436,0.0313837293005686,0.0294252018127212,0.0274187741278973,0.0255159703763771,0.0236845831928851,0.0218821695887082,0.0202636138624834,0.0186497157828858,0.0171873554623791,0.0158121189362805,0.0144537803290685,0.0133091216004313,0.0121959226037999,0.0111016060643757,0.0101927507743097,0.00934325392982287,0.00850854069756088,0.00769215730681864,0.00707041566833011,0.00649210133965417,0.00592328014392378,0.00536658780784711,0.00482367892755073,0.00430126803058559,0.00409695423644369,0.00373591318305226,0.0033998327876129,0.00310628743997151,0.00281881777356884,0.00257504673711705,0.00235156416622739,0.00213279038972826,0.00193189680272909,0.00177563486004392,0.0016218518905176,0.00147129370880152,0.00132444059318248,0.00118448413550129,0.00109833235198683,0.0010126239485967,0.000927996996233928,0.00084493676273166,0.000763779142847935,0.000684720933304844,0.000607834766514031,0.000533086379522024,0.000460352101766994,0.00038943487602524,0.000320077687885288,0.000288045617914553,0.000278214396304298,0.000267200750256119,0.000255184107308209,0.000242352696374448,0.000228896980852583,0.000215002945263218,0.000200845685414615,0.000186583813281244,0.000172355038809665,0.000158273254840695,0.00014442717337801,0.000130880447063205,0.000117673035629671,0.000104823462056013,9.23315850952984e-05,8.01815184254025e-05,6.83443868482187e-05,5.67807082113161e-05,4.54422725642363e-05,3.42734823354733e-05,2.32121801444532e-05,1.21900187138938e-05,1.1324336968253e-06,-4.47764936172269e-10
-7.48815189365601e-07,-4.51020771166252e-07,-1.57126263675174e-07,0.000598449837313006,0.00463684109655793,0.0104189154191042,0.0167094215974888,0.0227188655926787,0.0281471288511978,0.0328574762366678,0.0367648851248243,0.0398418493071584,0.0421398534940259,0.0437135925184323,0.044620863424929,0.0449222739052406,0.0447947928891679,0.0442124693602169,0.0432180766570565,0.0420056093623459,0.0405177279260548,0.0388557068226364,0.0370793116038819,0.0351888342355035,0.0332812712073584,0.0312707459377085,0.0294023119314833,0.0274773678903939,0.0256109544239681,0.0238393092449518,0.0220549650500166,0.0204612840333453,0.018885486748766,0.0173884463779136,0.0160420318500008,0.0147088067386411,0.0135066042376003,0.0124128349515773,0.0113357067481853,0.0103532717876014,0.00951750138830397,0.00869486645262649,0.00788959482071087,0.00718174963061148,0.00661254742967393,0.0060516386661161,0.0055021215283876,0.00496607959886083,0.00444466558695875,0.0040523074388658,0.00381922305680825,0.00347047131172794,0.00317277898082211,0.0028889038267031,0.00262309653754775,0.00240262169664859,0.00218655428298839,0.00197575084700777,0.00180869743974903,0.0016569816829659,0.00150828056001446,0.00136319033499593,0.00122205416006861,0.00111430761794753,0.0010300278511318,0.00094661130254855,0.000864612227772129,0.000784432326843197,0.00070632879546353,0.000630427908640619,0.000556741856642276,0.000485186640330875,0.00041559917688538,0.000347752278564946,0.000286094697929832,0.00027711202525023,0.000266865842066141,0.000255531766853481,0.000243297292419546,0.000230355100727834,0.000216896127600686,0.000203102812941193,0.000189143014118825,0.000175165045329808,0.000161294135206411,0.000147630486056934,0.000134248867726266,0.000121199563924535,0.00010851036457199,9.61892117634844e-05,8.42271419463031e-05,7.26011925845377e-05,6.12770143050904e-05,5.02110378067301e-05,3.93521170920527e-05,2.86426461620465e-05,1.80191981290734e-05,7.4127479594103e-06,-4.90287350836066e-10,-4.47637246968593e-10
-7.488180390224e-07,-4.51020275603985e-07,-1.57125050630331e-07,0.000563694873725267,0.00436988817526266,0.00984752249389748,0.0157218931979726,0.0214310038216505,0.0265828976261848,0.0310160382271551,0.034647959063147,0.0375183259084389,0.0396706223678454,0.0411521593761509,0.0420139261369187,0.0423102565235832,0.0420982846921265,0.0415103816418875,0.0406096063506752,0.039375553972661,0.0379893222325464,0.0364039083525296,0.0347047379906038,0.0329392352832964,0.0311073265695375,0.0292889487090485,0.0274538219956199,0.0256381101031245,0.0239322300636409,0.0222041946083952,0.0206121975128683,0.0190779647242878,0.0175539921999382,0.0162389702355749,0.0149326801286481,0.0136789973661969,0.0126061710546446,0.0115471671163539,0.0105085009261201,0.00967506003857635,0.0088651377703997,0.00807120132640445,0.00729664335344953,0.00672216160093627,0.00616962329420939,0.00562746390586038,0.00509821032507112,0.00458341879845715,0.00409837728950459,0.00380879233782942,0.00355185747550593,0.00323408827072017,0.00295391687954431,0.00268024410955674,0.00244975927789015,0.00223647204005192,0.00202821417663509,0.00183894656096542,0.00168942351224963,0.00154263159717808,0.00139928650482114,0.00125984079172697,0.00112857096436991,0.0010458497351382,0.000963732949076508,0.000882843884639994,0.000803651373645257,0.000726475295683387,0.000651498433457835,0.000578782458453929,0.000508285816759866,0.000439881553794663,0.000373373556757996,0.00030851020857965,0.000275428516380462,0.000265995503484302,0.000255390965864514,0.00024379981096272,0.000231415299579741,0.000218431905363394,0.000205038234293467,0.000191410502445171,0.00017770700231392,0.000164063975608129,0.00015059303595714,0.000137380221896486,0.000124486478894123,0.00011194930987971,9.97852406936226e-05,8.79927128191563e-05,7.65550696635094e-05,6.54433570607385e-05,5.46187356871424e-05,4.40344067168805e-05,3.36370131360284e-05,2.33675435991131e-05,1.31617991393583e-05,2.95048504023766e-06,-4.91757620172697e-10,-4.45424164750696e-10
-7.48815136903092e-07,-4.51022925083944e-07,-1.57127816444044e-07,0.000526098857243643,0.00408352881123288,0.00923866212690168,0.0148302996094735,0.0201920694561841,0.0250346374737425,0.0292094049614553,0.0326794710889248,0.0353921598233284,0.0373942535086496,0.0387364915503219,0.0394732859509731,0.0397285089598402,0.0395579322427205,0.0389664755577994,0.0380456078067888,0.0369340610809295,0.0355576976276416,0.0340767893947064,0.0324673317483954,0.0307823907123095,0.0290800889930901,0.0273429739118791,0.0255933225527201,0.0239599458595751,0.0222938582253803,0.0207141406401034,0.0192255337869242,0.0177369806469133,0.0164019194570788,0.0151248670571403,0.0138624917449393,0.0127755472589525,0.0117359743968234,0.0107142984684416,0.00981573896725968,0.00901943240640614,0.00823732472661015,0.00747347774235858,0.00682082259282568,0.00627728712385112,0.00574284506456331,0.00522047718651325,0.00471215963031953,0.00421895689883549,0.00385497451240948,0.00357166278760282,0.00329541131729133,0.00301397009282891,0.00274373885564341,0.0024930022574136,0.00228263663504072,0.00207696407401774,0.00187679738890175,0.00171919431693729,0.00157441014770961,0.00143283878583372,0.00129504625262244,0.00116135033170454,0.00106006201446435,0.00097935848206567,0.000899653324617585,0.00082148318934206,0.000745232414396928,0.000671142810988131,0.000599328417264817,0.000529792991053786,0.000462448188249562,0.000397130760873912,0.000333617580194655,0.000273149884491396,0.000264573132440683,0.00025474381875857,0.000243842292461295,0.000232060581568822,0.000219595121449314,0.000206639372882613,0.000193376857027065,0.000179975101728692,0.000166580879883511,0.000153317033191505,0.000140280907519367,0.000127544346672477,0.000115154954087838,0.00010313830098813,9.15007166959515e-05,8.02322910066584e-05,6.93098007227213e-05,5.86993358724255e-05,4.83584747042552e-05,3.82379576400942e-05,2.82828538305135e-05,1.84332677751189e-05,8.62465134596996e-06,-5.399984993764e-10,-4.92296606625376e-10,-4.47786086729265e-10
-7.48817601741707e-07,-4.51022170990826e-07,-1.57130770674065e-07,0.000485447494233215,0.00382055584529366,0.00867592451008355,0.0138886493827058,0.0189893664918409,0.0235782411630474,0.0275176221779695,0.0307338882642944,0.0332610122446387,0.0351375320779263,0.0364064708568146,0.0371150514563065,0.0373141918358686,0.0370577710189526,0.0365309204731985,0.0356759484960375,0.0345278403252758,0.0332945433748731,0.0318561011527316,0.0303404020266071,0.0287649010607843,0.0271294692559216,0.0254720424098795,0.0239185836369418,0.0223207935167284,0.0207645355234481,0.0193261815536025,0.0178803640494037,0.0165295657748785,0.0152845095294155,0.0140494405537718,0.0129203472334537,0.0119018632003236,0.0108982843318497,0.00993918495786437,0.00915764942473901,0.00838812114039696,0.00763534506219614,0.00690830946632607,0.00637457133546959,0.0058483732791384,0.00533315663128687,0.00483133072687057,0.00434435350199891,0.00389500190851265,0.00361776119788321,0.00334173858472361,0.00306911683150165,0.00280247567399603,0.00254260913752494,0.0023250953901436,0.00212211211568449,0.00192436689010294,0.00174628269199933,0.0016036483197806,0.0014639233716478,0.00132779050996594,0.00119567410840554,0.00107262473265422,0.000993469986834228,0.000915045926867613,0.000837957060452078,0.000762653412907472,0.00068943793288071,0.000618479669644405,0.000549830513133202,0.000483443374006488,0.000419190027192542,0.000356877256346833,0.00029626043921018,0.000262584834560068,0.000253574218295179,0.000243407709145776,0.000232274149965622,0.000220370186501963,0.000207892648093048,0.000195031171230568,0.000181961608101205,0.000168840672829279,0.000155802096458507,0.000142954475949247,0.000130380693063128,0.000118138756139662,0.000106263700819725,9.47702049391134e-05,8.36555582718772e-05,7.29026603085361e-05,6.24828065442901e-05,5.23580917161685e-05,4.24833294469642e-05,3.28074757615966e-05,2.3274576453863e-05,1.38242941224626e-05,4.39208614503573e-06,-5.40510808607973e-10,-4.89547721019249e-10,-4.48255138280297e-10
-7.48817040452147e-07,-4.51018877167239e-07,-1.57128002997784e-07,0.000446254969927776,0.00358932207305222,0.00814673822784262,0.0130912131747374,0.0178569703169475,0.0221443347157466,0.0258375386937325,0.0289016165866327,0.0312816290604419,0.0330194655686715,0.0341615497236557,0.0347585253048558,0.0349798093656932,0.0347770208306748,0.0342001497154799,0.0333671092263552,0.0323468680251566,0.0310953609824833,0.0297731362334893,0.0283367383754928,0.0268290321277513,0.025331582893863,0.0238038310691561,0.0222813662397555,0.0207604746702669,0.0193775337539847,0.0179787367033606,0.0166203285252726,0.0154104563409697,0.0142051757102573,0.0130397494619662,0.0120443418587841,0.0110603046817576,0.0100948597429674,0.00927953018169586,0.00852357459954699,0.00778247425350856,0.00706011366386937,0.00646132004293213,0.00594404896397622,0.00543640845229599,0.00494125107212644,0.00446044343732408,0.00399496664194653,0.00365810486843651,0.00338757681752241,0.00311971094892675,0.00285653523234981,0.00259999065779496,0.00236385560681571,0.00216372619004833,0.00196847099438722,0.00177885769432244,0.00163035089710283,0.0014925865751898,0.00135816160544053,0.0012276107187378,0.00110122722392307,0.00100603738795618,0.000929013053260851,0.000853086704660259,0.000778774726341655,0.000706442862941681,0.000636317507362804,0.000568501350290987,0.000502991238140614,0.00043969634830228,0.000378455196945629,0.000319050447732022,0.00026122093969266,0.000251868429016429,0.000242480523466797,0.000232039905509497,0.000220741527613466,0.000208783918535669,0.000196361460711367,0.000183657281591814,0.000170837274916996,0.000158045625673844,0.000145401983002668,0.000133000321974686,0.000120909277657078,0.000109173704544201,9.78170612947612e-05,8.68442831411216e-05,7.62448089129059e-05,6.5995477793051e-05,5.6063118538508e-05,4.64066997897576e-05,3.69789927044152e-05,2.77277545840515e-05,1.85964743095466e-05,9.52474338580782e-06,4.4831588769709e-07,-5.39666129227684e-10,-4.92177897286148e-10,-4.48504284694948e-10
-7.4881956557187e-07,-4.5102254889621e-07,-1.57129661883228e-07,0.000422167252139898,0.00334157067050142,0.0075838747175175,0.0122475966286722,0.0167308037319898,0.0208120439867851,0.0242893309838999,0.0271213060307427,0.0293363006104849,0.0309677565903931,0.0320540845302702,0.0326382717709287,0.0327672404440651,0.0325003583565114,0.0320128762672762,0.0312219524921051,0.0301761040251502,0.0290718264924904,0.0277876213112515,0.0264274762522222,0.0250427056358353,0.0235707444693722,0.0221714990871385,0.0206987510316137,0.019376884481043,0.0180299221061281,0.0166760759628285,0.0155012917560595,0.0143287013919963,0.0131666887651199,0.0121627171965575,0.011199985933219,0.0102527183651966,0.00938467820377411,0.00864351614475658,0.00791492867886987,0.00720346770424124,0.00653729436267706,0.00602977820343503,0.00553028861724471,0.00504212802443979,0.00456758432256345,0.00410802015362338,0.00369251303273225,0.00342803457431544,0.00316513421942236,0.00290613914097946,0.00265290242299475,0.00240677748041411,0.0022018356609566,0.00200919661695336,0.00182190524379226,0.00165449909760092,0.00151884840476655,0.00138621900168141,0.00125725899737184,0.00113236497767549,0.00101702062527653,0.000941534149065809,0.000866872283246252,0.000793617858770525,0.000722200605763098,0.000652906236173074,0.000585890691803784,0.000521197366443873,0.000458775320190529,0.000398496889411524,0.000340173503103826,0.000283568983580955,0.000249615714879546,0.000241047235585918,0.00023134296035686,0.000220694045339903,0.00020929888964798,0.000197355063165106,0.000185051733586581,0.000172563082290441,0.000160043145603851,0.000147622331635401,0.000135405638252738,0.000123472481012043,0.000111877816606685,0.000100654268003611,8.98148512021334e-05,7.93559615833207e-05,6.92603549105935e-05,5.94998769486197e-05,5.00378134414892e-05,4.08307791643807e-05,3.18301283475384e-05,2.29829167062822e-05,1.42324669081865e-05,5.5186044712044e-06,-5.93100697116199e-10,-5.39612318993645e-10,-4.92332013851631e-10,-4.48739746754036e-10
-7.48818969094333e-07,-4.51021865021112e-07,-1.57127371821603e-07,0.000396110878616034,0.00310947834638402,0.00713582256074768,0.0114894642460711,0.0157166041564159,0.019481808566559,0.0227532929591451,0.025443847433323,0.0275230138562017,0.0290275655293453,0.0299992198672881,0.0304988975973103,0.0306627155140097,0.0304502510609078,0.0299073094346834,0.0291435020785351,0.02822717600699,0.0271090016139076,0.0259179822033617,0.024656568212563,0.0232934222909971,0.0219973179131594,0.0205814439790696,0.0193212218949221,0.0180314110529256,0.0167260899668833,0.0155553609619902,0.0144187602017426,0.0132871814354254,0.0122561171531968,0.0113167569882463,0.0103892144664399,0.00948045260590247,0.00874764177121344,0.00803262348086281,0.00733275079110676,0.00665172708013146,0.00610538548888461,0.00561476158496973,0.00513406908298648,0.00466602695789482,0.00421239380659762,0.00377407391351773,0.00346296494820229,0.00320552426981694,0.00295101527961205,0.00270145159686642,0.00245850139817928,0.00223643633830528,0.00204659363410469,0.00186171415451299,0.00168252051469192,0.00154270598774696,0.00141199686914447,0.00128469045270907,0.00116129017394686,0.00104206630425499,0.000952578702769882,0.000879302304402097,0.000807191219187176,0.000736739853199895,0.000668294832244397,0.000602067530885157,0.000538150364029951,0.000476534761816754,0.000417129120524654,0.000359775414505692,0.000304263597078488,0.000250343317085355,0.000239096962597063,0.0002301701351998,0.000220213580944431,0.000209423528386107,0.000197999005779498,0.000186133796422098,0.000174009291853548,0.000161788644405783,0.000149612578943985,0.000137596960905705,0.000125832022577497,0.000114383055074597,0.000103292177090085,9.25808794757273e-05,8.22529363293742e-05,7.2297404308464e-05,6.26914706169956e-05,5.3402966153026e-05,4.43924579027059e-05,3.56148787844907e-05,2.70206992500116e-05,1.85566897112435e-05,1.01663289724817e-05,1.78992154649155e-06,-5.93575277471553e-10,-5.40670493276764e-10,-4.92234051385021e-10,-4.48820484639064e-10
-7.48817404515645e-07,-4.510225240452e-07,-1.57130664454321e-07,0.000367937408211121,0.00291846393724612,0.00666126833578681,0.0107540107754357,0.0146525175317473,0.0182865859280097,0.0213349570980441,0.0238147216257115,0.0257486173001353,0.0271648271532054,0.0280968139763648,0.0285828642349669,0.0286653553928852,0.0283897731146068,0.0279423727943453,0.0272293665277174,0.0262917684130479,0.0252933243862138,0.0241665501585518,0.0229296861899884,0.0217333381411579,0.0204598095746403,0.0192072496459348,0.0179803832914589,0.0167285539926223,0.0155707921804069,0.0144738553968894,0.0133757211517105,0.0123235110146979,0.0114098693498715,0.0105038917955814,0.00961346148200217,0.00883552887666128,0.0081353417515586,0.00744795608184291,0.00677772504577924,0.00617062545443169,0.00568971181473198,0.00521709309719451,0.00475592613872346,0.00430837767096328,0.00387572042476878,0.00349219519311378,0.00324076687474579,0.00299117784808426,0.00274567114004987,0.00250595089889298,0.00227349897294247,0.00208067941179292,0.0018983531703896,0.00172139846294676,0.00156413678998587,0.00143550720182036,0.00130995228634717,0.00118808523821306,0.00107027597152431,0.00096210807875197,0.000890355399630036,0.000819491852862233,0.000750076666521547,0.000682518556226086,0.000617086216126335,0.000553923370012222,0.000493066239763072,0.000434461588594765,0.000377983911384922,0.000323450760309768,0.000270635607514973,0.00023662201463134,0.000228510492868328,0.000219287365226867,0.000209144481206483,0.000198280377021415,0.000186891850516093,0.000175166227944668,0.000163274870676384,0.000151368248363499,0.000139572798693959,0.00012798953949441,0.000116694226762403,0.000105738763231047,9.51534726881512e-05,8.49499044381728e-05,7.51238119862884e-05,6.56580701314091e-05,5.65253286790013e-05,4.76902828708441e-05,3.91115033455023e-05,3.07428153220866e-05,2.25342525736268e-05,1.44326434021649e-05,6.38188204749377e-06,-6.52564846285109e-10,-5.94165882091652e-10,-5.40719954281525e-10,-4.92439825522627e-10,-4.49437877736812e-10
-7.48819601761879e-07,-4.51022414178064e-07,-1.57131939390447e-07,0.000337489387104742,0.00271398105426258,0.00619379529652344,0.0100151977872834,0.0137648614016778,0.0170426856447022,0.0199565007321063,0.0223063693913333,0.0241160561477442,0.0254169912630846,0.0262458024590796,0.0266436856756851,0.0267650996723775,0.0265618381491373,0.0260680637807623,0.0253496066340749,0.0245458835522251,0.0235655954984362,0.0224739984280034,0.0213865348532944,0.0202072509702706,0.0190312480383717,0.0178737249594868,0.0166808337288127,0.0155455156858234,0.0144922698466896,0.0134309620011106,0.0123745263777754,0.0114784148890714,0.0105961186530815,0.00972564286820497,0.0089066510730036,0.0082227492376796,0.00754894783404608,0.00689025926213048,0.00625020814861997,0.00575495430079571,0.00529114066288148,0.00483735086657814,0.00439616951398606,0.00396925159748786,0.00355743245645149,0.00327072114948041,0.00302654381971957,0.00278546915197966,0.00254942643324063,0.00231982183093442,0.00211144302142761,0.00193185957674421,0.00175724881227681,0.00158828956673539,0.00145674273331743,0.00133307023758855,0.00121280924439978,0.00109643272184785,0.000984189753313257,0.000900001965248527,0.00083050704640835,0.000762216045834017,0.000695600491159651,0.000630987948008122,0.000568575520106618,0.000508446526811557,0.000450588403776745,0.000394910256089948,0.000341258932998147,0.000289432892758456,0.000239193485523682,0.000226355871677787,0.000217904511559152,0.000208449484477114,0.000198186703136675,0.000187314148993972,0.000176023634894628,0.000164493622252455,0.000152883590413383,0.000141330135638944,0.000129944903597692,0.000118814187231608,0.000107999877580342,9.75414621612998e-05,8.74586339354018e-05,7.77542286368316e-05,6.84171718664123e-05,5.94252356101878e-05,5.07474677300652e-05,4.23462028134506e-05,3.41786348174723e-05,2.61979655309822e-05,1.83541613915782e-05,1.05943851853691e-05,2.86315329459332e-06,-6.51136203892047e-10,-5.93792404800298e-10,-5.37234487609782e-10,-4.89818069001014e-10,-4.47709617706423e-10
-7.48819244664626e-07,-4.51022430906387e-07,-1.57129652674883e-07,0.000304600188605936,0.00249639012117286,0.00580758557367092,0.00939173254904832,0.012834760628662,0.0159936770325863,0.018647015655706,0.0208066157440625,0.0224896894987584,0.0237190164751797,0.0245228004581876,0.0249342017259962,0.0249905700674787,0.0247324203886838,0.024292601327432,0.0236676573682415,0.0228462193079281,0.0219205339958087,0.0209515198689906,0.0198753028670623,0.0187897057367383,0.0177080689917188,0.0165799937716596,0.0154772802545734,0.0144720819572401,0.0134513353274072,0.012429140935083,0.0115213413392532,0.0106651034436877,0.00981647430772711,0.00898305220566195,0.00829440745792774,0.00763547453788074,0.00698926885092925,0.00635994598065263,0.00581024410386224,0.00535608357283679,0.00491029374396205,0.00447588411592121,0.00405490385287409,0.00364854291366798,0.00329522483469741,0.003057002919914,0.00282079206002796,0.00258874535970998,0.0023624867119008,0.00214314166979991,0.0019622430167517,0.00179012706728168,0.0016233339259889,0.00147567959835426,0.00135405122309337,0.00123550050986134,0.00112060633505718,0.00100971356971192,0.000908205653391789,0.000840215795752549,0.00077315338219685,0.000707552976857332,0.00064380219437165,0.000582153335961932,0.000522738979632285,0.000465589486647572,0.000410650714197225,0.000357800656490135,0.000306864173706581,0.000257625313622945,0.00022370144042015,0.000216056498912322,0.000207327807132117,0.000197706316252448,0.000187389165742986,0.000176570968532691,0.000165436008658342,0.000154151843201732,0.000142864660957332,0.000131696471942781,0.00012074406657676,0.000110079486223501,9.97516399525206e-05,8.97887161425121e-05,8.0201001638806e-05,7.09838356905666e-05,6.21204406390577e-05,5.35844747453322e-05,4.53422126074549e-05,3.735429774535e-05,2.95770733342184e-05,2.19635170732437e-05,1.44638276143524e-05,7.02572354722857e-06,-7.15922361106004e-10,-6.51520668733368e-10,-5.94801805455082e-10,-5.40481869213752e-10,-4.93930354799392e-10,-4.48669037575666e-10
-7.48820905008535e-07,-4.51024922593947e-07,-1.5713525088913e-07,0.000287685655661241,0.0023476099376578,0.00539784257318915,0.00873503729377199,0.0119867943708786,0.0149021778248397,0.0174353064722005,0.0194769882271029,0.0210474994127005,0.0221727291199274,0.0228838736410797,0.0232167939328443,0.0232616520978854,0.0230831488366011,0.0226502695861651,0.0220005122184849,0.0212631947333024,0.0204225862194148,0.0194587320017364,0.0184784307049865,0.0174796972280177,0.0164229998547842,0.0153636677783392,0.0144111790600552,0.0134350628733089,0.012450554517619,0.0115374658143369,0.0107099080160844,0.0098852738136187,0.00907206474890877,0.00834978532010639,0.00770718052155844,0.00707457900584336,0.00645677734379321,0.00585712870482548,0.00541173330373907,0.00497467946385306,0.00454756178507262,0.00413283336605914,0.00373205214663139,0.00334599314967299,0.00308242232668102,0.00285155869500793,0.00262388164278555,0.00240123373938066,0.00218494831294138,0.00197589191373283,0.00182006178226675,0.00165554960431147,0.00149658968607597,0.00137288574291057,0.00125617899877391,0.00114284653236209,0.00103333230648124,0.00092786630945034,0.000848590142570009,0.000782875778242917,0.000718378917703332,0.000655547996298965,0.000594692032010029,0.000535994842258918,0.00047953188575591,0.000425287911678484,0.000373174004387866,0.000323043022069765,0.000274702850198862,0.000227927174160431,0.000213737695909541,0.000205770699456515,0.000196828753405291,0.00018710591389682,0.000176797701440899,0.000166092706097532,0.000155165460892357,0.000144171002575065,0.000133241297562098,0.000122483505423447,0.000111979880382116,0.000101788978379327,9.19477816245668e-05,8.24743887721547e-05,7.33709098799036e-05,6.46263505665515e-05,5.62192686462993e-05,4.81200913538799e-05,4.02930431046981e-05,3.26976465149771e-05,2.52898299977235e-05,1.80226739398407e-05,1.08468485236842e-05,3.71079819013852e-06,-7.14965681932934e-10,-6.51696382133074e-10,-5.93044640138438e-10,-5.41501675773501e-10,-4.93453145568524e-10,-4.49632795602732e-10
-7.48819272487655e-07,-4.51027118746257e-07,-1.57133852100232e-07,0.00027098566554138,0.00218840089634283,0.00500431263110879,0.00814111833476711,0.0111950566165625,0.0139150549131992,0.0162070885621256,0.0181113612525996,0.0195740978318259,0.020607863467828,0.0213072248778165,0.0216647075805828,0.0217122361759927,0.0214849778078184,0.021025197440529,0.0204956229825858,0.0197937169657593,0.0189519577268146,0.0180931445685268,0.0171847247722673,0.0162059627011067,0.0152607499772331,0.0143072689254322,0.0133801674192176,0.0124371260576498,0.0115254868046641,0.0107294590906507,0.0099312113133102,0.00914014290205908,0.00838826947133022,0.00776361611688808,0.00714591127487735,0.00654059785285958,0.00595164025670408,0.00545784862996564,0.00503037237417385,0.00461117599906163,0.00420312379014613,0.00380815340477052,0.00342738027438972,0.00310265103209425,0.00287766443489533,0.00265478147558651,0.00243606234084726,0.00222305095118748,0.00201680979993155,0.00181797075286088,0.00168498238326519,0.0015281211874571,0.00138955004056812,0.00127484849517852,0.00116318516557806,0.00105510592624638,0.000950932584299999,0.000855596409710025,0.000791363236119002,0.000728072975017978,0.000666235156628917,0.000606216712824234,0.000548254457414577,0.000492470998586308,0.000438892093818361,0.00038746390470648,0.000338069013563869,0.000290540481837083,0.000244673584707053,0.000210945858076839,0.000203771868808172,0.000195545165938999,0.000186454307214952,0.000176693605564928,0.000166454224226128,0.000155916343256505,0.000145242929559478,0.000134575336635719,0.000124030835488999,0.000113701879334172,0.000103656818752455,9.39417045464929e-05,8.45827634274064e-05,7.55892339535188e-05,6.69562427439153e-05,5.86675467622579e-05,5.0697974568027e-05,4.30154995937734e-05,3.55829139645539e-05,2.83590972728717e-05,2.12999214146096e-05,1.4358830275103e-05,7.48715135517442e-06,6.34184947477926e-07,-7.11099610541742e-10,-6.49623897822883e-10,-5.94771252634371e-10,-5.41773329156617e-10,-4.90033984895038e-10,-4.49350590998229e-10
-7.48821313060876e-07,-4.51025530421123e-07,-1.57134997785487e-07,0.000252929054768135,0.0020182501007369,0.00468494177904676,0.00760288772049468,0.0103686965625858,0.0129822004523857,0.0151667787920389,0.0169317574084145,0.018291831240994,0.0192672120501543,0.0198833937908978,0.0201705597999876,0.0201626791527257,0.019974172472729,0.0196112147371223,0.0190585934846464,0.0183490558339032,0.0176293549074088,0.0168189789930961,0.0159252899763108,0.015052808743274,0.0141741098899829,0.0132844815190649,0.0123870092615834,0.0114839952162576,0.0107225581630834,0.00995331822691302,0.00918655790666525,0.00843047568878263,0.00780424658638334,0.00720289244597972,0.00661120035825773,0.00603375650794279,0.00549414253124317,0.00507718320411599,0.00466664016717129,0.00426579317356672,0.00387696937901954,0.00350163763798147,0.00314052154198363,0.00289898507087018,0.00268136699254244,0.00246694420794641,0.0022574723566921,0.00205421413774584,0.00185798427222784,0.00166920564437588,0.00155701279818978,0.0014077714709431,0.00129149854315262,0.00118163818679625,0.00107507701430217,0.000972231866383568,0.000873315843688171,0.000798589750952112,0.0007366226298412,0.000675865320655198,0.000616743459723835,0.000559548368841247,0.000504451702110381,0.000451522280551925,0.000400743346673983,0.000352029011618099,0.000305239010046779,0.000260191297082844,0.000216672275075856,0.000201327951471628,0.00019384875589162,0.000185425533255595,0.000176249077946179,0.0001665111616723,0.000156396067340136,0.000146073551077041,0.000135693625153382,0.000125383266788109,0.000115245003536448,0.000105357062693023,9.57747734904044e-05,8.65327979737856e-05,7.76478291424997e-05,6.91214575148911e-05,6.09429492359884e-05,5.30917987682876e-05,4.55399367838205e-05,3.82535519085384e-05,3.11945267301884e-05,2.43214909464243e-05,1.75905468398163e-05,1.09557080080039e-05,4.36910015414316e-06,-7.85037252666036e-10,-7.15855585906315e-10,-6.50717343855046e-10,-5.92943393819831e-10,-5.41585830818015e-10,-4.93565767773239e-10,-4.49511663626287e-10
-7.48820224561564e-07,-4.51029421582425e-07,-1.57134729684774e-07,0.000233414968294252,0.00185900112430302,0.00434659750554347,0.00703749000246206,0.0097063375858774,0.0120234993091546,0.0140946265593437,0.0157568523612172,0.0170203180013549,0.017908149451238,0.0184485260932437,0.0187352501104201,0.0187885997479811,0.0186031317436702,0.0182106033413864,0.0176628308207763,0.0170823674454747,0.0163780435255084,0.0155769208297631,0.0147896579452746,0.0139791918111223,0.0131236860153712,0.0122981588953495,0.0114338742699273,0.0106878904181134,0.0099504955417202,0.00921044015120099,0.00847680231866588,0.00782846013515773,0.00724506225144548,0.00666828274103813,0.00610333554699247,0.00555400414707984,0.00511487510901174,0.00471381358857398,0.00432080002319591,0.00393855847303102,0.00356892277959814,0.00321294263547441,0.00291538046458785,0.00270353964775437,0.00249382657357976,0.00228820772659148,0.00208814890655376,0.0018946529987592,0.00170831193655977,0.00152936554350353,0.00143609514550764,0.00130610621319257,0.00119820740524009,0.00109327256835493,0.000991816346129198,0.000894139641207849,0.000804524341556873,0.000744009153827798,0.000684432920787421,0.000626280303579338,0.000569898314237881,0.000515509377304652,0.000463227326669083,0.000413074482043501,0.000364998340686658,0.000318886916033257,0.000274582104414581,0.000231890799394611,0.000198439002270134,0.000191735215318182,0.000184012447919671,0.000175455470888709,0.000166254493518728,0.000156596111602281,0.000146655524087388,0.000136590457985422,0.000126537048051282,0.000116607637556988,0.000106890323363078,9.74498703836555e-05,8.83296310653443e-05,7.95540755712289e-05,7.11315804864135e-05,6.30572458774951e-05,5.53155103751046e-05,4.78824888469849e-05,4.07279353751169e-05,3.38168235258574e-05,2.71105587364231e-05,2.05678405893105e-05,1.41452300535859e-05,7.79746689620195e-06,1.47757854980913e-06,-7.85603893454389e-10,-7.1550131485134e-10,-6.51464731842139e-10,-5.91357697837635e-10,-5.41902618054587e-10,-4.92106468403273e-10,-4.49440062371039e-10
-7.48823453692954e-07,-4.51030782088704e-07,-1.57138175534431e-07,0.000212336671374516,0.00174403381996383,0.00399629196356925,0.00655415238554736,0.00902476271669603,0.0112491306154952,0.0131181894401426,0.0146362596783754,0.0158126087334869,0.0166617318363233,0.0172032446726029,0.0174614052100491,0.0174643113476759,0.0172428473232766,0.016899133631764,0.0164472984954298,0.0158572660456522,0.0151565243241795,0.0144680772255321,0.0137317191401189,0.0129400505729532,0.0121576610211978,0.011350575194946,0.0106240331923926,0.00992152085795124,0.00921078566642065,0.0085017716200099,0.00783557535608995,0.0072718801503649,0.0067114545580447,0.0061601407420832,0.00562232399636845,0.0051431692526761,0.00475250675633169,0.00436804861169881,0.0039929202819291,0.00362933034031197,0.00327866726010531,0.00294161196560912,0.00272118342437235,0.0025166352189309,0.0023152276326946,0.00211863079663209,0.00192804000532972,0.00174422225493305,0.00156757239144917,0.00139817242771595,0.00132211517205089,0.00121288206498644,0.00110970560469308,0.00100972296864169,0.00091332598939338,0.000820713073070075,0.00075020851103239,0.000691926056485661,0.00063482808817155,0.000579318121607262,0.000525670821928831,0.000474046878680233,0.000424509628399105,0.00037704184081585,0.000331561493678803,0.000287935820336162,0.000245993241072289,0.000205533027698737,0.000189203185085225,0.000182209978460017,0.000174305451982534,0.000165675861156933,0.000156508106333886,0.000146981239935772,0.000137259562587265,0.000127487614244153,0.000117787172262311,0.000108256073210778,9.89686023287815e-05,8.99770220543581e-05,8.13138608294056e-05,7.29946091538697e-05,6.50205097188948e-05,5.73812433190561e-05,5.00573559479718e-05,4.30223564320207e-05,3.62444411929488e-05,2.9687844772467e-05,2.33138500292485e-05,1.70814806106426e-05,1.09479328196286e-05,4.86878801508713e-06,-8.63557765735701e-10,-7.86125222458493e-10,-7.1648342960211e-10,-6.52715467529499e-10,-5.93233084362932e-10,-5.41938699268643e-10,-4.91868246437454e-10,-4.49753353519551e-10
-7.4882576815453e-07,-4.51031540580528e-07,-1.57137584843054e-07,0.000189581506711613,0.00162113052022496,0.00374638772150977,0.00610895531937402,0.00833587644957876,0.0104475493078091,0.0122236180072004,0.0136508773691833,0.0147413099402046,0.015512101545144,0.0159853609085909,0.0161874721084388,0.0161683617777321,0.0160337824329534,0.0157190872912225,0.0152517663122438,0.0146595030650687,0.0140846981923706,0.013428536506621,0.0127063566455798,0.0119796400161152,0.0112872907413115,0.010529464475724,0.00986505489892405,0.00918646154558051,0.00850446945737066,0.0078278410822234,0.00728273152925157,0.00674024278315456,0.00620384649360196,0.00567853616558322,0.00516792712936109,0.00478248618979357,0.00440739364940117,0.00404000034417121,0.00368289703106615,0.00333782232988544,0.00300576902608759,0.00273416799183528,0.00253527727906074,0.00233848067469862,0.00214565186273577,0.00195818145682826,0.00177701672325389,0.00160271393184844,0.00143549627656803,0.00127531186561164,0.00122564026661146,0.00112437657661859,0.00102597490183179,0.000930920717539293,0.000839496217439957,0.000755192231236548,0.000698327281073749,0.000642381253811795,0.000587814488653974,0.000534955077489278,0.000484012224138141,0.000435092165721318,0.000388214818213759,0.000343329867594327,0.000300331385865287,0.000259070502235703,0.000219365894468049,0.000186254687668758,0.000180015563715296,0.000172793377531912,0.000164767898431964,0.000156124094823247,0.000147043055253853,0.000137694271184583,0.000128229751052552,0.000118780136500816,0.000109452769196443,0.000100331443667065,9.14774801310637e-05,8.29317285297114e-05,7.47170912872549e-05,6.68412714379098e-05,5.92994862841483e-05,5.20769781174795e-05,4.51512245437462e-05,3.84937980850736e-05,3.20718589824182e-05,2.58492968781057e-05,1.97875561425312e-05,1.3846183371996e-05,7.98314161216657e-06,2.15493786596306e-06,-8.61381773361867e-10,-7.8620467254541e-10,-7.1580252612706e-10,-6.52633866501241e-10,-5.94844135024104e-10,-5.3806339721233e-10,-4.9104114247044e-10,-4.49616219660166e-10
-7.48823001875716e-07,-4.51032845090213e-07,-1.57140703309432e-07,0.000175546970130635,0.00148992009293067,0.00348182001285054,0.00564222032194314,0.00779440938750399,0.00966452550811144,0.0113056705592718,0.0126454720875311,0.0136546712982152,0.0143530740310244,0.0147929092318192,0.0150366976810869,0.0150615582571556,0.0148925073400263,0.0145564442219598,0.0141062977508076,0.0136360164758166,0.0130663134069058,0.012419521452779,0.0117587628911231,0.011122181092643,0.0104484379615058,0.00977964794373178,0.00913621076100376,0.00848384860296487,0.00783217055722468,0.00727693366265161,0.00675409693176645,0.00623404309730868,0.0057223747307082,0.00522328846174894,0.0048034790240953,0.00443864448740149,0.00407969428896123,0.00372960593947917,0.00339047782684748,0.00306362694764015,0.00274969985595329,0.00254964397549399,0.00235789596042689,0.00216918191241907,0.00198508902765427,0.00180674902120938,0.00163488541819907,0.0014698691101228,0.00131177603186489,0.00116044252048398,0.00113727465089015,0.00104058282842791,0.000946956114967379,0.000856763528170599,0.00077019086894266,0.000703614373856039,0.000648928536643346,0.000595387691738182,0.000543374144259873,0.000493147059233657,0.000444857334829883,0.000398563897283858,0.000354249907217273,0.00031183785578409,0.000271202885949845,0.000232184062636134,0.000194593481907642,0.000177429556984732,0.000170915690346907,0.00016352457161342,0.00015543682312009,0.000146833514282981,0.000137887714910751,0.000128757733917877,0.000119582339676755,0.000110477978263294,0.000101537839840891,9.28323875970295e-05,8.44109964747663e-05,7.63042629825548e-05,6.85266571730497e-05,6.10792318282475e-05,5.39521971868219e-05,4.71272352085547e-05,4.05794735418345e-05,3.42791190719533e-05,2.81927298972783e-05,2.22841687706881e-05,1.65152675655505e-05,1.08462471386769e-05,5.23593295119391e-06,-9.47232713662761e-10,-8.62766542115826e-10,-7.85614936840236e-10,-7.16071254733813e-10,-6.51240004194552e-10,-5.91935098178825e-10,-5.42570854816419e-10,-4.93954774620409e-10,-4.48236918819067e-10
-7.48822861525039e-07,-4.51032547736558e-07,-1.57143402135517e-07,0.00016648187638341,0.00135539761645323,0.00320228974070248,0.0052256277391511,0.00723089006343379,0.00902233170147304,0.0105267860902419,0.011746341050103,0.0126875515467218,0.0133617332551119,0.0137848689036755,0.0139771453916381,0.0139621753894091,0.0137659872489453,0.0134842066535557,0.0131184042295471,0.0126415526587453,0.0120762633756712,0.0114926955013611,0.0109164072941491,0.0102946022871991,0.00964291461987655,0.00905865676628823,0.00843873207416149,0.00781440408828252,0.00725374180061912,0.00675239389162771,0.00625024096150487,0.00575348880815923,0.00526692195209702,0.00481517756994876,0.0044615690497337,0.00411185151012551,0.00376939022366702,0.00343665072404775,0.00311528531382361,0.00280623838504527,0.00255961341159244,0.00237338547772032,0.00218917069801309,0.00200875205660926,0.00183344859055917,0.00166415615244656,0.00150139949375367,0.00134538879749334,0.00119607558229806,0.00105320449582523,0.00105354610137323,0.000961452124903673,0.000872555432642296,0.000787121635395876,0.000707761091429384,0.000654453655350636,0.000602032218481116,0.000550933626030641,0.000501468149065253,0.000453832957968669,0.000408127778522047,0.000364371038786799,0.000322515280647656,0.0002824610661462,0.000244068957111675,0.000207169394778432,0.000174455635923418,0.000168671316654847,0.00016194154992796,0.000154440049577408,0.000146345606362721,0.000137833017188421,0.000129065502092122,0.000120188993139494,0.000111328488860101,0.000102586323963689,9.40420996748786e-05,8.57538659315855e-05,7.77601610172456e-05,7.00825104241628e-05,6.27281029057941e-05,5.56924002166836e-05,4.89615276114741e-05,4.25143753390264e-05,3.63243407521461e-05,3.03607417879502e-05,2.4589892042701e-05,1.8975881840081e-05,1.34811039257078e-05,8.06656473073723e-06,2.69201876054252e-06,-9.45912276399545e-10,-8.62974451611549e-10,-7.76794429400591e-10,-7.12303382227707e-10,-6.52206893038856e-10,-5.9516117137969e-10,-5.41514848411102e-10,-4.9375126330688e-10,-4.47701895130373e-10
-7.4882485767479e-07,-4.51035484112355e-07,-1.57142996024453e-07,0.000156678105797295,0.00127521505402921,0.00295790175043629,0.00487591159889013,0.00664617408114623,0.00835948962903164,0.0097855772158271,0.0109288610043056,0.011798338705022,0.012407713202979,0.0127751298523437,0.0129225561032612,0.0128927500522693,0.0127829991831583,0.0125281224252015,0.0121505993648751,0.0116731069660079,0.0111790182278335,0.010667663121053,0.0101021579051676,0.00949880775230305,0.00892832003792008,0.00836781616535275,0.0077734416454021,0.0072123556648649,0.00673444277319389,0.00625187447750439,0.00577144602683258,0.00529853087276765,0.00483715084849601,0.00447589768707011,0.00413627855090705,0.00380213636546783,0.00347630832331519,0.00316079145080444,0.00285683994275983,0.00256507361266782,0.00238484650709016,0.0022055499713226,0.00202913948454625,0.00185712259545353,0.00169057154118474,0.0015301705725254,0.00137627036720876,0.00122894379733155,0.00108803890881109,0.000953226555870369,0.000974417399681292,0.00088690019225654,0.000802650525636644,0.000721843511364413,0.00065893596566042,0.000607737372984754,0.000557633310220996,0.000508985923882456,0.000462040049309787,0.000416937911742191,0.000373734965606557,0.000332415486023123,0.000292906934946341,0.000255092592723819,0.000218822168887357,0.000183920382628307,0.000166062046036106,0.000160016566143446,0.000153128873181981,0.000145573040850276,0.000137523528167689,0.000129146823211374,0.000120594860372637,0.000112000426051646,0.000103474616516179,9.5106044937032e-05,8.69615230918168e-05,7.90877245030631e-05,7.15135041265232e-05,6.42524782599943e-05,5.73056402892489e-05,5.06638241163937e-05,4.43098907594544e-05,3.82206046647902e-05,3.2368157675084e-05,2.67213747054977e-05,2.12466117421318e-05,1.59083855825157e-05,1.06697812639989e-05,5.49266983625125e-06,3.37775765456511e-07,-9.48114625317452e-10,-8.63004673753792e-10,-7.84832939538745e-10,-7.16372158809423e-10,-6.52552910005455e-10,-5.94237213958675e-10,-5.40451747333336e-10,-4.94355844113025e-10,-4.46413335044535e-10
-7.48826731367761e-07,-4.51035113313959e-07,-1.57145079289413e-07,0.00014608034169614,0.00118950624128361,0.00276500169393569,0.00450964686231739,0.00621066327638731,0.00769388536036572,0.00902751597408132,0.0100978205144532,0.0108999803302847,0.0114499863564325,0.0117862048788907,0.0119805855274786,0.0119989208521276,0.0118613318980692,0.0115896499181079,0.0112063884704187,0.0108152386936196,0.0103735322974921,0.00986883614039587,0.00931800466719199,0.00878775569220198,0.00827680015905508,0.00770805092929567,0.00715192664098846,0.00669949005811903,0.00623830581070172,0.00577573559291395,0.00531773610172209,0.00486889619243531,0.00448132717644544,0.0041527423646336,0.00382768709444111,0.00350937115354284,0.00320014348198719,0.00290157885437622,0.00261458118428189,0.00239216415413782,0.00221823560475876,0.00204620170337681,0.00187775767484493,0.00171415489616239,0.0015562419986014,0.00140451607382493,0.00125917748034258,0.00112018346240998,0.000987297454364365,0.000860132241307472,0.00089981487489389,0.000816813220782097,0.000737096289493726,0.000662351143645842,0.000612487849081898,0.000563467696669084,0.000515705007197166,0.000469493378297723,0.000425019079247372,0.000382376311476624,0.000341582770410816,0.000302594365279044,0.000265318409865368,0.000229624927258323,0.000195355950871179,0.000163092920822101,0.000157749797029818,0.000151500077419391,0.000144510551282892,0.000136953059042592,0.000128995503947135,0.000120794400040453,0.000112489381105734,0.000104199723752148,9.60228194665638e-05,8.80342178306615e-05,8.02888850772211e-05,7.28232333631146e-05,6.56575854418796e-05,5.87987559247508e-05,5.2242545100332e-05,4.59760240899003e-05,3.99795055341171e-05,3.42281983861659e-05,2.86935266500994e-05,2.33441454868792e-05,1.81466808236602e-05,1.30662293004914e-05,8.0666625613948e-06,3.11076936890699e-06,-1.03752265964839e-09,-9.4427342237414e-10,-8.62214754949769e-10,-7.86998632888064e-10,-7.10781466861595e-10,-6.52895216685879e-10,-5.8745769907086e-10,-5.4124587822362e-10,-4.94328927384497e-10,-4.49176895112265e-10
-7.48830997283755e-07,-4.51035339400088e-07,-1.57147953098923e-07,0.000134629964361183,0.00109801358352836,0.00256111941124263,0.00412705680344059,0.00576658976112223,0.00718537938082165,0.00838018822448511,0.00935090638077966,0.0101012204519697,0.010638953426505,0.0109760439659419,0.0111281750325922,0.0111141016733797,0.0109547602115073,0.0106761106444039,0.0103988046420227,0.010031498349751,0.0095922368290456,0.00909828208288955,0.00861638586482285,0.00814757190704986,0.00765165675566152,0.00707991107567263,0.00664672530897619,0.00620882887346412,0.00576577117849431,0.00532407851873439,0.00488890782436297,0.00447752501619542,0.0041609736485214,0.00384584416482757,0.00353571553334458,0.0032332929431212,0.00294048086800623,0.00265847887705979,0.00239521410757244,0.00222712974538866,0.00205987236386988,0.00189532159318629,0.00173490903877505,0.00157965160288544,0.0014301981956757,0.00128688262503054,0.00114977720742425,0.00101874330200699,0.000893476445574218,0.000773544970829097,0.000829634357115938,0.000751053607931384,0.000675730104488736,0.000616264335634809,0.000568426526667858,0.0005216247006565,0.000476201951936134,0.000432389920850834,0.000390323175430793,0.000350054513089216,0.000311569876405797,0.000274802012307993,0.000239642401241566,0.000205951257640034,0.000173565589602631,0.000155144229489298,0.000149552492815598,0.000143154208807266,0.000136116159997929,0.000128605583798068,0.000120781946545699,0.000112790528915067,0.000104758049353268,9.67902669221729e-05,8.89713589600498e-05,8.13646461614996e-05,7.40143005057102e-05,6.69476013000956e-05,6.01774620918783e-05,5.37049268414348e-05,4.75215102245692e-05,4.16112839066457e-05,3.59526283357514e-05,3.05196818012695e-05,2.52834582816761e-05,2.02127042111718e-05,1.5274492591231e-05,1.0434613039699e-05,5.65779013624806e-06,9.07759106434466e-07,-1.03798318816226e-09,-9.4590260342645e-10,-8.63763087516917e-10,-7.84657079123195e-10,-7.16237603398766e-10,-6.52216762299111e-10,-5.94524456667674e-10,-5.41803903935812e-10,-4.92377824730467e-10,-4.50169882973799e-10
-7.48828773949665e-07,-4.51037955043615e-07,-1.5715004966811e-07,0.000122265022685558,0.00100048725499601,0.00234607909867645,0.00385370357126363,0.00530642066556887,0.00666137022151317,0.0077918961164542,0.00869989228500064,0.00939115345293601,0.00987556374196789,0.0101669191030548,0.0102824127295203,0.010241851839583,0.0101163903702794,0.00992711612212063,0.00963895482429942,0.00926983537969795,0.00883726684617402,0.00841262327507326,0.00798918913780534,0.00753232566710817,0.00705381185970449,0.00657528762099498,0.00616267372303785,0.00574089389278406,0.00531702114799568,0.00489677484403458,0.00448456255225143,0.00416067040728419,0.00385637112406854,0.00355517593638157,0.0032601470465961,0.00297352554000033,0.00269681703276708,0.00243089213217153,0.00223212316414727,0.00207007024582211,0.0019097648260832,0.00175281778621887,0.00160041688705486,0.00145336753035062,0.00131214262472936,0.0011769354052652,0.00104771064854068,0.000924251482961064,0.000806200167016474,0.000693092214930336,0.000763746856065449,0.000689465232814352,0.000619044135411864,0.000572495290057458,0.000526739453707905,0.000482169466652829,0.000439063388615976,0.000397597628214071,0.000357861717477509,0.000319873234728641,0.000283591818589148,0.00024893164841311,0.000215772102072108,0.000183966504915275,0.000153349031274361,0.000147287337569024,0.000141501750461587,0.00013500840307903,0.000127971598410167,0.000120551883013847,0.000112898786910342,0.000105145498719892,9.74055816686623e-05,8.97715803137665e-05,8.23151612211091e-05,7.50883849717641e-05,6.81257227887424e-05,6.14464452870352e-05,5.50571062706781e-05,4.89539233001575e-05,4.31249386430112e-05,3.75518870931232e-05,3.22117436090396e-05,2.70779744980598e-05,2.21214800154108e-05,1.73113015912945e-05,1.26150942798591e-05,7.99942214134516e-06,3.42990280334695e-06,-1.14167713266223e-09,-1.04001588622292e-09,-9.47624346853494e-10,-8.59842939388542e-10,-7.86417653660534e-10,-7.11733372660362e-10,-6.53068655528681e-10,-5.94525158205632e-10,-5.41964508708951e-10,-4.89845133301258e-10,-4.50401038903853e-10
