-7.48812588848258e-07,-4.51016053221655e-07,-1.57123168802822e-07,0.00286326969470196,0.0177830715623223,0.0362565878091786,0.0552715814509298,0.0739274174829629,0.0917693014223784,0.108854835178462,0.125104304458563,0.140192445463165,0.154583875380442,0.168108182405986,0.180596729071934,0.192686996289135,0.203848849904349,0.214129887764878,0.223911257138071,0.232647426801409,0.240392975427089,0.247163427523767,0.252503017850462,0.256613191238557,0.259119577990026,0.259917663214323,0.259008111938942,0.256383162014869,0.252024762075213,0.245902206028088,0.238346684784193,0.229269847834193,0.219267048799906,0.208337272846113,0.196780258979522,0.184872651541519,0.172858243920272,0.160948220135256,0.149320638605352,0.138118955470089,0.127449415239796,0.117377193303186,0.107921261467701,0.0990480529594319,0.0906640857564169,0.0829302032175434,0.0760627776813307,0.0693188026775316,0.0736550439825994,0.0928274343902312,0.110607543700976,0.126712216232302,0.140956497246466,0.153314537869389,0.163626367512803,0.172042359907238,0.178493299506757,0.18306580240852,0.185865005054451,0.187012065050076,0.186641147331805,0.184896107212592,0.181927051781053,0.177886937470439,0.172928345699255,0.16720056542552,0.160847092916381,0.154003627614241,0.146796596601269,0.139342184939101,0.131745798010657,0.124101849853471,0.116493767841123,0.108994128236078,0.101664877742129,0.0945576365283938,0.0877141038000826,0.0811953794817722,0.0749965649248115,0.069131878362012,0.0636096646947299,0.0584322333845847,0.0535968296151502,0.0490965680553107,0.044921299398176,0.0410583910283607,0.0374934126388844,0.0342107247078387,0.0311949264769736,0.0284478298022605,0.0259303086746248,0.0236261666850492,0.0215197026182297,0.0195958459567114,0.0178402507547246,0.0162393556617919,0.0147804168554817,0.0134515196294134,0.0122415734479657,0.0111402944567038
-7.48813208586648e-07,-4.51018071077615e-07,-1.57122096175843e-07,0.00286731944820549,0.0178446001583522,0.0364454085691288,0.0555677859917028,0.0743562983744547,0.0923542198701827,0.109434295887836,0.125851439183217,0.141123752098616,0.155486158891927,0.16919637736988,0.181880197311795,0.193914075444811,0.205263196184671,0.215688017957267,0.225427783353815,0.23433530557276,0.242071169343941,0.248898183622349,0.254265924706809,0.25835347078346,0.260726077612484,0.261391341735621,0.260395975724354,0.257593905760358,0.253105161793727,0.24685275767001,0.239041060120153,0.22983978051203,0.219648491917387,0.208556356931459,0.196869146053345,0.184859313353907,0.17276682814976,0.160799434850426,0.149132133031387,0.137905680770636,0.127223953951875,0.117150050108269,0.107701111172493,0.0988419439149465,0.0904775983865336,0.0827240283417874,0.0758840779330208,0.0691702529326252,0.0668391295622406,0.0861634739095744,0.104079148334108,0.120349130965436,0.134748442029719,0.147176272049681,0.157518274098678,0.165894375295227,0.172271118075046,0.176725206482859,0.179374759847803,0.180353430092602,0.179807134222584,0.177897934952029,0.174774954194791,0.170595986971768,0.165522086123209,0.159718832376017,0.153329616621439,0.146490980243104,0.139330605051916,0.131964730040423,0.12449771808842,0.117021941148142,0.109617881269401,0.102354376894922,0.0952889840861129,0.0884684543020055,0.0819293435744813,0.0756987616447283,0.0697952509585651,0.0642297648566279,0.0590067001731808,0.0541249354865241,0.0495807673743054,0.0453875604887175,0.0415060303693824,0.0379221058663252,0.0346204011785983,0.0315847385826036,0.0287985765549372,0.0262453527943136,0.0239087526204645,0.0217729132959066,0.0198225743966898,0.0180432090265057,0.0164308653135995,0.0149607888817419,0.0136210849855451,0.012400681416022,0.0112893110504286,0.0102774849306143
-7.48815348816697e-07,-4.5101444452807e-07,-1.57123574537666e-07,0.00287087178835461,0.0179003542649471,0.0366177156644336,0.0558386886226314,0.0747492441890475,0.0928909357649629,0.110005242919817,0.126537137020329,0.141979350650857,0.156313907149902,0.170195419644566,0.183059208457562,0.195039088436949,0.206560237540545,0.217158380687792,0.226814968373949,0.235878657533549,0.243764898599764,0.250477635654003,0.255970827802622,0.259928455350661,0.262199759232674,0.262915914422231,0.261777341294941,0.25877430461123,0.254041562045281,0.247662930206455,0.239613136631422,0.230300564913688,0.219925422188134,0.208684137489411,0.196878164904662,0.18477597736872,0.172613932734661,0.160596542830568,0.14889594322986,0.13765037202918,0.126961494756707,0.116890467585365,0.107452716027237,0.0986115099603721,0.0902704965662979,0.0824961120695578,0.0756873011910348,0.0690071602925022,0.0631376004344411,0.0787775800665695,0.0968059123019965,0.113160398032201,0.127619094457953,0.140046204813751,0.150411669458008,0.158712993926239,0.16501223389503,0.169348820885915,0.171854750940001,0.172722865179061,0.172063561081295,0.170032722292451,0.166801666377973,0.162541452374022,0.157419433715538,0.15159625931994,0.145223434711341,0.138441500921469,0.131378823585059,0.124150923266418,0.116860237250146,0.109596193266117,0.102435495797585,0.0954425633107702,0.0886700926277061,0.0821684511480028,0.0759772253996718,0.0701012486708945,0.0645540359321066,0.0593420384278804,0.0544657618187519,0.0499208416877224,0.0456990411392487,0.0417891478562419,0.0381777597134071,0.0348499571367968,0.031789866581406,0.0289966287929133,0.0264379556407793,0.0240952460979916,0.0219527800419309,0.0199954169940219,0.018208707293853,0.0165789652692396,0.0150933119767602,0.0137396939171601,0.0125068831092339,0.0113844629720961,0.0103628036610406,0.00943302982173337
-7.48813724366395e-07,-4.5101822369459e-07,-1.57119678558563e-07,0.00287395119297082,0.0179506954246312,0.0367745508930148,0.0560858565378275,0.0751084210640024,0.0933822581718915,0.110646826248001,0.127164806774851,0.142763261785476,0.157257507848195,0.171109772892724,0.184138727867323,0.196229835811403,0.207745178243659,0.21850143537091,0.228307413940467,0.237283045970016,0.245304592130827,0.251952077980051,0.257511169117668,0.261343328218856,0.263697136967391,0.264272225251212,0.262993287835944,0.259850465233517,0.254837102215117,0.248335388214508,0.240064817961967,0.230643080860373,0.220098577756542,0.208720749091042,0.196806935184865,0.184621840044522,0.17239842140395,0.160338161170606,0.148610519358612,0.137351384564198,0.126660362055129,0.116596794838056,0.107174497309048,0.0983552841878853,0.0900414573802587,0.0822450135027741,0.075471196192365,0.0688284797012911,0.0629433084840804,0.0707793491614379,0.0887576385547528,0.105080750280861,0.119535426408769,0.131966694475209,0.142315134883362,0.150512829861809,0.156738522631255,0.160966920222192,0.163351792293628,0.164116997222358,0.163348245416607,0.161224397772233,0.157926136837874,0.153632062880588,0.148515170282658,0.142739857733872,0.13645957737016,0.129815161965538,0.122933797977197,0.115928553232392,0.1088983368508,0.101928170828845,0.0950896804371522,0.0884417482359827,0.082031307519852,0.07589426532787,0.0700565423412948,0.0645352039611735,0.05933964299486,0.0544727666610534,0.0499506979096725,0.0457515003107519,0.0418594651751702,0.0382620039037345,0.0349448533649299,0.0318926730199109,0.029089534417353,0.0265193144081444,0.0241660042182722,0.0220139464016386,0.020048011094118,0.0182613011494926,0.0166326383362925,0.0151472933962608,0.0137933391817916,0.0125596599173857,0.0114359387271529,0.0104126342244029,0.00948094924210471,0.0086327941866854
-7.48812593160456e-07,-4.5101470814652e-07,-1.57122375762562e-07,0.00287657888666884,0.0179959517318043,0.0369168721457508,0.0563107386491543,0.0754358422079235,0.0938308111350447,0.11123325995393,0.127737642515108,0.143479270267946,0.158127592620317,0.171943645053375,0.185123455135128,0.197369887126241,0.208822940811606,0.219722448204006,0.229669233687362,0.238571459594512,0.246695680064737,0.253454799044082,0.258892129399466,0.262733402269277,0.265024824858754,0.265463059180455,0.264047730699391,0.260768839452665,0.255604455221535,0.248872285347777,0.240438878045023,0.230868237619157,0.220168209908758,0.208665870936645,0.19665465591682,0.18439571310008,0.17211880867867,0.160022591975771,0.148274028949018,0.137006821342372,0.126318656086912,0.116267183053451,0.106864702914381,0.0980716493934945,0.0897890295151588,0.0819691593126039,0.0752344003145657,0.0686330751248794,0.0627312034586554,0.0622781879758646,0.08005431681072,0.0962770361449867,0.110671856393428,0.123021060425588,0.133250926959489,0.141391623676145,0.147486748887369,0.15162547591417,0.153900793321072,0.154573194070539,0.153733343308529,0.151562051281729,0.148248866359078,0.143979125042911,0.138930393114359,0.133269543453422,0.127150561594277,0.120713092336625,0.114081665745872,0.107365487467649,0.100658658196065,0.0940406996262206,0.0875772968381116,0.0813212025048922,0.0753132725714354,0.0695836109204808,0.0641527953336826,0.0590331469228028,0.0542299979375703,0.0497429126751376,0.0455668233357955,0.0416930542154955,0.0381102202257444,0.0348171738745378,0.0317904932326303,0.0290090464228645,0.0264572250130609,0.0241194577982447,0.021980462504462,0.020025433639131,0.0182401775344253,0.016611204357062,0.0151257855444385,0.0137719838695289,0.0125386621680887,0.0114154757268991,0.0103952678268562,0.0094670802445802,0.00862181627739731,0.0078521441367039
-7.48809904671564e-07,-4.51015961360132e-07,-1.57119683051766e-07,0.00287877298524501,0.0180578231565455,0.0370455565408461,0.0565146690623768,0.0757333706356817,0.0942390344896684,0.111767584238962,0.128258621302281,0.144130918271256,0.15891982802998,0.172700976735734,0.18601780600199,0.198405059962768,0.209910659124025,0.220826369125783,0.230899051868775,0.239921600324716,0.247943239876028,0.254799042890874,0.260118498759754,0.264029139725861,0.266187167950341,0.266492310215082,0.264944089030553,0.261532348476044,0.256234946022244,0.249275234581605,0.240722683640699,0.230976411117891,0.220134066688915,0.208518713724476,0.196420094526727,0.184096013909004,0.171773251100444,0.159647814093207,0.147884348954844,0.136614525279497,0.125934245475142,0.115899578336334,0.106521400533637,0.0977588316697812,0.0895116273360158,0.0816668378260159,0.0749754342038424,0.0684197148008853,0.0624999644337294,0.057078816430877,0.0708151592389194,0.0868017535604658,0.101020410239542,0.113221793008295,0.123347197545463,0.131372399833543,0.137309721364521,0.141384638211662,0.143593299996966,0.144172782951921,0.143311018735135,0.141148334202036,0.137882222109479,0.133703535731539,0.128792968505132,0.123319310003772,0.117451205474701,0.111301376854668,0.104991164734679,0.0986255441154773,0.0922936628451394,0.0860696572178532,0.0800136563235812,0.0741848804312759,0.0686109945715211,0.0633138123299092,0.0583090504361821,0.0536048937730969,0.0492032929778149,0.0451011711416189,0.0412915123903467,0.0377643174198868,0.0345074222138018,0.0315071847306873,0.0287490497341152,0.026220424356952,0.0239122416575642,0.0217991810810517,0.0198668751053641,0.0181015127868204,0.0164899405444792,0.0150197265822921,0.0136791965222268,0.0124574465887331,0.0113443396003044,0.0103304880764952,0.00940722795453604,0.00856658574984165,0.00780124140323437,0.00710448860151153
-7.48812447701218e-07,-4.51018821467695e-07,-1.57121518912428e-07,0.00288115999235463,0.0181225971936749,0.0371614036117783,0.0566988706293792,0.0760027222648166,0.0946091855298561,0.112252623728795,0.128810081987105,0.144721500597845,0.15963802905953,0.173535900827729,0.186825897475851,0.199339878348143,0.210972671144477,0.221817804557711,0.232001723871092,0.241129593144817,0.249051956373245,0.255989562426924,0.261271581905366,0.265159836835838,0.26718802414942,0.267363359019156,0.265685244307088,0.262143353416895,0.256715318586274,0.249545281038607,0.240874889021037,0.230967424389225,0.219995377418537,0.208278006956475,0.196101575975936,0.183720755782872,0.171359538230301,0.159211474564601,0.147439057525685,0.13617207128688,0.125504759552637,0.115491714347854,0.106142470663008,0.0974148938407905,0.0892075248192397,0.0813510097653252,0.0746926963393016,0.0681870663900509,0.0622481665522365,0.0568822766780567,0.0612058648810753,0.0767809191021747,0.0907260702528481,0.102691331808785,0.112639521212744,0.120519232859779,0.126397710463835,0.13031654861407,0.132504177617659,0.13302974218275,0.132183982607636,0.130094610451799,0.126944921854408,0.122929706595926,0.118231066582113,0.113026941616695,0.107468121613256,0.101667097769551,0.0957400049364537,0.0897858547365786,0.0838873972798574,0.078112226440848,0.072514041376695,0.0671340079659267,0.0620021800487398,0.057150273033442,0.0525828644455027,0.0483008665120902,0.0443035877937059,0.0405860240757306,0.0371398738666902,0.0339544096283726,0.0310172092877859,0.0283147585402614,0.0258329376618219,0.023557407602635,0.0214739099339125,0.0195694482875553,0.0178353992991731,0.0162517052907402,0.0148063169058358,0.0134878986665854,0.0122858478904979,0.0111902953857484,0.0101920924557579,0.00928278789154115,0.00845459791439351,0.00770037143169879,0.00701355247106956,0.00638814124503338
-7.48816084908429e-07,-4.51017559655586e-07,-1.57121855261934e-07,0.00288605024438335,0.018180224415888,0.0372651382896845,0.0568644584236074,0.0762454693200164,0.0949433412913976,0.11269098755524,0.129363735855182,0.145254061633735,0.160285730782409,0.174304555016587,0.187551535664794,0.200178531219102,0.211924173623228,0.222789636093192,0.232981715946799,0.242200059570313,0.250192039127336,0.257030657387113,0.262367644645105,0.266129300399169,0.268030720783454,0.268079032440197,0.26627350264907,0.262603620251983,0.257046780135476,0.249682877031693,0.240895394233739,0.230840529309318,0.219750837952535,0.207941986582711,0.195696971965769,0.183267538185604,0.170875083504722,0.158710879910165,0.146935425632747,0.135690431255004,0.125027580600162,0.115041104885274,0.105725599563247,0.0970377288517818,0.0888748494165524,0.0810663905922963,0.0743844576165378,0.0679336920992309,0.0619742763514387,0.056668587263145,0.0516506273499294,0.0664119414645419,0.0799291106783482,0.0915931510046358,0.101325378229006,0.109020359557287,0.114721584841063,0.118607484203759,0.120723725863951,0.121306844591715,0.120470874017607,0.118515996826755,0.11555669003976,0.111780009699138,0.107367613798079,0.102483811840786,0.0972843617238242,0.0918949232509009,0.0864077154758088,0.0809150944173407,0.0754930287696738,0.0702024795607814,0.0650908889322468,0.0601937214769368,0.0555360157000923,0.0511404654791093,0.0470150468890102,0.0431560170923962,0.0395607749122162,0.0362230629829707,0.0331338955629875,0.0302823391682778,0.0276561566181235,0.0252423287311797,0.0230274692989271,0.0209981488055096,0.0191411413750734,0.01744360804425,0.0158932279263326,0.0144812500677213,0.0131943438050301,0.0120206112991717,0.0109505190033202,0.00997521774741265,0.00908652389021895,0.00827689280800646,0.00753938721322864,0.00686764225993929,0.00625582897138173,0.00569861715692265
-7.48814236592592e-07,-4.51017545526252e-07,-1.57121620338108e-07,0.00289001033889929,0.0182310778130963,0.0373574137207099,0.0570124432689222,0.0764630438752925,0.0952434013235547,0.113085070374681,0.129861761153824,0.145731393552369,0.160866182855883,0.174993015128612,0.188198205977636,0.200924857171076,0.21276930578344,0.223730212880484,0.233843078403974,0.243137177523697,0.251195676736594,0.257926135976529,0.263302868346362,0.26694078934942,0.268725852289229,0.268754088685831,0.266773345312409,0.262914287810773,0.257229895006661,0.2496878590004,0.240783473646536,0.230594389428237,0.219398596573936,0.207508382965286,0.195203690271076,0.182733536952263,0.170316915057018,0.158142987403568,0.146403881701682,0.13520952076288,0.124550122653152,0.114545036557369,0.105268272317133,0.0966250532335696,0.088511575968011,0.0807560536616162,0.0740488560611977,0.0676580438451141,0.0616766472518479,0.0564364422702763,0.0514002510435726,0.055805504922166,0.0687609190558309,0.0800588254425069,0.0894841924535653,0.0969752826151663,0.102554904961184,0.106308946609348,0.108450325998077,0.10905595595509,0.108384954971052,0.106555748013459,0.103833582440097,0.100370220572379,0.0963160705646425,0.0918312335576792,0.0870559045243487,0.0821105774423656,0.077096870857565,0.0721003217741668,0.0671888456483717,0.0624099565909508,0.0578059025421412,0.0534122512303481,0.049245293455007,0.0453169902360189,0.0416327902820066,0.0381929298962657,0.0349935800919292,0.0320278355950616,0.0292865493909722,0.0267590232372183,0.0244335687236905,0.0222979551675077,0.0203397606834981,0.0185466417741653,0.0169065353057624,0.0154078051289218,0.014039343922072,0.0127922145300219,0.0116561021866066,0.0106199838517068,0.0096753783584611,0.00881443137800087,0.00802989327729889,0.0073150912049233,0.00666389747808892,0.00607069588882844,0.00553034717382301,0.00503815457109983
-7.48814595254667e-07,-4.51019214049115e-07,-1.57121445414019e-07,0.00289306728333817,0.018275487659473,0.0374388140017895,0.0571437350361218,0.0766567413546223,0.0955110907446314,0.113437054002453,0.130306806248811,0.146156035622601,0.161382345473854,0.175604638501022,0.188894789549872,0.201582331592435,0.213511810616633,0.22455375120315,0.234646366200698,0.243944651341026,0.2520545555687,0.258689254474158,0.264080428157158,0.267596976483096,0.26937556228772,0.269265897853012,0.26714628828295,0.263075838405196,0.257264557287483,0.249559426064294,0.240537755952722,0.230227063802617,0.218936240494048,0.206974409191506,0.194618664275995,0.182115494673144,0.169681666706618,0.15750439651993,0.14584799187253,0.134677532309867,0.124050229817838,0.114000561752623,0.104767766163888,0.0961744008072899,0.0881155207897106,0.080418118016027,0.0736838917967708,0.0673584585619705,0.0613535153298203,0.0561844409734646,0.0511286941530523,0.0466298993598584,0.0574576519290447,0.0682446729530583,0.0772790973887348,0.0845349264785994,0.0899653534982909,0.0936678012772877,0.095774463050199,0.0965091503172137,0.0959477797220759,0.0944049423379704,0.091961123343648,0.0888096516614601,0.0851776549030034,0.0811532329186866,0.0768665391910064,0.0724309458028972,0.0679408321370676,0.0634731621008881,0.0590892342610949,0.0548364947258149,0.0507503402110941,0.0468558623211547,0.0431694968707731,0.0397005495584017,0.0364525760025241,0.0334246020457597,0.0306121790900672,0.028008277758809,0.0256040300516578,0.0233893346593342,0.0213533422650615,0.0194848379382256,0.017772536833627,0.016205307896938,0.0147723385295768,0.0134651091694153,0.0122727005568668,0.011184386272928,0.0101915424005094,0.00928613318893229,0.0084607034689968,0.0077083617768604,0.00702275697940257,0.00639805060727936,0.00582888661501754,0.00531035989263299,0.00483798452479212,0.00440766253307959
-7.48816725489884e-07,-4.51016534962862e-07,-1.57121714633309e-07,0.00289524187613277,0.0183137431367465,0.037509856597855,0.0572591458305554,0.0768277240659277,0.0957479633820263,0.113748909524316,0.130701269119056,0.146576111467317,0.161836886532608,0.176142451587793,0.189516798452896,0.202154055882192,0.214155018873997,0.225263750225537,0.235416091606437,0.244625685051369,0.252771856205611,0.25943025466379,0.264702896990428,0.26809991357731,0.269856105346939,0.269610119930182,0.267352843015049,0.2630880707349,0.257149965554766,0.249296119996069,0.240156205535275,0.229735991761491,0.218360782986777,0.206336749859609,0.193938342910197,0.181409711444375,0.168965569339336,0.156866350122626,0.145232360830509,0.134091294476218,0.123501450246383,0.113478925230081,0.104221144328602,0.0956831168141334,0.0876843360989549,0.0800505624374778,0.073287422433473,0.0670331537673403,0.0610029955192863,0.0559110840954702,0.0508343728864121,0.0464164223294086,0.0461604496317434,0.056319615624036,0.0649423893345751,0.0718669388198186,0.0771385881813241,0.0807821359749334,0.0829231238082001,0.0837691821566598,0.0834439559387796,0.0821457798066851,0.0800368440761499,0.0773301991479378,0.0741240690968524,0.0705643886264544,0.066778292247831,0.0628910276578619,0.0589553736281384,0.055041629877572,0.0512050963200299,0.0474880057865957,0.0439213890538246,0.0405268324373926,0.0373181001493449,0.0343026015455447,0.0314826907904222,0.0288567943045278,0.0264203692003449,0.0241667026226989,0.0220875666164075,0.0201737457266808,0.0184184041986037,0.0168092797677397,0.0153349324129217,0.0139855840333672,0.0127517910141561,0.0116245325523672,0.0105952675989278,0.00965596738001982,0.00879912919711648,0.00801777614336966,0.00730544648391283,0.00665617567024194,0.00606447335515905,0.00552529724485299,0.00503402520637519,0.00458642670762772,0.00417863438002371,0.00380711628536507
-7.48813779786285e-07,-4.5101735478795e-07,-1.5712293750524e-07,0.00289654884635326,0.0183460937523418,0.0375709945670113,0.057391884365964,0.0769791646899938,0.0959554049896436,0.114022399618366,0.131047298030801,0.146999556463638,0.162232179704601,0.176609144709914,0.190054889440805,0.20264274823897,0.214701835123087,0.225863240002309,0.236060507965066,0.245182958320115,0.253350188475726,0.260016469435889,0.26517221162943,0.268539224430418,0.270168538631503,0.269787203738876,0.267392833243982,0.262971872223972,0.256884599506479,0.248895806457958,0.239636105221971,0.229117978678887,0.2176686513236,0.205591550536157,0.19315868121586,0.180612036295928,0.16817664297636,0.156161387142875,0.144553366604569,0.133447361797483,0.122900557427036,0.112927989395154,0.103625250616343,0.0951483527088134,0.0872155049730794,0.0796512205796523,0.0728571590609172,0.0666802235313705,0.06062307841622,0.0556147704130431,0.0505156007273438,0.0461851030792149,0.0422284815234445,0.0445113718531452,0.0525990837185649,0.0592097785539747,0.0642572682205929,0.0678322680325772,0.0700384998020072,0.0710331745085268,0.070947797446231,0.0699545507790379,0.0682509557276655,0.0659674566969095,0.0632296123804094,0.060205260878773,0.0569816939458769,0.0536385845626406,0.0502546088176427,0.0468923508794515,0.0436003770727821,0.0404152343883569,0.0373633254506084,0.0344626307518066,0.0317242602793829,0.0291538248845317,0.0267526251720591,0.024518662733687,0.0224474846599615,0.0205328767535563,0.0187674233525793,0.0171429523728675,0.0156508834394357,0.0142824954975727,0.0130291283534855,0.0118823306378057,0.0108339648271519,0.00987627823634918,0.00900194740105417,0.00820410193137953,0.00747633280299863,0.00681268908285199,0.00620766628267475,0.00565618887717349,0.00515358895918918,0.00469558256324505,0.00427824482972291,0.00389798486346553,0.00355152093692295,0.00323585647043266
-7.48810296399595e-07,-4.51016978655956e-07,-1.5712082159243e-07,0.00289699693799656,0.0183727506215269,0.0376226185728284,0.0575216591477937,0.0771639131625107,0.0961346363011302,0.114259080961603,0.131346792545669,0.147365656363495,0.162570303034686,0.177007067644185,0.19051164730521,0.203143982999526,0.215154725371853,0.22635476418239,0.236582165984541,0.245702093180951,0.253791564130633,0.260449704874021,0.265489641565686,0.268816925727555,0.270313177626657,0.269796840720031,0.267265311414841,0.262704775927579,0.256466198333429,0.248355657494681,0.238974040431038,0.22836918289161,0.216855675690783,0.204734408172169,0.192275131908393,0.179717859652357,0.167376540024166,0.15538313747857,0.143807075677332,0.132742008321609,0.122244073522815,0.112327294494854,0.102976705077906,0.0945670618873331,0.0867063370765655,0.0792177766752588,0.0723906630770384,0.0662976350180195,0.0602116278896876,0.0552937938575334,0.0501705864458889,0.0459345975993232,0.0419592997743688,0.0375930432248872,0.0405116248316734,0.0467098898085947,0.0515488514447675,0.0550607652205003,0.0573216462396328,0.0584663907378624,0.0586308745610168,0.0579979426559432,0.0566966427426497,0.0548796880193999,0.0526462323629438,0.0501656667720729,0.0474917590898389,0.0447071295302228,0.0418823873376185,0.0390730943430144,0.0363219004392925,0.033662914330786,0.0311183916612365,0.0286991241791253,0.0264150629695646,0.024271276808811,0.0222690409103134,0.0204067505926661,0.0186806752916126,0.0170859952424335,0.0156175988951478,0.0142667681945191,0.013026225228965,0.0118886089974624,0.0108466388926021,0.0098932331160907,0.00902159135117289,0.00822524941081267,0.00749811220430615,0.00683447017054933,0.00622900332607035,0.00567677624120766,0.00517322655524585,0.00471414908521722,0.0042956771077247,0.00391426202169852,0.00356665230034827,0.00324987239257704,0.00296120205762705,0.00269815645349747
-7.48813737604473e-07,-4.51015076152428e-07,-1.57122495013265e-07,0.00289658896232919,0.0183938874744627,0.0376650585990426,0.0576321324109236,0.0773220901183304,0.0962867158203833,0.114460306579062,0.131601404660704,0.147676353143095,0.162853037914562,0.177338225950991,0.190889263746263,0.203564059417162,0.215515705884288,0.226740364212527,0.236983060683603,0.246106762688009,0.25409737164832,0.260731085528919,0.265655760096155,0.268926248809132,0.27028956475421,0.269637935581927,0.266968531424569,0.26226727341491,0.255891740789701,0.247672135301064,0.238165884903959,0.227485104029542,0.215917079479801,0.203760362891076,0.191282638363761,0.178758269603262,0.166492371144258,0.154527156109363,0.142989237339094,0.131971222350458,0.121528264411759,0.111673416948012,0.102371782670224,0.0939359966836843,0.0861539654271953,0.078747762042076,0.0718853441122693,0.0658832258063288,0.0597663797480417,0.0549463412774667,0.0497974329978532,0.0456634766755632,0.0416681853827058,0.0373530473286528,0.0346141200629262,0.0346195676907351,0.0391865731997508,0.04260220739943,0.0449050656333445,0.0462232072370999,0.0466829330943977,0.0464054984938707,0.0455177938730337,0.0441879689776565,0.0424844357773377,0.0405223267448134,0.0384091941310571,0.0361872252419575,0.0339197187540623,0.0316560863773604,0.0294339829610533,0.0272834785910383,0.0252254625192498,0.0232673752103384,0.0214179453040823,0.0196816855657293,0.0180598624676478,0.016551298380718,0.0151530253430236,0.0138608103036377,0.012669571271334,0.0115737024333013,0.0105673243093217,0.00964447294156718,0.00879923999326999,0.00802597534610612,0.00731959428362635,0.0066741583817944,0.00608473422131373,0.0055467032546044,0.0050557640699078,0.00460792746694581,0.00419950649093443,0.00382710306567713,0.0034875924965447,0.00317810679957028,0.00289601755980695,0.0026389188312456,0.0024046104477522,0.00219108198396057
-7.48810767312219e-07,-4.51014546536779e-07,-1.57122894140934e-07,0.00289532179421236,0.0184096415482117,0.0376985854228322,0.0577239794029727,0.0774546353549497,0.0964125423887422,0.114627227919732,0.131812539898398,0.14793329493326,0.163081868026276,0.177604277497673,0.191189530826369,0.203893546554659,0.215786332684259,0.227021564658096,0.237264611968251,0.246376287088264,0.254268352571192,0.260861026090824,0.265670417174127,0.268866569987958,0.27009644017481,0.269308579029315,0.266499923487824,0.261656126070652,0.25515742702492,0.246840977473784,0.237206788331434,0.226460573136952,0.214847471365605,0.202663891644863,0.190175629582215,0.177761266016609,0.16551915626519,0.153588642651193,0.142095279693477,0.131130702803546,0.120749136253967,0.110962701267893,0.10173551513605,0.0932517070164323,0.0855553445410692,0.0782385526542834,0.0713384593782278,0.0654347022281735,0.059294337000669,0.0545704910682322,0.0493941375644844,0.0453702244078661,0.0413535561848102,0.0371485814279705,0.0343946582151084,0.0313858376164796,0.0280847839875857,0.0307045309170355,0.0330415630303479,0.0345148168006005,0.0352400587101704,0.035326506095797,0.0348750878378802,0.0340052566903282,0.0328190496672483,0.0314014942466329,0.0298115004551658,0.0281356494859804,0.0264153844729948,0.02468304261193,0.0229722257619026,0.0213077727565983,0.0197073878506221,0.01818304970213,0.0167422118338921,0.0153888100797418,0.0141240957213486,0.0129473148416181,0.0118562549404584,0.0108476791308644,0.00991766668671829,0.00906187664422677,0.00827574887810295,0.00755465493509748,0.00689400884401822,0.00628934638292033,0.00573637972291803,0.00523103307121064,0.00476946383651427,0.00434807292090575,0.00396350699529258,0.0036126549907601,0.00329264055071782,0.00300081177331811,0.00273472926291255,0.00249215324735308,0.0022710303243782,0.00206948022983401,0.00188578292523663,0.00171836617871855
-7.48813823286484e-07,-4.51014638775567e-07,-1.57122964454699e-07,0.00289318636377211,0.0184201142111504,0.0377234117759682,0.0577977605119796,0.0775623354434824,0.0965128572537048,0.114760796590548,0.131981358115755,0.148137835274864,0.163260219591129,0.177806529075073,0.191413834654462,0.204133855869832,0.215988713413907,0.227199359134816,0.23742764623192,0.24651124334282,0.254304579028867,0.260839204631319,0.265532713717032,0.268636447639968,0.269731714497409,0.26880602246289,0.265856071062395,0.260867243955452,0.254258662392927,0.245857184017204,0.236091166291509,0.225289745134342,0.21364083979119,0.201438904396132,0.189040742605616,0.176662969543695,0.164451520312449,0.152562439115988,0.141120307890079,0.130215857728982,0.119902434086662,0.110191258533239,0.101045477318286,0.0925105411403904,0.084907250328855,0.077687368091425,0.0707471147905587,0.0649496390088416,0.0589155649308495,0.0541642129035102,0.048958593000263,0.0450532375052451,0.0410137454009748,0.036927457589277,0.0341574844837295,0.0311316153115428,0.0278123730795803,0.0253218479245547,0.0235122976775695,0.0235413440075663,0.0245096290923389,0.0249251951138878,0.0248765741357714,0.0244687917488313,0.0237730402333905,0.0228628487575734,0.0217948316680199,0.0206437051934385,0.0194292919742724,0.0181899451813844,0.0169547453911984,0.0157506063976087,0.014588523008711,0.0134757571743797,0.0124196661797761,0.0114245419024578,0.0104923392136651,0.00962326468631741,0.00881624679403514,0.00806930720507482,0.00737985062962707,0.00674488841436559,0.00616120873125087,0.00562550416568374,0.00513446557788347,0.00468484954371094,0.00427352525709606,0.00389750566793895,0.0035539666339069,0.00324025710256177,0.00295390267824175,0.00269260441824752,0.00245423427593847,0.00223682828326253,0.00203857828401613,0.00185782284020567,0.00169303775727798,0.0015428265476087,0.00140591106837252,0.00128112248074038
-7.48814682066552e-07,-4.51017113178264e-07,-1.57121431247073e-07,0.00289016757414628,0.0184253714868611,0.0377396932593849,0.0578539230254244,0.0776458255868105,0.0966145161616309,0.114861765662885,0.13210877394415,0.148291032091666,0.163436844691209,0.177945932729867,0.191563149012903,0.204285925976271,0.216134365925175,0.2272741965042,0.237472378521695,0.246511528492792,0.254205432010731,0.260664537066969,0.265244694766332,0.268233594852089,0.269192443269219,0.268126654576089,0.265032689950477,0.259922397917302,0.253190043550051,0.244715006573583,0.234848854317537,0.223966094269891,0.212290550607836,0.200153735853755,0.187809104336767,0.175457404731795,0.163283693204037,0.151443030581418,0.140059105227754,0.129221805584239,0.118983643003191,0.10935496720833,0.100297963748582,0.0917194425662573,0.0842062821947234,0.0770912722289753,0.0701082682964182,0.0644254805353358,0.0585060708570906,0.0537253688438341,0.0484885909975373,0.0447108256058991,0.0406470034804206,0.0366884575529351,0.0339013308724949,0.0308572800310787,0.0275186875078498,0.0251653004842938,0.0233444815539235,0.0213586758641289,0.0191847812555776,0.0167918643239733,0.0157078982445659,0.0157072792023505,0.0154668042947141,0.0150274666587303,0.0144496772421306,0.0137632853156424,0.0130285914014075,0.0122531507423089,0.0114625190942461,0.0106757566923822,0.0099080291953723,0.00917138741577699,0.00846711653297188,0.00779971723873212,0.00717171485362052,0.00658415170942365,0.00603697760366805,0.00552935639753693,0.00505990439391478,0.00462687375286354,0.00422829201502902,0.00386206683807186,0.00352606339820386,0.0032181604729239,0.00293629003447324,0.00267846422509417,0.00244279274955602,0.00222749309745054,0.00203089546783071,0.001851443840244,0.00168769431865106,0.001538311588442,0.00140206413687658,0.00127781870504423,0.00116453433239833,0.00106125624530645,0.000967109768336589,0.000881294385668342
-7.48812272416615e-07,-4.51017388171929e-07,-1.57118446426611e-07,0.0028862441916366,0.0184254442382027,0.0377475289276989,0.0578928024580969,0.0777055910508566,0.0966973499540149,0.114930690393146,0.132195456651507,0.148393646198625,0.163551862273117,0.178023081646542,0.19163802863129,0.204350212763973,0.216177741291635,0.227245967023334,0.237398394818771,0.246376338061178,0.253969580024707,0.260335152510646,0.264800935754631,0.267654853638839,0.268474803186527,0.267265979946803,0.264024609778544,0.258821490536029,0.251945347390406,0.243407940472012,0.233499503476713,0.222560054603226,0.210895591542113,0.198779959314793,0.18645632979129,0.17413816274766,0.162009513586367,0.150224549572308,0.138906137885227,0.128143379983811,0.117987992581123,0.108449476906263,0.0994890645322117,0.0910124468137455,0.0834488678476684,0.0764471760887055,0.0695734446498788,0.0638595441319032,0.0580636859797332,0.0532517161391962,0.0480834801177064,0.044341212837949,0.0402515014761116,0.0364302960353506,0.0336248651669077,0.0305614593181443,0.0272023232233573,0.0249961899201934,0.0231633360170205,0.0211648138189853,0.0189774420501612,0.0165701572441928,0.0145469705934451,0.0137801213210935,0.0129478831081917,0.0120434892577928,0.0110585213599159,0.00998220092454207,0.00880025941483795,0.00749304460901553,0.0065455016548089,0.0061358035594077,0.00572609429686549,0.00532440192047591,0.00493369220329622,0.00455855107590677,0.00420194692985488,0.00386562544748111,0.00355042076897434,0.00325649877456823,0.00298354573759233,0.00273091343620351,0.00249772973202356,0.00228298199181639,0.00208557927955773,0.0019043980572837,0.00173831517212766,0.00158623111264588,0.0014470858776744,0.00131986928090178,0.00120362713231045,0.00109746436730212,0.00100054598203771,0.000912096411931785,0.000831397833029877,0.000757787749540791,0.000690656139817747,0.000629442353048368,0.00057363190452563,0.000522753264405397
-7.48815426359461e-07,-4.51016173051588e-07,-1.57120411939987e-07,0.00288138870610418,0.0184203282859031,0.0377469615687283,0.0579146233551223,0.0777419680445691,0.0967493266704851,0.114967928274225,0.132241829351076,0.148446139118761,0.163605733361465,0.178038205299479,0.191638601877118,0.204326679059786,0.216118563206079,0.227113988000729,0.237204634283284,0.246104144660713,0.253598623587813,0.259848369311219,0.264184703289094,0.266896170716366,0.267574070142093,0.26621859988737,0.262825758289613,0.257542383671885,0.25051752347046,0.241928720380456,0.231988004647442,0.221033672565605,0.209370197186469,0.197270086039689,0.184975343447863,0.172698408808829,0.160622437222692,0.148900785072899,0.137655564159241,0.126975138745681,0.116910465301705,0.107470215773543,0.0986146713213542,0.0902483911357748,0.082631271406471,0.0757518433337597,0.0690027593540782,0.0632490257721888,0.0575861332246322,0.0527409120829111,0.0477108725007352,0.0439425409050322,0.0398253362845059,0.0361516216171394,0.0333266931431206,0.0302427247396793,0.0268618285534072,0.0248136213412283,0.0229679360639516,0.0209558902698636,0.0187542272491125,0.0163317559658393,0.0144684029151397,0.0136957958879806,0.0128574932639389,0.0119467142946106,0.0109550199457403,0.00987159917991625,0.00868212923410941,0.0073668632487472,0.00589720646062009,0.0042290314508005,0.00228794946792006,0.0020098627527241,0.00188569161738899,0.00176162960545872,0.00163873639551758,0.00151883004412957,0.00140349037379797,0.00129373585880555,0.00119016702561466,0.00109307708179926,0.00100253675854679,0.000918458964553472,0.000840647715254883,0.00076883486078292,0.000702707429081843,0.000641927727600599,0.00058614795563851,0.000535020619876264,0.000488205801633104,0.000478489538663102,0.000471448459185989,0.000463612355509007,0.000454951243130739,0.000445428295238097,0.00043499989020794,0.000423615530337484,0.000411217553708658,0.000397740544623646
-7.48815128747095e-07,-4.51014892602734e-07,-1.57121596458659e-07,0.00287556713112018,0.0184099842156463,0.0377379776865525,0.0579194996473477,0.0777551438704678,0.0967707027833705,0.114973638383585,0.132248067441105,0.148448670112793,0.16359855712577,0.177991163801171,0.191564562579627,0.204214783536699,0.215955977697216,0.226876988897515,0.236889370993431,0.245692676575283,0.253078745966749,0.259200671647001,0.263412743017831,0.265952574906577,0.26648459935392,0.264978195927071,0.261429149004491,0.25607780101902,0.248898690863644,0.240269320553599,0.23030627707601,0.21934632137428,0.207692570464206,0.195616343956515,0.183358608859825,0.171130895377585,0.159115551161636,0.147465197215018,0.136301249196096,0.125711378152938,0.115745809825285,0.106412402266511,0.097670487145174,0.08942347645519,0.0817496054530768,0.0750018989495333,0.068387009527345,0.0625910087083334,0.0570710317338509,0.0521905213242454,0.047308904355028,0.0435128739953356,0.0393665380753869,0.0358510187388052,0.0330053621153275,0.0298995973203407,0.0264957118348472,0.0246166561399345,0.0227573163544574,0.0207309198675577,0.018514139995884,0.0160756626894458,0.0143835011358156,0.0136047342161557,0.0127599570305596,0.0118423771976007,0.0108435377485113,0.00975259789335003,0.00855518317069513,0.00723145355221124,0.00575263922986215,0.00407426342132186,0.00212116873287514,0.000465387959330585,0.000474221293813732,0.000481956722744272,0.000488606377435441,0.000494190867346309,0.000498737297861541,0.000502277403720858,0.000504845809456299,0.00050647842958678,0.000507210998683935,0.000507077739928379,0.000506110160890338,0.000504335987912823,0.000501778239452193,0.000498454445287633,0.000494376021320489,0.000489547800306388,0.000483967720194791,0.000477626657072054,0.000470508383887352,0.000462589624326003,0.000453840158424765,0.000444222931250112,0.000433694101863763,0.000422202963663713,0.000409691658109077,0.000396094585864706
-7.48812534294841e-07,-4.51016893576577e-07,-1.57120918909996e-07,0.00286873878113666,0.018394337021694,0.037720507124003,0.0579074344150405,0.077745156535986,0.0967615412107554,0.114947779973079,0.13221409611295,0.148401092247379,0.163530065047622,0.177881441150812,0.191415160867913,0.204013468687584,0.215688537896607,0.226533095465861,0.236450195118025,0.245138896094559,0.25241734803559,0.258387686655033,0.262471859380286,0.264818156477277,0.265199807995766,0.263537516565447,0.259826873093419,0.254419617795848,0.247080140520294,0.238420960885113,0.228445556047912,0.217489331734853,0.205854210183397,0.193810464810456,0.181598147486978,0.169427982407962,0.157481594902712,0.145910938836295,0.134836786346064,0.124346153489372,0.114488560072489,0.105271062184828,0.0966520408581926,0.0885337452544918,0.0807998477636539,0.0741938417231652,0.0677232274687134,0.0618824755606829,0.0565159037898607,0.0515980260849416,0.0468756078435061,0.0430502058738128,0.0388730802952386,0.0355270110336575,0.032659366117372,0.0295305548817918,0.0261284440396913,0.0244043138707657,0.0225304742508121,0.0204888861382329,0.0182561603867272,0.0158008668815587,0.0142918066371285,0.0135064598933094,0.0126547825447847,0.0117299737272151,0.0107235620804727,0.00962468084847128,0.00841890755481894,0.00708631181683385,0.00559794901124507,0.00390898638601517,0.00194347220359844,0.000465237328936187,0.000474051171086692,0.000481765259790144,0.000488391584417528,0.000493950600697892,0.00049846924692677,0.000501979077452331,0.000504514524966639,0.000506111298752622,0.000506804917534279,0.000506629377767502,0.000505615950438491,0.0005037921187758,0.000501180649783585,0.000497798818010385,0.000493657780754347,0.000488762110336406,0.000483109484948598,0.000476690522541375,0.000469488741903534,0.000461480617927979,0.000452635690613775,0.000442916674671295,0.000432279511524932,0.000420673292803238,0.000408039975206044,0.000394313794491231
-7.48816602282759e-07,-4.51016523973183e-07,-1.57122762365798e-07,0.00286085595985617,0.0183732755075664,0.0376944224701538,0.0578783190683488,0.0777118936569493,0.0967217096061925,0.11489011009087,0.132139586920101,0.148302947416458,0.163399613901242,0.177708137326208,0.19118919274655,0.203721147583489,0.215314187793919,0.226079812905241,0.235883993319158,0.244438977542615,0.251606370697912,0.257404162224689,0.261356171366081,0.263486048813256,0.263712160945619,0.261888368102295,0.258126443952413,0.252558862045139,0.245170674451411,0.236374120196635,0.226396409778098,0.215453437163458,0.203846083462806,0.191843709531454,0.179685566017165,0.167581666097672,0.155768065335552,0.144369906306638,0.133425006244056,0.122991617591365,0.113133061180026,0.104041051925359,0.0955547070616176,0.0875750976611398,0.0799380592772556,0.073324061184758,0.0670083393151147,0.0611203244506165,0.0559181846241709,0.0509608397743276,0.0464089412204993,0.0425524695367515,0.0383428926578607,0.0351780662731503,0.0322871529787323,0.0291340415931485,0.0259144146447242,0.0241755751553107,0.0222863740798184,0.0202287473208279,0.017979253136402,0.0155063550192997,0.0141928371056317,0.0134004741149216,0.0125414574985116,0.0116089819094616,0.0105945661239561,0.00948732234409315,0.00827278507463501,0.00693093793562593,0.00543266356651359,0.00373276898285614,0.00175448567475617,0.000465073610821661,0.000473866274953341,0.000481557179735043,0.000488158162348561,0.00049368951065859,0.000498177982745714,0.000501654939411629,0.000504154604598648,0.000505712468005174,0.000506363814856923,0.000506142398252314,0.000505079236164028,0.000503201549901903,0.000500531839069454,0.000497087106010939,0.000492878233088046,0.000487909517948871,0.000482178365164568,0.000475675122875112,0.000468383046682146,0.000460278356387625,0.000451330348285517,0.000441501507959667,0.000430747565056737,0.000419017420415898,0.000406252864645956,0.00039238799426878
-7.48809989887688e-07,-4.51017620771769e-07,-1.57122600757915e-07,0.00285361260521163,0.0183466514773491,0.0376595379016479,0.0578319320193644,0.0776550905083337,0.0966508776583254,0.114800180385952,0.132023953273849,0.148153460140579,0.163206177482269,0.177469959050253,0.190884988379834,0.203335689378199,0.214830244777429,0.225514007867201,0.235186928335637,0.243588285008366,0.250640601558088,0.256243945691876,0.260058894921363,0.261956509212924,0.262013160517387,0.260037145032339,0.256221043562099,0.250485722789981,0.243082806957789,0.234149627698307,0.224148765645344,0.213228803779154,0.201658658612933,0.189706903709242,0.177641692549478,0.165734545144634,0.154068403143126,0.142770931613849,0.131936263030854,0.121621979051606,0.111844945631945,0.102717088985084,0.0943737324137298,0.0865433129848484,0.0790601507679733,0.0723888597497581,0.0662391806757849,0.0603013898088053,0.0552752356106332,0.050276324522984,0.0459067981668507,0.0420175498205944,0.0377738775278448,0.0348026031975332,0.031887133593934,0.0287084800646725,0.0256838203821911,0.0239293857720378,0.0220239527930593,0.0199494438373358,0.0176823770860382,0.0151911223765317,0.0140860871936574,0.0132862568815782,0.0124194509814928,0.0114788646353879,0.0104560124052846,0.00933999165894099,0.0081163003597219,0.00676484220859278,0.00525633127045779,0.00354521278046538,0.00155388304950613,0.00046489567500851,0.000473665331449651,0.00048133105256249,0.000487904508832164,0.000493405809145656,0.000497861515927493,0.000501302780248625,0.000503763603463358,0.000505279236153178,0.000505884714609445,0.000505613529549665,0.000504496427731872,0.000502560350632235,0.000499827512950587,0.000496314627297036,0.000492032285171285,0.000486984494715698,0.000481168373803699,0.000474573990662637,0.000467184329099356,0.000458975349628613,0.000449916104800312,0.00043996885538879,0.000429089129885465,0.000417225655562628,0.000404320082161458,0.000390306401784062
-7.48811993506174e-07,-4.51018675033536e-07,-1.57123369942125e-07,0.00284788154802556,0.0183142786752094,0.0376156079581351,0.0577679366432064,0.0775743274310063,0.09654851354988,0.114677332868072,0.131866344805357,0.147951530149495,0.162948336925338,0.177165209167732,0.190500398868607,0.202854403311354,0.214233380904724,0.224831889252724,0.234354417746933,0.242581349868244,0.249513988067154,0.254899963834228,0.258572326173558,0.260321093627331,0.260157069278009,0.258084634279738,0.254100060838475,0.248189566733108,0.240782990386217,0.231861682225268,0.221776544595557,0.210843194573415,0.199343847197818,0.187528850735055,0.175617756669079,0.163799805298727,0.152233705568425,0.141046586893193,0.130332003819397,0.120146883488702,0.110507319818844,0.101383126987986,0.0931042693316073,0.085434077575462,0.0781159976827757,0.0713844808182544,0.0654125169392531,0.0594224685218695,0.0545843613769072,0.0495418131914764,0.0453670200727903,0.0414432994413282,0.0371639301509401,0.0343990005510217,0.0314576937560333,0.028252286295676,0.0254355893038764,0.0236646621636537,0.0217421272577496,0.0196499076046443,0.0173644967685798,0.0148541870340363,0.0139710296498852,0.013163268770896,0.0122882159983427,0.0113390730439472,0.0103073571628255,0.00918215852613749,0.00794894666131339,0.00658755332116608,0.00506853045611461,0.00334596303764153,0.00134139859203155,0.000464702295246847,0.000473446958264401,0.000481085324663331,0.00048762888636646,0.000493097557023512,0.000497517688954766,0.000500920207647687,0.000503338872432142,0.000504808679658868,0.000505364396079391,0.000505039231796699,0.000503863643647965,0.000501864274052837,0.000499063034393671,0.00049547633010202,0.000491114446195888,0.000485981086320723,0.000480073069705556,0.000473380175211416,0.000465885109111671,0.000457563571084074,0.000448384372800163,0.000438309559525242,0.000427294474637552,0.000415287696619364,0.000402230767977105,0.000388057621755458
-7.48813400248753e-07,-4.51016092134962e-07,-1.57119907467323e-07,0.00284151524411519,0.0182759315556034,0.0375623256760145,0.0576858786153403,0.0774690263362244,0.096413879345321,0.114520694687731,0.131665640509339,0.147695723536705,0.162624269599602,0.176791774502786,0.190032781515663,0.202274021242,0.213519602789045,0.224028987867362,0.233381112037377,0.241411848343557,0.248219616901608,0.253364204782166,0.256887827465817,0.25848116201949,0.258154875105211,0.255913257699634,0.25175254317619,0.245743163094729,0.23825999734867,0.229361251907851,0.219312890682228,0.208429869585624,0.196993812832719,0.185254534534132,0.173431091722024,0.161712250352422,0.150256243255315,0.139189697570338,0.128605611770582,0.118560270763251,0.109069000662039,0.100100672014197,0.09174141810288,0.0842430199062263,0.0771017578705935,0.0703071436346491,0.0645250689310257,0.0585154780031077,0.0538428313989749,0.048754636402667,0.044787411735364,0.0408275588719401,0.0366982322395112,0.0339656086486414,0.0309972088338435,0.0277638878059116,0.0251686182673984,0.0233802985636288,0.0214398033998659,0.0193290734163776,0.0170245962247353,0.0146012639344227,0.0138471170201273,0.0130309533780966,0.0121471927737636,0.0111890508079863,0.0101480557309977,0.00901329971807219,0.00777023372493592,0.00639862755440804,0.00486887997196792,0.00313472058185224,0.00111684011205849,0.000464492141142155,0.000473209656087759,0.00048081831299992,0.000487329410592319,0.000492762652626695,0.000497144164625406,0.000500504628639777,0.000502877544467587,0.000504297633659538,0.000504799374842417,0.000504415678073007,0.000503176689569312,0.000501108733990097,0.000498233399477489,0.000494566768183916,0.000490118801576835,0.000484892885524027,0.000478885529813355,0.000472086215835224,0.000464477369728882,0.000456034431430558,0.000446725979724646,0.000436513859267685,0.00042535325134409,0.00041319261845816,0.000399973440663984,0.000385629649229763
-7.48812999745955e-07,-4.51019123105971e-07,-1.57122924607349e-07,0.00283446928007746,0.0182313436403879,0.037499320574537,0.0575851826833939,0.0773384464057695,0.0962460254158857,0.114329171797598,0.131420440651495,0.147384262529634,0.162231736348612,0.176347112162613,0.189478983429037,0.201590678625583,0.212752101334248,0.223100134974241,0.232260872169124,0.240073278949735,0.246749694411213,0.251627702614619,0.254995817248902,0.256426533616113,0.255930419257371,0.253511727086988,0.249166720225154,0.243170241076277,0.235501939054208,0.226636807417753,0.216635917132118,0.205813696191216,0.194451289360243,0.182798067255063,0.171072663922406,0.159463425178773,0.148128146871931,0.137192980348995,0.126750384308708,0.116856009934426,0.107524418227086,0.0987235340661615,0.0903677118276657,0.082965753825744,0.0760135566777144,0.0691755312902115,0.0635735446148994,0.0577669138041412,0.0530479066521674,0.0479121551433256,0.0441657609480119,0.0401681805283238,0.0362609477171127,0.0335007638366832,0.0305040616766621,0.0272417452510343,0.024881779917377,0.0230751759824448,0.0211158874262071,0.0189858925979774,0.0166616952324092,0.0144765024979854,0.0137137840178508,0.0128887405447982,0.0119958129581856,0.0110282394365382,0.0099775690441214,0.00883290683420987,0.00757969691041256,0.00619765923556825,0.00465705090179657,0.0029112546711929,0.000880102831856723,0.00046426376948161,0.000472951798537999,0.000480528192265251,0.000487004039824847,0.000492398819298959,0.000496738411411505,0.000500053236229195,0.000502376514778043,0.000503742674140839,0.000504185883962374,0.000503738732917616,0.000502431035959473,0.000500288780596614,0.000497333213424629,0.000493580073995254,0.000489038986220751,0.000483713004838156,0.00047759832111446,0.000470684114279012,0.000462952529547883,0.00045437875384835,0.000444931145992867,0.00043457137151858,0.00042325448158192,0.00041092886585846,0.000397535998341404,0.00038300988100224
-7.4881316948203e-07,-4.51018056691467e-07,-1.57122011159972e-07,0.00282669455585234,0.0181802058440771,0.0374261561204074,0.0574651486024243,0.0771816788824125,0.0960437836753479,0.114101441501838,0.131129057342559,0.147015013756419,0.16176806714548,0.175828234224935,0.188835323545195,0.200799893956113,0.211877217902211,0.222039439964792,0.23098674694879,0.238679334237349,0.245095528883837,0.249804337382494,0.252885765029668,0.254146103878952,0.25347205967205,0.250867913373754,0.246402832987079,0.240358329035627,0.232656307519753,0.223676312665657,0.213734091767659,0.202983688793421,0.191705871414355,0.18014964808932,0.168533292069804,0.15704477429299,0.145841484528673,0.135049117684893,0.12475960342905,0.115027964219966,0.105867997699963,0.0972466832038292,0.0890771791301809,0.0815979308784621,0.0748475289021055,0.0682145877386776,0.0625546775226254,0.0569642417182775,0.052196871886737,0.0472175114938111,0.0434998623995139,0.0394630576795835,0.0357918151998847,0.0330028061803203,0.029976664032503,0.0266843777699173,0.0245739315192283,0.0227481732853628,0.0207692993457377,0.0186193491237048,0.0162748680912679,0.014342234509514,0.0135704506761196,0.0127360504896049,0.0118335048563867,0.0108560847090898,0.00979537136222233,0.00864049536895351,0.0073769075983982,0.00598429240906216,0.00443277933859432,0.00267541662888892,0.000631183595078257,0.00046401561492822,0.000472671622628856,0.000480212983309,0.0004866505611166,0.000492003589637746,0.000496297687450937,0.000499562992359931,0.000501832425872113,0.000503140099398836,0.000503519851922419,0.000503003929405124,0.00050162179490038,0.000499399077394767,0.000496356662866175,0.00049250993232934,0.000487868156442731,0.000482434048489162,0.000476203473632483,0.000469165307365519,0.000461301418163709,0.000452586751064117,0.000442989465071025,0.000432471076723253,0.000420986548542903,0.000408484252908477,0.000394905729120603,0.000380185138364645
-7.48815051848054e-07,-4.5101740372808e-07,-1.57121099050185e-07,0.00281813690552543,0.0181221643308439,0.0373423268401251,0.0573249464618105,0.0769976409697225,0.0958057597936436,0.113835943890363,0.130789503737243,0.14658547493234,0.16126949374878,0.175231690804519,0.188097573021277,0.19989654679611,0.210884984045572,0.220840267371776,0.229550950702856,0.237117357639328,0.243247515480626,0.247805054364161,0.250546192964075,0.251627856129228,0.25076728952394,0.247972733442492,0.243534817494266,0.237294579919337,0.229642836688214,0.220642965728747,0.21062677310112,0.199928615389237,0.188746982095916,0.177299370457873,0.165832550390094,0.15452586558469,0.143493887854627,0.132837712704646,0.122626620421447,0.11307006916875,0.104094229818428,0.0956651396201075,0.0876947667720161,0.0801353025461152,0.0735998691400333,0.0671853517281691,0.0614652725414161,0.056104673535119,0.0512870740442836,0.0465451870101708,0.0427875463735281,0.0387101584372447,0.0352891339391964,0.0324701007202042,0.0294134817715804,0.0260903922341421,0.0242439259036675,0.022398180597307,0.0203989889917526,0.0182284783313754,0.0158632649916074,0.0141978708020617,0.0134165264063703,0.012572298966223,0.011659699797568,0.0106720443470302,0.00960095930046083,0.00843561509928649,0.00716148486092293,0.00575823362615936,0.00419588001847428,0.0024271539300987,0.000454006624471393,0.000463745980768877,0.000472367216995371,0.00047987054199905,0.000486266577082666,0.000491574293011658,0.000495819025606567,0.000499030609512868,0.000501241646051259,0.000502485907513429,0.000502796880841827,0.000502206446528731,0.00050074369394465,0.000498433873042762,0.000495297490467273,0.000491349551925861,0.000486598962555809,0.000481048084401878,0.000474692453106818,0.000467520641908213,0.000459514252354379,0.000450648005686741,0.000440889888891376,0.000430201309769763,0.000418537196041348,0.000405845972452474,0.000392069331478469,0.000377141702932553
-7.48812461698803e-07,-4.51017668809419e-07,-1.57123362470604e-07,0.00280873675713704,0.0180568182550384,0.0372472550035802,0.0571636112513328,0.0767850687492692,0.0955484137215866,0.113530872007139,0.130399481873382,0.146092760019702,0.16072565960774,0.17455355150558,0.187260934036802,0.198874854444364,0.209769141367132,0.219495213669964,0.227944841786037,0.235378145437876,0.241195125028527,0.245593454679167,0.248164788787092,0.248924572281376,0.247883459735759,0.245046233536148,0.240410577326605,0.234044164765792,0.226376518873207,0.217451941707945,0.207523519554455,0.196887641280198,0.18580705114512,0.174512058189991,0.163201228409218,0.152041446436565,0.141167231142452,0.130679186763284,0.120641468083607,0.111078131664214,0.102197754297364,0.093974046806044,0.0862160959289607,0.0787714909452359,0.0722668912146738,0.0660845329587327,0.0603022595934389,0.0551854768667521,0.0503159672505257,0.0458257936947944,0.0420267126068628,0.0379075650673853,0.0347512244699489,0.0319010625868691,0.0288130641072246,0.0256174883964669,0.0238906247565132,0.0220241152367735,0.020003954697969,0.0178123883142993,0.0154261359285274,0.0140428106308565,0.0132514150868045,0.0123969035715802,0.0114738397589388,0.0104755970170756,0.00939386221469712,0.0082178617883037,0.00693310832369002,0.00551926568485782,0.00394626052457877,0.00216652432403785,0.000453748126324373,0.000463453026972576,0.000472036510444414,0.000479498545109962,0.000485849491816255,0.000491108037428972,0.000495299214235826,0.000498452532577477,0.000500600249730657,0.000501775776636235,0.000502012223944736,0.000501341084627569,0.000499791051672682,0.000497386975744998,0.000494148966403268,0.000490091638605873,0.000485223520373095,0.000479546617087655,0.000473056134486002,0.000465740350623235,0.000457580615936615,0.00044855145356304,0.000438620717319281,0.000427749757531546,0.000415893535549713,0.000403000614959532,0.000389012949360291,0.000373865368180073
-7.4881166580027e-07,-4.51017168947784e-07,-1.57122822373547e-07,0.00279842872361639,0.0179837170467921,0.0371402868592216,0.0569800365767843,0.0765425091176741,0.0952811318907576,0.113184160841931,0.129956369020697,0.145533582747509,0.160111827276736,0.173789385299049,0.186320017215235,0.197841911699632,0.208522731579826,0.21799608427201,0.226306683264029,0.233451622297876,0.239006374974968,0.24315754443317,0.245553064957325,0.246128916680737,0.244895879125411,0.241858988459208,0.237016327208953,0.23071867636455,0.222847252036149,0.214007726587737,0.204179726959698,0.193656512228594,0.182700694973636,0.171542399885394,0.160379947920457,0.14937990886059,0.138676406295978,0.12836955550664,0.118522910481151,0.109159788181255,0.100258315214121,0.0921687570732891,0.084636950364627,0.077424138424327,0.0708450972231915,0.0649089584761573,0.0590627555681376,0.0542040200542154,0.0492811646739224,0.045057166150442,0.0412153696081282,0.0370535187681308,0.0341764536311014,0.031294186213863,0.0281740769069894,0.0252610448362505,0.023512914476727,0.0216249403686063,0.0195832647262591,0.0173702839619558,0.0149628569930412,0.0138764466900132,0.0130745213079303,0.012209291323873,0.0112753863441869,0.0102662527210679,0.00917365395415842,0.00798689014614366,0.00669153206466079,0.00526726205234969,0.00368393566840312,0.00189370946118153,0.000453467270416356,0.000463134759986573,0.000471677259198137,0.000479094477820628,0.000485396494961563,0.000490601694077312,0.000494734781491554,0.000497824919338208,0.000499903997514035,0.000501005041433955,0.000501160761254445,0.00050040223933205,0.000498757749967449,0.000496251725573152,0.00049290386045894,0.000488728365821595,0.000483733384390261,0.000477920561723807,0.000471284778138961,0.00046381403066791,0.000455489442109469,0.000446285373403029,0.000436169594535572,0.000425103465231435,0.000413042064766892,0.000399934201973836,0.000385722221512866,0.00037034151010706
-7.4881532127328e-07,-4.51019445623307e-07,-1.57120803723624e-07,0.00278714114438032,0.0179023575613124,0.0370206884978251,0.0567729677206688,0.0762683107425254,0.0949800902369876,0.1127934750369,0.129457202583905,0.144904238528688,0.159423966331737,0.172934238902496,0.185268817689391,0.196700216587797,0.207138072646946,0.216333871477215,0.224514431020781,0.2313268301288,0.236725099706698,0.240484437537109,0.242694896285316,0.243077370244813,0.241642866325946,0.238396802552086,0.233518177285681,0.227122396737211,0.219344754112768,0.210356300524159,0.200583694335962,0.190186565877296,0.179368941990539,0.168360799952885,0.157360236405476,0.146533514734292,0.136014363791405,0.125902407165317,0.11626059676392,0.107111514597855,0.0984323808106011,0.0902449299306018,0.0829533605784521,0.0759865455386211,0.0693312564658902,0.063655634710242,0.0577576815776706,0.0531578241088524,0.0481804973314734,0.0442372426982061,0.0403516795907926,0.0362627987146261,0.0335632637622885,0.0306480787516679,0.0274953400435637,0.0248798731034852,0.0231097247915557,0.0211996864651416,0.0191360814451552,0.0169014935034525,0.0144729586814837,0.0136981712934421,0.0128852579025771,0.0120089076125628,0.0110638311816031,0.0100435646017042,0.00893996592886618,0.00774242790370383,0.00643659929201115,0.00500220159198465,0.00340904153941478,0.00160902738594144,0.000453162144777,0.000462789019803385,0.000471287033181132,0.000478655615942308,0.000484904545681746,0.000490051879395705,0.000494121973253241,0.00049714361811235,0.000499148311208073,0.000500168667759153,0.000500236973228471,0.000499383874961499,0.00049763720819347,0.000495020966840845,0.000491554414627448,0.000487251348412494,0.000482119520102759,0.000476160217720486,0.000469368007711673,0.000461730626196654,0.000453229002019482,0.000443837381395635,0.000433523514446614,0.000422248852761046,0.000409968698244702,0.000396632233387857,0.00038218235028547,0.000366555178920529
-7.48811652045382e-07,-4.51015027637059e-07,-1.57119469453924e-07,0.00277479562815285,0.0178121807810597,0.0368876410879727,0.0565409937843624,0.0759606139387959,0.0946432567166664,0.112356195292709,0.128898663609869,0.144200584838912,0.158657591103568,0.171982613778585,0.184100690166567,0.195435593474078,0.205606735155251,0.214553885746875,0.222541369921735,0.228991922387567,0.234224807327078,0.237727990202406,0.23957614631132,0.239755499376265,0.238109796501625,0.234787155130634,0.229855878123836,0.223252788528023,0.21557171677136,0.206702534474865,0.196948299298638,0.186587624355013,0.175864827621441,0.164990849497999,0.154143609918495,0.143494938174402,0.133174471928461,0.123271738202808,0.113849084049908,0.104928363817772,0.0964859130464386,0.08844596747716,0.0811616995364543,0.0744553486625429,0.0678468133184134,0.062321818148796,0.0567004392706216,0.0520446218247272,0.0470120796378095,0.0433641104656996,0.03943400896445,0.0356435673342586,0.0329102062237029,0.0299614976865899,0.0267758685107797,0.0244728711480169,0.0226800502634981,0.0207474756294956,0.0186616881402974,0.0164054972470549,0.0142725717004706,0.0135073838545035,0.0126830548662753,0.0117952266036802,0.0108387077787332,0.00980714211991873,0.00869250137222952,0.0074842907738321,0.00616825745707874,0.00472418310752669,0.00312184860518508,0.00131294317610205,0.000452830678471746,0.000462413467296679,0.000470863201577965,0.000478179013216652,0.000484370354975873,0.000489454934529198,0.000493456733729561,0.000496404146368833,0.000498328252027824,0.000499261229631036,0.000499234915376364,0.000498279498379582,0.000496422353968218,0.000493687019088804,0.000490092314367601,0.000485651614210145,0.00048037227936833,0.00047425524842887,0.000467294791676468,0.000459478415364823,0.000450786898838692,0.000441194435224143,0.000430668835201972,0.000419171744399272,0.000406658813963973,0.000393079754982475,0.000378378191713593,0.000362491216516431
-7.48812242245689e-07,-4.51017637694946e-07,-1.57121570010776e-07,0.00276130651244077,0.0177125682755575,0.0367402357668678,0.0563022063846954,0.0756438104075638,0.0942683665738835,0.111869403548081,0.128277058723733,0.143423974454014,0.157807738936785,0.170928441936643,0.1828934588594,0.194040249269288,0.20391951971892,0.212739261104945,0.220376283425456,0.226609694755311,0.231492301443159,0.234812181213353,0.23641443009811,0.236315545509137,0.234527388890897,0.231056575790368,0.225903710322473,0.219415164722012,0.211515279685989,0.202780144516487,0.193171470108841,0.182967971280938,0.172413956290032,0.161720246142226,0.151064532724184,0.140591061910674,0.130409520961546,0.120592997488532,0.111283454428919,0.102605862179394,0.0944148122807724,0.0866334896881921,0.0792587897372254,0.0728275324741817,0.0664982509361498,0.0609050945039642,0.055575095853818,0.0508624239170013,0.0461223217985668,0.0424360562405841,0.0384609840659531,0.0349838619089914,0.0322159792635537,0.0292333924112605,0.0260149167846012,0.0240389993627112,0.0222229747337012,0.0202675486590442,0.0181595181710683,0.0158819580015617,0.0140804080515221,0.0133034997678666,0.0124673697601314,0.0115677631383059,0.0105996048079226,0.00955666550334744,0.00843105057753475,0.00721239794755671,0.00588657331254421,0.0044334390991821,0.00282277315023545,0.00100607694791772,0.000452470628273753,0.000462005569836746,0.000470402917590136,0.000477661481520827,0.000483790366756057,0.000488806907098893,0.000492734684340552,0.000495601668850368,0.000497438495866543,0.00049827688294275,0.000498148191922832,0.000497082131084267,0.000495105595144575,0.000492241650141905,0.000488508661901847,0.000483919579557105,0.000478481377462738,0.000472194660310149,0.000465053429337834,0.000457045003078561,0.000448150069982946,0.000438342847673609,0.000427591307112732,0.000415857412795128,0.00040309731801968,0.000389261445768533,0.000374294370650326,0.000358134401402129
-7.48814710422689e-07,-4.51018044869941e-07,-1.57120705147633e-07,0.00274658029598275,0.0176095347708104,0.0365774680149947,0.0560723268846781,0.0753305733454986,0.0938529092595482,0.11132986675096,0.127588300726971,0.142676190393885,0.156868947248389,0.16976506080796,0.181636968152928,0.192505687464555,0.202066436145189,0.210750592055951,0.218007108053944,0.224076941437318,0.22851356238986,0.231640189525253,0.233040640492895,0.232731765729379,0.230725974825894,0.227030652835434,0.221848683363776,0.215288854028079,0.207510208764029,0.198645851570637,0.189130130431097,0.179099398755472,0.168729686687274,0.158231702865791,0.147782907476909,0.137527201062555,0.127573815689929,0.117995272905923,0.108824248822235,0.100140150911526,0.0922155129448876,0.0847077653567282,0.0774778588385713,0.0711005291176156,0.0650653418478218,0.0594034657779931,0.0543795632573587,0.0496095916701078,0.0451843077053713,0.0414516228144875,0.037431551468195,0.0342823242520101,0.0314794700276651,0.028462949295298,0.0252884817309912,0.0235773051403606,0.0217376986278737,0.0197592946095537,0.0176291860028436,0.0153307524564069,0.0138750028660239,0.0130859608041275,0.0122376996464901,0.0113260861174549,0.0103461807291319,0.00929190125163483,0.00815550678256997,0.00692678767219115,0.00559174732855472,0.004130348018899,0.00251238627161435,0.000689208437070232,0.000452079565461665,0.000461562587016915,0.000469903101713031,0.000477099575077107,0.000483160739906887,0.000488103529323077,0.000491951099349681,0.000494730970908859,0.000496473306788852,0.000497209337468934,0.000496969926453938,0.00049578427952429,0.000493678792845091,0.00049067604788638,0.000486793950250877,0.000482045025236098,0.000476435873449661,0.000469966788789218,0.000462631543228129,0.000454417322751833,0.000445304799206667,0.00043526831214326,0.00042427611512296,0.000412290642069518,0.000399268730326762,0.000385161731541347,0.000369915423888898,0.000353469625602148
-7.48813309705044e-07,-4.51017037194601e-07,-1.571228843304e-07,0.00273051499562358,0.0175241317591295,0.0363982313693789,0.0558188224415757,0.0749848217656312,0.0933941142101398,0.110734019447262,0.126827887774729,0.141852232474424,0.155835229481983,0.168485187408341,0.180257402670013,0.190822685179754,0.200214545318232,0.208576573145021,0.215514979699931,0.221317519978837,0.225566217129319,0.228196959336564,0.229385444339919,0.228856594969115,0.226623550358951,0.222881971446572,0.217650775065839,0.210942520626009,0.203238829014022,0.194541732944985,0.185066525165719,0.175073855245618,0.164804106507557,0.154518187707318,0.144292492553053,0.134270560982653,0.12456115872424,0.115236241275846,0.106327815101766,0.0978234805255892,0.0898851207236346,0.0826660170924697,0.0757306557329743,0.0692723260176021,0.0635459645122732,0.0578154440797432,0.0531120996567945,0.0482849151121384,0.0441889363996569,0.0404096702068403,0.0363450417585677,0.0335377821509246,0.0306998002868222,0.0276496394444798,0.0248224786693539,0.0230869503899516,0.0212235689024258,0.0192222824061286,0.017070519399931,0.0147520025280321,0.0136557829022342,0.0128542470698639,0.0119935945589972,0.0110698332853416,0.0100781795554518,0.00901271839459264,0.00786588224731592,0.00662763231351291,0.00528412675460524,0.00381544423946531,0.00219141962663725,0.000441094581475158,0.000451654861873822,0.0004610815539721,0.000469360424570288,0.000476489569833714,0.0004824773245478,0.000487340195180769,0.000491100884327446,0.00049378643473038,0.000495426511475303,0.000496051831698509,0.000495692736549176,0.000494377909574503,0.000492133233171083,0.00048898079494529,0.000484938039337567,0.000480017076591472,0.000474224153524644,0.000467559289730582,0.000460016078977938,0.000451581646000468,0.000442236740654801,0.000431955943552252,0.000420707939462481,0.00040845581130615,0.000395157295757793,0.000380764925544209,0.000365225975406293,0.000348482106182922
-7.48814057067079e-07,-4.51017986332033e-07,-1.57121253574824e-07,0.00271299951252682,0.0174306129274627,0.0362013107525645,0.0555399845226229,0.0746042413255786,0.0928889356142484,0.110077945026644,0.125990881225514,0.140946803444873,0.154700050211599,0.16713148676849,0.178746356634866,0.188981272083427,0.198239995126537,0.20620509338586,0.212981620848437,0.218317306133884,0.222373918021744,0.22480129863588,0.225622416051661,0.224855781084489,0.222515379309293,0.218610487509252,0.213145329005638,0.206601261561704,0.198758409021996,0.190157968715087,0.180877949221749,0.171091367341178,0.161023672656548,0.150865587997184,0.140773146919853,0.130866995564758,0.121367510042775,0.112312289455298,0.103682257201799,0.0954642730326767,0.0875945494702296,0.0805061569718215,0.0738803382413869,0.067341580543814,0.0619385039150282,0.0563165170504866,0.051771388931759,0.0468876951688667,0.043134985270621,0.0393094407334084,0.0354274732238939,0.0327492957062429,0.0298763751300062,0.0267932680097305,0.0243273817402703,0.0225672418350278,0.0206801112004944,0.0186562938200627,0.0164835918211301,0.0141809165863508,0.0134222120803189,0.0126078905456543,0.0117346724314849,0.0107987272360846,0.0097954474628447,0.00871910505344122,0.00756232394649695,0.00631525219768667,0.00496421652411911,0.00348942490706062,0.00186076716390393,0.000440689112759239,0.000451193674164294,0.000460559265255004,0.000468771288107334,0.000475827444373389,0.000481735643633229,0.000486511938185865,0.000490178549576827,0.000492762013992377,0.000494291472585016,0.000494797103624698,0.000494308704138509,0.000492854417917954,0.000490459601393671,0.000487145844326804,0.000482930135274937,0.000477824186545739,0.000471833922933415,0.000464959137600016,0.000457193313558445,0.000448523605507769,0.000438930957616873,0.000428390336978315,0.000416871036602002,0.000404337002751521,0.000390747122441573,0.000376055401948192,0.000360210946030316,0.000343157634131519
-7.48812165708214e-07,-4.51017160456037e-07,-1.57120275855905e-07,0.00269391286129219,0.017328340918114,0.0359853751132844,0.0552339403076161,0.0741862949755254,0.0923340358839534,0.109357355780774,0.125071882347507,0.139954127414324,0.153456299705589,0.165791699068513,0.177094742413848,0.187030611372006,0.196087451343689,0.203639904304691,0.210227993490687,0.215256632619759,0.218915552515315,0.221131911629968,0.221733988106424,0.220741026984445,0.218168009388035,0.214025500621467,0.208681979780078,0.201957437619852,0.194306144886423,0.185682823096658,0.176418474502013,0.1668558362549,0.157022730643081,0.14710973213086,0.137272589457217,0.127631546536428,0.118269780438336,0.109230775936283,0.100885209965029,0.0929692538919277,0.0854084093501314,0.0782269223063177,0.0719254160227407,0.0657030023121945,0.0602419524141598,0.0549605426138473,0.0503566245666241,0.0456333430133331,0.0420216122656052,0.0381506263923818,0.0346306901303968,0.0319162068966318,0.0290089335067226,0.0258940235070897,0.0238024590381899,0.0220176636807235,0.0201070635699385,0.01806135686511,0.0158687537892567,0.0139456942484459,0.0131738050720579,0.012346490146005,0.0114606353287643,0.0105125923610744,0.00949794981657871,0.00841118473625966,0.00724512815996738,0.00599012741807013,0.00463268715737873,0.003153152868987,0.00152148216763175,0.000440248808455769,0.000450692928118969,0.000459992256877617,0.000468131806927913,0.000475108858519747,0.000480930868245285,0.000485613406846792,0.000489178184898473,0.000491651206549232,0.00049306106042271,0.000493437363359975,0.000492809348828573,0.000491204605276523,0.000488647957126818,0.000485160497564721,0.000480758773190134,0.000475454125482152,0.00046925220154598,0.000462152631952171,0.000454148876404108,0.000445228231574805,0.000435371978307747,0.00042455564537248,0.000412749345811109,0.000399918138613205,0.000386022353177773,0.000371017803492938,0.000354855801471256,0.000337482862676966
-7.48812285057081e-07,-4.51016572927142e-07,-1.57122729804217e-07,0.00267312339475702,0.0172166204522808,0.0357489695563689,0.0548986420081515,0.0737282088689857,0.0917257682121215,0.108567571817291,0.124195985160486,0.138867925718344,0.152096268343471,0.164328606658514,0.175292769429026,0.185098444004585,0.193744921619779,0.201137501814597,0.20724002867093,0.212077806474993,0.215367107200065,0.217170516584,0.217543646944046,0.216315060381084,0.213579287125523,0.209488468680652,0.203961206742014,0.197282903215812,0.189559242338514,0.181155995155516,0.172069705316959,0.162542481753958,0.15278125646539,0.143131428758682,0.133567238186271,0.124208517220991,0.11513794661261,0.106398442433606,0.0979892149926089,0.0903371320386586,0.0831004901980684,0.0761008998771826,0.0698651879690499,0.0639861661263113,0.0584560135459129,0.0535290751710257,0.0488675958612157,0.0445075541067366,0.0408484248684755,0.0369334364998607,0.033788501710953,0.0310381912794664,0.0280975990914842,0.024952525164273,0.0232471548375474,0.0214379120155614,0.019504410809423,0.0174377783971451,0.0152266617466935,0.0136954574165128,0.0129101424677247,0.0120697281471849,0.0111712866997006,0.0102113723055765,0.0091857880375787,0.00808923164922429,0.00691475314491628,0.00565290673425677,0.0042903788068476,0.00280765495722002,0.00117476913354687,0.00043977073244095,0.000450149301284046,0.000459376787592102,0.000467437787096174,0.000474329131123161,0.000480057795776448,0.000484638839277842,0.000488093435676067,0.000490447027102415,0.00049172762656524,0.0004919642669651,0.000491185601121586,0.000489418652981996,0.000486687712788094,0.00048301338749364,0.000478411804981835,0.000472893976398204,0.000466465330737596,0.000459125418020795,0.000450867783680476,0.000441680005325329,0.000431543872332005,0.000420435684002892,0.00040832662190336,0.000395183148620133,0.000380967370644372,0.000365637287703072,0.00034914683949822,0.000331445635002734
-7.48812981470896e-07,-4.51017805716924e-07,-1.57124028716172e-07,0.00265048795082958,0.0170946941043198,0.0354905068116185,0.0545318552738091,0.0732269574837552,0.0910601579215284,0.107703498916358,0.123262409526373,0.137681392345789,0.150614818575082,0.162733404259246,0.173329926084719,0.18299651035835,0.191199651832012,0.198422332078405,0.204118935909781,0.208639313904823,0.211718662226804,0.213272341539066,0.213326667198285,0.211903331979115,0.209019719807,0.204689100866293,0.199102511965623,0.192461241347646,0.184823471454632,0.176345728043827,0.167508824207526,0.158240715450449,0.148747123301678,0.13919759632681,0.12972520992906,0.120596077623969,0.111833742421981,0.103410239554886,0.0953242185468356,0.0875677502955271,0.0806703307921189,0.0740155069796092,0.0676998652187526,0.0621780837160688,0.0565812054134116,0.0520218014189996,0.0473047736004172,0.0433207818093986,0.0396155497520906,0.0356586629301533,0.0329005222689495,0.0301153103328574,0.027142929536629,0.0243787512943135,0.0226611246399767,0.0208279300610558,0.0188724182419323,0.0167861744221063,0.0145583026942953,0.0134297689781219,0.0126308873809751,0.0117773877255473,0.0108665492476516,0.00989514738816855,0.00885921560706327,0.00775368419711372,0.00657182898842864,0.00530441267227051,0.00393830067023756,0.00245411507028005,0.000821970243979825,0.000439251711277988,0.000449559205070835,0.000458708819044316,0.00046668470509059,0.000473483217530753,0.000479110822304966,0.000483582038595145,0.000486917472716205,0.000489141981152265,0.000490282976479228,0.000490368888785718,0.000489427778288061,0.000487486099537928,0.000484567614898699,0.000480692465587485,0.000475876395326893,0.000470130140347731,0.000463458989750011,0.000455862517802039,0.000447334489620562,0.000437862932640602,0.000427430350945965,0.000416014060440605,0.000403586601011173,0.000390116173918543,0.000375567041907691,0.000359899813874111,0.000343071518793111,0.000325035352641367
-7.48813624687557e-07,-4.51016222874458e-07,-1.57121589730419e-07,0.00262585089182269,0.0169617377320612,0.0352082581675643,0.0541311468691075,0.0726792476815576,0.0903328829681804,0.106759605497692,0.122243556269106,0.136387169268285,0.14922184451176,0.160996629909523,0.171353132817275,0.180713096897922,0.188671176083294,0.195480539966706,0.200987946330075,0.205008300993018,0.207784691004994,0.209110459730123,0.208930260775117,0.207267036639181,0.204139747403871,0.199770709907705,0.194205235481294,0.187441107096327,0.179940345050719,0.17168010352823,0.162810349931501,0.153689897552843,0.144484347696292,0.135231783781773,0.126064966284569,0.117078959875047,0.108357031633795,0.100266002576068,0.0925190687031534,0.0850649756343704,0.0781185797926595,0.0718227689999422,0.0655773255017362,0.0602791544846611,0.0549091446622281,0.0504390928919562,0.0456693916089786,0.0420730726627323,0.0383237004732264,0.0346120109493587,0.031966752942138,0.0291480625093557,0.0261459617329689,0.0237869234360563,0.0220442712641795,0.0201879430597576,0.0182116634143455,0.0161074963912551,0.0139089440529074,0.013148273414976,0.0123358032423969,0.0114693712096586,0.010546482864802,0.0095641512593258,0.00851865236033112,0.00740515574823021,0.00621716371171835,0.00494564199827034,0.0035776251556659,0.00209386174600281,0.000464546522931258,0.00043868831758498,0.00044891876601758,0.000457983995458772,0.000465867685896158,0.000472565685496512,0.000478083922319658,0.0004824363457634,0.000485642969067246,0.000487728037248323,0.000488718342305307,0.000488641697086915,0.000487525560615673,0.000485395822096489,0.000482275731526386,0.000478184994709874,0.000473139022966598,0.000467148350476622,0.000460218226205079,0.00045234837859772,0.000443532957407465,0.000433760641810867,0.000423014894516161,0.000411274336882937,0.000398513201401714,0.000384701808447724,0.000369807003330807,0.000353792470497672,0.000336618827703393,0.000318243378667497
-7.4881246367931e-07,-4.51014755167031e-07,-1.57123473872554e-07,0.00259904316438607,0.0168168555737388,0.0349003436876935,0.0536938715812931,0.072081501972002,0.0895392534008445,0.105779111563869,0.121133039790487,0.134977322141729,0.147705911233573,0.159108147174838,0.169329345689666,0.178235770923955,0.186026627099172,0.192318556776149,0.197605163747446,0.20141709199669,0.203774764609716,0.204713292203869,0.204262221602141,0.202446192067335,0.199285520754268,0.194796677355644,0.189020648322718,0.182484988425333,0.174900291827365,0.166779235900735,0.158195308745407,0.149233034721232,0.140077409281477,0.131053941703947,0.122211029661826,0.113556375791101,0.105144801087803,0.0969878067250163,0.0895747330099506,0.0824808538344646,0.0755761838279295,0.0695237980204381,0.0636556144367332,0.0582906990546107,0.0533077054223198,0.0487820907220495,0.0443276457588073,0.0407650639376336,0.0369742400098536,0.0336681004701227,0.0309876344678099,0.028137430621572,0.0251082503868559,0.0231637122498497,0.0213967807828414,0.0195184913026582,0.0175230639805393,0.0154030515790219,0.0136254778454206,0.0128507148201797,0.0120247724019039,0.0111457184994714,0.010211301918839,0.00921878595931352,0.00816469613072557,0.00704444170556726,0.005851744749927,0.0045777608816824,0.00320967640564343,0.00172835022924832,0.00042678774669378,0.000438076851138198,0.000448223805484212,0.000457197621815887,0.000464981479499321,0.000471570692214597,0.000476970618928541,0.000481194614128762,0.000484262071517259,0.000486196601593251,0.0004870243596492,0.000486772530774132,0.000485467973796882,0.000483136022729557,0.000479799443394817,0.000475477551917348,0.000470185495590701,0.000463933701325308,0.000456727502606701,0.000448566942209659,0.000439446752952025,0.00042935650688558,0.000418280911599183,0.000406200227485451,0.000393090761576241,0.000378925382301207,0.000363673988337159,0.000347303845876706,0.000329779691258272,0.000311063472879019
-7.48814252401366e-07,-4.51017244846156e-07,-1.57123530962647e-07,0.00256988116356101,0.0166590750150929,0.0345647218719574,0.0532171583547155,0.0714298408946328,0.0886741902210273,0.1048438080468,0.119923972220288,0.133443317031607,0.14605802235132,0.157057131306893,0.167133738523479,0.175641875732704,0.183164615439381,0.189269858296237,0.193955424545346,0.197548481051021,0.199679723327178,0.200385242720284,0.199695850717061,0.197637768818573,0.194233244926046,0.189566239545859,0.183991189082265,0.177227872395347,0.16992881731023,0.161841051795056,0.153324026762858,0.144676529786312,0.135843426707232,0.126971862434943,0.118170478317266,0.109858984245285,0.101802515382832,0.0940065080784934,0.0864936377571309,0.0797742847804207,0.0732490382052917,0.0671208614082349,0.0616423821444144,0.0562150526478891,0.0516303184397968,0.0470527825354638,0.0430045123914047,0.0393980489297286,0.0355692344476825,0.0326779078177907,0.0299640965971667,0.0270849228155519,0.0241949550936898,0.0225092651235467,0.0207191568327525,0.0188204595473977,0.0168078998218431,0.0146745156078702,0.0133257316226695,0.0125369558244916,0.0116978150043208,0.010806624951702,0.00986139104379114,0.00885963441253998,0.00779813075281418,0.00667252195237234,0.00547673505911549,0.00420209428224896,0.00283591311121922,0.0013591393887268,0.000426206626752678,0.000437413320217226,0.000447469819274789,0.000456344641707339,0.000464020437417008,0.000470491955819083,0.000475763960830596,0.000479849183124466,0.000482766374338868,0.000484538492605072,0.00048519104311806,0.000484750580831147,0.00048324337194448,0.000480694219429822,0.00047712544516226,0.000472556039692239,0.000467000975063161,0.00046047069107611,0.000452970760582229,0.000444501734715,0.000435059166062825,0.000424633803594325,0.000413211932189226,0.000400775834056392,0.000387304321715339,0.000372773287386162,0.000357156196528825,0.000340424436217697,0.000322547410277724,0.000303492248308529
-7.48813354866205e-07,-4.51017152360847e-07,-1.57122300612279e-07,0.00253816560095435,0.0164873409895401,0.0341991786945014,0.0526978956724585,0.070720064671801,0.0877322035055257,0.103826014274373,0.11860894053625,0.13197626396358,0.144268556034068,0.155068228608389,0.164754353516219,0.17309907701702,0.180071040387657,0.185978904107195,0.19043119851333,0.193481109285736,0.195282512640238,0.195746443850412,0.194811356423945,0.192505365060314,0.189074948719656,0.184462819407133,0.178654792996336,0.172144544773537,0.164674298213894,0.156901447593685,0.148588256285428,0.139936906944837,0.131393994776161,0.122871472782967,0.114425467592874,0.10612415430622,0.0983049311119214,0.0908853579412519,0.0836938471916739,0.0769484103319759,0.0708155324997214,0.0647022134543279,0.0595398663294208,0.0542381580754136,0.0498788895489395,0.0452540666056159,0.041621042561061,0.0379740337742196,0.0342325535509908,0.0316423098947603,0.0288976013967942,0.0259926041195675,0.0235341430494793,0.0218240491385173,0.0200122514934147,0.0180951008149654,0.0160678273895774,0.0139239352602646,0.013009548440675,0.0122069968920228,0.0113551074429825,0.0104524578749467,0.00949731845594802,0.00848746933394149,0.00741992944474366,0.00629055786389401,0.0050934633135912,0.0038201094198807,0.0024579058993905,0.000987864203863711,0.000425576016791069,0.000436693421861532,0.000446651956410026,0.000455419614672049,0.000462978488584603,0.000469322735078702,0.000474456494938452,0.000478391852640672,0.000481146896270091,0.000482743918004027,0.000483207767302027,0.000482564373519979,0.000480839430012466,0.000478057245223554,0.000474239755562161,0.000469405709662604,0.000463570019253673,0.000456743285157087,0.000448931509425288,0.00044013598383577,0.000430353361545675,0.000419575898800907,0.000407791840503041,0.000394985923734008,0.000381139947094106,0.000366233347014117,0.000350243704725512,0.00033314708968145,0.000314918125148512,0.000295529637521736
-7.48815438437477e-07,-4.51016696925011e-07,-1.57123585241557e-07,0.00250368025612674,0.0163005100343389,0.0338013159951211,0.0521327163278248,0.0699476342349288,0.0867581326100373,0.102719418453231,0.117179984628431,0.130438902881925,0.142327251623168,0.152987342633932,0.162178568420021,0.170349536911,0.17701829916989,0.182430978095289,0.186666742852542,0.189492488222924,0.190954874104758,0.191094116945533,0.189944859907605,0.187537028275144,0.183896626731318,0.179046432068528,0.173435691270956,0.166814130686958,0.159641218453234,0.151749760534311,0.143730362690407,0.135428672416924,0.126958110794368,0.118577732278045,0.110504953299823,0.102581895124956,0.0948334047879311,0.0876282510356274,0.08083198799732,0.0741744738393788,0.0682790897443661,0.0625744939037662,0.0573514138780818,0.0524660455644773,0.0480562486462374,0.0436615424692747,0.0401791819704353,0.036495781648507,0.0331858111179954,0.0305627222647348,0.0277901773234515,0.0248631154716055,0.0228419596793988,0.021108883373673,0.019277290735975,0.0173440525207581,0.0153048843173407,0.013445707834365,0.0126769090220367,0.011860995307787,0.0109969995244014,0.0100837706384911,0.00911984574077861,0.00810325752474232,0.00703125270151344,0.00589988328474172,0.00470340797922598,0.00343339354139782,0.00207730996644279,0.000616204885015419,0.000424891824423593,0.000435912521314277,0.000445764996494805,0.00045441669253348,0.000461849114695658,0.000468055800341227,0.000473040243044128,0.000476813858432909,0.00047939405668388,0.000480802455160222,0.000481063249932468,0.000480201760927555,0.000478243140567795,0.000475211256464788,0.000471127738305291,0.000466011201053023,0.000459876639320004,0.00045273499913431,0.000444592938414883,0.00043545276626835,0.000425312564545658,0.000414166478776742,0.000402005148502862,0.000388816250282254,0.000374585096138282,0.000359295226352378,0.000342928912758646,0.000325467475474471,0.000306891291339952,0.000287179351510828
-7.48811456890388e-07,-4.5101608484719e-07,-1.57123194762834e-07,0.00246619063578164,0.0160973440015875,0.0333685393186125,0.0515179814603391,0.0691076517717203,0.0858477257722704,0.101517237495053,0.115628576967608,0.128771110771109,0.140223201283903,0.150734180208762,0.159643536505313,0.167379712049794,0.173854862425273,0.178893599577322,0.182620063367351,0.185212124762618,0.186435141859548,0.18633090272723,0.184935958110176,0.182282500390893,0.178499747571714,0.17380464830684,0.168029503954585,0.161557103169099,0.154367161631088,0.14682740156768,0.138795455069271,0.130703446302069,0.122608186806874,0.114472502767248,0.10641397418069,0.0988854099652759,0.091535272740856,0.0843406402985783,0.0778525977395989,0.0716069364562211,0.0656444903634589,0.0603587526843633,0.0550815430615283,0.0506209928583126,0.0461662001666023,0.0422030900709977,0.0386816456126882,0.03496684010084,0.0320940939556769,0.0294411357084202,0.0266444408942597,0.0237804344247425,0.0221191902760409,0.0203649659503951,0.0185158922839645,0.0165693428514456,0.0145214826134594,0.0131107242413006,0.0123279512444626,0.0114992829918554,0.0106240293566606,0.00970131332680348,0.00872993305000074,0.00770815863670201,0.00663344003396963,0.0055019891781784,0.0043081754113554,0.00304362660343788,0.00169583398004441,0.000412104382443479,0.00042414964189921,0.000435065630395291,0.000444803327470469,0.000453329595615638,0.000460625325764723,0.000466683410996008,0.000471506675730437,0.000475105849836043,0.00047749765489512,0.000478703033377465,0.000478745541439484,0.000477649917243313,0.000475440821333426,0.000472141753281296,0.000467774138889221,0.000462356597435992,0.000455904382569807,0.000448429008574626,0.000439938060193916,0.000430435188883112,0.000419920285127432,0.000408389819341961,0.00039583731394004,0.000382253919369417,0.000367629031065509,0.000351950881542557,0.000335207018639987,0.000317384567791295,0.000298470150191136,0.000278449311129504
-7.48811333405178e-07,-4.51017514828203e-07,-1.57122918566899e-07,0.00242560903547545,0.015879949637197,0.0330768341597722,0.0509596803942574,0.0684024981179161,0.0849059885209356,0.100009277714583,0.113291342979644,0.124879255711987,0.134900205854639,0.143469248336289,0.150690106122544,0.156655896331575,0.161449796436019,0.165145668599399,0.16780866025717,0.169495798551243,0.170256593921757,0.170133664975934,0.169163391949245,0.167376600138319,0.164799267885476,0.16145324640493,0.157356971253912,0.152526137949445,0.146974307126169,0.140713397674929,0.133754019107712,0.126105586450867,0.118180668566774,0.110335267554675,0.102665896633489,0.0952453207364407,0.0881281576837843,0.0813540998093932,0.0749531011731856,0.0689392987017335,0.063309400471733,0.0580712905458276,0.053206332556134,0.0487077003593591,0.0445517523123986,0.0407278525625757,0.0372075426417152,0.0339826023991315,0.0310189030772402,0.0283114555323889,0.0258304496054987,0.023559093198902,0.0214769946050564,0.0195940128595533,0.0178520340652331,0.0162816415837992,0.0148453358273255,0.0135316327354053,0.0123332303026948,0.0112395915411403,0.0102361321127777,0.0093076644233465,0.00850364828941859,0.00774618578222172,0.0070441574326819,0.00643482167374392,0.00584280682716291,0.00533493745770214,0.00486368179163241,0.00438082423631925,0.00403807101377323,0.00367767986288465,0.00329929955828752,0.00301823149365373,0.00278298343281245,0.00253561927681613,0.00227590078313394,0.00200345045338919,0.00182805393159939,0.00170970734638638,0.00158487223062019,0.00145348075766833,0.00131543028644917,0.0011705589409355,0.0010186107774569,0.000859186769050151,0.000691675591207032,0.000515153964319403,0.000434949886799052,0.000425066606967744,0.000414160582428704,0.000402231099123217,0.00038927510322248,0.000375287798999925,0.000360263267818092,0.0003441950377895,0.000327076509217803,0.000308901128058581,0.000289662175164742,0.000269352025873613
-7.48814584850339e-07,-4.51016467584014e-07,-1.57120780307851e-07,0.00238257180338246,0.015652451613872,0.0326366806587112,0.0503044190565241,0.0675244231273851,0.0837947415942313,0.0987610784684952,0.111942798212063,0.123422911590311,0.133328316633351,0.141773819126337,0.148862951476149,0.154688716870807,0.159334275698835,0.162873591965495,0.165372057528613,0.166887111241159,0.167468867718753,0.167160767148475,0.166000252445324,0.164019474023079,0.161246015325323,0.157703624550511,0.153412930301871,0.148392111118627,0.142657481620043,0.136223950993732,0.129105302764284,0.121451690986881,0.113764615526132,0.106168021534225,0.0987563591234961,0.091590423440706,0.0847236732475304,0.0781966580199728,0.0720334714680579,0.0662438932370007,0.0608296999384024,0.0557890047031746,0.0511137291466731,0.0467820813393317,0.0427941608113437,0.0391178764592536,0.0357335464136883,0.0326374699788748,0.0297866431045106,0.0271826954400619,0.0247976585330608,0.0226199129746182,0.020634924020265,0.018803155850376,0.0171543892976686,0.0156368320707987,0.0142477571791833,0.0129823084995079,0.0118330507038194,0.0107893733718148,0.00983668598662078,0.00895529683447183,0.00814916050605308,0.00744425558639835,0.00674983976057783,0.00618107964028709,0.00558497263546724,0.00513122326912958,0.00465630572945519,0.00422897835947882,0.00388264103909502,0.00351952855245876,0.00314023295075801,0.00291394604126536,0.00267621758792204,0.00242696408666327,0.00216600853261284,0.00189302350784274,0.00177379601156441,0.00165368072907766,0.00152734016169317,0.00139474611096236,0.00125583188589136,0.00111046626654077,0.000958417220776462,0.000799301796980772,0.000632516414482772,0.000457137625406837,0.000429611643522216,0.000419330885328194,0.000408018374744661,0.000395676759831759,0.000382306999621188,0.000367908969017724,0.000352482057365318,0.00033602568759417,0.000318539653537782,0.000300024165248283,0.000280479468573718,0.000259904894361567
-7.48814075156032e-07,-4.51016815172019e-07,-1.57124227065454e-07,0.0023388185958278,0.0154113509919946,0.0321761298179214,0.0496122285703454,0.066597289640856,0.0826222657440214,0.09740792426382,0.110481829650522,0.121846290801211,0.131627934257617,0.13994134928835,0.146889924867673,0.152566614437561,0.157054645097941,0.160428188656941,0.162753011875935,0.164087122237039,0.164481423224116,0.163980389296924,0.162622765744575,0.160442292008138,0.157468439827438,0.153727149497604,0.149241539508472,0.144032556972803,0.138119529025326,0.131520568745877,0.124277133891007,0.116819628823262,0.109372260857736,0.102028849818934,0.0948685927917953,0.0879608769753709,0.0813486659212555,0.0750651668782898,0.0691366329889442,0.0635683001010987,0.0583675479973113,0.0535250453814645,0.0490325053746271,0.0448812204105945,0.0410503583023404,0.0375215626680433,0.0342721160856074,0.0313031924164497,0.0285725064689009,0.0260717844595479,0.0237874545485791,0.0216995000498555,0.0197798757470528,0.0180443392752824,0.0164424322002226,0.0149860444119179,0.0136644203068297,0.0124544028138939,0.0113458152911505,0.0103260850335081,0.00942520396558523,0.00859638187920415,0.00781338480755126,0.00713321955494503,0.0064931386113053,0.00591981290124984,0.00537814328445235,0.00492118951927893,0.00444346649406468,0.00407179257517014,0.00372244338458172,0.0033572680852709,0.00303494225455516,0.00280597953106366,0.00256616210397474,0.00231547020963685,0.00205377949281592,0.00183304295169659,0.00171727575128652,0.00159555019044776,0.0014678992476538,0.0013343319958988,0.00119481379060235,0.00104923871076585,0.000897392060104897,0.000738899544363297,0.000573157584430861,0.000433554600245244,0.000423907023565696,0.000413212701777109,0.000401479794738622,0.000388714910410801,0.00037492365198273,0.000360111205004649,0.000344282889980999,0.000327444592845144,0.000309602975642542,0.000290765349337437,0.000270939081124178,0.000250130396332269
-7.48814195920171e-07,-4.51014974520985e-07,-1.57123485718254e-07,0.00229128549439472,0.0151558492420874,0.031689117249719,0.048884414145727,0.0656207084057992,0.0813876757094702,0.0959419475639148,0.10890014443575,0.120140685073176,0.129789954858639,0.137962371178067,0.144761241177018,0.150279549764314,0.154600694308302,0.157799182884162,0.159941312687869,0.16108584401162,0.161284682525279,0.160583578673916,0.159022847584125,0.156638106147263,0.153461016357371,0.149520015775741,0.144841007847272,0.13944797709513,0.133363487346271,0.126609015404941,0.119453493636635,0.112220803295832,0.105014757789758,0.0979239091690836,0.0910219540217086,0.0843679104789092,0.0780060100672581,0.0719652295961266,0.0662698535876062,0.0609217711060863,0.0559285511276298,0.0512865046427124,0.0469791902345528,0.0429983205297848,0.0393248633305159,0.0359429670330834,0.0328288167665424,0.0299829910928982,0.0273694585299401,0.024975597217886,0.0227851241699724,0.0207748100299184,0.0189522112410196,0.0172698115873203,0.0157543989531193,0.0143635225943825,0.0130923060462455,0.0119334676825991,0.0108767690195784,0.00990825414334375,0.00900916813871459,0.00822746753632639,0.00749861331422396,0.00681409718745019,0.00622868825012053,0.00565188990837927,0.00516565360975253,0.00470550752897084,0.00424656106643496,0.00390970221385746,0.00355799537630736,0.00319148827409444,0.00292588159047507,0.00269462941237409,0.00245317094331475,0.00220154166547963,0.001939658759768,0.00177608729575891,0.00165860495022809,0.00153546089036139,0.00140672671113586,0.00127244493841143,0.00113260763408547,0.00098712752962529,0.000835799663328218,0.000678250323348836,0.000513867967577775,0.000427888302840855,0.000417820486387802,0.000406697897688751,0.000394532590141809,0.000381335775587196,0.000367118359903327,0.000351891486830508,0.00033566700488555,0.00031845777059926,0.000300277684956347,0.000281141350633819,0.000261063226081172,0.000240056150703402
-7.48815288486361e-07,-4.51017349013922e-07,-1.57123292018197e-07,0.00224360943942157,0.0148913432797871,0.0311759182219547,0.0481180772715743,0.0645943274347422,0.0800901166528289,0.0943697843620176,0.107188955465772,0.118296903359696,0.127804813533451,0.135826990467841,0.142466737998684,0.147817173488105,0.151961990751043,0.154976187933819,0.156926775932674,0.157873481405444,0.157869455562491,0.156961995627463,0.155193280145147,0.152601112445335,0.149219658731886,0.145080159146009,0.140211582158528,0.134641185497972,0.128394940825799,0.121619071183615,0.114671714853688,0.107666721118129,0.100702700382322,0.0938628103768583,0.0872151161268871,0.0808143754040898,0.0747035311340144,0.0689044329379739,0.06343997304355,0.0583137658929412,0.0535288961360774,0.0490766831903425,0.0449531284881668,0.0411382343403426,0.0376220379970415,0.0343859556725238,0.0314063093598828,0.0286798392216949,0.0261800675475333,0.0238886599310712,0.021786490026674,0.0198775502559187,0.0181234317270078,0.0165299398124053,0.0150649379411026,0.0137253086784725,0.0125059922007954,0.0113995893357802,0.0103958218910244,0.00948078348082117,0.00863586614835516,0.00784984294781105,0.00717548913914813,0.00651400135112881,0.0059573578658732,0.00539155701661571,0.00494733601334004,0.00448494835211636,0.00408273723215207,0.0037432243936016,0.00338988970407019,0.00303677504227693,0.00281334633878524,0.00258024944353976,0.00233765003536739,0.0020856277253272,0.001830491644958,0.00171693637191519,0.00159792717807188,0.00147358938944398,0.00134402950351096,0.0012093181970927,0.00106946754930653,0.000924401207879457,0.000773915623082072,0.000617629302037252,0.000454914946515592,0.000421841150034757,0.00041133760243133,0.000399773874609137,0.00038716656951119,0.000373532179725388,0.000358887585265074,0.000343250515274445,0.000326639887879254,0.000309075938285841,0.000290580034538815,0.000271174075113189,0.000250879358453605,0.000229714814106936
-7.48812459861835e-07,-4.51015741597821e-07,-1.57123513377411e-07,0.00219243858464296,0.0146124610159184,0.0306369963883266,0.0473133143724108,0.0635178450789679,0.0787355185864917,0.0927220796512807,0.105338982186192,0.116305281481394,0.125662504976059,0.133524920056648,0.139995925507206,0.145168894808777,0.149127969983615,0.151948821205516,0.153699386419543,0.154440603213339,0.154227142104751,0.153108145624395,0.151127971792746,0.148326933438726,0.144742017186613,0.140407557991702,0.135355837902948,0.129617571482604,0.123284456901407,0.116682386594247,0.109943657829166,0.103168304869018,0.0964460019507461,0.0898583713776409,0.0834662239345249,0.0773171268276537,0.0714492904680864,0.0658899171394191,0.0606533276196812,0.0557441685151454,0.0511609289918308,0.046904455353323,0.0429543065886295,0.0393056449037208,0.035946040980342,0.0328541638552617,0.0300071315775102,0.0273964284808686,0.0250065928571143,0.0228132064397383,0.0208189945857171,0.0189883402554671,0.0173152956462694,0.0157780982353068,0.0143919595033392,0.0131218773855116,0.0119607088060141,0.0108985556538985,0.00992204542012001,0.00904382141379855,0.00825355013418736,0.00750934235013168,0.00684518088328724,0.0062395273807026,0.00568013997379549,0.00517081758772242,0.00472396401527976,0.0042603735350748,0.00391439239359365,0.00357295392635228,0.00321878714818965,0.00292316755962525,0.00269768951743544,0.00246324694371324,0.00222005234140654,0.00196821596309802,0.00177092254192721,0.00165573188003617,0.00153541804108034,0.00141014277415362,0.00128004223220551,0.0011452085290195,0.00100566591745257,0.000861340436933677,0.000712021274280389,0.000557310911285396,0.000425267429152737,0.00041539846405377,0.000404445444123611,0.000392430035468164,0.000379374084924302,0.000365300061098059,0.000350231475574765,0.000334193220516923,0.000317211731826132,0.000299314891712277,0.000280531577808553,0.000260890765974757,0.000240420094850707,0.000219143803983027
-7.48813915421703e-07,-4.51016236526055e-07,-1.57121760966636e-07,0.00214061776630135,0.014319876698092,0.0300728726116659,0.0464702846501018,0.0623910238755385,0.0773191057712839,0.0910082280443566,0.103340458608056,0.114155700893739,0.123352615402237,0.131045527836151,0.137338052921568,0.142323969667217,0.146088048578013,0.148706844555383,0.150249467880356,0.150778343351089,0.150349963928928,0.149015640439269,0.146822242712057,0.143812920695212,0.140027786710876,0.135504533014043,0.130278952688347,0.124428363338672,0.1182263922692,0.111809726522609,0.105280570828991,0.098735767173585,0.0922571496981128,0.0859196796867755,0.0797752525540223,0.0738778061299823,0.0682508770060963,0.0629282972761351,0.0579156792841491,0.0532178631989825,0.0488404687157126,0.0447675740307535,0.0409993134878171,0.0375148330403606,0.0343007827353451,0.0313509574893638,0.0286342271751297,0.0261404783663165,0.0238591403928204,0.0217744896313326,0.0198644587558234,0.0181116317366071,0.0165195757388605,0.0150651390400457,0.0137323224408594,0.0125160440866456,0.011409051206896,0.0104014215763655,0.00947985736753869,0.00862665303199155,0.00786367770083083,0.00717509067630231,0.00650899160383892,0.00595895105571202,0.00539813779245414,0.00494485011386817,0.00449640493843259,0.00407275219669377,0.00374212262329164,0.00339955625265965,0.00304540647143349,0.00280634893999897,0.00257931924271084,0.00234407800398117,0.00210087096533084,0.00184982361373634,0.00170925482573235,0.00159264814690963,0.00147128443479339,0.0013453566858508,0.00121502398521852,0.00108039194782816,0.000941488297066963,0.000798232525610051,0.000650397947656047,0.000497563300153534,0.000418873367631975,0.000408547008511137,0.000397133022488044,0.000384658265959077,0.000371150547255799,0.000356638999502238,0.000341154380999223,0.000324729236615067,0.000307397832330363,0.000289195782632784,0.00027015929317373,0.000250323945449411,0.000229722954423573,0.000208384836533147
-7.48810900698953e-07,-4.51017644445474e-07,-1.57121499147467e-07,0.00208571390053297,0.0140159337757364,0.0294841311044208,0.0455892207073933,0.0612137052520147,0.0758394358230678,0.0892218879307499,0.101242738884554,0.111837618674315,0.1208643681771,0.12837790090143,0.134482194341927,0.139271611311837,0.142831762376491,0.145240332673255,0.146567883080912,0.14687863289618,0.146231227145744,0.144679486534001,0.142273132063185,0.139058469892101,0.135079015616948,0.130376031520874,0.125033443938803,0.119278594971932,0.113237507070117,0.107009608597391,0.100692959822065,0.0943784893201838,0.0881434049329943,0.0820499315849509,0.076158518045273,0.0705026406284787,0.0651184980829984,0.0600255903045049,0.0552321505989311,0.0507479397328233,0.0465654504371747,0.0426816275006718,0.0390835467660634,0.0357598998804768,0.0326909184250223,0.0298793980110469,0.0272902182179106,0.0249151609724271,0.0227414562554554,0.020750826130945,0.0189189655993569,0.0172650834218196,0.015739574864984,0.014340792057832,0.0130781899689498,0.0119213020364699,0.0108605468405774,0.00989577973975257,0.00902957429281727,0.00823217082062095,0.00748025194646769,0.00683470969226562,0.00621683587925851,0.00567338296790693,0.00514923883952316,0.00471452648666054,0.00426560708106431,0.00389865257079503,0.00356659710617845,0.00322375744452606,0.00290697901495728,0.00268672743575441,0.00245869410503138,0.00222324067708614,0.00198063048983471,0.00175882720562417,0.00164566118835935,0.00152789151289453,0.00140576267852019,0.00127949221141915,0.00114925410718671,0.00101515861172121,0.000877227738793721,0.00073536550711489,0.000589321237095803,0.000438643099833492,0.000412071624294573,0.000401275419319849,0.000389391765194805,0.000376453448216083,0.000362494957152544,0.000347552742245876,0.000331665342259556,0.000314873314544216,0.000297218886998095,0.00027874526666707,0.000259495548230626,0.000239511175091975,0.000218829911265395,0.00019748328629963
-7.48813166630835e-07,-4.51016292844066e-07,-1.5712393647726e-07,0.00203054311092412,0.0137017689870747,0.0288714254008255,0.0446737516455173,0.0599885135302808,0.0743055075708459,0.0873715171354875,0.0990676467100797,0.109353329678663,0.118186685712739,0.125510928994224,0.131417357000118,0.136001126389259,0.139348933022866,0.14153987193397,0.142646265489656,0.142734463290612,0.141865613050303,0.140096396605733,0.137479719626227,0.134065338202866,0.129900400690508,0.125096197574182,0.119830578452257,0.114208114867884,0.108327793934773,0.102292648255684,0.0961904635672198,0.0901049064119392,0.0841108913028008,0.0782641805474649,0.072613809309246,0.0672023307111758,0.0620547518504571,0.0571871489973425,0.052612283446406,0.0483333861697534,0.0443431571342919,0.0406368800335533,0.0372083869249781,0.0340440811520745,0.0311216341054266,0.0284422113204151,0.0259773785188913,0.0237169205604099,0.0216457964010391,0.0197430289823715,0.018016080692699,0.0164203179660841,0.0149821162397177,0.013662033936717,0.0124549686696456,0.0113538054797334,0.0103489562584634,0.00942769413393148,0.00857316168090025,0.00783145570677683,0.00713600881404749,0.00648963005368691,0.00592797797778212,0.00538403141043006,0.00491637475731674,0.00448080300676269,0.0040436447750655,0.00372116979475022,0.0033885482831351,0.00304633151908246,0.00278622545768673,0.00256476343597949,0.00233631645711328,0.00210126630994184,0.00185987685671519,0.00169479002952248,0.00158034701718919,0.00146169858448726,0.00133911548901232,0.0012128316881725,0.00108302705519317,0.000949807048457459,0.00081317874859509,0.000673022223146782,0.000529055553604687,0.000415006158978509,0.000404850480640919,0.000393574678673409,0.000381216028771641,0.000367813995204794,0.000353410437794897,0.000338049703547911,0.000321778521027876,0.000304645643192443,0.000286701167225252,0.000267995491590957,0.000248577881591588,0.000228494624119579,0.000207786760952835,0.000186487380731546
-7.48816069852137e-07,-4.51015977410616e-07,-1.57121623640586e-07,0.00197183730389529,0.0133755700470596,0.0282354843063224,0.0437228884748701,0.0587199400034934,0.0727127717308332,0.0854513069756798,0.0968238467881306,0.106780386311429,0.115313980573433,0.122433410302456,0.128132614968124,0.132502079426655,0.135629865312426,0.137596791424512,0.138477283037066,0.138340179326006,0.137249493762282,0.135265117574296,0.132443451877384,0.128850835398648,0.124626097406212,0.119880101076399,0.114712030727334,0.109223845550112,0.103510541501825,0.0976685577369338,0.0917817364718631,0.0859251480785735,0.0801658514981395,0.074562436237043,0.0691565421601665,0.063982537199681,0.0590648176824856,0.054417603651531,0.0500582790413331,0.045973993015409,0.0421766738058896,0.0386493186034128,0.0353818195007002,0.0323707913660416,0.0295918997536499,0.0270417612108607,0.0246976109819066,0.0225471933518999,0.0205730988883203,0.0187729091183062,0.0171235759748755,0.0156198633669025,0.01423806051719,0.0129745152715999,0.0118239604605318,0.010779201719033,0.00983067131875442,0.00896577962719461,0.00816794283842734,0.00742624660037496,0.00678683202034564,0.00616376973845559,0.00563514085201938,0.0051033840872891,0.00467994991322325,0.00424470402600044,0.00386437858722127,0.00354104163918963,0.00320875918598276,0.00287847360478295,0.00266304219227974,0.00244096287776542,0.00221272376615586,0.00197870932940225,0.00174032202837885,0.00162898540659949,0.00151354877860269,0.00139433330021763,0.00127162782450255,0.00114567354210362,0.00101664654486097,0.000884637984839191,0.000749631194388341,0.000611474671035728,0.000469849213444037,0.000407845298337914,0.000397200489105598,0.000385438623128366,0.000372603632790969,0.000358742387898875,0.000343904745525574,0.000328143410868238,0.000311513541252763,0.000294072044780753,0.000275876530948724,0.0002569839019443,0.000237448588440932,0.000217320445293586,0.000196642315635475,0.000175447262662469
-7.48812068399966e-07,-4.51014698753494e-07,-1.57122761630363e-07,0.00191415428826274,0.0130381746644356,0.02757711756825,0.0427366648677445,0.0574027994943865,0.0710662079481885,0.0834765616876826,0.0945151450090018,0.104137622599664,0.112343756636265,0.119156738345451,0.124617271515091,0.128764488525078,0.131665577374026,0.133403427000891,0.134054932961867,0.133691798603878,0.13238126631351,0.130199834747757,0.127247348924675,0.123624672958775,0.119424180207648,0.114744417829179,0.109682635039261,0.104334015024995,0.0987940028162942,0.0931460269651928,0.0874743411357845,0.0818459062092638,0.0763226877767335,0.0709559472698002,0.0657866284163596,0.060845573231792,0.0561535195387798,0.0517255111535347,0.0475708558753437,0.0436868394541755,0.0400700062392676,0.0367152388508369,0.0336103073989503,0.0307430660291716,0.0281041668279249,0.0256800275085979,0.0234524286529615,0.0214070130769497,0.0195350297235021,0.0178276133730981,0.0162571998047204,0.0148241844569333,0.0135222598345173,0.0123300085987242,0.0112404495330999,0.0102443135240747,0.00932941650550545,0.00849939254236921,0.00775796696914736,0.00706211861269491,0.0064342629742437,0.00586772709305013,0.00533962331690054,0.00486448565503785,0.00444099878676677,0.0040073024258219,0.0036823443992562,0.00335905912830841,0.00302804841395395,0.0027541930938663,0.00253793795532524,0.00231586864276097,0.00208847832782791,0.0018561359256517,0.00167409576931243,0.00156164919977719,0.00144553118862305,0.00132608283096122,0.00120360171745455,0.0010783263634263,0.00095041925292922,0.000819948079112761,0.000686864451073945,0.000550978875962806,0.000411930259769477,0.000400256546086781,0.00038911497776551,0.000376864478923291,0.000363556402361099,0.000349245696061565,0.000333990730676636,0.000317852867084391,0.000300895709038235,0.000283184013276239,0.000264782251398015,0.000245752843763127,0.000226154109205934,0.000206037973076815,0.000185447458666579,0.000164413960972915
-7.48813919948364e-07,-4.51016532231732e-07,-1.57123792197012e-07,0.00185348210250166,0.0126904646940397,0.0268972214287164,0.0417157604650824,0.0560428515653264,0.0693674107321237,0.0814396039018086,0.092142353507731,0.101430569455236,0.109309740328713,0.115799718473959,0.120953275550578,0.124822859094789,0.127473100708267,0.128975903460319,0.129404501681649,0.128849774252424,0.127387138780766,0.125107902076655,0.122105907278513,0.118473203992428,0.114307497227672,0.109699570535897,0.104751145132799,0.0995482437636292,0.0941843155232081,0.0887326150742962,0.0832746519115455,0.0778707269805892,0.0725782478532407,0.0674438451625468,0.0625080939432874,0.0577964464361592,0.0533248800716041,0.0491107613175371,0.0451523282187322,0.0414605433435597,0.0380227585050637,0.0348339504271745,0.0318891069238554,0.0291635342169963,0.0266604868894145,0.0243585888506192,0.0222429389310628,0.0203012098336195,0.0185330477734207,0.0169002083919054,0.0154232205230059,0.0140647036312392,0.0128208762785389,0.0116864650777322,0.0106544242139567,0.00971552508430247,0.00885774790841845,0.00806535283826214,0.00734508624033688,0.00670556492205111,0.00608341385009373,0.00556881977674658,0.00504277941184258,0.00462290801204737,0.00420060780278097,0.00381342732972836,0.00349834010858375,0.00317605144261013,0.00284725339430543,0.00262790647183485,0.0024114602714882,0.00219005022465382,0.00196415578462857,0.00173411217049021,0.00160629060603671,0.00149304641967228,0.00137658318341362,0.00125725242107396,0.00113535029344323,0.0010111024915199,0.000884648383472765,0.000756023868904798,0.000625142059361478,0.000491770502436321,0.000402724688574934,0.000392232736936731,0.000380590582538208,0.000367853404963171,0.000354080695273937,0.000339336052732176,0.000323686719747689,0.000307202794277525,0.000289956077444213,0.000272018569804695,0.000253460645221655,0.00023434896862378,0.000214744231942914,0.000194698772078342,0.00017425409872514,0.000153438318790179
-7.48813161354086e-07,-4.51015831875492e-07,-1.57123586973017e-07,0.00179229426671164,0.0123333657656265,0.0261967837560838,0.0406631220759063,0.0546444337563081,0.0676217732667048,0.0793454230084222,0.0897109184774267,0.0986651196038323,0.106218335758282,0.112395041670117,0.117248356331501,0.120835783891714,0.123229002717397,0.124501532923497,0.124732517551829,0.124015433430472,0.122430388875659,0.120068581866124,0.117030648970132,0.113402806468154,0.109281020211066,0.104760172376722,0.0999286126225422,0.0948776471019971,0.0896888436853806,0.0844346540517033,0.0791877699540178,0.0740035192842736,0.0689426933525164,0.064039768252269,0.0593274739823655,0.0548393290304096,0.0505820816990949,0.0465756108861373,0.0428167884136274,0.0393078681697791,0.0360449202318957,0.0330171824968412,0.030220928157464,0.027635146867872,0.0252624956295458,0.0230786097313353,0.0210698299683616,0.0192396226577112,0.0175563034473635,0.0160179611148451,0.0146006151407714,0.0133205872659792,0.0121481886109219,0.0110753831496164,0.0100932115213414,0.00919001180611104,0.00838347082978556,0.00764784611088334,0.00695719336243007,0.00634702754924131,0.00578139725839746,0.0052684186361946,0.0047916954819056,0.00437974972678073,0.00395989321384326,0.00362757522123285,0.00331320442235461,0.00299286896978717,0.00271144824007687,0.00250016506430674,0.00228418510305811,0.00206409210675118,0.00184033299524373,0.00164772024908538,0.00153717132529269,0.00142346728395666,0.00130701278850094,0.00118815936480367,0.00106719125074428,0.000944311422501857,0.000819627419717988,0.000693136217894916,0.000564707126561298,0.00043406135596578,0.000394774073007697,0.000383769926289342,0.000371627792406509,0.000358411028022256,0.000344187891116678,0.000329031055057894,0.000313016783014646,0.0002962237261787,0.000278731330072147,0.000260617914248165,0.000241958492291878,0.000222822444227968,0.000203271138501106,0.000183355577083158,0.000163114074287224,0.00014256993295478
-7.48814275744712e-07,-4.51016752845857e-07,-1.57123016753288e-07,0.00173058482521059,0.0119678464477162,0.0254768888616152,0.0395858690999232,0.0532038404518286,0.0658259239312497,0.0772072418870458,0.0872265960143072,0.0958475228565954,0.103076353691943,0.10894526067067,0.11350477936174,0.116822526795891,0.118968810947394,0.120027386363757,0.120077458891001,0.119213934556015,0.117522163120676,0.115095726892496,0.112032411226928,0.108421602404912,0.104354639711829,0.099928686766022,0.0952229443874738,0.0903252574115688,0.0853136887284005,0.0802571651432604,0.075217449280142,0.0702578733096707,0.0654163916801913,0.0607390854819934,0.0562506091246934,0.051977521398651,0.0479285676791093,0.0441215124616901,0.0405536689483806,0.0372230469284076,0.0341276474205822,0.031261962463757,0.0286080321582603,0.026160742870353,0.0239114021105949,0.021840831077086,0.0199463821554986,0.0182100267111152,0.0166103509987642,0.0151584225973725,0.0138278070189136,0.0126083986225539,0.011494928864853,0.0104805030542988,0.00955622344112603,0.00871061921674451,0.00792876053944223,0.00722912457213254,0.00659479724005717,0.00598817851835615,0.00547771364322941,0.00496792567138254,0.00454599421048883,0.00413614248103489,0.00374761439281635,0.00344048204388255,0.0031277997318153,0.00281036530768309,0.00258256497107805,0.00237155050656956,0.00215670511257998,0.00193858139933356,0.0017175758598974,0.00157815504948715,0.00146702890092515,0.00135322212909441,0.00123714106855779,0.00111912639212618,0.000999440113364395,0.000878253369447519,0.000755634362604186,0.000631535506524887,0.000505778634265964,0.00039671642727138,0.00038638506024293,0.00037486793313207,0.000362231487918813,0.000348547941471001,0.000333894808176047,0.000318354055557468,0.000302010855239426,0.000284951919709533,0.000267263458395376,0.000249028866120265,0.000230326258354361,0.000211225998858939,0.000191788331597867,0.000172061175116192,0.000152078063465035,0.000131856157487791
-7.48812639551543e-07,-4.51018291085941e-07,-1.57121421890275e-07,0.00166687554586672,0.0115949166837086,0.0247387218191103,0.0384783108097326,0.0517338302424922,0.063996865781151,0.0750225839585409,0.0846954412207798,0.0929843751012595,0.0998909993181101,0.105456275238965,0.109734204006905,0.112791268780293,0.114706811068942,0.115563671447731,0.115449857710924,0.114455858336534,0.112673020359891,0.110197191105417,0.107121209759797,0.103539072063026,0.0995387673009029,0.0952130226987512,0.0906381404270364,0.0858968400043234,0.0810636059180576,0.0762037876733845,0.0713742401595035,0.0666259193607864,0.0620079345062737,0.0575461340737218,0.0532764158635405,0.0492134268380368,0.0453695785826368,0.0417541099344269,0.0383704807383591,0.0352161111710921,0.0322818326927217,0.0295667049657615,0.0270522174962905,0.0247383877039073,0.0226079826254948,0.0206518047460143,0.0188613443778488,0.0172118921438932,0.0157099191657203,0.0143254883668906,0.0130643600394763,0.0119163039207553,0.0108647979214621,0.00990118834986588,0.009019179401089,0.00823058270211741,0.00750556723633904,0.00682489607577733,0.00623190204291547,0.00567209110820324,0.005173784098592,0.0047004475204859,0.00429971275134029,0.00389322708877883,0.00355873668343948,0.00325302115461757,0.00294299380782696,0.00265916232059647,0.00245273010753166,0.00224266292214197,0.00202961709113854,0.00181409535710027,0.00161620431912381,0.00150751899936147,0.00139617547028376,0.00128263535439583,0.00116729543183379,0.00105047477955896,0.000932403608013462,0.000813213292717462,0.000692926709969942,0.000571447745654079,0.000448548749298523,0.000388413845986568,0.000377556806199284,0.000365530883313876,0.000352411449969755,0.000338280139338372,0.000323224017737196,0.000307334310639521,0.000290704676391438,0.000273429061989905,0.00025559922666968,0.000237302101406,0.000218617142381391,0.00019961384078653,0.000180349497343338,0.000160867286692916,0.000141194553387269,0.000121341215500252
-7.48813591942434e-07,-4.51020566345822e-07,-1.57122416928525e-07,0.00160404948602549,0.011215625745268,0.0239852065960998,0.0373470326278446,0.0502276421301389,0.062126959363948,0.0727964946703485,0.0821237911511973,0.0900826003968574,0.0966720915492431,0.101942617895449,0.105948020469438,0.108758405996119,0.110455377911284,0.111122521376545,0.110859738579385,0.109751175561689,0.107892798853479,0.105380805725701,0.102306107107664,0.0987636314384599,0.0948392011265634,0.0906198373565031,0.0861797849388727,0.0815977263934291,0.0769434785175563,0.0722767187527481,0.0676545016823818,0.0631207188764369,0.0587135283971489,0.054466441190939,0.0504072732329518,0.0465485364407672,0.0429025219560722,0.0394757138732171,0.0362686540950029,0.0332770406974691,0.0305058489999074,0.0279332439882818,0.0255563622905404,0.0233688799584311,0.0213539023216476,0.0195095125242091,0.0178140965605369,0.0162559872302089,0.0148339290779298,0.013535379585344,0.0123445813059088,0.0112562857775868,0.0102637563376252,0.00935842258600413,0.00852934717177797,0.00776238231944708,0.00708291738577325,0.00645827747268068,0.00587021212285052,0.00536499451772472,0.0048710345822828,0.00445171274895581,0.00405400905230879,0.00366870586189962,0.00336938735390249,0.00306607360615014,0.00275964123271282,0.0025282287410476,0.0023225504463154,0.00211410816495853,0.00190350918284255,0.00169118940987179,0.00154514658470197,0.00143612548441528,0.00132493829149052,0.00121203866228569,0.00109780261215578,0.000982517545021373,0.000866373484604866,0.000749455667722622,0.00063173737348682,0.000513071716606827,0.000393181155949518,0.000379672747010145,0.000368292679557189,0.000355767724568698,0.000342182808257375,0.000327629352596882,0.000312204020446018,0.000296006952235959,0.000279139530564522,0.000261701761880459,0.000243789426068956,0.000225491206153429,0.000206885988948882,0.000188040501448992,0.000169007358345983,0.000149823501620069,0.000130508917273117,0.000111065458376164
-7.48814070434706e-07,-4.51017593392905e-07,-1.57123091741657e-07,0.00154078260744757,0.0108310593570972,0.0232221531841891,0.0361971236604363,0.048697527728189,0.0602215728976354,0.0705349864305615,0.0795182409664639,0.0871494255659776,0.093431192458767,0.0984127835719123,0.102149601861828,0.104723084237908,0.106217573883674,0.106717710874702,0.106316490887494,0.105109116707226,0.103190485137676,0.100654990364128,0.0975950884785514,0.0941025160651956,0.0902604873030375,0.0861544423675447,0.0818520581529287,0.077434792311022,0.0729600565858145,0.0684862077347286,0.0640637481651583,0.0597353778578659,0.0555373599012179,0.0515011118848005,0.047644623752692,0.0439834223625263,0.0405271286665859,0.0372794394859095,0.0342467089957525,0.0314206886528348,0.028796188050219,0.0263629235405688,0.02412076992529,0.0220525739623832,0.0201532011644678,0.0184108778095936,0.0168037396891086,0.0153420827878745,0.0139944792293322,0.0127606421117558,0.0116408872953596,0.0106146472957259,0.00967357451025757,0.00881787503764303,0.00804575602344334,0.00733542420259375,0.00666876032503957,0.00609269118702319,0.0055427992255695,0.00505893646307085,0.00459310246614591,0.00420343355872706,0.00381002833394445,0.00347763886479387,0.00318045976631602,0.00288050917648384,0.00259847502447759,0.00239687463869991,0.00219264022975857,0.00198648477126795,0.00177894855925867,0.00158007908993379,0.00147328341624205,0.00136430410217477,0.00125365293985371,0.00114176392430633,0.00102898168944279,0.000915553065318102,0.000801621072575103,0.000687220201308483,0.000572271646291116,0.000456577167462148,0.000381190293578165,0.000370495743436889,0.000358600779954656,0.000345592688777605,0.000331566398841747,0.000316623252081398,0.000300869250595205,0.000284412760219443,0.000267361765368071,0.000249820824769988,0.00023188793932259,0.000213651585870914,0.000195188116195959,0.000176559662409273,0.000157812576598146,0.000138976321124225,0.00012006263925565,0.000101064794124289
-7.48812748752462e-07,-4.51017926583666e-07,-1.5712447685654e-07,0.00147643245025781,0.0104423362384196,0.022446063754753,0.0350239091419765,0.0471423625407975,0.0582955240796606,0.0682442548389558,0.0768856129857196,0.0841923469327079,0.0901712527303724,0.09486994164866,0.0983591116762573,0.100710136189366,0.102009269892654,0.102352605558161,0.101828739805258,0.100538042750459,0.0985740869081525,0.0960270769882728,0.0929949472032023,0.0895616766655304,0.0858088167868758,0.0818207239800075,0.0776630411607422,0.0734073657411322,0.0691098110666213,0.0648256673485079,0.0606018608386816,0.0564775830946135,0.0524848508181048,0.0486489820433866,0.0449889708191872,0.0415177369179677,0.0382454188354508,0.0351772022771059,0.0323061792950724,0.0296365042695347,0.027154205033338,0.0248605726003114,0.0227432907791746,0.0207905845274622,0.0190016366401683,0.0173550525098222,0.015842273798936,0.0144578323894023,0.0131950704040698,0.0120365781973654,0.0109771469542072,0.0100102090690956,0.00912752205569756,0.00831867063395444,0.00757026529812934,0.00691080061016031,0.00629959242073349,0.00572984373631511,0.00523369505411531,0.00475534152887971,0.00434246388365281,0.00395677382970497,0.00357840682783414,0.00328689516171775,0.00299283811476086,0.00269716797846622,0.00246606731432432,0.0022657218986909,0.00206360784446881,0.00186037128804588,0.00165647015241592,0.00150781954040087,0.00140094618512148,0.00129239383529691,0.00118265607047227,0.001072136034366,0.000961137502389216,0.000849859414257221,0.000738392791781727,0.000626718622423261,0.000514705258275017,0.000402104029579968,0.000372115186899685,0.000360890080006393,0.000348494413497993,0.000335025667042821,0.000320588992706538,0.000305295485386061,0.000289259880650851,0.000272597712578621,0.000255422093260463,0.000237840331357979,0.000219950649960843,0.000201839281120308,0.000183578118873496,0.00016522302735496,0.000146812760785175,0.000128368347328322,0.000109892711900764,9.13702976831371e-05
-7.48814289803005e-07,-4.51017242168825e-07,-1.57122126316188e-07,0.00141299507486198,0.01005060382306,0.0216585405249884,0.0338433244779694,0.0455654594047382,0.0563458806608074,0.0659331965773178,0.0742329183229016,0.0812190886271305,0.0869006097883623,0.0913287062898639,0.0945728285820514,0.0967120847339319,0.0978396140880675,0.0980352190558164,0.0974071219246494,0.0960453190361548,0.0940505118086742,0.0915055162825837,0.0885111811925842,0.0851456875443153,0.0814907267045702,0.0776210763766065,0.0736117756106013,0.0695156102539714,0.0653972573637573,0.0613028328926449,0.0572739435777901,0.053347100254253,0.0495516995487502,0.0459104837053186,0.0424398832940941,0.0391561988739199,0.0360624132183127,0.0331569342955577,0.0304493567123189,0.0279243623272038,0.0255848837489782,0.023422074676146,0.0214238320025199,0.0195851643968712,0.0178983720711799,0.0163407609520428,0.0149230122374465,0.0136157377882585,0.0124161695118023,0.0113281652181237,0.0103306067141612,0.00941545681341088,0.00858597476655257,0.00783375889177149,0.00714150323452425,0.00649216590023043,0.00593300400674256,0.00539637977569687,0.00492692436446618,0.00447192202441786,0.00409333112709399,0.00371286262331024,0.00338601498987146,0.00309737249885227,0.00280737854878719,0.00253048657810725,0.00233378782999636,0.00213538815581911,0.00193604281727085,0.00173631461619935,0.00153986359930121,0.0014350376533284,0.00132847676856126,0.0012207357310717,0.00111227812040429,0.00100346612313628,0.000894554770313381,0.000785689664849986,0.000676906759701104,0.000568132591264746,0.000459183488764208,0.000373123279587405,0.000362611375163685,0.000350868114759724,0.000337992484075139,0.000324092465700624,0.000309283364772349,0.000293685515940266,0.000277421407171381,0.000260612315328269,0.000243374687598803,0.000225816552527939,0.000208034248988937,0.000190109747931682,0.000172108708500206,0.0001540792923295,0.000136051619644399,0.000118037649171095,0.00010003121987218,8.20080007967077e-05
-7.48813520792922e-07,-4.51019858155187e-07,-1.57122907324134e-07,0.00135051733248389,0.00965703321537084,0.0208682283528429,0.0326435812420093,0.0439793223283427,0.0543773654996547,0.0636080458149576,0.071567310794399,0.0782375524770687,0.0836277924666176,0.0877997557947688,0.0908134614361662,0.0927559821753244,0.0937113211629199,0.0937855671590573,0.0930643722560974,0.0916458209954557,0.0896254535628473,0.0870983406263116,0.0841479010483175,0.0808576676719511,0.0773063851294433,0.0735643936073191,0.0696974885317521,0.0657685289861047,0.0618242343931675,0.0579114513756171,0.0540749556808596,0.050341619666357,0.0467382661450158,0.0432850996181036,0.0400018134240591,0.0368957102071488,0.0339671401686572,0.031229552427787,0.0286687846694788,0.0262899601349167,0.0240858921701211,0.0220462481837185,0.0201618656647133,0.018433175651478,0.0168421633847072,0.0153781544340797,0.0140377997463677,0.0128141154207304,0.0116911495279096,0.0106637566686131,0.00972555309806257,0.00886862826219839,0.00808308071631367,0.00735625823544115,0.00671686315141772,0.00612214230686046,0.00557067326493163,0.00508668778680993,0.00462388487913845,0.00422052697315816,0.00384685326012347,0.00347834918457313,0.00319475095151993,0.00290994243229951,0.00262489172140743,0.00239720035553125,0.00220226277979814,0.00200647347740585,0.00181050377148287,0.00161481990516938,0.00146671183363994,0.00136207763733856,0.00125622016728986,0.00114966546384991,0.00104283632676348,0.000936045460873866,0.000829493180217651,0.000723268305367184,0.00061735054887727,0.000511612703636071,0.000405821242921802,0.000363737605992321,0.000352690254168345,0.000340447728124231,0.000327119773064034,0.000312824905121642,0.000297688169019163,0.000281838246120063,0.00026540401332115,0.000248510722018964,0.000231276107040832,0.000213806749832587,0.000196194996295335,0.000178516669014744,0.000160829648756133,0.000143173264009272,0.00012556829486202,0.000108017318360578,9.05051093262022e-05,7.29988489216896e-05
-7.48817184279353e-07,-4.51017170472544e-07,-1.57121372394246e-07,0.00128775620415134,0.00926281340342612,0.0200739724236706,0.0314446748219663,0.0423779466446094,0.0523957558478011,0.0612728976010309,0.0688960331780929,0.0752557591913078,0.0803660744934438,0.0842852543667802,0.0870805107019507,0.0888334022128494,0.0896459920589646,0.0896003773592713,0.088799668176385,0.0873398095317177,0.0853101007621402,0.0828062560311069,0.0799077494297019,0.0766992132060136,0.0732563214502433,0.069646369046758,0.065928829466665,0.0621583130976064,0.0583905125790438,0.0546601704959155,0.0510061349235956,0.0474614307620813,0.0440439468751056,0.0407739334647287,0.0376698189481993,0.034730460282886,0.0319714630531519,0.0293824874520466,0.0269716893823333,0.0247313267181558,0.0226540031124017,0.0207325384401243,0.0189583061545096,0.0173333678753315,0.0158313593450151,0.0144607577160261,0.0131969132748018,0.0120373012317182,0.0109840128889785,0.0100180327372983,0.0091316416508102,0.00832855832865668,0.00759906791210073,0.00692765434396673,0.00629831445289564,0.00575622988874257,0.00523553798539239,0.00478060851283521,0.0043390526881955,0.00397168127791178,0.00360412316793401,0.00328550900299718,0.00300550095460477,0.00272543231837896,0.00245625057247164,0.00226459795762829,0.0020721022660636,0.00187954793571234,0.0016875079094085,0.0014963424044952,0.0013933333837987,0.00128928795351151,0.00118451694418215,0.00107950616560048,0.00097462841025559,0.000870140320491493,0.000766183600172641,0.00066278883678593,0.000559880075092755,0.000457278495488517,0.000364239833091258,0.000353934512462311,0.000342368648998483,0.000329652621710747,0.000315907068140229,0.00030126073080416,0.0002858475989668,0.000269803413546886,0.000253261712643347,0.000236349671088883,0.000219184094983433,0.000201867921284049,0.000184487503397969,0.000167110853654868,0.000149786835956543,0.000132545156710236,0.000115396887909202,9.8335217217341e-05,8.13361312290535e-05,6.43588068466232e-05
-7.48815812459633e-07,-4.51020816397033e-07,-1.57125540255249e-07,0.00122497070259336,0.00886914464223261,0.0192745954479865,0.0302329821218499,0.0407726671136891,0.0504147735251654,0.0589344088489216,0.0662263559315215,0.0722817812492583,0.0771232407341668,0.0807949384144881,0.0833826793112418,0.0849695233833131,0.0856365573518974,0.0854930527144186,0.0846258000990416,0.0831299663731498,0.0811077210865625,0.0786315977718602,0.0758005690938001,0.0726823232208724,0.0693501847779128,0.0658690646378773,0.0622984690099256,0.0586940413127258,0.0550926945611282,0.0515429498033249,0.0480677032820284,0.0447058450946308,0.0414671957534533,0.0383766929453884,0.0354399275463432,0.0326689350800145,0.0300600407924849,0.0276255458122916,0.0253545586043445,0.023244034125852,0.0212886235185138,0.0194799687534226,0.0178138612238064,0.0162841050730089,0.0148719779144824,0.0135810189030062,0.0123992871548564,0.0113146157271049,0.0103219502238265,0.00941510887156512,0.00858651992319995,0.00782678995862135,0.00712398494131195,0.00650492055801476,0.005929117564,0.00539604904359839,0.00492666568729255,0.00447948834102957,0.00408804486561249,0.0037264989790215,0.0033700809518207,0.00309459465686196,0.00281910860422227,0.00254460950108092,0.00232269037313151,0.00213329893859228,0.00194388749070796,0.00175514067434312,0.00156752245730985,0.00142234284621129,0.00132007962168664,0.00121701365242373,0.00111369587870606,0.00101056189199924,0.000907927209636523,0.000805987984555022,0.000704825508827207,0.000604412534881919,0.00050461952410651,0.000405219316432711,0.000354572703495396,0.000343729744551028,0.000331669134228413,0.000318512478595425,0.000304391111549892,0.000289443314610777,0.000273810823258397,0.000257634767087483,0.000241051307439311,0.000224187289137867,0.000207156312333746,0.000190055558313867,0.00017296359932208,0.000155939280218317,0.000139021561103578,0.000122230089727673,0.000105566184688926,8.9013906504189e-05,7.25409382508787e-05,5.60990858785522e-05
-7.48815625006981e-07,-4.5101947535222e-07,-1.57124519885272e-07,0.00116532142932571,0.00847876459121857,0.0184807314134337,0.0290302018628394,0.0391693182208845,0.048433684048415,0.0565991812449288,0.0635655087314963,0.0693250959016314,0.0739039205643988,0.0773476870293474,0.0797390634102761,0.081159969439957,0.0817064956664588,0.081469644595348,0.0805487465266758,0.0790360970682846,0.0770174043508116,0.0745907227947663,0.071824602591714,0.0687980545409232,0.0655811345015335,0.0622355676009513,0.0588153526441761,0.05536735197455,0.0519349000194767,0.0485585702725521,0.0452588910883819,0.0420732237018577,0.0390073730203596,0.0360878263797374,0.0333151892443622,0.0306994006075184,0.0282465334103836,0.0259513300118548,0.0238128371762964,0.0218274426744579,0.0199887338793336,0.0182871609690443,0.0167247337407364,0.0152833711228165,0.0139628068571407,0.012745105464223,0.0116299781432033,0.0106139164642154,0.00968192877777638,0.00882662440135673,0.00805033270721366,0.00734584079020955,0.00669746713063284,0.00609020949804378,0.00556551794616708,0.00506280920840132,0.00462264453758418,0.0041965125786366,0.00384060264916423,0.00348601820265057,0.00317766544518404,0.0029064654442162,0.00263635844428904,0.00237676854831578,0.00219036547987713,0.00200389523770941,0.00181815939832286,0.00163373093221758,0.00145095833333167,0.0013486985568545,0.00124729962400178,0.00114558886659727,0.00104406721788207,0.000943112023158771,0.000842976470607548,0.000743793988806065,0.000645585621270045,0.000548268293732146,0.000451662184660422,0.0003554959081486,0.000344503653129442,0.000333144706072891,0.000320620219692215,0.000307062944961136,0.00029261434009575,0.00027742112872991,0.000261631194665207,0.000245389047377751,0.000228831197810859,0.000212081815254545,0.000195249072315965,0.000178422477505612,0.000161671334612323,0.000145044320503849,0.000128569972799368,0.000112257785887921,9.60995666884107e-05,8.00707332394339e-05,6.41313094124876e-05,4.82264667673498e-05
-7.48815805285442e-07,-4.51018391541227e-07,-1.57123743059461e-07,0.00110609905421727,0.00809346304696721,0.0176895727193282,0.0278223519032411,0.0375653102255329,0.0464568351552774,0.0542736915873438,0.0609208722263749,0.0663940913146902,0.0707164527494981,0.073941321323315,0.0761462774158196,0.0774160231064696,0.0778504444494392,0.077538052675289,0.0765727175078538,0.0750454170391717,0.0730557307581383,0.0706701741681837,0.0679836982072407,0.0650571236939536,0.0619579570602951,0.0587454106045069,0.0554710162967642,0.0521792404210118,0.0489146506048923,0.0457061264519766,0.0425779697465738,0.0395610086051478,0.0366655641552733,0.0339033338574523,0.031292397799122,0.0288291168608239,0.0265168966532656,0.0243564420965444,0.022345833024671,0.0204804793045429,0.0187529143512517,0.017152677901045,0.0156889099090182,0.0143314503173139,0.0130941572496715,0.0119568564956139,0.0109128222017158,0.00995712177339644,0.00908379623891145,0.0082856218258524,0.00755370918545439,0.0068768247127211,0.00627849479062501,0.0057234814362487,0.00520905110757673,0.00475612753864317,0.00432474718653019,0.00394701232133191,0.00359778626936495,0.00325505880875122,0.00298795179867282,0.0027219228410444,0.00245796237648408,0.00224353764005865,0.00205987808819191,0.00187693940944353,0.00169540926864263,0.00151574131792895,0.0013752123678205,0.00127548278159354,0.00117533252061412,0.00107532985015602,0.000975916841440321,0.000877406822878343,0.000779987892209213,0.000683730603164861,0.00058859763694953,0.000494453408898011,0.000401072019162878,0.000344662089650697,0.000334052879261579,0.00032220667299094,0.000309256367824708,0.000295345411786643,0.000280624401909856,0.000265246993851667,0.000249365258345438,0.000233124808952007,0.000216660104065124,0.000200090315318081,0.000183516140672586,0.000167017788075565,0.000150654167036699,0.00013446316914252,0.00011846275117524,0.000102652465197209,8.70150883940078e-05,7.15180524053024e-05,5.61144755136675e-05,4.0743689398193e-05
-7.48814920157475e-07,-4.51014571672752e-07,-1.57123709788411e-07,0.00104740568942334,0.00771249954894017,0.0169000562669697,0.0266293871065339,0.0359728883694007,0.044489655368449,0.0519642170553021,0.0583002491770774,0.0634939315314794,0.0675689517855538,0.0705842649302186,0.0726129855033376,0.0737517479921685,0.0740794640487677,0.0736982258866151,0.0727026973546308,0.0711806401654563,0.0692132969670641,0.0668897431171077,0.0642768564279672,0.0614515031595325,0.0584728603256107,0.0553948004618761,0.0522663718202392,0.0491309958616648,0.0460281136188098,0.0429837442171089,0.0400222895897268,0.0371657541243281,0.0344337603029723,0.0318314766709214,0.0293671413371679,0.0270459670307629,0.0248703736045851,0.0228401336454534,0.0209524119767123,0.0192016683854625,0.0175793710068365,0.0160806235087896,0.0147040289008878,0.013436050000297,0.0122668323374054,0.0111996964585256,0.0102229486317756,0.00932692299744554,0.0085045698408812,0.00775561206977038,0.00707789830452009,0.00645425508391125,0.00587064385845896,0.00536376348057852,0.00488054823595442,0.0044554717092487,0.00404618330563982,0.003702047557934,0.00336056270964829,0.00306392316396292,0.00280175803714345,0.00254169626948868,0.00229298703542078,0.00211207874933354,0.00193179209010479,0.0017529347671044,0.00157607157128298,0.00140153345065238,0.00130163631664564,0.00120303922243357,0.00110450033488946,0.0010065289083578,0.000909501580577889,0.000813664275761674,0.000719139446147064,0.000625936470386899,0.000533962967697014,0.000443035137282064,0.000352885799369857,0.000334366246624658,0.000323246362979543,0.000310948837212842,0.000297617813902651,0.000283406573927781,0.000268473445199346,0.000252977119102136,0.000237071593522391,0.000220901144223162,0.000204595765389994,0.000188267454458754,0.000172007663743782,0.000155886035914414,0.000139950353658183,0.000124227485770411,0.000108724977335223,9.3432909448091e-05,7.83256945443565e-05,6.33635527515884e-05,4.84935140712308e-05,3.36498864683072e-05
-7.48815539089022e-07,-4.51018132531205e-07,-1.57125981743469e-07,0.000990212532262563,0.00733697681485951,0.016126692462935,0.0254401614458552,0.0343957406638651,0.0425413585386838,0.0496767564740525,0.0557099950797843,0.060631852041435,0.0644692089857794,0.0672845701170658,0.0691528536641745,0.0701647223013489,0.0704051717849871,0.0699689527895711,0.0689488721415563,0.0674308433053392,0.0655001163817001,0.0632379511408781,0.0607127576124581,0.0579889413922278,0.05512799654161,0.052184573972166,0.0492012751054904,0.0462198564353917,0.0432732833419202,0.0403886186272838,0.037588318801178,0.0348903581225933,0.0323087044293975,0.0298568028199328,0.0275391507900519,0.025357783119802,0.0233135862545425,0.0214047015125002,0.0196310326227785,0.0179891634136139,0.016465960196021,0.0150639394279065,0.0137673826884915,0.0125833402240727,0.0114925724678141,0.0104911206909458,0.0095742073310734,0.00873611910349892,0.00796999111223456,0.00726743554636245,0.00661790248814697,0.00604080366783754,0.00550796104675437,0.00501248254155138,0.00457737041008803,0.00416202117493313,0.00379927014537859,0.00346260809215981,0.00313464470177138,0.00287622898308252,0.00261983102056455,0.00236643219969539,0.00216067789627767,0.00198296672928306,0.00180662276633975,0.00163232780288158,0.00146051923995752,0.00132580062000423,0.00122878773706114,0.00113169536668025,0.00103510167777157,0.000939449469150933,0.000845045832644273,0.00075206822768492,0.000660574893162377,0.000570517267008965,0.000481752275448694,0.000394052845044124,0.000334057350683575,0.000323712840046632,0.000312115949626522,0.000299410173849647,0.000285750171478955,0.000271297763389577,0.000256217194589509,0.000240669967408377,0.000224809543336087,0.000208776371310377,0.000192693683860132,0.000176664386834437,0.000160769272884169,0.000145066556899374,0.000129592561117284,0.000114363243516856,9.93761869517335e-05,8.46126731462308e-05,7.00395468901707e-05,5.56106588283006e-05,4.12677916725936e-05,2.69410357358949e-05
-7.48815332239729e-07,-4.5101892500753e-07,-1.5712218589041e-07,0.000936076914886078,0.00696796119125925,0.0153600890964922,0.0242711476990672,0.03283115703652,0.040620147717527,0.0474184351022043,0.0531565962982829,0.0578146976410994,0.0614245907710883,0.0640498119361974,0.0657708057198879,0.0666624079967817,0.0668249301187786,0.0663429252936096,0.0653071542472253,0.063801492104912,0.0619191667112567,0.0597185205044444,0.0572841635209715,0.0546677164296548,0.0519280015152861,0.0491158416039559,0.046274749633861,0.0434415906891494,0.0406472142611527,0.0379170524518723,0.0352716785029871,0.0327273190225838,0.03029631265959,0.0279875073377913,0.0258065870747168,0.0237563172421825,0.021836692771382,0.0200449654294529,0.0183797825681883,0.0168407778445464,0.0154102086488196,0.0140999486748121,0.0128867678468175,0.0117700151097197,0.0107514988265846,0.00981576046050747,0.00895726101268613,0.00816930580947885,0.00744831128582278,0.00679871841697957,0.00620105047449582,0.00564219584613087,0.00515360362735427,0.00469092600386881,0.00428130936645156,0.00388980762646232,0.00355779907709807,0.00322957614356769,0.00294561348130294,0.00269274034979713,0.00244283487741293,0.00220579713797216,0.00203065277316231,0.00185672867075297,0.00168482875001318,0.00151550305897697,0.00134906131716334,0.00125262510463996,0.0011569991933098,0.00106175594835755,0.000967406566762096,0.000874322460273822,0.000782739505234742,0.000692767764932544,0.000604404365515998,0.000517547214109756,0.000432007632300375,0.000347520571428789,0.000323579537672341,0.000312732291386318,0.00030069924826877,0.000287635084963858,0.00027370380980459,0.000259074066364124,0.000243913846081454,0.000228384997254458,0.000212637895564451,0.000196806754340352,0.000181005981069676,0.00016532781976576,0.000149841397285617,0.000134593053875909,0.000119607688461429,0.000104890764569473,9.04305728966771e-05,7.62004121408435e-05,6.21604304640764e-05,4.82589802296944e-05,3.4433426261629e-05,2.06104147998287e-05
-7.48814628671166e-07,-4.51016067096249e-07,-1.57123062324133e-07,0.00088280316494803,0.00660647268497654,0.0146043699804529,0.0231140916983823,0.0312937600162169,0.0387240603913837,0.0451998593499509,0.0506460835608684,0.0550488261277692,0.05844193624627,0.0608893844367636,0.0624694301852092,0.0632519295549198,0.0633450729380471,0.0628259593737651,0.0617827339584142,0.0603049825741153,0.0584674227477302,0.0563380503373096,0.053992700372575,0.051484549462862,0.0488657774650592,0.0461846419839015,0.0434840427377466,0.0407964035351311,0.0381496172255652,0.0355675919013311,0.0330695059256442,0.0306703208264906,0.0283812342227854,0.0262100649283509,0.0241615609766034,0.0222376183422091,0.0204373922450428,0.0187572715033456,0.0171964144432393,0.0157540131064301,0.0144158826861501,0.0131856682481874,0.0120541506774028,0.011011661837598,0.0100543691386291,0.0091776848534187,0.00837616561332809,0.00764331749306184,0.00697125274566682,0.00635008923939488,0.00579476137726913,0.00528504767093014,0.00480887037809931,0.00439248991637418,0.00399343546868065,0.00364650544046196,0.00332267559272649,0.0030101064207011,0.0027607140993688,0.00251413913402888,0.00227134304874827,0.00207498277352841,0.00190345029120752,0.00173383539638606,0.00156680646914985,0.00140278043729632,0.00127456905369163,0.00118046547163798,0.00108658128426632,0.000993497513432679,0.000901652552184343,0.000811344041092434,0.00072273724039638,0.000635877701024288,0.0005507058355015,0.000467071238359525,0.000384745117061462,0.000322820653372218,0.000312772259470515,0.00030146074348398,0.000289039323964759,0.000275672829771904,0.000261533015086374,0.000246793249648691,0.000231622825488674,0.000216181343055927,0.000200613585749548,0.000185045327306559,0.000169580419078774,0.000154299283117181,0.000139258801796821,0.000124493387276732,0.000110016882335741,9.58249137717685e-05,8.18973113130462e-05,6.82002921876435e-05,5.46882113519158e-05,4.1304783695205e-05,2.7983752875789e-05,1.46490424786829e-05
-7.48813271659087e-07,-4.51020847651157e-07,-1.57124588344952e-07,0.000830440743701459,0.00625347479852025,0.0138696027760955,0.0219826463898531,0.0297820510178103,0.0368571201630969,0.043020270214608,0.0481839404888069,0.0523400126863576,0.0555274562349575,0.0578070657676933,0.0592547873087424,0.0599435375619961,0.059971049063576,0.0594229216968254,0.058382065971771,0.0569343254083239,0.0551473165050722,0.0530936841170515,0.0508389015629966,0.0484389804597222,0.0459399042488467,0.043388788990051,0.0408266270419652,0.0382805340569033,0.035777657995768,0.0333400124301727,0.0309850284373521,0.0287260459232531,0.0265727363905478,0.0245314475527142,0.0226054570630735,0.0207999582585642,0.0191136472642616,0.0175393078365126,0.016078379985081,0.0147260815558512,0.0134771395457323,0.0123206413162657,0.0112622555288949,0.0102899823421033,0.00939658896256322,0.00857681289227407,0.00782432953782102,0.00713195350215661,0.00651144273531057,0.00594060967411591,0.00540723358869885,0.00493742233189431,0.00449593328686609,0.00410216121693573,0.00372899239678039,0.00340947432762205,0.00309468663157309,0.00282396245684371,0.00258064610410509,0.00234101637877457,0.00211603613868465,0.00194693077823086,0.0017795534071873,0.001614695446499,0.00145288708357469,0.00129461086962062,0.00120211959079716,0.00110963783607997,0.00101781695474311,0.00092716428620052,0.000838042221121676,0.000750674650685862,0.000665158787889357,0.000581479991252524,0.000499527273044554,0.000419107598905545,0.000339957677726613,0.000312210902698764,0.000301670096849996,0.000289939799363962,0.000277184174098607,0.00026357672816151,0.000249294957001356,0.000234514546325026,0.000219403474367159,0.000204116504292206,0.00018879048957946,0.000173540874276692,0.000158459628601917,0.000143614627498104,0.000129050347186319,0.000114789571531609,0.000100835719883618,8.7175421445635e-05,7.37809743996912e-05,6.06124541040324e-05,4.7619319242461e-05,3.4741471127331e-05,2.1909776063606e-05,9.04609601820976e-06
-7.48814031032761e-07,-4.51017426012433e-07,-1.57124956801513e-07,0.000781365436480976,0.0059100190830957,0.0131474730636205,0.0208693818048858,0.0282939715621606,0.0350310791173167,0.0408839478473761,0.045775014474784,0.0496933571549227,0.0526866360881991,0.0548064054335205,0.056132097257556,0.0567351856690719,0.0567073424520293,0.0561376611718925,0.0551068637627562,0.0536915812814729,0.0519601776534856,0.0499835209292766,0.0478222153225592,0.0455294955772502,0.0431479475442579,0.040727653083332,0.0382982830740172,0.0358884007989008,0.0335231577432807,0.031222727340241,0.0290029535562344,0.0268798901477946,0.0248581182770282,0.0229430849712292,0.0211372250859164,0.0194412261170799,0.0178630826193193,0.0163884568296726,0.015022860369661,0.0137539216302955,0.0125890104752888,0.011511646512225,0.0105188463474449,0.00960694823243099,0.00877158978136739,0.00800762240949632,0.00730893593573222,0.00666814195714456,0.00607601096710017,0.00554298920916588,0.00505700506445996,0.00460047557004778,0.00420338737139481,0.00382088919838028,0.00349025711084429,0.00317952466463853,0.00288262120639624,0.00264258057530498,0.00240601836850436,0.00217386738385877,0.00198726226071214,0.00182213605597923,0.00165938292006888,0.00149965161146849,0.00134333577127049,0.00122196140664028,0.00113095857145713,0.00104043132513057,0.000950957092947339,0.000862965427485534,0.00077674205074005,0.000692439251536377,0.000610090352260412,0.000529625876164892,0.00045088929578825,0.00037365079813889,0.000311024746815072,0.000301303276084958,0.00029031306763145,0.000278216045527345,0.000265185986239662,0.00025140317590527,0.000237048500849108,0.000222297349904861,0.000207313729531908,0.000192245109662747,0.000177218365137358,0.000162337113875964,0.000147680562106183,0.000133303748981422,0.000119238959438127,0.000105497941153699,9.20745263327789e-05,7.89472988599252e-05,6.60820027807116e-05,5.34335068619789e-05,4.0947233655075e-05,2.85600416685649e-05,1.62005990418675e-05,3.78929772050283e-06
-7.48814225386942e-07,-4.51018999560465e-07,-1.57125020702143e-07,0.00073428981564738,0.00557965873943443,0.0124426450731806,0.0197879959908411,0.0268502037137796,0.0332487006787847,0.0387944910510045,0.0434234322112231,0.04711814271629,0.0499241445583244,0.0518918317510273,0.0531056555826162,0.0536307058512817,0.0535577830750561,0.0529729875794786,0.0519554793561033,0.0505778188081509,0.0489062234671629,0.0470068053471912,0.0449410227757683,0.042753553975703,0.0404907931290423,0.0381957783766353,0.0358941182137099,0.033614423913074,0.0313851413936405,0.0292209294988802,0.027134382865103,0.0251362002707208,0.0232342951963816,0.0214404946011653,0.0197493991370461,0.0181597246395574,0.0166830242759445,0.0153018253172214,0.014026790723771,0.0128410308831609,0.0117480015860174,0.0107441783883414,0.00981931941174672,0.00896927671399818,0.00818909110433799,0.00747282353273058,0.00681323995500851,0.00621889310812245,0.00567542670093793,0.0051679252797544,0.00471736296400581,0.00429738953847407,0.0039198261599891,0.00356521524073293,0.00325853276713845,0.00295734084664777,0.0027000960795125,0.00246658754229839,0.00223734353608211,0.00202449016880393,0.00186168775567591,0.00170103169988464,0.00154329356659885,0.00138897988334957,0.0012399682820665,0.00115055187523146,0.00106138099293042,0.000973103408396121,0.000886217533565981,0.000801073674479039,0.000717882498437043,0.000636728587485882,0.000557586706617924,0.000480338545669638,0.000404788123495395,0.000330674621210625,0.000300337557933711,0.000290136086757511,0.000278746200043692,0.000266340364500749,0.00025310019369311,0.000239210486482823,0.000224852923164758,0.000210199893332281,0.000195408869625,0.000180617827036855,0.000165941993749389,0.000151472109201539,0.000137274183193578,0.000123390530827387,0.000109841779405604,9.66294610356422e-05,8.37387893721896e-05,7.11413153611179e-05,5.87972063237346e-05,4.66570253577059e-05,3.46629611773509e-05,2.27495330245213e-05,1.08438192134813e-05,-4.46827077264789e-10
-7.488152718956e-07,-4.51019758119381e-07,-1.57125242497858e-07,0.000688114668816203,0.00525994128553224,0.0117635025193018,0.0187275405831367,0.0254344404186722,0.0315057799784758,0.0367611060306781,0.0411325219481408,0.044616811015362,0.0472437509599292,0.0490688389305356,0.0501787594230719,0.0506328892082247,0.0505236004492669,0.0499304625512417,0.0489286646254347,0.0475929836996736,0.0459845608677924,0.0441616999859164,0.0421926634853015,0.0401076183952304,0.0379648759605827,0.0357881366112763,0.0336106200417853,0.0314646981127349,0.0293628619075063,0.0273222630969049,0.025362426424288,0.0234891368086596,0.0217061339875351,0.0200214597879356,0.0184394921025944,0.0169513844439723,0.0155705352113287,0.0142782388044232,0.0130868763044204,0.0119822911661985,0.010960390542156,0.010018372137232,0.00915278970331836,0.00835954159630124,0.00763379887898137,0.00696984809943346,0.0063607999619935,0.00579806309502553,0.00528783376175506,0.00482588323336212,0.00438930988433273,0.00401178166369984,0.00364606991831864,0.00333192479949359,0.0030345270580075,0.00275328083962305,0.00252289433320893,0.00229651369111519,0.00207503607729854,0.00189826817089509,0.00173975790089806,0.00158398461868704,0.00143157259796184,0.00128289055684646,0.00116840441125145,0.00108068272060684,0.000993650731186152,0.000907876629079869,0.000823777462433934,0.000741625258308415,0.000661559157367954,0.000583601257808355,0.000507673863055532,0.000433616134456385,0.000361198677221241,0.000298752319892613,0.000289386948376055,0.000278752659377141,0.000267018899481532,0.000254367040402795,0.000240984366614067,0.000227057634003233,0.000212766591799743,0.00019827797691515,0.000183740385194978,0.000169280457188029,0.000155000543467825,0.000140977914369205,0.000127265373280914,0.000113892969207527,0.000100870461507747,8.81901399708369e-05,7.5829643101837e-05,6.37545092883266e-05,5.19202743430194e-05,4.02740366241646e-05,2.87554843805232e-05,1.72974267513339e-05,5.82588838057217e-06,-4.46949616187633e-10
-7.4881719995949e-07,-4.51018745737455e-07,-1.57126126402055e-07,0.000644410186177185,0.00495143159015845,0.0111022574867504,0.0177069541407723,0.0240638880873193,0.0298146915086968,0.0347898655942385,0.0389122435752899,0.0421905832543284,0.0446482525699031,0.0463433275963083,0.0473536458573646,0.0477434335063603,0.0476071677318228,0.0470107085302209,0.0460285699144805,0.0447358969437622,0.0431931982914866,0.0414525925707115,0.0395734648944608,0.0375964293055896,0.0355628695411992,0.0335028724073666,0.0314521839729591,0.0294246496555479,0.0274472165364449,0.0255330325874771,0.0236891397051693,0.0219321291695875,0.0202634795020689,0.0186834169349022,0.0172047161504986,0.0158126650435331,0.0145224464248775,0.0133175403842906,0.0121995970318862,0.0111709109678754,0.0102198658270239,0.00934328530225646,0.00853729789115721,0.00779727427444539,0.00711767635152261,0.00649176671958477,0.00592359445407264,0.00540775141338149,0.00492625217795408,0.00449534562568901,0.00409695423644369,0.00373591318305226,0.0033998327876129,0.00310628743997151,0.00281881777356884,0.00257504673711705,0.00235156416622739,0.00213279038972826,0.00193189680272909,0.00177563486004392,0.0016218518905176,0.00147129370880152,0.00132444059318248,0.00118448413550129,0.00109833235198683,0.0010126239485967,0.000927996996233928,0.00084493676273166,0.000763779142847935,0.000684720933304844,0.000607834766514031,0.000533086379522024,0.000460352101766994,0.00038943487602524,0.000320077687885288,0.000288045617914553,0.000278214396304298,0.000267200750256119,0.000255184107308209,0.000242352696374448,0.000228896980852583,0.000215002945263218,0.000200845685414615,0.000186583813281244,0.000172355038809665,0.000158273254840695,0.00014442717337801,0.000130880447063205,0.000117673035629671,0.000104823462056013,9.23315850952984e-05,8.01815184254025e-05,6.83443868482187e-05,5.67807082113161e-05,4.54422725642363e-05,3.42734823354733e-05,2.32121801444532e-05,1.21900187138938e-05,1.1324336968253e-06,-4.47764936172269e-10
-7.48815189365601e-07,-4.51020771166252e-07,-1.57126263675174e-07,0.000603686717681929,0.00465459144624301,0.0104604367875901,0.0167105233359924,0.0227310672021231,0.02817653597747,0.0328740156145062,0.0367653054094356,0.0398412681482299,0.0421394139835537,0.0437142085820916,0.0446314433446386,0.0449711126568939,0.0448081906091811,0.0442130587289826,0.0432574761654523,0.042006663170608,0.0405290644618488,0.0388723506641204,0.0370803351144608,0.0352098685174003,0.0332820576959021,0.0313417221462506,0.029401499347624,0.0274991754348404,0.0256379048022958,0.0238397245842658,0.0221135094689024,0.0204628640423439,0.0189030178793712,0.0174235018579341,0.0160420229325418,0.0147423915452841,0.0135353811986491,0.0124129148865483,0.011369918669688,0.0104044848606235,0.00951711725485224,0.00869998657540591,0.00794718285621089,0.00725765594950508,0.00662874756859877,0.00605166008092539,0.00551842636703942,0.00503138882622876,0.00459353430134889,0.00417715651907772,0.00381922305680825,0.00347047131172794,0.00317277898082211,0.0028889038267031,0.00262309653754775,0.00240262169664859,0.00218655428298839,0.00197575084700777,0.00180869743974903,0.0016569816829659,0.00150828056001446,0.00136319033499593,0.00122205416006861,0.00111430761794753,0.0010300278511318,0.00094661130254855,0.000864612227772129,0.000784432326843197,0.00070632879546353,0.000630427908640619,0.000556741856642276,0.000485186640330875,0.00041559917688538,0.000347752278564946,0.000286094697929832,0.00027711202525023,0.000266865842066141,0.000255531766853481,0.000243297292419546,0.000230355100727834,0.000216896127600686,0.000203102812941193,0.000189143014118825,0.000175165045329808,0.000161294135206411,0.000147630486056934,0.000134248867726266,0.000121199563924535,0.00010851036457199,9.61892117634844e-05,8.42271419463031e-05,7.26011925845377e-05,6.12770143050904e-05,5.02110378067301e-05,3.93521170920527e-05,2.86426461620465e-05,1.80191981290734e-05,7.4127479594103e-06,-4.90287350836066e-10,-4.47637246968593e-10
-7.488180390224e-07,-4.51020275603985e-07,-1.57125050630331e-07,0.000563605839866528,0.00436977297278525,0.00984694313471616,0.0157537290426163,0.0214455747119465,0.0265845471282677,0.0310212015581878,0.0346864084985127,0.0375696403167221,0.0397179196657136,0.0411819618584227,0.0420159954505363,0.0423107589921507,0.0421255857244818,0.04153572268218,0.0406097152846964,0.0394096960469201,0.0379916340763061,0.0364152332488245,0.0347198640386791,0.0329403143164757,0.0311267207640728,0.0292904396259314,0.0274710768073013,0.0256747676544468,0.0239322537966922,0.0222412238135824,0.0206266243352467,0.019080730587145,0.0176218524739403,0.0162385937840034,0.0149481396210977,0.0137362241126472,0.0126057702507005,0.011560691221566,0.0105905114559656,0.00969300819670874,0.00886528574920218,0.0081037846334087,0.00740423121375297,0.00676150330332468,0.00616936317774457,0.00562779930714324,0.00513960843691559,0.00468402105604586,0.00427308574584088,0.00389613795487596,0.00355185747550593,0.00323408827072017,0.00295391687954431,0.00268024410955674,0.00244975927789015,0.00223647204005192,0.00202821417663509,0.00183894656096542,0.00168942351224963,0.00154263159717808,0.00139928650482114,0.00125984079172697,0.00112857096436991,0.0010458497351382,0.000963732949076508,0.000882843884639994,0.000803651373645257,0.000726475295683387,0.000651498433457835,0.000578782458453929,0.000508285816759866,0.000439881553794663,0.000373373556757996,0.00030851020857965,0.000275428516380462,0.000265995503484302,0.000255390965864514,0.00024379981096272,0.000231415299579741,0.000218431905363394,0.000205038234293467,0.000191410502445171,0.00017770700231392,0.000164063975608129,0.00015059303595714,0.000137380221896486,0.000124486478894123,0.00011194930987971,9.97852406936226e-05,8.79927128191563e-05,7.65550696635094e-05,6.54433570607385e-05,5.46187356871424e-05,4.40344067168805e-05,3.36370131360284e-05,2.33675435991131e-05,1.31617991393583e-05,2.95048504023766e-06,-4.91757620172697e-10,-4.45424164750696e-10
-7.48815136903092e-07,-4.51022925083944e-07,-1.57127816444044e-07,0.000526195971567459,0.00409721319598513,0.0092576023875596,0.0148306946902526,0.0202014455720601,0.0250600209270168,0.0292402642281545,0.0326810089638713,0.0353929826004306,0.0373953894747514,0.0387459184056697,0.0395138473298668,0.0397603993245846,0.0395570997017642,0.0389757593936946,0.0380816408570063,0.0369337426389238,0.0355850534961076,0.0340827961469997,0.032475134983761,0.030799912806513,0.0290808500721936,0.027357841272662,0.02564228168266,0.0239596458637771,0.0223213312770576,0.0207401817948657,0.0192257911364498,0.017781188651241,0.0164168238419295,0.0151253557241301,0.0139195992643371,0.0127905904114224,0.011736307856924,0.0107570048465349,0.00985430879479502,0.00901920181752321,0.00824840281676745,0.0075378723881941,0.00688268355782833,0.00628804403577425,0.00574291166564797,0.00523908069305638,0.00477551708175804,0.00436162725721059,0.00396671677151411,0.00362710620879744,0.00329541131729133,0.00301397009282891,0.00274373885564341,0.0024930022574136,0.00228263663504072,0.00207696407401774,0.00187679738890175,0.00171919431693729,0.00157441014770961,0.00143283878583372,0.00129504625262244,0.00116135033170454,0.00106006201446435,0.00097935848206567,0.000899653324617585,0.00082148318934206,0.000745232414396928,0.000671142810988131,0.000599328417264817,0.000529792991053786,0.000462448188249562,0.000397130760873912,0.000333617580194655,0.000273149884491396,0.000264573132440683,0.00025474381875857,0.000243842292461295,0.000232060581568822,0.000219595121449314,0.000206639372882613,0.000193376857027065,0.000179975101728692,0.000166580879883511,0.000153317033191505,0.000140280907519367,0.000127544346672477,0.000115154954087838,0.00010313830098813,9.15007166959515e-05,8.02322910066584e-05,6.93098007227213e-05,5.86993358724255e-05,4.83584747042552e-05,3.82379576400942e-05,2.82828538305135e-05,1.84332677751189e-05,8.62465134596996e-06,-5.399984993764e-10,-4.92296606625376e-10,-4.47786086729265e-10
-7.48817601741707e-07,-4.51022170990826e-07,-1.57130770674065e-07,0.000491332156066137,0.00383703009240925,0.00869078315918675,0.0139379631099327,0.0190105097833382,0.0235799436809869,0.0275161320590135,0.0307604822066277,0.0332971735698044,0.0351669457822495,0.0364163404434403,0.0371145958847577,0.0373172524057532,0.0371071369164405,0.0365396519578558,0.0356768692607732,0.0345759050040597,0.0332937842367802,0.0318740755104784,0.0303533872101997,0.028765796010665,0.0271538412723586,0.0255297439319788,0.023918029678002,0.0223412651765181,0.02080271118885,0.019326037642836,0.017908000455713,0.0165587799305327,0.0152845500312866,0.0140802699567634,0.0129527636985646,0.0119017676360688,0.0109213769826523,0.0100104006469905,0.0091669254578043,0.00838837922396632,0.0076715487065692,0.00701254065654005,0.00640666305135117,0.00584818062024229,0.00533351007716315,0.00487281346047473,0.00444287354130224,0.00405211092947293,0.00369631095585903,0.00336893519625125,0.00306911683150165,0.00280247567399603,0.00254260913752494,0.0023250953901436,0.00212211211568449,0.00192436689010294,0.00174628269199933,0.0016036483197806,0.0014639233716478,0.00132779050996594,0.00119567410840554,0.00107262473265422,0.000993469986834228,0.000915045926867613,0.000837957060452078,0.000762653412907472,0.00068943793288071,0.000618479669644405,0.000549830513133202,0.000483443374006488,0.000419190027192542,0.000356877256346833,0.00029626043921018,0.000262584834560068,0.000253574218295179,0.000243407709145776,0.000232274149965622,0.000220370186501963,0.000207892648093048,0.000195031171230568,0.000181961608101205,0.000168840672829279,0.000155802096458507,0.000142954475949247,0.000130380693063128,0.000118138756139662,0.000106263700819725,9.47702049391134e-05,8.36555582718772e-05,7.29026603085361e-05,6.24828065442901e-05,5.23580917161685e-05,4.24833294469642e-05,3.28074757615966e-05,2.3274576453863e-05,1.38242941224626e-05,4.39208614503573e-06,-5.40510808607973e-10,-4.89547721019249e-10,-4.48255138280297e-10
-7.48817040452147e-07,-4.51018877167239e-07,-1.57128002997784e-07,0.000456643169292792,0.00358922016926768,0.00814731114168783,0.0130906972929919,0.0178583819325297,0.0221727194723329,0.0258740678397595,0.0289073683555554,0.0312831670201593,0.0330247118408956,0.03418893551556,0.0348177622511711,0.0349974815039836,0.0347769868551379,0.0342227203109152,0.0333947196110203,0.032346907290784,0.031127365339235,0.0297786114828439,0.028342010768317,0.0268529310891241,0.0253319210498203,0.0238030968091052,0.0222965649893524,0.0208158180426821,0.0193770339271065,0.0179957530785208,0.016669974129913,0.0154100785969583,0.0142214619286651,0.0130996673189434,0.0120460385908838,0.0110658846280046,0.0101542916856344,0.00930756579633632,0.00852348858367885,0.00779914391613833,0.00713088730625292,0.0065142321139418,0.00594988280682452,0.00543651508900758,0.00496181454850442,0.00452186856517153,0.00413165931585754,0.00375949800279959,0.00343668043768609,0.0031220483440393,0.00285653523234981,0.00259999065779496,0.00236385560681571,0.00216372619004833,0.00196847099438722,0.00177885769432244,0.00163035089710283,0.0014925865751898,0.00135816160544053,0.0012276107187378,0.00110122722392307,0.00100603738795618,0.000929013053260851,0.000853086704660259,0.000778774726341655,0.000706442862941681,0.000636317507362804,0.000568501350290987,0.000502991238140614,0.00043969634830228,0.000378455196945629,0.000319050447732022,0.00026122093969266,0.000251868429016429,0.000242480523466797,0.000232039905509497,0.000220741527613466,0.000208783918535669,0.000196361460711367,0.000183657281591814,0.000170837274916996,0.000158045625673844,0.000145401983002668,0.000133000321974686,0.000120909277657078,0.000109173704544201,9.78170612947612e-05,8.68442831411216e-05,7.62448089129059e-05,6.5995477793051e-05,5.6063118538508e-05,4.64066997897576e-05,3.69789927044152e-05,2.77277545840515e-05,1.85964743095466e-05,9.52474338580782e-06,4.4831588769709e-07,-5.39666129227684e-10,-4.92177897286148e-10,-4.48504284694948e-10
-7.4881956557187e-07,-4.5102254889621e-07,-1.57129661883228e-07,0.000426132153875425,0.00335365792346164,0.00762783143517232,0.0122780411264227,0.0167656415044173,0.0208133441859236,0.0242878875604635,0.0271446339088902,0.0293663132057129,0.0309887076071567,0.0320538264286733,0.0326384113665273,0.0327810707505615,0.0325511433058999,0.0320156086456434,0.0312230202938376,0.0302245951791777,0.0290710419012867,0.0278011236014925,0.0264484699196266,0.0250431039502767,0.0236106653724236,0.0221832442373164,0.0207685085343444,0.0193804725780811,0.0180376231734311,0.0167460138667373,0.0155082095071071,0.014331464668654,0.0132238322944903,0.0121797487993691,0.0112001870619923,0.0102851463762965,0.00943379524239308,0.00864457922810877,0.00791529080670894,0.00724309558304977,0.00662450409566388,0.00605526788152174,0.00553015655394248,0.00504252441996046,0.00460898490596843,0.00420429103198753,0.00383377409724147,0.00349870814614726,0.00318827520076931,0.00290594774375833,0.00265290242299475,0.00240677748041411,0.0022018356609566,0.00200919661695336,0.00182190524379226,0.00165449909760092,0.00151884840476655,0.00138621900168141,0.00125725899737184,0.00113236497767549,0.00101702062527653,0.000941534149065809,0.000866872283246252,0.000793617858770525,0.000722200605763098,0.000652906236173074,0.000585890691803784,0.000521197366443873,0.000458775320190529,0.000398496889411524,0.000340173503103826,0.000283568983580955,0.000249615714879546,0.000241047235585918,0.00023134296035686,0.000220694045339903,0.00020929888964798,0.000197355063165106,0.000185051733586581,0.000172563082290441,0.000160043145603851,0.000147622331635401,0.000135405638252738,0.000123472481012043,0.000111877816606685,0.000100654268003611,8.98148512021334e-05,7.93559615833207e-05,6.92603549105935e-05,5.94998769486197e-05,5.00378134414892e-05,4.08307791643807e-05,3.18301283475384e-05,2.29829167062822e-05,1.42324669081865e-05,5.5186044712044e-06,-5.93100697116199e-10,-5.39612318993645e-10,-4.92332013851631e-10,-4.48739746754036e-10
-7.48818969094333e-07,-4.51021865021112e-07,-1.57127371821603e-07,0.000396046773002419,0.00313009723585799,0.0071350751127993,0.011499236965015,0.0157170891175556,0.0195214684986332,0.0227854709000446,0.0254490394510485,0.0275246150354354,0.0290375293775864,0.0300327425495512,0.0305523482714603,0.0306769995835866,0.0304503457606148,0.0299310174202848,0.0291736564818462,0.0282270207969412,0.027134283256877,0.0259333388609904,0.024657126911055,0.0233340224795916,0.021996944145185,0.0206571036390019,0.0193309991461355,0.0180320619241096,0.0167793946551237,0.015573274303225,0.0144190192877417,0.0133211458273103,0.0122877969239182,0.0113165975229427,0.010406180640515,0.00955624589716933,0.0087656871279933,0.00803267406482411,0.00735468902070011,0.00672850701837534,0.00615009676936852,0.00561615790244198,0.00513421092638593,0.00468822912283654,0.00427189430847138,0.00390496289026669,0.00355502280919065,0.00324905634717794,0.00295139417527064,0.0027014018475248,0.00245850139817928,0.00223643633830528,0.00204659363410469,0.00186171415451299,0.00168252051469192,0.00154270598774696,0.00141199686914447,0.00128469045270907,0.00116129017394686,0.00104206630425499,0.000952578702769882,0.000879302304402097,0.000807191219187176,0.000736739853199895,0.000668294832244397,0.000602067530885157,0.000538150364029951,0.000476534761816754,0.000417129120524654,0.000359775414505692,0.000304263597078488,0.000250343317085355,0.000239096962597063,0.0002301701351998,0.000220213580944431,0.000209423528386107,0.000197999005779498,0.000186133796422098,0.000174009291853548,0.000161788644405783,0.000149612578943985,0.000137596960905705,0.000125832022577497,0.000114383055074597,0.000103292177090085,9.25808794757273e-05,8.22529363293742e-05,7.2297404308464e-05,6.26914706169956e-05,5.3402966153026e-05,4.43924579027059e-05,3.56148787844907e-05,2.70206992500116e-05,1.85566897112435e-05,1.01663289724817e-05,1.78992154649155e-06,-5.93575277471553e-10,-5.40670493276764e-10,-4.92234051385021e-10,-4.48820484639064e-10
-7.48817404515645e-07,-4.510225240452e-07,-1.57130664454321e-07,0.000368013281923899,0.00291817499198402,0.00666894505639818,0.0107552135322336,0.0147120655722961,0.0182870725859755,0.0213417496291705,0.0238446904914177,0.025782786419145,0.0271879737984328,0.0280973591135487,0.0285829469334682,0.0286774668309883,0.0284469365218101,0.0279503163515877,0.0272300375612412,0.0263328443431323,0.0252999529864513,0.0241673813900348,0.0229693016721778,0.0217329524104414,0.0204775860298629,0.019221779525364,0.0179808340743527,0.0167678257369243,0.0155987577088906,0.014473797293514,0.0133985658011191,0.0123770504754558,0.0114118490137815,0.0105061784656853,0.0096599413209873,0.00887004859781796,0.00813509159836895,0.00745290581326735,0.00682063055473012,0.00624215138641782,0.00570918747344828,0.00521701541699939,0.00475957942670757,0.00434955052065531,0.00396959528755126,0.00361926228754049,0.00330443039161937,0.00301086713437364,0.00274550372738592,0.00250602476249318,0.00227349897294247,0.00208067941179292,0.0018983531703896,0.00172139846294676,0.00156413678998587,0.00143550720182036,0.00130995228634717,0.00118808523821306,0.00107027597152431,0.00096210807875197,0.000890355399630036,0.000819491852862233,0.000750076666521547,0.000682518556226086,0.000617086216126335,0.000553923370012222,0.000493066239763072,0.000434461588594765,0.000377983911384922,0.000323450760309768,0.000270635607514973,0.00023662201463134,0.000228510492868328,0.000219287365226867,0.000209144481206483,0.000198280377021415,0.000186891850516093,0.000175166227944668,0.000163274870676384,0.000151368248363499,0.000139572798693959,0.00012798953949441,0.000116694226762403,0.000105738763231047,9.51534726881512e-05,8.49499044381728e-05,7.51238119862884e-05,6.56580701314091e-05,5.65253286790013e-05,4.76902828708441e-05,3.91115033455023e-05,3.07428153220866e-05,2.25342525736268e-05,1.44326434021649e-05,6.38188204749377e-06,-6.52564846285109e-10,-5.94165882091652e-10,-5.40719954281525e-10,-4.92439825522627e-10,-4.49437877736812e-10
-7.48819601761879e-07,-4.51022414178064e-07,-1.57131939390447e-07,0.000342119967440595,0.00271741702240413,0.00622639812679298,0.0100559077442293,0.0137641616252514,0.0171053870837399,0.0199732374260108,0.0223076148948301,0.0241171401914913,0.0254192785264206,0.0262728281629801,0.0267037453006343,0.0267876231728334,0.0265615070409151,0.026080503794852,0.025393824844039,0.0245451050879816,0.0235727241582951,0.022510137132308,0.0213862180264735,0.0202256157854854,0.0190491196933617,0.0178740290838782,0.0167145210470664,0.0155825596831597,0.0144919236977587,0.0134436888211996,0.012442888528303,0.0114930251808469,0.0105962979087277,0.00975379845725377,0.00896567338031308,0.00823125076552749,0.00754912864748479,0.00691721971203327,0.0063327417722691,0.00579213295621275,0.00529084871035031,0.00483752378537601,0.00441973796869716,0.00402764266334507,0.00368270853733577,0.00335438792711933,0.00306520906298141,0.00278518576304762,0.00254938875962899,0.00232000305838223,0.00211144302142761,0.00193185957674421,0.00175724881227681,0.00158828956673539,0.00145674273331743,0.00133307023758855,0.00121280924439978,0.00109643272184785,0.000984189753313257,0.000900001965248527,0.00083050704640835,0.000762216045834017,0.000695600491159651,0.000630987948008122,0.000568575520106618,0.000508446526811557,0.000450588403776745,0.000394910256089948,0.000341258932998147,0.000289432892758456,0.000239193485523682,0.000226355871677787,0.000217904511559152,0.000208449484477114,0.000198186703136675,0.000187314148993972,0.000176023634894628,0.000164493622252455,0.000152883590413383,0.000141330135638944,0.000129944903597692,0.000118814187231608,0.000107999877580342,9.75414621612998e-05,8.74586339354018e-05,7.77542286368316e-05,6.84171718664123e-05,5.94252356101878e-05,5.07474677300652e-05,4.23462028134506e-05,3.41786348174723e-05,2.61979655309822e-05,1.83541613915782e-05,1.05943851853691e-05,2.86315329459332e-06,-6.51136203892047e-10,-5.93792404800298e-10,-5.37234487609782e-10,-4.89818069001014e-10,-4.47709617706423e-10
-7.48819244664626e-07,-4.51022430906387e-07,-1.57129652674883e-07,0.000316801593444677,0.00252880026245408,0.00580720256616026,0.00939138764913144,0.0128634099920038,0.0159930159477586,0.0186739565654932,0.0208541994202523,0.0225393852080247,0.023756031448486,0.0245359948768128,0.0249336860632849,0.0249917786018687,0.0247746571117743,0.0243175177529525,0.0236675139788661,0.0228662969373092,0.0219503550548648,0.0209513632029091,0.0198965428823978,0.0188090316799702,0.0177082579051939,0.0166103147251236,0.0155283274745926,0.014472807750215,0.0134549407302858,0.0124789255372298,0.0115479234296407,0.0106649871690762,0.00983194071281423,0.00904955507539896,0.00831768812673672,0.00763538506334072,0.00700093364955254,0.0064118629228556,0.00586724076535952,0.00537004777671594,0.00491026518537447,0.00448241794727544,0.00409574988367976,0.00373994593330176,0.00340960169548972,0.00311444320540656,0.00283756632605479,0.00258859829534882,0.00236256193131654,0.00214341574781913,0.0019622430167517,0.00179012706728168,0.0016233339259889,0.00147567959835426,0.00135405122309337,0.00123550050986134,0.00112060633505718,0.00100971356971192,0.000908205653391789,0.000840215795752549,0.00077315338219685,0.000707552976857332,0.00064380219437165,0.000582153335961932,0.000522738979632285,0.000465589486647572,0.000410650714197225,0.000357800656490135,0.000306864173706581,0.000257625313622945,0.00022370144042015,0.000216056498912322,0.000207327807132117,0.000197706316252448,0.000187389165742986,0.000176570968532691,0.000165436008658342,0.000154151843201732,0.000142864660957332,0.000131696471942781,0.00012074406657676,0.000110079486223501,9.97516399525206e-05,8.97887161425121e-05,8.0201001638806e-05,7.09838356905666e-05,6.21204406390577e-05,5.35844747453322e-05,4.53422126074549e-05,3.735429774535e-05,2.95770733342184e-05,2.19635170732437e-05,1.44638276143524e-05,7.02572354722857e-06,-7.15922361106004e-10,-6.51520668733368e-10,-5.94801805455082e-10,-5.40481869213752e-10,-4.93930354799392e-10,-4.48669037575666e-10
-7.48820905008535e-07,-4.51024922593947e-07,-1.5713525088913e-07,0.000294562127122839,0.00235369306323034,0.00541093059958317,0.00876128766994954,0.0120072454301607,0.0149362497004863,0.0174363189330779,0.019477132238725,0.0210475875618305,0.0221733998922191,0.0228912031364099,0.0232577118590165,0.0233047403412081,0.0230833973934298,0.0226509514622657,0.0220377420204579,0.0212834475448713,0.020422693398639,0.0194854174637045,0.0184972442035654,0.0174798642347519,0.0164514145917983,0.0154268538048322,0.0144183255784649,0.0134355052021998,0.0124859235311101,0.0115753739821045,0.0107095122441057,0.009888764062589,0.00911458884183108,0.00838743035298766,0.00770682926415584,0.00707488566107262,0.0064886113000798,0.00594532483307232,0.00544194709517791,0.00497445407763113,0.00454776257659491,0.00415756399550843,0.00379093595127606,0.0034659052554585,0.00315855158787617,0.00288597913899339,0.00262362652333555,0.00240120553459108,0.00218512133548144,0.00198948897534084,0.00182006178226675,0.00165554960431147,0.00149658968607597,0.00137288574291057,0.00125617899877391,0.00114284653236209,0.00103333230648124,0.00092786630945034,0.000848590142570009,0.000782875778242917,0.000718378917703332,0.000655547996298965,0.000594692032010029,0.000535994842258918,0.00047953188575591,0.000425287911678484,0.000373174004387866,0.000323043022069765,0.000274702850198862,0.000227927174160431,0.000213737695909541,0.000205770699456515,0.000196828753405291,0.00018710591389682,0.000176797701440899,0.000166092706097532,0.000155165460892357,0.000144171002575065,0.000133241297562098,0.000122483505423447,0.000111979880382116,0.000101788978379327,9.19477816245668e-05,8.24743887721547e-05,7.33709098799036e-05,6.46263505665515e-05,5.62192686462993e-05,4.81200913538799e-05,4.02930431046981e-05,3.26976465149771e-05,2.52898299977235e-05,1.80226739398407e-05,1.08468485236842e-05,3.71079819013852e-06,-7.14965681932934e-10,-6.51696382133074e-10,-5.93044640138438e-10,-5.41501675773501e-10,-4.93453145568524e-10,-4.49632795602732e-10
-7.48819272487655e-07,-4.51027118746257e-07,-1.57133852100232e-07,0.000272138809503135,0.00218850775273367,0.00503696299514136,0.00816535471122508,0.011195796918755,0.0139329760798494,0.0162654009590487,0.0181688635532412,0.0196308669537257,0.0206718166191003,0.021345666225901,0.0216707952105478,0.0217122955982282,0.0214994312922806,0.0210795057620969,0.0205025815914649,0.0197942063105286,0.0189869988193316,0.0181092116980796,0.0171849337220232,0.016234476124316,0.0152747550390455,0.0143196642373605,0.0133804323067611,0.0124659589447036,0.0115831258979017,0.0107370790569508,0.00993147915287287,0.00916871923469615,0.0084501074942436,0.0077760137996746,0.00714597729329589,0.00655876986624675,0.00601240521106628,0.00550407269110235,0.00503922767629633,0.00461119242297663,0.00421224744842221,0.00384863472158019,0.00351633683988749,0.00320566040766725,0.00292957436820118,0.0026690966719525,0.00243593249792036,0.00222312592411956,0.00201706722066024,0.00184705771679918,0.00168498238326519,0.0015281211874571,0.00138955004056812,0.00127484849517852,0.00116318516557806,0.00105510592624638,0.000950932584299999,0.000855596409710025,0.000791363236119002,0.000728072975017978,0.000666235156628917,0.000606216712824234,0.000548254457414577,0.000492470998586308,0.000438892093818361,0.00038746390470648,0.000338069013563869,0.000290540481837083,0.000244673584707053,0.000210945858076839,0.000203771868808172,0.000195545165938999,0.000186454307214952,0.000176693605564928,0.000166454224226128,0.000155916343256505,0.000145242929559478,0.000134575336635719,0.000124030835488999,0.000113701879334172,0.000103656818752455,9.39417045464929e-05,8.45827634274064e-05,7.55892339535188e-05,6.69562427439153e-05,5.86675467622579e-05,5.0697974568027e-05,4.30154995937734e-05,3.55829139645539e-05,2.83590972728717e-05,2.12999214146096e-05,1.4358830275103e-05,7.48715135517442e-06,6.34184947477926e-07,-7.11099610541742e-10,-6.49623897822883e-10,-5.94771252634371e-10,-5.41773329156617e-10,-4.90033984895038e-10,-4.49350590998229e-10
-7.48821313060876e-07,-4.51025530421123e-07,-1.57134997785487e-07,0.000252905753424316,0.00203238290408982,0.00468449671046546,0.00760306928409246,0.0104288592247357,0.0129832027338304,0.0151662043853229,0.0169304792385667,0.0182905703372434,0.0192665350251722,0.0198837162483636,0.0201788985385863,0.0202095064412609,0.0200072471620386,0.0196105819653854,0.01905960033146,0.0183957637592988,0.0176401225568225,0.0168193021245998,0.0159559207484121,0.0150689791726994,0.0141742419454085,0.0132846048387491,0.0124104429518279,0.0115599347661187,0.0107393582965035,0.00995335638727564,0.00920516888917669,0.00849682989593468,0.00782932797834226,0.00720272634126698,0.00661623719924121,0.00607042414210731,0.00556770473757306,0.00510088878250335,0.0046664764515058,0.00426601967901493,0.00390273615651288,0.00356085164047608,0.00325539998649138,0.00296832868690459,0.00271207271853828,0.00246671379684176,0.00225745148929207,0.00205437831315507,0.00187109863671451,0.00171165466450786,0.00155701279818978,0.0014077714709431,0.00129149854315262,0.00118163818679625,0.00107507701430217,0.000972231866383568,0.000873315843688171,0.000798589750952112,0.0007366226298412,0.000675865320655198,0.000616743459723835,0.000559548368841247,0.000504451702110381,0.000451522280551925,0.000400743346673983,0.000352029011618099,0.000305239010046779,0.000260191297082844,0.000216672275075856,0.000201327951471628,0.00019384875589162,0.000185425533255595,0.000176249077946179,0.0001665111616723,0.000156396067340136,0.000146073551077041,0.000135693625153382,0.000125383266788109,0.000115245003536448,0.000105357062693023,9.57747734904044e-05,8.65327979737856e-05,7.76478291424997e-05,6.91214575148911e-05,6.09429492359884e-05,5.30917987682876e-05,4.55399367838205e-05,3.82535519085384e-05,3.11945267301884e-05,2.43214909464243e-05,1.75905468398163e-05,1.09557080080039e-05,4.36910015414316e-06,-7.85037252666036e-10,-7.15855585906315e-10,-6.50717343855046e-10,-5.92943393819831e-10,-5.41585830818015e-10,-4.93565767773239e-10,-4.49511663626287e-10
-7.48820224561564e-07,-4.51029421582425e-07,-1.57134729684774e-07,0.000233488698854639,0.00188439511678784,0.00435255583727007,0.00707365106640648,0.00970589553504322,0.012086548948343,0.0141268378524806,0.0157723958550477,0.0170368963197219,0.0179394478405542,0.0185043442154616,0.0187788850702492,0.0187946468942044,0.0186033000569064,0.0182295289858688,0.0177112253824826,0.0170849071682459,0.0163785631163396,0.0156119434477793,0.0148062630974797,0.0139792807665841,0.013145676129247,0.0123174092470291,0.0115040572905039,0.010713124409314,0.00995032140010557,0.00921981249072491,0.00852442697971537,0.00786583323988385,0.00724679084935512,0.00666850147462864,0.0061279293119186,0.00562359555586183,0.00515320315784173,0.00471785637280598,0.0043208584826044,0.00395007258934199,0.00360906918740928,0.00329959339962115,0.00300815056900916,0.00275051218586931,0.00250605291213565,0.0022880925187154,0.00208822245271887,0.00189489402271373,0.00173556800759011,0.00158330293427247,0.00143609514550764,0.00130610621319257,0.00119820740524009,0.00109327256835493,0.000991816346129198,0.000894139641207849,0.000804524341556873,0.000744009153827798,0.000684432920787421,0.000626280303579338,0.000569898314237881,0.000515509377304652,0.000463227326669083,0.000413074482043501,0.000364998340686658,0.000318886916033257,0.000274582104414581,0.000231890799394611,0.000198439002270134,0.000191735215318182,0.000184012447919671,0.000175455470888709,0.000166254493518728,0.000156596111602281,0.000146655524087388,0.000136590457985422,0.000126537048051282,0.000116607637556988,0.000106890323363078,9.74498703836555e-05,8.83296310653443e-05,7.95540755712289e-05,7.11315804864135e-05,6.30572458774951e-05,5.53155103751046e-05,4.78824888469849e-05,4.07279353751169e-05,3.38168235258574e-05,2.71105587364231e-05,2.05678405893105e-05,1.41452300535859e-05,7.79746689620195e-06,1.47757854980913e-06,-7.85603893454389e-10,-7.1550131485134e-10,-6.51464731842139e-10,-5.91357697837635e-10,-5.41902618054587e-10,-4.92106468403273e-10,-4.49440062371039e-10
-7.48823453692954e-07,-4.51030782088704e-07,-1.57138175534431e-07,0.000216532838858935,0.0017467099196639,0.00404005588441647,0.00657606820357998,0.0090286592251205,0.0112481809900739,0.0131465092683637,0.0146795991656536,0.0158542993723017,0.0166887162215713,0.0172060203060826,0.0174612686272467,0.0174657095746881,0.0172850081243168,0.0169334261527867,0.0164467060388202,0.0158580762117275,0.0151985204014077,0.0144831399520814,0.0137318137444978,0.012961124827965,0.0121847306944043,0.0114137122177989,0.0106568968682533,0.00992115247496916,0.00921164847100655,0.00853561790345958,0.00789287633512478,0.00728461822266632,0.00671147047692252,0.0061731870478354,0.00566867717845209,0.00520104082848845,0.00477004623214052,0.00436794297349523,0.00399317141492757,0.00365608803787123,0.00333819134435722,0.00305187812700661,0.00278438805605093,0.00254406239870654,0.00231501894869442,0.00211861561842384,0.00192819504540206,0.00175670540993588,0.00160700940834966,0.00146195841937196,0.00132211517205089,0.00121288206498644,0.00110970560469308,0.00100972296864169,0.00091332598939338,0.000820713073070075,0.00075020851103239,0.000691926056485661,0.00063482808817155,0.000579318121607262,0.000525670821928831,0.000474046878680233,0.000424509628399105,0.00037704184081585,0.000331561493678803,0.000287935820336162,0.000245993241072289,0.000205533027698737,0.000189203185085225,0.000182209978460017,0.000174305451982534,0.000165675861156933,0.000156508106333886,0.000146981239935772,0.000137259562587265,0.000127487614244153,0.000117787172262311,0.000108256073210778,9.89686023287815e-05,8.99770220543581e-05,8.13138608294056e-05,7.29946091538697e-05,6.50205097188948e-05,5.73812433190561e-05,5.00573559479718e-05,4.30223564320207e-05,3.62444411929488e-05,2.9687844772467e-05,2.33138500292485e-05,1.70814806106426e-05,1.09479328196286e-05,4.86878801508713e-06,-8.63557765735701e-10,-7.86125222458493e-10,-7.1648342960211e-10,-6.52715467529499e-10,-5.93233084362932e-10,-5.41938699268643e-10,-4.91868246437454e-10,-4.49753353519551e-10
-7.4882576815453e-07,-4.51031540580528e-07,-1.57137584843054e-07,0.000200155031925071,0.00162123589897714,0.00375205522721742,0.00610905029135357,0.0083919196058128,0.0104592173362984,0.0122240222179272,0.0136507725473246,0.014741285800646,0.0155126126295155,0.0159897071690982,0.0162237117199123,0.0162245853607939,0.0160493694559285,0.0157189706945437,0.0152622362484112,0.0147114169764597,0.0140959467964187,0.0134286922405821,0.0127282619470331,0.0120101261542306,0.0112869774400961,0.0105690668889134,0.00986680440779571,0.00918677604190735,0.00853117075592189,0.00790349401449432,0.00730604616639832,0.00674006389571988,0.0062058149840402,0.00570959018407224,0.00524653946749266,0.0048132964019465,0.00440712690252306,0.00404009907881103,0.00369669329580183,0.00337773201706656,0.00309037240887205,0.0028176315787815,0.00257780577173121,0.00234890366645771,0.0021455492344311,0.00195825280783976,0.00177724188020345,0.00162813148486996,0.00148539382212693,0.00134751913859204,0.00122564026661146,0.00112437657661859,0.00102597490183179,0.000930920717539293,0.000839496217439957,0.000755192231236548,0.000698327281073749,0.000642381253811795,0.000587814488653974,0.000534955077489278,0.000484012224138141,0.000435092165721318,0.000388214818213759,0.000343329867594327,0.000300331385865287,0.000259070502235703,0.000219365894468049,0.000186254687668758,0.000180015563715296,0.000172793377531912,0.000164767898431964,0.000156124094823247,0.000147043055253853,0.000137694271184583,0.000128229751052552,0.000118780136500816,0.000109452769196443,0.000100331443667065,9.14774801310637e-05,8.29317285297114e-05,7.47170912872549e-05,6.68412714379098e-05,5.92994862841483e-05,5.20769781174795e-05,4.51512245437462e-05,3.84937980850736e-05,3.20718589824182e-05,2.58492968781057e-05,1.97875561425312e-05,1.3846183371996e-05,7.98314161216657e-06,2.15493786596306e-06,-8.61381773361867e-10,-7.8620467254541e-10,-7.1580252612706e-10,-6.52633866501241e-10,-5.94844135024104e-10,-5.3806339721233e-10,-4.9104114247044e-10,-4.49616219660166e-10
-7.48823001875716e-07,-4.51032845090213e-07,-1.57140703309432e-07,0.000184704198394885,0.00150145285346048,0.00348210409578904,0.00567110492865194,0.00779350703737799,0.00971764422255506,0.0113577962141101,0.0126841879988194,0.0136959304174503,0.0144089668351758,0.0148513779554524,0.0150634538091069,0.015060808052328,0.0148930135987107,0.0145825292647703,0.0141539498686653,0.0136408328314489,0.0130665938192522,0.0124442383775564,0.0117911676530767,0.0111217968700091,0.0104489407049954,0.00978661069727454,0.00913638609148541,0.00850421826301714,0.00789452658770688,0.00731039577396944,0.00675455920909498,0.00623424049916139,0.005743445876662,0.00528163965356019,0.0048473889068533,0.00445024701766984,0.00407964441034812,0.003730779386041,0.00341825993694923,0.00312358016762475,0.00285586646971806,0.00260725295565062,0.00238238998917603,0.00216899254722179,0.00198507835479654,0.00180689497404474,0.00164665171926863,0.00150641545581178,0.00137063297876736,0.00123983452608485,0.00113727465089015,0.00104058282842791,0.000946956114967379,0.000856763528170599,0.00077019086894266,0.000703614373856039,0.000648928536643346,0.000595387691738182,0.000543374144259873,0.000493147059233657,0.000444857334829883,0.000398563897283858,0.000354249907217273,0.00031183785578409,0.000271202885949845,0.000232184062636134,0.000194593481907642,0.000177429556984732,0.000170915690346907,0.00016352457161342,0.00015543682312009,0.000146833514282981,0.000137887714910751,0.000128757733917877,0.000119582339676755,0.000110477978263294,0.000101537839840891,9.28323875970295e-05,8.44109964747663e-05,7.63042629825548e-05,6.85266571730497e-05,6.10792318282475e-05,5.39521971868219e-05,4.71272352085547e-05,4.05794735418345e-05,3.42791190719533e-05,2.81927298972783e-05,2.22841687706881e-05,1.65152675655505e-05,1.08462471386769e-05,5.23593295119391e-06,-9.47232713662761e-10,-8.62766542115826e-10,-7.85614936840236e-10,-7.16071254733813e-10,-6.51240004194552e-10,-5.91935098178825e-10,-5.42570854816419e-10,-4.93954774620409e-10,-4.48236918819067e-10
-7.48822861525039e-07,-4.51032547736558e-07,-1.57143402135517e-07,0.000171313367502973,0.0013866405699826,0.00322864015721963,0.00526053779462514,0.00723195885315221,0.00902161999183424,0.010545891207521,0.0117777346815529,0.01271590984557,0.0133752044699533,0.0137840889872386,0.0139773577263826,0.0139709698703165,0.0138122524321303,0.0135201874555443,0.013117736362206,0.0126420308075823,0.0121060531161414,0.0115252882274651,0.0109159879188945,0.0102950725773159,0.00967489655006883,0.00905871514141283,0.00845362642744719,0.00786504323734875,0.00729849912110416,0.00676170687228816,0.00625027334194433,0.00576507178841692,0.00530602047218585,0.00488204093505798,0.00448512160668015,0.00411165598538792,0.00376952861329442,0.0034527077465701,0.00315512181132119,0.00288916556243807,0.00263451544134188,0.0024118682421464,0.00219799614191812,0.00200866045517286,0.00183351737037542,0.001664366232982,0.0015250206593735,0.00139148421867044,0.00126258854328593,0.00114837890026375,0.00105354610137323,0.000961452124903673,0.000872555432642296,0.000787121635395876,0.000707761091429384,0.000654453655350636,0.000602032218481116,0.000550933626030641,0.000501468149065253,0.000453832957968669,0.000408127778522047,0.000364371038786799,0.000322515280647656,0.0002824610661462,0.000244068957111675,0.000207169394778432,0.000174455635923418,0.000168671316654847,0.00016194154992796,0.000154440049577408,0.000146345606362721,0.000137833017188421,0.000129065502092122,0.000120188993139494,0.000111328488860101,0.000102586323963689,9.40420996748786e-05,8.57538659315855e-05,7.77601610172456e-05,7.00825104241628e-05,6.27281029057941e-05,5.56924002166836e-05,4.89615276114741e-05,4.25143753390264e-05,3.63243407521461e-05,3.03607417879502e-05,2.4589892042701e-05,1.8975881840081e-05,1.34811039257078e-05,8.06656473073723e-06,2.69201876054252e-06,-9.45912276399545e-10,-8.62974451611549e-10,-7.76794429400591e-10,-7.12303382227707e-10,-6.52206893038856e-10,-5.9516117137969e-10,-5.41514848411102e-10,-4.9375126330688e-10,-4.47701895130373e-10
-7.4882485767479e-07,-4.51035484112355e-07,-1.57142996024453e-07,0.00015684799500183,0.00128660368561611,0.00299000721700541,0.00487547620284956,0.00670994290874759,0.00836901542635842,0.00978603570494756,0.0109289508913241,0.0117985388186906,0.0124083880094814,0.0127846447874896,0.0129619564560867,0.0129513605176566,0.0128031289683237,0.0125277958694528,0.0121513593680861,0.0117105622613951,0.0112097906210484,0.010667249798687,0.0101026314942446,0.00952987715307599,0.00895227434701452,0.00837816012182876,0.0078140240288392,0.00727362783703372,0.00675211361953405,0.00625175034723716,0.00577400874162039,0.00532777192276106,0.00490785588480667,0.00451121252020054,0.0041420650604771,0.00380214114165016,0.00348096592818454,0.00318970523040442,0.00291747149325492,0.00266773928541018,0.00243730530875407,0.00222737179916062,0.00202896754416488,0.00185711566426499,0.00169070876112654,0.001541191520316,0.0014100836866601,0.00128321321744665,0.00116108099254344,0.00106485381393093,0.000974417399681292,0.00088690019225654,0.000802650525636644,0.000721843511364413,0.00065893596566042,0.000607737372984754,0.000557633310220996,0.000508985923882456,0.000462040049309787,0.000416937911742191,0.000373734965606557,0.000332415486023123,0.000292906934946341,0.000255092592723819,0.000218822168887357,0.000183920382628307,0.000166062046036106,0.000160016566143446,0.000153128873181981,0.000145573040850276,0.000137523528167689,0.000129146823211374,0.000120594860372637,0.000112000426051646,0.000103474616516179,9.5106044937032e-05,8.69615230918168e-05,7.90877245030631e-05,7.15135041265232e-05,6.42524782599943e-05,5.73056402892489e-05,5.06638241163937e-05,4.43098907594544e-05,3.82206046647902e-05,3.2368157675084e-05,2.67213747054977e-05,2.12466117421318e-05,1.59083855825157e-05,1.06697812639989e-05,5.49266983625125e-06,3.37775765456511e-07,-9.48114625317452e-10,-8.63004673753792e-10,-7.84832939538745e-10,-7.16372158809423e-10,-6.52552910005455e-10,-5.94237213958675e-10,-5.40451747333336e-10,-4.94355844113025e-10,-4.46413335044535e-10
-7.48826731367761e-07,-4.51035113313959e-07,-1.57145079289413e-07,0.000146058956779517,0.00118935111752985,0.00276448561394277,0.00451389616813649,0.006222404136638,0.00775744179857474,0.00907565768684614,0.010135058449555,0.0109408083820759,0.0115052588419778,0.0118495458997085,0.0120134989054081,0.0119984005988136,0.0118614626369524,0.0116010114077667,0.0112544884939217,0.0108418567321716,0.0103731727260471,0.00986935373871414,0.00934964539721145,0.00881546626087839,0.0082764884169222,0.00774518787769205,0.00722849964683092,0.00672499653787258,0.00623803382633431,0.00577598134807373,0.00533907287279626,0.00492331826556882,0.00453061279991143,0.00416918468558075,0.00382756128712921,0.00350954964213339,0.00321852052836245,0.00294156593111303,0.00269630687641369,0.00245907475334945,0.00225298309009498,0.00205356294746829,0.00187767598838592,0.00171422106699786,0.00155643801415473,0.00142642687561101,0.00130173157770712,0.00118143522264787,0.00107448578673363,0.000985850261207703,0.00089981487489389,0.000816813220782097,0.000737096289493726,0.000662351143645842,0.000612487849081898,0.000563467696669084,0.000515705007197166,0.000469493378297723,0.000425019079247372,0.000382376311476624,0.000341582770410816,0.000302594365279044,0.000265318409865368,0.000229624927258323,0.000195355950871179,0.000163092920822101,0.000157749797029818,0.000151500077419391,0.000144510551282892,0.000136953059042592,0.000128995503947135,0.000120794400040453,0.000112489381105734,0.000104199723752148,9.60228194665638e-05,8.80342178306615e-05,8.02888850772211e-05,7.28232333631146e-05,6.56575854418796e-05,5.87987559247508e-05,5.2242545100332e-05,4.59760240899003e-05,3.99795055341171e-05,3.42281983861659e-05,2.86935266500994e-05,2.33441454868792e-05,1.81466808236602e-05,1.30662293004914e-05,8.0666625613948e-06,3.11076936890699e-06,-1.03752265964839e-09,-9.4427342237414e-10,-8.62214754949769e-10,-7.86998632888064e-10,-7.10781466861595e-10,-6.52895216685879e-10,-5.8745769907086e-10,-5.4124587822362e-10,-4.94328927384497e-10,-4.49176895112265e-10
-7.48830997283755e-07,-4.51035339400088e-07,-1.57147953098923e-07,0.000134665448306221,0.00109827377190696,0.0025614515662323,0.00418183839759305,0.00576690634683237,0.0071893999649557,0.00841191752583333,0.00939299863224126,0.0101394248589143,0.0106622792010652,0.0109767386422889,0.0111279933114903,0.0111148228582666,0.0109828898656466,0.0107353326335176,0.0104185575270856,0.0100312478665864,0.00959284510109705,0.00913217818485381,0.00864659100600958,0.00814719061882053,0.00765193064797229,0.00716206303723381,0.00667949349814308,0.00621058082213199,0.00576589138089537,0.00533802589437613,0.00492804272573725,0.00454775393229213,0.00418786096755064,0.00384583369802124,0.00353577498828036,0.00324145316011358,0.00297070102786451,0.002720156215571,0.00248772761678614,0.00227479355928607,0.00207920653394591,0.00189516566561733,0.00173490546467781,0.00157978070863882,0.00144049522738669,0.00131815136055594,0.00119981102466666,0.0010859486808109,0.000995739602575632,0.00091130624401588,0.000829634357115938,0.000751053607931384,0.000675730104488736,0.000616264335634809,0.000568426526667858,0.0005216247006565,0.000476201951936134,0.000432389920850834,0.000390323175430793,0.000350054513089216,0.000311569876405797,0.000274802012307993,0.000239642401241566,0.000205951257640034,0.000173565589602631,0.000155144229489298,0.000149552492815598,0.000143154208807266,0.000136116159997929,0.000128605583798068,0.000120781946545699,0.000112790528915067,0.000104758049353268,9.67902669221729e-05,8.89713589600498e-05,8.13646461614996e-05,7.40143005057102e-05,6.69476013000956e-05,6.01774620918783e-05,5.37049268414348e-05,4.75215102245692e-05,4.16112839066457e-05,3.59526283357514e-05,3.05196818012695e-05,2.52834582816761e-05,2.02127042111718e-05,1.5274492591231e-05,1.0434613039699e-05,5.65779013624806e-06,9.07759106434466e-07,-1.03798318816226e-09,-9.4590260342645e-10,-8.63763087516917e-10,-7.84657079123195e-10,-7.16237603398766e-10,-6.52216762299111e-10,-5.94524456667674e-10,-5.41803903935812e-10,-4.92377824730467e-10,-4.50169882973799e-10
-7.48828773949665e-07,-4.51037955043615e-07,-1.5715004966811e-07,0.000123472537007617,0.00101705623873409,0.00237105715038916,0.0038738101341832,0.00534084325703368,0.0066619641286171,0.00779174239255505,0.00869946877267789,0.00939084861740348,0.00987567288305314,0.0101676460045183,0.0103012471762573,0.0102914433332143,0.0101628988567644,0.00993686276194246,0.00963887762689698,0.00927399025264635,0.00887534358333546,0.00844385331517112,0.0079887631614161,0.00753255934827875,0.00707317925128203,0.00661466750982591,0.00617035992162066,0.00574089849861494,0.00532409632194025,0.00492813680500718,0.00455486524069632,0.00419781232232797,0.00386574431657109,0.00355511952770739,0.00326036705802573,0.00299435544900484,0.00273919699967148,0.00251198369542304,0.00229274384555588,0.00210131346400338,0.00191573100431605,0.00175274531914322,0.00160048071449325,0.00145355068125722,0.00133246617296941,0.00121622722763993,0.00110413290425717,0.00100406575457935,0.000921371564273607,0.000841128345856248,0.000763746856065449,0.000689465232814352,0.000619044135411864,0.000572495290057458,0.000526739453707905,0.000482169466652829,0.000439063388615976,0.000397597628214071,0.000357861717477509,0.000319873234728641,0.000283591818589148,0.00024893164841311,0.000215772102072108,0.000183966504915275,0.000153349031274361,0.000147287337569024,0.000141501750461587,0.00013500840307903,0.000127971598410167,0.000120551883013847,0.000112898786910342,0.000105145498719892,9.74055816686623e-05,8.97715803137665e-05,8.23151612211091e-05,7.50883849717641e-05,6.81257227887424e-05,6.14464452870352e-05,5.50571062706781e-05,4.89539233001575e-05,4.31249386430112e-05,3.75518870931232e-05,3.22117436090396e-05,2.70779744980598e-05,2.21214800154108e-05,1.73113015912945e-05,1.26150942798591e-05,7.99942214134516e-06,3.42990280334695e-06,-1.14167713266223e-09,-1.04001588622292e-09,-9.47624346853494e-10,-8.59842939388542e-10,-7.86417653660534e-10,-7.11733372660362e-10,-6.53068655528681e-10,-5.94525158205632e-10,-5.41964508708951e-10,-4.89845133301258e-10,-4.50401038903853e-10
