0,0,0,0.00287634147780168,0.0178748989604,0.0364990197744348,0.0556845493580338,0.0745719457994815,0.0927100945997843,0.109989689148516,0.126643914650841,0.142209310855337,0.156885710673749,0.171010127683109,0.184180158017925,0.196657534324435,0.208638670420553,0.219781837641788,0.230104737006659,0.239892391861199,0.248601437600345,0.256149611519121,0.262653938856805,0.267522209983901,0.270990659030399,0.272687594131328,0.272517970622247,0.270475311056897,0.266542688840859,0.260689989895585,0.253254831021703,0.244100637351918,0.23384203546139,0.222476580832871,0.210347718658397,0.197761790799803,0.184989563689266,0.172267471845837,0.159798278845385,0.147766299888625,0.136333269964261,0.125467110816359,0.115283259274204,0.105860199689149,0.0971019583779988,0.0888996851813069,0.0810747516741184,0.0742783614446343,0.0678639261055178,0.0618005332723653,0.056573242444364,0.0514711118099328,0.0469285579076271,0.0429785523443474,0.038618688821928,0.0355499356279915,0.0325931161508789,0.0293324904640494,0.026181456533876,0.0244229088512313,0.0224973003623242,0.0203785998219541,0.0180312756114605,0.015404561739015,0.0143284795461639,0.0135335910028435,0.0126670128588178,0.0117194933676033,0.0106789965565814,0.00952930485388056,0.00824761463691991,0.00680008031994037,0.00513268342910727,0.00314962025733962,0.000649018964315925,0.000484607068125694,0.000491581241670231,0.000497520475607186,0.00050245431735765,0.000506417146047009,0.000509446435759044,0.000511581152233903,0.000512860281587667,0.000513321490249924,0.000512999914733426,0.000511927085906982,0.000510129992934707,0.00050763029499839,0.00050444368881768,0.000500579437490608,0.000496040058514422,0.000490821162361236,0.000484911421720738,0.000478292641342837,0.000470939887648966,0.000462821628989558,0.000453899829245591,0.000444129932071202,0.000433460664272067,0.000421833578305089
0,0,0,0.00288035068667294,0.0179350362140848,0.0366821690717545,0.0559687044296846,0.0749799312863357,0.0932629957013709,0.110564429835415,0.127334183478937,0.143067200668487,0.157745128239342,0.171991596325121,0.18533625443235,0.197815437262672,0.209885459597242,0.221194063292787,0.231644481390583,0.241344707005467,0.250195296340227,0.257774565381397,0.264225423753401,0.269104516239216,0.272499915490881,0.27403156372246,0.273701461063862,0.271503231484548,0.267419936596276,0.261421337962153,0.253715839052766,0.244440716296786,0.233982397656564,0.222460388821507,0.210211619162338,0.197536564927657,0.184700842680978,0.171936459936334,0.159442440820126,0.147438539434674,0.136012760401538,0.125161971436007,0.114948042995136,0.105550226768183,0.0968223100624183,0.0886542275420797,0.0808661674447508,0.0740514220951645,0.0676789806040718,0.0615993577825556,0.056418043412298,0.0513023433991232,0.0468080382725958,0.0428476017548055,0.0384761282469918,0.0354598700726955,0.032495271167527,0.0292259927684881,0.0261273096347013,0.0243641665205083,0.0224335109033372,0.0203092166050772,0.0179556105745786,0.0153217021819246,0.0143038592361394,0.0135068960945638,0.0126380574673444,0.0116880609267488,0.0106448277241012,0.00949207767261862,0.00820690987468142,0.00675531568844213,0.00508297370581542,0.00309342574926399,0.000582981487773556,0.000484567745938426,0.000491537089718274,0.00049747104010584,0.000502399107011263,0.000506355628761572,0.000509378034963121,0.000511505243638407,0.000512776189602231,0.000513228484365194,0.000512897206048362,0.000511813823494877,0.000510005260310367,0.000507493106414854,0.000504292985502536,0.000500414083613613,0.000495858836963311,0.000490622770047116,0.000484694464440913,0.000478055627946691,0.000470681223487576,0.000462539608195566,0.000453592625894182,0.0004437955896598,0.000433097082933966,0.000421438499234355
0,0,0,0.00288386548352495,0.0179894943439422,0.0368491548256194,0.0562282784825063,0.0753531708257091,0.0937694058147773,0.111221560834654,0.127966024503222,0.143852983895106,0.158696322235078,0.172889043165235,0.186393526413922,0.199037384653678,0.211022227357901,0.222481027975161,0.233079648566181,0.242731831212743,0.251638697684753,0.259336830658185,0.265637641871976,0.270609213129146,0.27384153090861,0.275214319066543,0.274752731637081,0.272381428560528,0.268152411859245,0.262012265818981,0.254056808238804,0.244663234519786,0.234021319325786,0.222356186627453,0.209998625337031,0.197243623795039,0.184352008139889,0.171551686963638,0.159038234544168,0.147073478821422,0.135658759136573,0.124826882759268,0.114593158267871,0.10521174580744,0.0965176336338018,0.0883872100987835,0.0806394855145966,0.0738049380055275,0.0674781945867,0.0613810499946875,0.0562496382185509,0.0511192821429634,0.0466772834640842,0.0427055750331789,0.0383215633092647,0.0353621673765779,0.0323891603186976,0.0291105359608856,0.0260685554067005,0.0243004412780867,0.0223643292637427,0.0202339915108349,0.017873603294085,0.0152319326918245,0.0142771370538433,0.0134779281478753,0.0126066438111522,0.0116539687964993,0.0106077785577001,0.00945172578925822,0.00816280516432547,0.00670683267572315,0.00502916040571524,0.00303262282621195,0.000511556056291758,0.000484524992304227,0.000491489085262421,0.000497417291782456,0.000502339080886629,0.000506288746422303,0.000509303670026147,0.00051142271774902,0.000512684768662392,0.000513127374797775,0.000512785550865013,0.000511690698472584,0.000509869670184567,0.000507343980810593,0.000504129174913217,0.000500234355188669,0.000495661869825703,0.000490407150368683,0.000484458679945943,0.000477798061687535,0.000470400146772485,0.000462233172496928,0.00045325885343321,0.000443432362109356,0.000432702127970216,0.000421009373882606
0,0,0,0.00288691011203472,0.0180386294501798,0.0370010051440929,0.0564648142263003,0.07569380016114,0.0942321085413017,0.111822521595901,0.128542803986159,0.144570677846037,0.159565395400452,0.173706939787733,0.187357033126707,0.200150668467706,0.212144043475415,0.223648547533965,0.23438020560116,0.244160448873225,0.252937863069674,0.260739706874874,0.267005492044307,0.271945713900856,0.275021222147708,0.276365449398427,0.275814002063611,0.273243406394677,0.2687434437248,0.262465460025853,0.254279293193256,0.244769138591444,0.233958811353261,0.222163210261042,0.209707356031533,0.196881116228849,0.18394087126733,0.171110742467512,0.158601381099299,0.146668803242616,0.135269018810485,0.124459714439432,0.114254787547465,0.104842624408635,0.0961860045336763,0.0880969397118544,0.0803932608878992,0.0735373558260954,0.0672602925941659,0.0611442397276193,0.0560669575051516,0.0509207796408716,0.0465354595941137,0.0425515768017925,0.0381540323710103,0.0352562039655535,0.0322741140756817,0.028985401018,0.0260048139761881,0.0242313250693798,0.0222893172917733,0.0201524540562305,0.0177847481957868,0.0151347089078894,0.0142481383159844,0.0134464993422139,0.0125725700923999,0.0116170002698805,0.0105676163703334,0.00940799924086868,0.00811503158104169,0.00665434097422965,0.00497092787258037,0.00296686269197964,0.000476460961157139,0.000484478508205097,0.000491436892827611,0.000497358855066025,0.000502273819667136,0.00050621603230703,0.000509222822171182,0.000511332999129704,0.000512585381849288,0.000513017457669533,0.00051266417264468,0.000511556855398583,0.000509722281498524,0.000507181884419045,0.000503951123049446,0.000500039009758099,0.000495447797695583,0.000490172817880307,0.000484202447070686,0.000477518175439998,0.000470094733754585,0.000461900230246581,0.000452896240353275,0.000443037785625911,0.000432273130198152,0.00042054331399205
0,0,0,0.00289239028809403,0.0181062334646215,0.0371386632435363,0.0566797335378406,0.0760037960130412,0.09465369041559,0.112370542055231,0.129067652458305,0.14522403054961,0.160356709665235,0.174529863188181,0.188231499658043,0.201160541814148,0.213290121782928,0.224702038045991,0.235551969886676,0.245445149459977,0.254224895195841,0.26198919045448,0.268333798194881,0.273119685336203,0.276130793105715,0.277423363191913,0.276708978247386,0.273979340407888,0.269213790476935,0.262782920903078,0.254417422924481,0.244758737914677,0.233794307615779,0.221880177745915,0.209335967224115,0.19644677802534,0.183464874416496,0.170610885915417,0.158144642239299,0.14622196647649,0.134841084960217,0.124058151348,0.113885740252789,0.104440559026097,0.0958253475679768,0.0877815926372249,0.0801259377245444,0.0732470058819434,0.0670239031250098,0.0608874560348856,0.0558688519922473,0.0507056036093992,0.046381670190238,0.0423846458918276,0.0379725048652266,0.0351413094880747,0.0321494137158047,0.0288498173562503,0.0259356763403488,0.024156379073245,0.022208004442561,0.0200640997673044,0.0176885041612858,0.0150294494233899,0.0142166746933582,0.0134124073878191,0.0125356192150113,0.0115769225151691,0.0105240915354317,0.00936063033098587,0.0080633016985119,0.00659753102616723,0.0049079404259117,0.00289577553749604,0.000476416088867163,0.000484427968668984,0.000491380147671323,0.000497295321857879,0.000502202867877189,0.000506136979002752,0.000509134927674571,0.000511235462798895,0.000512477337296109,0.000512897968512912,0.000512532227942383,0.00051141136522602,0.000509562072382592,0.00050700569484096,0.00050375759875852,0.000499826698861777,0.000495215145399648,0.000489918160886712,0.000483924007276968,0.000477214052962428,0.000469762898944302,0.000461538514571826,0.000452502325784087,0.000442609192076826,0.000431807200326023,0.000420037194666852
0,0,0,0.00289919929032734,0.0181772332679736,0.0372629909992847,0.0568743416491434,0.0762849802588392,0.0950365441497994,0.11286862042063,0.129663621392977,0.1458165197344,0.161074322800094,0.175378915970405,0.189021309015919,0.202071884387819,0.214323177279044,0.225783996592918,0.236600310329865,0.246591615224902,0.255461498931016,0.263090738213533,0.269499090080027,0.274136186495244,0.277182899935653,0.278313975424737,0.277441488357066,0.274557060241253,0.269639842791057,0.262965951272061,0.25446997098537,0.244631697697273,0.233526658819608,0.221505282702974,0.208882144821777,0.195937923822548,0.182921082132838,0.170049037136534,0.157638636364928,0.145730181037731,0.134372286450367,0.123619684458863,0.113483706688193,0.104003066573507,0.095433429178954,0.0874392075190786,0.0798358431055291,0.0729320960848009,0.066767553292681,0.0606091220324598,0.0556540880142948,0.0504724335682994,0.046214952591413,0.0422037518293205,0.0377758779583605,0.0350167641059782,0.0320142886747648,0.0287029603117526,0.025860702547404,0.0240751318825142,0.0221198859896313,0.0199683884608492,0.0175842929319096,0.0149243419084606,0.0141825433076737,0.0133754346072578,0.0124955578623801,0.0115334856642899,0.0104769366044174,0.009309332799335,0.00800730884145081,0.00653607339854297,0.0048398419078846,0.00281897032007864,0.000476367301750344,0.000484373020613728,0.000491318453509033,0.000497226248644751,0.000502125730418236,0.000506051035272343,0.00050903937420239,0.000511129429602599,0.000512359883438447,0.000512768076877389,0.000512388800777166,0.000511253219060232,0.000509387933309934,0.000506814193639957,0.000503547265845987,0.00049959595908357,0.000494962312404313,0.000489641431209165,0.000483621453609027,0.000476883616766199,0.000469402382047244,0.000461145569530543,0.000452074444621254,0.000442143693084646,0.000431301212115811,0.000419487636523599
0,0,0,0.0029050079908581,0.0182407564056259,0.0373747723542996,0.0570498313146214,0.0765390243038746,0.0953828724437857,0.113319525429143,0.13022973057144,0.1463513532285,0.161721985505533,0.176144818378174,0.189730496512007,0.202889192196124,0.215248128266558,0.226813601848743,0.237533116020977,0.247605023590274,0.256550089952498,0.264142177989692,0.270506365051413,0.275090318735108,0.278066757505683,0.27904105507161,0.278014629373912,0.274978971872715,0.269912998853015,0.263015145812528,0.254389740730433,0.244387031532454,0.233154125578696,0.221036187053261,0.208343096600697,0.195351438225889,0.18230617160818,0.16943723119908,0.157080236682703,0.145190408088814,0.133859725747537,0.123141601631635,0.113046196171755,0.103534530082998,0.0950078497963722,0.087067678427064,0.0795211807957858,0.0725907059634092,0.0664896635168362,0.0603075498738163,0.0554213430933674,0.050219856658097,0.0460342743500916,0.0420077913946422,0.0376293781988523,0.0348817957838558,0.0318679139525386,0.0285439487386828,0.0257794198440656,0.023987077675954,0.0220244212593945,0.0198647425913605,0.0174714976282451,0.0148901613416588,0.0141455258006071,0.013335346997939,0.0124521355669948,0.0114864219073213,0.0104258654487793,0.00925380104117944,0.00794672641910724,0.00646961827866958,0.00476625540300869,0.00273603478380893,0.000476314258861021,0.000484313280140635,0.000491251379547801,0.000497151153445767,0.000502041869490618,0.00050595760232121,0.000508935496377802,0.000511014161983953,0.000512232203843613,0.000512626880961428,0.000512232896418013,0.000511081321516262,0.000509198659808582,0.00050660605831968,0.000503318674217681,0.000499345202598056,0.000494687562503681,0.000489340732909617,0.000483292718506942,0.000476524615158733,0.000469010734108215,0.00046071873512825,0.000451609711560428,0.000441638163169845,0.000430751784421234,0.000418890986816813
0,0,0,0.00290985612653119,0.0182972157510068,0.0374747165467243,0.0572072868788938,0.0767674535451775,0.0956946921383568,0.113725799372227,0.130739947220035,0.146831470442119,0.162303140129632,0.176831503111322,0.190496986988937,0.203616569792729,0.216069462168811,0.22772530745044,0.238529210050043,0.248490026720454,0.257495490348106,0.265137108767075,0.271359981885057,0.275964701412591,0.278786067393537,0.279607635762634,0.278430746841352,0.275246716813292,0.270034184202819,0.262930380723513,0.254175933441599,0.244023093508527,0.232674370773961,0.220470012944195,0.207715543448988,0.194683766387965,0.181616422763237,0.168809752671866,0.156466027365998,0.144599347282442,0.133300269199431,0.122620978441217,0.112570528491769,0.103108877768736,0.0945460364142741,0.0866647480583525,0.079180025098822,0.0722207809325732,0.0661885423386194,0.0599809359858248,0.0551692016209211,0.0499463636816547,0.0458385296922746,0.0417955853265843,0.0374943725597616,0.0347355776207787,0.031709407620662,0.0283718427884591,0.0256913208091891,0.0238916744067767,0.0219210319214362,0.019752545700274,0.0173494614362947,0.0148530886744572,0.0141053873808761,0.0132918932833979,0.0124050837828693,0.0114354446079652,0.0103705724466092,0.00919370939980389,0.00788120736898832,0.006397795127092,0.00468678317608964,0.00264653577959547,0.000476256589694504,0.000484248330191705,0.000491178457845676,0.000497069512581214,0.000501950700600456,0.000505856029604963,0.00050882257146186,0.000510888858595732,0.000512093412016492,0.000512473401346214,0.000512063434880755,0.000510894483392893,0.00050899294450362,0.000506379853539072,0.000503070250414534,0.000499072706960082,0.000494389012740787,0.000489014010418326,0.000482935560975425,0.000476134608378929,0.000468585302582054,0.000460255131490405,0.000451105004219163,0.000441089221750373,0.000430155262270598,0.000418243299505728
0,0,0,0.00291377685272261,0.0183469796632601,0.0375634611463977,0.0573476881958673,0.0769716517845859,0.0959738385805005,0.114089761645535,0.131197092196551,0.147274452727705,0.162820920637155,0.177442552491765,0.191202776210265,0.204257724540316,0.216791225548557,0.228523450896628,0.239397184311766,0.249288299239155,0.258301930289047,0.265977881059895,0.272063636997157,0.276673587384565,0.279343790933466,0.28001599464422,0.278691416530771,0.275361156123483,0.270003535529819,0.262710803458696,0.253827018326673,0.243537569854994,0.232084451294619,0.219803334079248,0.206995710138109,0.193930904289695,0.180847708228216,0.168117889023944,0.155792293162099,0.143953426742996,0.132690537513869,0.122054669233832,0.112053825586064,0.102646932869455,0.0940452355717291,0.0862280012543356,0.0788103149202134,0.0718201269496569,0.0658623814677095,0.0596623617964293,0.0548961507421399,0.0496503454874313,0.0456265361040011,0.0415658752535181,0.037348101852961,0.0345772252719572,0.0315378284966419,0.028185641951752,0.0255958614980016,0.0237883420383885,0.0218091003718765,0.0196311410202964,0.0172174865205443,0.0148128882969861,0.0140618758583083,0.0132448039645685,0.0123541149755633,0.0113802474588464,0.0103107317362164,0.00912871156120353,0.00781038374660709,0.00632021253198851,0.0046010068824695,0.00255001995190437,0.000476193891615273,0.000484177717561003,0.000491099179815075,0.000496980757147508,0.000501851588920581,0.000505745610327675,0.000508699814514383,0.000510752649342472,0.000511942545058942,0.000512306574636068,0.000511879243556012,0.000510691413865534,0.000508769368432195,0.000506134021969303,0.000502800287600775,0.000498776604157583,0.000494064621511447,0.000488659035558931,0.000482547552716355,0.000475710953676831,0.000468123215459094,0.000459751641886135,0.000450556945124959,0.000440493214112493,0.000429507696780302,0.000417540314259798
0,0,0,0.0029167969687781,0.0183903738177254,0.0376415748673871,0.0574729317539841,0.0771528655321914,0.0962219700135214,0.114413512609648,0.131603724215679,0.147769596579061,0.16327815349075,0.177981196644685,0.191823433794631,0.204875323554382,0.217417016130034,0.229211872676297,0.240141064023243,0.250078284710714,0.258973028650545,0.266668109517322,0.27269180052072,0.277219855170378,0.279742127266111,0.28026763316705,0.27879742752852,0.275322355424332,0.269820387327613,0.262354822393314,0.253340722940082,0.24292747021212,0.231380809342667,0.219032166697448,0.206179315907987,0.193088389043552,0.180033805349661,0.167357499910393,0.155055009306365,0.143248793442457,0.132026896679787,0.12143929863394,0.111493003642711,0.102145930064839,0.0935025069539222,0.0857548590115539,0.0784098481836169,0.0713864057370276,0.0655092511943311,0.0593892728543302,0.0546005765527367,0.0493300898339244,0.0453970311260517,0.0413173209542379,0.0371896783360564,0.0344057945213845,0.0313521740587424,0.0279842834529395,0.0254924596258517,0.0236764608647025,0.0216879682584589,0.0194998302896566,0.0170748332367129,0.0147693070774243,0.014014720674968,0.0131937903853262,0.0122989217471829,0.0113205036977735,0.0102459965648066,0.00905844008514514,0.00773386650280085,0.00623645831540213,0.00450848811225542,0.00244601486790729,0.000476125727096773,0.000484100949812554,0.00049101299303218,0.000496884269039708,0.000501743844782667,0.000505625576725569,0.000508566372789959,0.000510604589059062,0.000511778557538701,0.000512125246333557,0.000511679049709219,0.000510470711957883,0.000508526391957645,0.000505866874040608,0.000502506934449947,0.000498454868540235,0.000493712175703697,0.000488273393853238,0.000482126063266044,0.000475250789504625,0.000467621364293782,0.0004592048946406,0.00044996188258948,0.000439846191299819,0.000428804824116496,0.000416777434495794
0,0,0,0.00291893708252643,0.0184276828697962,0.0377095601462868,0.0576361544326322,0.0773446192601494,0.0964405719212166,0.114698937571858,0.131962142806315,0.148205599538848,0.163677359110982,0.17845031264235,0.192362167167244,0.205481246630029,0.21794997633134,0.229793905890144,0.240764313506812,0.250732757227224,0.259511775912231,0.267210719824541,0.273223725080042,0.277605614703679,0.279982493298206,0.280407826836537,0.278768749085071,0.275129570580696,0.269483259023798,0.261860096375484,0.252714023567428,0.242189118703892,0.230559263568891,0.218151960522244,0.205261565231692,0.192151289603539,0.179182923191913,0.16652409471146,0.154249832063527,0.142481304278885,0.131305449621417,0.120771253769013,0.11088476586457,0.101602914841244,0.0929147178735855,0.0852425732063744,0.0779762767729501,0.07091713078483,0.0651270963264959,0.0590936257816684,0.0542807607451899,0.0489837788951965,0.0451486694552673,0.0410484980743802,0.0370181537496903,0.0342202790787547,0.0311513786944077,0.0277666411102528,0.0253804928279036,0.0235553699609919,0.0215569352039469,0.0193578728492214,0.0169207197284931,0.0147220733746943,0.0139636319469994,0.0131385438287223,0.0122391760179697,0.0112558654137138,0.0101759987650046,0.00898250611275282,0.00765124549779602,0.00614609995053578,0.0044087693392335,0.00233403067571223,0.000476051620749328,0.000484017491885688,0.000490919297067633,0.000496779376688669,0.000501626719098435,0.00050549509513555,0.000508421320496433,0.000510443651731613,0.000511600314446862,0.000511928163237863,0.000511461471901979,0.000510230857483776,0.000508262344769094,0.000505576577256133,0.000502188183572339,0.000498105304350629,0.000493329277012655,0.000487854469660093,0.000481668244209614,0.000474751018528503,0.000467076386186335,0.000458611244098411,0.000449315870564723,0.00043914388890359,0.000428042043333645,0.000415949704462689
0,0,0,0.00292021172427978,0.0184591519124445,0.0377678554607963,0.0577788750654573,0.0775446756597617,0.0966309611319789,0.114947710738684,0.13227439147176,0.148584873697498,0.164020753651464,0.178852424269507,0.192821779782752,0.205995070556025,0.218406553130538,0.230272367255145,0.24126982322591,0.251254612014879,0.260029499163367,0.267607929294541,0.273594072457856,0.27783218651448,0.280065505044044,0.280414373871111,0.278615654032689,0.274781233847892,0.268989842482576,0.261223524216068,0.25194313574727,0.241318145094406,0.229615000392131,0.217157590097256,0.204237139208293,0.19112827095087,0.178248723063878,0.165612823530279,0.153372090284132,0.141646518229103,0.130522028934114,0.120046677536376,0.110225596188121,0.101014737580324,0.0923135424902046,0.084688222294013,0.0775071022104945,0.0704623036163759,0.0647137328451742,0.0587736939457927,0.0539348778640511,0.0486350401603665,0.0448800204738865,0.040757896438157,0.0368325170048234,0.0340196086902285,0.0309343123874187,0.0275315247919141,0.0252592970416579,0.0234243658217975,0.0214152577954505,0.0192044851025975,0.0167543220069858,0.0146708960578342,0.0139082995344228,0.0130787346660586,0.0121745282913458,0.0111859629723662,0.0101003483988637,0.00890049929779783,0.00756208980771112,0.00604868535596429,0.00430137535339961,0.00221356238580113,0.000475971056039013,0.000483926762510458,0.00049081743992087,0.000496665350838685,0.000501499397979445,0.000505353259991286,0.000508263652054461,0.000510268723225576,0.000511406583625056,0.000511713965103278,0.000511225011080236,0.000509970201090767,0.000507975415039612,0.000505261144465609,0.000501841858732238,0.000497725531931133,0.000492913327274752,0.000487399430453133,0.000481171012228357,0.000474208289616094,0.000466484644607119,0.000457966750339658,0.000448614647345472,0.000438381704837121,0.000427214393281699,0.000415051785429848
0,0,0,0.00292062945667915,0.0184849877474845,0.037816837379945,0.0579019778927009,0.0777178745537356,0.0967942896763566,0.115161298961682,0.132542260809023,0.148909530186685,0.164310250808588,0.179189702066132,0.193204668780573,0.206419377461055,0.218865951601777,0.230649549013004,0.241659898046359,0.251646095240927,0.260408886312645,0.267861228903176,0.273804053382482,0.277900082255184,0.280046773908919,0.280245695233955,0.278287578436232,0.274274940367147,0.268336989903804,0.26044123427597,0.251023505220225,0.240309476419307,0.228542565972622,0.216043347022488,0.203100188133966,0.190088620203333,0.177225834551263,0.164618469568912,0.152416778434672,0.14073969001704,0.129672191120508,0.119261463296554,0.10951175430398,0.100378048778202,0.0917586632062767,0.0840887082912701,0.0769996723192353,0.0700486530229175,0.0642668455041092,0.0584276419624774,0.0535609933637561,0.0483661766200372,0.044589566348071,0.0404439191334238,0.0366316921627959,0.0338026476672814,0.0306997799745477,0.027277680620077,0.0251281650629142,0.02328270125098,0.0212621489210192,0.0190388404373956,0.0165747746282746,0.0146154635501707,0.0138483921584852,0.0130140115832436,0.0121046070330739,0.011110404602285,0.0100186336152787,0.0088119880172951,0.00746594838911174,0.00594374414400909,0.00418581526581506,0.00208409288113747,0.000475883471794983,0.000483828130064865,0.000490706713312164,0.000496541399108747,0.000501360998087187,0.000505199088052549,0.000508092275987237,0.000510078594129877,0.000511196027781557,0.000511481175874017,0.0005109680409773,0.000509686953829923,0.000507663638112388,0.000504918421339113,0.000501465601402757,0.000497312973168259,0.000492461512649675,0.000486905209933743,0.000480631031141139,0.000473618978746919,0.000465842209221551,0.000457267157870752,0.000447853613243431,0.000437554676090561,0.000426316528665981,0.00041407793118504
0,0,0,0.00292019290588596,0.0185053599569017,0.0378568223464323,0.0580062276640075,0.0778652669315919,0.0969315482376547,0.11534096517625,0.132767291432769,0.149181381015689,0.164621308059543,0.179463963377866,0.193512822862278,0.206756283129177,0.219224380853945,0.230927211247585,0.241936246185624,0.251908789327592,0.260643566274322,0.267971366237664,0.273854061077431,0.277808986120284,0.279859911161052,0.279900183545121,0.277782120748365,0.273607435025143,0.267520702263934,0.25950857443396,0.249949799724381,0.239157329601016,0.227335859413017,0.214802933715436,0.201876891764924,0.188948542092405,0.176108478515727,0.163535443443867,0.15137855165143,0.139755765822355,0.128751212819196,0.118411251448767,0.10873927238969,0.0996892957556381,0.091158492448813,0.0834407554080125,0.0764511791653397,0.0696013941668406,0.0637839866442418,0.0580535234826249,0.0531570626916557,0.048075453411488,0.0442757008637911,0.0401048825684739,0.0364145368186828,0.0335681939594746,0.0304465211180314,0.0270037920991026,0.0249863453442308,0.0231295845833921,0.0210967775466409,0.0188600697181278,0.016381172098856,0.0145554429175914,0.0137835565925742,0.0129440009167492,0.0120290182030237,0.01102877618449,0.00993042077447323,0.0087165199233946,0.00736235117433697,0.00583078940636461,0.00406158518170554,0.00194509676574176,0.000475788258370315,0.000483720908801858,0.000490586347899625,0.000496406661390898,0.000501210559635452,0.000505031511855885,0.000507906007202497,0.000509871951760935,0.000510967195699564,0.000511228194088416,0.000510688797362848,0.000509379175629929,0.000507324883886602,0.000504546073013973,0.000501056856215767,0.000496864835809624,0.000491970786886134,0.00048636849011763,0.00048004469280492,0.000472979168683389,0.000465144834444588,0.000456507873200824,0.000447027807218649,0.000436657454587384,0.000425342695235907,0.000413021962937672
0,0,0,0.0029188987892549,0.0185204017677688,0.0378880681590645,0.0580922724514839,0.077987748347873,0.0970937083479549,0.115487771401256,0.132950776529182,0.149401940660904,0.164877672431454,0.179676672130805,0.19374782005649,0.207007432232339,0.219483494387145,0.231150769483314,0.242099968433035,0.252043598788678,0.260734164485679,0.267938328910169,0.273743651831052,0.27755773681786,0.27949432329241,0.279375300389812,0.277095944483799,0.272774599814032,0.266536118583235,0.258420102839024,0.248715902196125,0.237855205699265,0.225988127903555,0.213429459457883,0.200613913666419,0.187701678858117,0.174890463125054,0.162357780103982,0.150251723457435,0.138689381643894,0.127754089604857,0.117491428423376,0.107903954036492,0.0989447212807726,0.0905097303545296,0.0827409107515354,0.0758586586240798,0.0691180622906951,0.0632625765349585,0.0576492799668042,0.0527209316654504,0.047761253568475,0.0439367292003758,0.0397390177304108,0.0361798410036018,0.0333149789171633,0.0301732111680397,0.026708482367979,0.0248330411108956,0.0229641793318453,0.0209182690448931,0.0186672624801536,0.0161725711584223,0.0144904790258635,0.0137134169571592,0.0128683061348941,0.0119473449832336,0.0109406412997516,0.00983525490123328,0.00861362290923063,0.00725081068008944,0.00570932013050079,0.00392817164652018,0.00179604517011341,0.000475684753592055,0.000483604353520191,0.000490455508096164,0.000496260203326215,0.000501047040993766,0.00050484937238826,0.000507703559452576,0.000509647371558424,0.000510718512669086,0.000510953282530087,0.000510385367031131,0.000509044763029206,0.000506956843653178,0.000504141569579794,0.000500612855471429,0.000496378096838591,0.000491437853583322,0.000485785682256242,0.000479408096834592,0.000472284627657206,0.00046438793700083,0.000455683941382783,0.000446131882587539,0.000435684282198314,0.000424286704476234,0.000411877243897199
0,0,0,0.00291673786611902,0.0185302107273489,0.0379107751748044,0.0581606460269467,0.0780860616715443,0.0972252724600522,0.115602581221228,0.133093763894167,0.149572427196766,0.165073311813862,0.179828938115099,0.193910825100614,0.207173993307367,0.219644403293153,0.231294750307743,0.242151547197014,0.252050736133588,0.260680538019425,0.267774814540372,0.273471526043489,0.27714430984226,0.278947320301535,0.278667559504839,0.276224763671751,0.271771441967687,0.265377506456862,0.25716958000615,0.247383982856751,0.23639588659981,0.224501660523096,0.212028954000885,0.199230823977628,0.18634121784578,0.173565183148002,0.161079139128186,0.149030266897373,0.137534865035375,0.126675538034124,0.116497128711154,0.107001375931452,0.0981403645981168,0.089808895769829,0.0819855475938567,0.0752189919717774,0.0685960575252322,0.0626999056047295,0.0572127407068414,0.0522503384391321,0.0474218696288885,0.0435708688646847,0.0393444729176465,0.0359263267550278,0.0330416679145909,0.029878463112685,0.0263924559643795,0.0246674098858409,0.0227856043650698,0.0207257062005533,0.0184594689701569,0.0159479941051756,0.0144201937966379,0.0136375741539428,0.0127865075085244,0.0118591477542505,0.0108455415937705,0.00973266053847003,0.00850280656924356,0.00713082421970273,0.00557882434668132,0.00378505597234115,0.00163641163035558,0.000475572238161726,0.000483477655258915,0.000490313286603023,0.000496101010544339,0.000500869311046213,0.000504651411750446,0.000507483536918666,0.0005094033078874,0.000510448270690733,0.000510654557117517,0.000510055675612245,0.000508681436097561,0.000506557015822662,0.000503702170807744,0.000500130602509458,0.000495849484706966,0.000490859146957319,0.000485152906645199,0.000478717029292185,0.000471530786821524,0.000463566572393247,0.000454790021584821,0.000445160081864323,0.000434628965174147,0.000423141907810947,0.000410636653714497
0,0,0,0.00291369488117223,0.0185348491704705,0.037925087207801,0.0582117697904755,0.0781607993151948,0.0973258536124818,0.11568606162531,0.133197057342502,0.149693762811019,0.165209237143879,0.179921515556892,0.194002586157552,0.207256653164352,0.219707667941009,0.23132627674349,0.24209083506022,0.251929707493586,0.260481758322298,0.267478775963286,0.273035509504834,0.276565799911096,0.27821525065457,0.277772510971672,0.275163329652159,0.270592083303945,0.264038254448944,0.255749962961997,0.245908079478421,0.234874203657059,0.22297463136426,0.210502586044054,0.197720170480402,0.18485989371495,0.172125623434197,0.159692809304156,0.147707819960049,0.136286241042576,0.125510001713572,0.115423240647781,0.106026892941224,0.0972720654331798,0.0890523288770151,0.0811950023025052,0.0745289099633904,0.0680326466460523,0.0620931389763442,0.0567416243948093,0.0517429174152379,0.0470555042755324,0.0431762520571751,0.0389193182416666,0.0356526485212231,0.0327468620279544,0.0295608308405799,0.0262264873615861,0.024488563531666,0.0225929347446352,0.0205181310381612,0.0182357031974719,0.0157064333473078,0.0143441855977846,0.0135556054835029,0.0126981620226267,0.0117639643805342,0.0107429975302655,0.00962214307935021,0.00838356424323631,0.00700187681820388,0.00543878311169739,0.00363171955686869,0.00146567915623773,0.000475449930979559,0.000483339935181952,0.00049015869839328,0.000495927981787066,0.000500676142142752,0.000504436264817061,0.000507244424920301,0.000509138083983666,0.00051015461717668,0.000510329975072732,0.000509697474578027,0.00050828672425331,0.000506122690580899,0.000503224909625843,0.000499606854097836,0.000495275460337678,0.000490230811878056,0.000484465971297658,0.000477966940102316,0.000470712716676201,0.000462675410411375,0.000453820361828608,0.000444106210964843,0.000433484848051739,0.000421901170738608,0.000409292563335026
0,0,0,0.0029097484570374,0.0185343444745253,0.0379310921113677,0.0582459541843765,0.0782124048737799,0.0973960322115095,0.115738684176544,0.133261217357847,0.149766573539873,0.165286105584512,0.179954800802986,0.194023430661711,0.207255610476818,0.219673288931245,0.23124507368169,0.2419170425356,0.251679297647933,0.26013609365934,0.267017107969593,0.272432534759409,0.275818403556424,0.277293484191457,0.276684726690509,0.273905419666735,0.269229751365285,0.262510867137303,0.254153402332903,0.244265116810167,0.233205095287532,0.221297456045087,0.208833573505268,0.196074007260272,0.18324999574231,0.170564367647864,0.158191718526165,0.146303887028002,0.135028803402275,0.124320204302768,0.114264416770001,0.104975647336206,0.0963354716226702,0.0882361968666291,0.0805035188542336,0.0737849999215454,0.0674249670750043,0.0614393237756606,0.0562335425838072,0.0511962054918951,0.0466602723661196,0.0427509297612921,0.0384615522434216,0.0353573945920368,0.0324291009930551,0.0292188139680808,0.0260472514335561,0.0242955689314252,0.0223852033610342,0.0202945476340309,0.0179949471771082,0.0154468573785197,0.014262028811072,0.013467064495912,0.0126028035877211,0.0116613108730074,0.0106325096110232,0.0095031906681859,0.00825537574233715,0.00686344493446389,0.00528867543813577,0.00346765030187839,0.00128334859129332,0.000475316983747222,0.000483190239403347,0.000489990673872371,0.000495739921829995,0.000500466202003117,0.000504202450240358,0.000506984580429197,0.000508849881198957,0.00050983554339051,0.000509977321918782,0.000509308327334173,0.000507857951316334,0.00050565093374665,0.000502706574638605,0.0004990381015746,0.00049465219716718,0.000489548682590243,0.000483720349413235,0.000477152919520429,0.000469825102543768,0.000461708709646428,0.000452768772943228,0.00044296361286454,0.000432244787456179,0.000420556847144419,0.000407836810460373
0,0,0,0.00290487093474817,0.0185286891130578,0.0379288220644579,0.0582633996092864,0.078241174145559,0.0974361976859285,0.115760725401465,0.133286560900395,0.149791188098201,0.165304217937568,0.179928828952074,0.19397326008267,0.207170568287912,0.219540697035139,0.231050217975553,0.241628724793167,0.251297554231181,0.259640991067525,0.266386562257811,0.271658622532306,0.274897401972773,0.27617639624241,0.275397787587258,0.272513076860719,0.267676773148566,0.260786963804816,0.252371243468802,0.242446287343796,0.231368927247498,0.219461341904423,0.207013268192407,0.194283906505547,0.181503381461428,0.168873613476077,0.156656459083851,0.144949221152356,0.133765768475279,0.123157492038067,0.113134768458824,0.103842582988489,0.0953260511078204,0.0873565032871723,0.0797579532509362,0.0729837164271113,0.0667700335940431,0.0607353997404144,0.0556860054315117,0.0506076510819844,0.0462342046527842,0.0422928779001581,0.0379691109935469,0.0350390897804364,0.0320868676915718,0.0288508645098982,0.0258538067827315,0.0240874494518396,0.0221614035325114,0.020053926092771,0.0177361565636193,0.0151682183879162,0.0141732736257747,0.0133714811342308,0.0124999436201417,0.0115506825081738,0.0105135601513109,0.0093752767671986,0.0081177108616071,0.006715001099356,0.00512798427585079,0.00329235023036549,0.00108894834968137,0.00047517247539234,0.000483027532054254,0.000489808052189991,0.000495535533332375,0.000500238044938271,0.000503948361008401,0.000506702221275285,0.0005085367276141,0.000509488871816828,0.000509594197955029,0.000508885594252476,0.000507392219207245,0.000505138569245492,0.000502143691378201,0.000498420551018996,0.000493975559920946,0.000488808260130256,0.000482911155862738,0.000476269673484678,0.000468862218975285,0.000460660291391882,0.000451628602027992,0.0004417251410858,0.000430901126003002,0.000419100754352394,0.000406260676378029
0,0,0,0.00289902818452148,0.0185178404957241,0.0379182535200562,0.0582641967908788,0.0782472554837496,0.09744654857949,0.115752266354008,0.133273160271579,0.149767635668343,0.165263514953163,0.179843269299995,0.193851543435597,0.207000725254058,0.219308741895384,0.230740124452724,0.241223767171294,0.250781770969457,0.258993057711406,0.265582964214014,0.270708863339916,0.273797144383496,0.274860863809754,0.273906544563265,0.270932109150669,0.265924572409174,0.258919787857405,0.250394032906286,0.240442062480769,0.229356201142505,0.217456914690181,0.205032502320978,0.192340977854889,0.179611498063657,0.167167266014907,0.155104004787129,0.143486887483558,0.132403211808889,0.121903709349159,0.111997971936486,0.102648666380885,0.0942391091120186,0.0864091017817528,0.0789547173497205,0.0721213962676301,0.0660647482952264,0.059978213707858,0.0550964301661201,0.0499746263971136,0.0457752535244139,0.0418000059296255,0.0374398800858804,0.0346961996022581,0.0317185944457952,0.0284553956975398,0.0256451672152628,0.0238631873482203,0.0219204927457498,0.0197952078875471,0.0174582678861165,0.0148694617226146,0.0140774461185473,0.013268362237931,0.0123890720687346,0.0114315554917133,0.0103856157082974,0.00923786349417366,0.00797003378862012,0.00655601957887949,0.00495620364653773,0.00310534438419689,0.000882045579947929,0.000475015405977753,0.00048285068893212,0.000489609573478337,0.000495313408650943,0.000499990102417376,0.000503672254054017,0.000506395414939234,0.000508196485453597,0.000509112242632568,0.000509178003442069,0.000508426416867577,0.000506886390807213,0.000504582160681257,0.000501532502594583,0.000497750101988601,0.000493241082223125,0.000488004688933696,0.000482033122472448,0.000475311498056508,0.000467817903491992,0.000459523512865324,0.000450392705640875,0.000440383133226112,0.000429445666884836,0.0004175241492696,0.000404554864692276
0,0,0,0.00289217937881258,0.0185017205891371,0.0378993068446702,0.0582483265698685,0.0782306494403748,0.097427091810744,0.115713191306772,0.133220840971437,0.149695642561285,0.165163572396389,0.179697419455982,0.193657309402428,0.206744765448722,0.218975679311621,0.230312530618525,0.240699369376281,0.250128469853236,0.25818804163315,0.264632768560584,0.26957739951608,0.27251103233985,0.273414837605119,0.272295000430484,0.269149075016655,0.263963671767906,0.256914748101313,0.248211531729732,0.238242209215114,0.227156789774734,0.215274241556504,0.202881614418276,0.19023589692687,0.177715957204762,0.165403932838818,0.15342863388582,0.141909996933295,0.13093475805698,0.12055300932933,0.110773560951218,0.101558084290296,0.0930698114081968,0.0853897149946407,0.078090098605108,0.0711942783597441,0.0653059143482963,0.0591837095144784,0.0544621527587429,0.0492944435099329,0.0452813011460835,0.0412701682781874,0.0370799421852471,0.0343271362342815,0.0313226714268139,0.0280307932682167,0.0254203039686293,0.0236217272922645,0.0216613977382727,0.0195173127771517,0.0171602076058729,0.0147267419392197,0.0139740486851553,0.0131571924850257,0.0122696589771381,0.0113033892641224,0.0102481302682695,0.00909040584165386,0.00781180851908001,0.00638598316493798,0.0047728470168618,0.00290619105508918,0.000662258763418386,0.000474844690066047,0.00048265848977855,0.000489393870372729,0.000495072020451867,0.000499720673277194,0.000503372239284631,0.000506062066514063,0.000507826837897899,0.000508703099188528,0.0005087259228383,0.000507927700645061,0.000506337071649975,0.000503977991651086,0.000500868947252051,0.000497022325428107,0.000492443943091823,0.000487132732121795,0.000481080572463043,0.000474272252957488,0.000466685529682091,0.000458291240145128,0.000449053423007038,0.000438929385069967,0.000427869649414533,0.000415817706503573,0.0004027094828335
0,0,0,0.00288427669971265,0.0184802153208674,0.0378718456018122,0.058215659127992,0.0781912076810851,0.0973776410356795,0.115643185497003,0.133129178452932,0.149574627629268,0.165003594746861,0.179490198041714,0.193389136911352,0.206400846590706,0.21853915697283,0.229764479937884,0.240052028282545,0.249333382271241,0.25722081200283,0.263529780109646,0.268257408087079,0.271031505532554,0.271769887615865,0.270478407699814,0.267154267856529,0.261783701098939,0.25470155324646,0.245913350559087,0.235835816145639,0.224759966935989,0.212902864437798,0.200594929782704,0.188152637834783,0.175728184065884,0.163501432470412,0.151622700350028,0.14021143106498,0.129353830302931,0.119099365914666,0.109456066642271,0.100384593343978,0.0918132146548567,0.0842939595005407,0.0771602791446414,0.0701985294140623,0.0644902542174676,0.0585475654289088,0.0537804433311239,0.0485643747595432,0.044750170407621,0.0407011790702037,0.0367098165469807,0.0339302665548085,0.030897457501351,0.0275754295596863,0.0251781490443039,0.0233619812224549,0.0213830211363781,0.0192191475222692,0.0168409032174501,0.014623071357273,0.013862560902922,0.0130374358596542,0.0121411566776986,0.011165629554855,0.010100549304559,0.00893235689169726,0.00764250538674822,0.00620439118632039,0.00457745697073994,0.00269449336167989,0.00046577557304975,0.000474659149540911,0.000482449610447125,0.000489159459751194,0.000494809712244289,0.000499427912754752,0.000503046267503962,0.00050569990534333,0.000507425274778589,0.000508258672587515,0.000508234908088272,0.00050738609712938,0.000505740590542206,0.000503322044999878,0.000500148638355121,0.000496232440151051,0.000491578942435461,0.000486186745905254,0.000480047393971716,0.000473145334639081,0.000465457979908272,0.000456955821080042,0.000447602549696779,0.000437355125675137,0.000426163726523884,0.00041397149900181,0.000400714027328639
0,0,0,0.00287526500861115,0.0184531737578794,0.0378356755213003,0.0581659525890438,0.0781286311216595,0.0972978140763234,0.115541731905183,0.132997493731754,0.149403696371991,0.164782407437916,0.179220135900912,0.19304514411131,0.205966586594979,0.21799619854867,0.22909230361459,0.239277519384535,0.248391429195852,0.256085339099025,0.262254108832922,0.266741085068487,0.26935002991528,0.269916760788601,0.26844681419164,0.264937066824272,0.259391953284424,0.252268963406183,0.243476680734834,0.233366376676248,0.222271901725486,0.210493321639478,0.198298822010965,0.185926217033183,0.173583935342123,0.161451352702649,0.14967833854941,0.13838388428788,0.127653690426957,0.117536611448003,0.108039892247177,0.0991231676905215,0.0906912050325941,0.0831173776645131,0.0761613605314055,0.0693335834883201,0.0636144330026286,0.0578636839167696,0.053048525860789,0.047925280694719,0.0441796391196952,0.0400908305877505,0.036311715062709,0.0335039226007842,0.0304412938608055,0.027087680749188,0.0249175998444036,0.0230828347322535,0.0210842498759985,0.0188996166303461,0.0164992966084281,0.0145112724742234,0.0137424409102299,0.0129085377441623,0.0120030027259134,0.0110177122986793,0.00994231482233911,0.0087631741366915,0.00746160880501622,0.00601076880819801,0.0043696162058403,0.00246991212965586,0.000465597075359875,0.000474457506060817,0.000482222614427869,0.000488904732475043,0.000494524687578416,0.000499109820620556,0.000502692117781312,0.000505306471332434,0.000506989077447729,0.000507775964940936,0.000507701660700701,0.000506797984436082,0.000505092978639976,0.000502609980773326,0.000499366839798303,0.000495375288412255,0.000490640475431027,0.00048516065311767,0.000478927012915674,0.000471923648717242,0.000464127617930368,0.000455509058630377,0.000446031312295969,0.000435650994180319,0.000424317944638877,0.000411974982404435,0.000398557373845069
0,0,0,0.00286508148594338,0.0184204070407666,0.0377905430837978,0.0580988510026455,0.0780424672597727,0.0971870293544107,0.115408107000415,0.132824847783549,0.149181633642612,0.164498447535474,0.178885365675016,0.192622975637521,0.205439048386214,0.217343186092973,0.228291600906675,0.238370876968676,0.24729670062765,0.254774674390314,0.260798120650701,0.265019631985427,0.267457089140665,0.267845240556596,0.266189331227587,0.262485951741496,0.256923010625374,0.249604985372141,0.240818861829164,0.230730956078966,0.219674102266246,0.207947520075212,0.195818699555098,0.183524883857359,0.171274024299786,0.159245078451223,0.147587518535137,0.136419917712205,0.125827490420665,0.115858484342577,0.106519356057689,0.0977686994277309,0.0895099022332778,0.0818554773753767,0.0750893950313182,0.0684545798985075,0.0626750876069445,0.0571292412822422,0.0522636027667789,0.0473527865392992,0.0435674579263633,0.0394369159345383,0.0358839434775621,0.0330464147840618,0.0299525207786205,0.0265659475579545,0.0246375253330193,0.0227831552280913,0.0207639656408386,0.0185576353506403,0.0161343598676109,0.0143907978788339,0.0136131274030857,0.0127699277427103,0.0118546236894634,0.0108590685326343,0.00977287150521515,0.00858232700978496,0.00726862629819562,0.00580467765804517,0.00414895982760441,0.00223217995813055,0.000465403085249035,0.000474238372541455,0.000481975943339996,0.000488627943825404,0.000494214998770794,0.000498764229108498,0.000502307383616705,0.000504879099821641,0.000506515302356601,0.000507251731997746,0.000507122612666578,0.000506159447082951,0.000504389948129446,0.000501837113140348,0.000498518441775708,0.00049444531036118,0.000489622505996512,0.000484047915994865,0.000477712365406686,0.000470599582462184,0.000462686261956624,0.00045394218497885,0.000444330344516621,0.000433807019027004,0.000422321727119717,0.000409816984064765,0.000396227773604874
0,0,0,0.00285410661843449,0.0183816871068183,0.0377361337645961,0.0580138816496153,0.0779321066750379,0.0970445012997588,0.115241375418842,0.132610034670373,0.14890689489168,0.164149752793389,0.178483609780942,0.192119788134236,0.204814722934293,0.216575840785338,0.227357506313343,0.237326373191546,0.246042434628903,0.253280931237989,0.259153246089043,0.263095309293706,0.265342180572701,0.265544150634199,0.263694147000222,0.259804144706407,0.254219146397795,0.246728312093155,0.237927486099713,0.227872027423438,0.216862543211949,0.205197563768713,0.193144013489846,0.180938668989765,0.168789085342897,0.1568738619261,0.145360918093156,0.134354140600054,0.123868336127296,0.114058688190076,0.104888744721792,0.0963160450454291,0.088242575541194,0.0805059217018666,0.0739404242209137,0.067511554821234,0.0616688624364227,0.0563413856569541,0.0514228849617897,0.0467383348367147,0.0429113724038811,0.0387372563436599,0.03542478223275,0.032556048228656,0.0294294978326121,0.0260633260914468,0.0243367739533967,0.0224618020952013,0.0204210575472439,0.0181921451235035,0.0157451136940454,0.0142610799224004,0.0134740423554227,0.0126210233533852,0.0116954399123516,0.0106891303918581,0.00959167407234098,0.00838930571160453,0.00706309887200903,0.00558572776798399,0.00391518884830827,0.0019811162661464,0.000465192268179598,0.000474000244438661,0.000481707907184271,0.000488327201984692,0.00049387853473046,0.000498388789251453,0.000501889458482005,0.000504414905728772,0.000506000763739512,0.000506682464240239,0.000506493906438992,0.000505466254185933,0.000503626868896597,0.00050099838613903,0.000497597935607391,0.000493436517577096,0.000488518539651057,0.00048284150846421,0.000476395869945481,0.000469164977420326,0.000461125158304015,0.00045224583726014,0.000442489665831561,0.000431812600478852,0.000420163862265964,0.000407485698185455,0.000393712857416778
0,0,0,0.00284705113337197,0.0183367451249018,0.0376720698992692,0.0579104517453822,0.0777967786668175,0.0968692346876883,0.11504038354219,0.132351573352483,0.148577595904326,0.163733949003454,0.178012166682643,0.191532233993557,0.204089510532968,0.215689202067292,0.22637177420787,0.236137496337709,0.24462099638043,0.251651886900854,0.257309966373166,0.26108707620478,0.26299381741852,0.263001366796886,0.260948550077186,0.257057571931626,0.251267361558714,0.243797776395322,0.234810610746507,0.224777104617285,0.213825267899579,0.202232075245327,0.19026400359089,0.178160877799493,0.166237652031473,0.15455515602395,0.143239418509788,0.132383179223083,0.122042954591645,0.112234959727553,0.103142378097027,0.0947600820980675,0.0868846453330766,0.0793517685515622,0.0727105257561866,0.066501078826773,0.0605924523060771,0.0554972664010324,0.0505236279275033,0.0460796250991228,0.0422091498132826,0.0379897335348881,0.0349325024223755,0.0320311425731914,0.0288706278964008,0.0257614399269509,0.0240141835464283,0.0221176391095878,0.0200544372927475,0.0178021316531793,0.0153306484949987,0.0141215333410484,0.0133245945810043,0.0124612346108593,0.0115248713768604,0.0105073383189713,0.00939819594084545,0.00818363139248993,0.00684461272751619,0.00535359076186661,0.00366808471433871,0.00171664300812881,0.000464963176441248,0.000473741490017665,0.000481416673629782,0.000488000456298895,0.000493513007891479,0.000497980956544818,0.000501435519831798,0.000503910766372029,0.0005054420152554,0.000506064367009571,0.000505811373538264,0.000504713836920095,0.000502798744601004,0.000500088348377272,0.000496599387158401,0.000492342465905377,0.00048732159565088,0.000481533888219293,0.000474969399835599,0.00046761110284414,0.000459434956630758,0.000450410035383151,0.00044049866310212,0.000429656497684788,0.000417832497280098,0.000404968688500155,0.000390999649525275
0,0,0,0.0028392669941292,0.0182852697088208,0.0375979081499742,0.0577878443524911,0.0776355459837298,0.0966600178606341,0.114803751929271,0.132047698146667,0.148191500960963,0.163248235619716,0.177467895462641,0.190856443343016,0.20325870037318,0.214677605327886,0.22525631692056,0.234796928634676,0.243023857893286,0.249909853204425,0.255257802979919,0.258862274373303,0.260536909184361,0.260292683942551,0.258134401722678,0.254059060031576,0.248053983075426,0.24061694973073,0.231677104958676,0.221584040412127,0.210651921363682,0.199161401583867,0.18736119474741,0.175469184634176,0.163672955861685,0.152129625387586,0.140964854115145,0.1302709199695,0.12010374050525,0.110478742919939,0.101365482196776,0.0930957771391954,0.0854315916972176,0.0781159365079256,0.0713958690584307,0.0654197635090022,0.0594426531540051,0.0545940695496878,0.0495631743057503,0.0453743725608738,0.0414586109293402,0.037192327436752,0.0344053852209991,0.0314700555667704,0.0282743851477536,0.0254375507387771,0.0236685935157719,0.0217495493246336,0.0196630569515583,0.0173866457121131,0.0148901481708031,0.0139715587131904,0.0131641842625709,0.0122899698253275,0.0113423447820603,0.0103131495884547,0.0091919392625046,0.0079648677103008,0.00661281226725046,0.00510801413636234,0.00340752458505106,0.00143880062312657,0.000464714240008331,0.000473460340104346,0.000481100256630837,0.000487645484806974,0.000493115940191836,0.000497537975772172,0.000500942512853083,0.000503363303393485,0.00050483533028755,0.00050539333953831,0.000505070512071817,0.000503897264649115,0.000501900187592395,0.000499101126865711,0.000495516409807263,0.000491156227607585,0.000486024178993182,0.000480116968940009,0.000473424256253027,0.000465928630351927,0.000457605687140536,0.000448424163028889,0.000438346076785154,0.000427326821481975,0.000415315139599985,0.000402252900532838,0.000388074593009745
0,0,0,0.00283069997862462,0.0182269048460388,0.0375131365844872,0.0576452136461439,0.0774472986440514,0.0964154148018301,0.114529866567836,0.131696347780773,0.147746009419396,0.162689369631779,0.176847198694137,0.190088004294105,0.202316948520651,0.21353465834378,0.224004195355221,0.233296524151643,0.24124157913223,0.247975569698655,0.252985312055057,0.256408839786891,0.257893925868249,0.257451390162781,0.255085950061223,0.250794598086783,0.244781749440653,0.237172092126439,0.228291008290967,0.218270703474086,0.207425024753593,0.196034355929643,0.184347171296698,0.172581124633002,0.16092355600636,0.149531296895678,0.13852965254556,0.128010441745632,0.118028980048949,0.108599901064176,0.0996917114022637,0.0913182658228428,0.0838790223457315,0.0767944910546604,0.0699927805477038,0.0642643115218457,0.0583083136654385,0.0536290598307219,0.0485390033814922,0.0446203395434483,0.040657667304076,0.0365788710150973,0.0338417451273528,0.0308712107272641,0.027639347248434,0.0250904746373488,0.0232988594770022,0.0213564526291838,0.0192459295492926,0.0169448267071297,0.0145670677942995,0.0138105468799572,0.0129922085754966,0.0121066425415657,0.0111473019471465,0.0101060482242063,0.00897244636752167,0.00773263372763144,0.0063674142643957,0.00484883638940189,0.00313349697241277,0.0011477636592884,0.000464443756508034,0.000473154876918358,0.000480756503830664,0.000487259880384261,0.000492684648441704,0.000497056864683361,0.000500407132391045,0.000502768863580471,0.000504176681351118,0.000504664952706429,0.000504266463144459,0.000503011219922631,0.000500925392780946,0.000498030399759014,0.000494342136545977,0.000489870363204013,0.000484618252428558,0.000478582092933304,0.00047175114255518,0.000464107610616236,0.000455626740852425,0.000446276952797776,0.000436019992495225,0.000424811034391338,0.000412598667587083,0.000399324685243938,0.000384923589361264
0,0,0,0.00282129044816286,0.0181612475483913,0.0374171713271931,0.0574815794056195,0.0772307467719249,0.096133756020742,0.114216868915209,0.131295153018672,0.147238140651338,0.162053647663935,0.176146003633528,0.189221941557774,0.201258254475778,0.21237151845162,0.22260770899566,0.231627287426048,0.239355727315637,0.245838048007283,0.250578993301972,0.253713781890723,0.255000006162058,0.254349493782431,0.251766972530712,0.247308543740164,0.241287019132189,0.23359071812688,0.224638899238738,0.214703308520497,0.203955969266729,0.192677094447814,0.181114992407238,0.169487137470372,0.157980656175007,0.146752109816097,0.135926451711139,0.125595038074788,0.115812576237704,0.106592901226038,0.0979034704937861,0.0896584278861363,0.082222751814775,0.0753836428687206,0.0686579313078057,0.0630315750067349,0.0573383580087767,0.0525996296742219,0.0475111561175273,0.0438153723158451,0.0398043641956457,0.0360125413983361,0.033239957313747,0.0302331292476351,0.026964231711352,0.0247190410692148,0.0229038706036873,0.0209373261288586,0.0188021524673088,0.0164759289135639,0.0144055030575778,0.0136378844575325,0.012808068534097,0.0119106798322251,0.0109392096271451,0.00988555635594315,0.00873931259571379,0.00748661804129543,0.00610822297507807,0.00457600263858605,0.00284611722583091,0.000843855385721096,0.000464149880563336,0.000472823022222701,0.000480383083474272,0.000486841036420154,0.000492216227861758,0.000496534396483472,0.000499825803914068,0.000502123498416639,0.000503461718090525,0.000503874425779163,0.000503393986241593,0.000502049972662545,0.000499868110707556,0.000496869368798208,0.000493069191936446,0.000488476893501136,0.000483095208923617,0.000476920005190116,0.000469940140251865,0.000462137452914222,0.000453486853860963,0.00044395647680423,0.000433507839867914,0.000422095959828385,0.000409669352446901,0.000396169836582523,0.000381532054654086
0,0,0,0.00281097294377549,0.0180878452200888,0.0373093527837477,0.0572958207349479,0.0769844124723024,0.095813128217782,0.113862644699091,0.130841422835987,0.146664517365367,0.161369319600632,0.175359741788666,0.188252693541161,0.200075936546928,0.211084783396831,0.221058372733456,0.229779353664324,0.237360246607502,0.243485377585977,0.248049588409763,0.250791008473786,0.251840788448552,0.250972251205871,0.248208604814876,0.243761005712063,0.237509495663489,0.229889687830539,0.220918565311054,0.210927975669804,0.200232903929367,0.189078631018277,0.177654529145132,0.16619945668929,0.154897748868781,0.143865147276166,0.133202339831769,0.123018343341848,0.113448754553947,0.104452501118266,0.0959959973344647,0.0879920189363212,0.0804588923578059,0.0738798225532397,0.0674182229406398,0.0617186227343584,0.0563032809051696,0.0515033554681121,0.046701965211467,0.042957443725788,0.0388969292259682,0.0354076797274541,0.0325984893003329,0.0295544662089374,0.0262479362949406,0.0243221099636029,0.022482569837311,0.0204912274253344,0.0183309336196719,0.0159793501409827,0.0142322082744637,0.0134529605754387,0.0126111771809812,0.0117015320210358,0.0107175707965469,0.00965124700792993,0.00849220042499261,0.00722659394575704,0.00583514586331172,0.00428958024884413,0.00254564222319633,0.000527560592932721,0.000463830612423116,0.000472462524604863,0.000479977470894615,0.000486386131174683,0.000491707535615649,0.000495967081393599,0.000499194664142066,0.000501422942707661,0.000502685744410608,0.000503016601900397,0.000502447433468334,0.000501007353286366,0.000498721619811295,0.000495610731005532,0.000491689663837919,0.000486967271692635,0.000481445845258955,0.000475120828875437,0.000467980688110492,0.000460006908504182,0.000451174096899478,0.000441450144237929,0.000430796400114416,0.00041916780228715,0.000406512893874505,0.000392773645595098,0.000377884995475965
0,0,0,0.00279967575356781,0.0180061927181835,0.0371889414075868,0.0570866689973982,0.0767066206576838,0.0954825334556991,0.1134648114486,0.130332129123752,0.146021347290924,0.160665244954654,0.174483326967448,0.187174088113154,0.198787525940536,0.209660789131699,0.219346894545727,0.227777626002386,0.23516711851844,0.240904727146069,0.245282877432338,0.247828983842305,0.248558456724685,0.247482107948756,0.244605110679825,0.23992583011534,0.233614703851716,0.225904500842732,0.2170362120964,0.207161462488493,0.19657668266887,0.185544479985878,0.174294885498388,0.163026088714096,0.151904547146581,0.141064355465746,0.130605755549106,0.120592663960604,0.111049084018558,0.102173869140059,0.0939648825864912,0.0862166762388619,0.0787778282663357,0.0722797657370426,0.0660973396034948,0.0603228159978261,0.0552005673672276,0.050338061071971,0.0458392207206397,0.0420447017106618,0.0379338265844504,0.0347627024955169,0.0319159370440302,0.0288340509805519,0.0256246319185499,0.0238985917840082,0.0220339770609638,0.0200173207654735,0.0178316201976487,0.0154546624029988,0.0140465613497819,0.0132551749646918,0.0124009692231243,0.0114786839020594,0.0104819374087825,0.00940275824781405,0.00823085472086868,0.00695243532547545,0.00554820948803292,0.00398977386421475,0.00223248351366648,0.000453775476014766,0.000463483785468945,0.000472070945785331,0.000479536932332584,0.000485892111296276,0.000491155172602241,0.00049535114717588,0.000498509539207625,0.000500662591719835,0.000501843694419558,0.000502085922882204,0.000501420723042251,0.000499876725353245,0.000497478698448822,0.000494246650640019,0.000490195075466573,0.000485332356715975,0.000479660337158283,0.000473174043695296,0.000465861564620776,0.000457704059225354,0.000448675871572291,0.000438744707362496,0.00042787182455336,0.000416012180994933,0.000403114471917629,0.000389120973895914,0.000373967107537242
0,0,0,0.00278732040943053,0.0179157290891358,0.0370551130085041,0.0568526999180766,0.0763954888463788,0.0951411277066292,0.11302070474381,0.129763889918736,0.145304403271369,0.15988326214409,0.173511131920952,0.185979317296683,0.197492581903528,0.208090877760078,0.217463154902842,0.225750002568585,0.232764127876913,0.238281448887335,0.242264637372204,0.244605319491921,0.245119845377214,0.243819204107543,0.240708911535875,0.235834529967541,0.229573338206056,0.221781839993839,0.212869957669497,0.203125124106806,0.192683290224024,0.181807097597309,0.170726535304624,0.159639665037159,0.148712719915873,0.138079461356368,0.127839673852713,0.118056671429322,0.108753678182226,0.0999089176581379,0.091806189028144,0.0843287496537061,0.0771672794102709,0.0705806083413522,0.064692522997831,0.0588418929075495,0.0540279412586997,0.0491018882748995,0.0449209949410164,0.0410755235651192,0.0369138162887758,0.0340761495515764,0.0311910653686227,0.028070931459788,0.025198952017456,0.0234474706016065,0.0215572152317033,0.0195149058861623,0.0173037295958098,0.0149016439430968,0.0138479494192162,0.0130439475065849,0.0121769121885729,0.0112416674747789,0.0102319245743106,0.00913980853720685,0.00795511882279125,0.00666413284916744,0.0052475749712063,0.00367693911767541,0.00190721806989219,0.000453443066384011,0.000463107053366975,0.000471645646183132,0.000479058510206214,0.00048535567439784,0.000490555464194605,0.000494682518487639,0.000497765923070045,0.000499837477786547,0.000500930107305112,0.000501076402870527,0.00050030731202403,0.000498650957395362,0.000496131596647349,0.000492768730974193,0.000488576358568732,0.000483562388052661,0.000477728217054881,0.000471068467679931,0.000463570875560613,0.000455216312459496,0.000445978915035971,0.000435826278523195,0.000424719666417826,0.000412614179680037,0.000399458818083194,0.000385196349770062,0.000369762900395309
0,0,0,0.00277382118331507,0.0178158339795338,0.0369069535539345,0.0565923248337885,0.0760489158733585,0.0947618591594822,0.112527363161587,0.129132951167938,0.144509001807123,0.159018312020401,0.172436963786572,0.184660911212962,0.196067515632404,0.206365626639478,0.215396188967833,0.223530589849074,0.230138180611309,0.23547248612289,0.239078366122486,0.241104648502083,0.241393692643557,0.239858273932214,0.236557991857161,0.231734192645771,0.225228765308656,0.217560579432377,0.208679546322421,0.198900420748781,0.18852367046858,0.177818628695765,0.166922275024344,0.156032543887728,0.145315432560149,0.134904351902767,0.124898612486853,0.11536091685703,0.10631371524005,0.0977342508571356,0.0895480445953019,0.0823250901600608,0.0754562634192258,0.0687799912835622,0.06320138167531,0.0574000151345941,0.0527834359728364,0.0477933734593012,0.0439455828294273,0.0400485755415949,0.0360569161598923,0.0333467245644882,0.0304228524381622,0.0272644215144629,0.0247453714091681,0.0229678302127694,0.0210515393320786,0.0189834492085167,0.0167469819122839,0.0143939479660288,0.0136357783094235,0.0128187293271752,0.0119385191380722,0.0109900761535962,0.00996722601740848,0.0088622130215129,0.00766495106274747,0.00636180990788545,0.00493355234407023,0.00335159419579209,0.00157059575910628,0.000453081992223509,0.000462697875889561,0.000471183769315067,0.00047853900501996,0.000484773250363403,0.000489904440331876,0.000493956794983463,0.000496958953826171,0.000498942245513766,0.000499939101277007,0.000499981601124572,0.000499100168400721,0.000497322394968627,0.000494672007932187,0.000491167987293482,0.000486823827720766,0.000481646962840765,0.000475638355081395,0.000468792243752973,0.00046109604784258,0.000452530404484425,0.00044306931522084,0.000432680359806639,0.000421324928254639,0.000408958415185958,0.000395530308922931,0.000380984090187766,0.00036525685157794
0,0,0,0.00275908449914865,0.0177058237028591,0.0367434534854657,0.0563218586630409,0.0756868886407476,0.0943421889804574,0.111981511928099,0.128435167071232,0.143629980138358,0.158064838535157,0.171254038572089,0.183272941545823,0.19450365491384,0.204474827233596,0.21336449490002,0.221107028881236,0.22741804661297,0.232416491688367,0.235819632051803,0.237505123256317,0.237489292525515,0.235783919345167,0.232395656157092,0.22732530658326,0.220857009687406,0.213037734973665,0.204307756910182,0.194692025471683,0.184469695493699,0.173885402595862,0.163150217871014,0.152442045791521,0.141905351436518,0.13165009634954,0.12177790079713,0.112501211325091,0.103725383158464,0.0954267167969468,0.0875295379779361,0.0802031747116088,0.073642265380288,0.0671784222734421,0.061621983588115,0.056147166712891,0.0514654716840378,0.0465736018327155,0.0429115619335976,0.0389628769709255,0.0353230181405919,0.0325733397194288,0.0296105376863408,0.0264141506474966,0.0242629366585721,0.0224588831904685,0.0205163678270491,0.0184226168102193,0.0161613331680317,0.0141809370371435,0.0134094835650165,0.0125790154797699,0.0116853629010692,0.010723580327506,0.00968763056720196,0.00856990037312427,0.00736044117747848,0.00604573760958286,0.00460661295799619,0.00301442837469899,0.00122354265750579,0.000452689818278698,0.000462253504051921,0.000470682225491997,0.000477974958011103,0.000484140981718126,0.000489197814241886,0.000493169228690365,0.000496083389736647,0.000497971125935062,0.000498864347040003,0.000498794594617912,0.000497791743173318,0.000495882832368338,0.000493091042296265,0.000489434820929159,0.000484927157049397,0.000479575016314845,0.000473378944902835,0.000466332832479232,0.000458423831435309,0.000449632413820663,0.000439932538532276,0.000429291888360526,0.000417672128246306,0.000405029128427405,0.000391313085163431,0.000376468452269116,0.000360433593834057
0,0,0,0.00274300831619025,0.0175975120693663,0.036563501483,0.0560669071072697,0.0753385934768744,0.0938793193820391,0.111379545278521,0.127665979021105,0.142786517070454,0.157016764372784,0.169954955004948,0.18187119790354,0.192791605198664,0.202407466892409,0.211147700537064,0.218466122417031,0.224596733776148,0.229098292346186,0.232288054152582,0.233750565847675,0.23350250902999,0.231556234049326,0.227919211486506,0.222776403548988,0.216271661828997,0.20851751460745,0.199666075659965,0.190203017430298,0.180173181781155,0.169793934891381,0.159276303620467,0.148798013155968,0.138503217285016,0.128501435027439,0.118865557177622,0.109628760947616,0.10098571325547,0.0929835233600518,0.0853909541759061,0.0780702663487836,0.0717233786182233,0.0655874735604245,0.0599529552599817,0.0548197793651177,0.0500729380017816,0.0455326216154628,0.0418178571712637,0.0378178676314815,0.0345445663837741,0.0317551641131846,0.0287536722818569,0.0255201145159073,0.023750819993061,0.0219200025874,0.0199513160914843,0.0178323083585419,0.0155470081156679,0.0139536795608026,0.0131685430951313,0.0123243592010075,0.0114170917306551,0.0104419440433191,0.00939303931615523,0.00826292966769549,0.00704182594099345,0.00571634802571977,0.00426739907477375,0.00266630663758051,0.000867159420029417,0.000452263908965807,0.000461770964204431,0.000470137674150861,0.000477362631735919,0.000483454702942968,0.000488430959985732,0.000492314700081303,0.000495133583894303,0.000496917910508679,0.000497699040288697,0.000497507950035029,0.000496373942188562,0.000494323485411776,0.00049137919964454,0.000487558995594456,0.000482875360046305,0.00047733480655957,0.000470937495149409,0.000463677012550463,0.000455540311084023,0.000446507787194346,0.000436553472955247,0.000425645300137745,0.00041374538832087,0.000400810300808304,0.000386791200494212,0.000371633817594365,0.000355278137990418
0,0,0,0.00272548145071645,0.0175038022538711,0.0363658777006621,0.0557866583786227,0.0749555399125104,0.0933701781645913,0.110717507551202,0.126820393261764,0.141870805598524,0.15586746574338,0.168531668178334,0.18033816258509,0.190921228206243,0.200351548179604,0.208733180278095,0.215712946062009,0.221533705187165,0.225824522835818,0.228493250472036,0.22969641939754,0.229205719471051,0.227008624480585,0.223325465624535,0.218125983177539,0.211461737283213,0.203787432872665,0.195122285846042,0.185668945913125,0.175688668523653,0.165447989973584,0.155165267022161,0.144934009559595,0.134898034005569,0.125166397660328,0.115811409163664,0.106865535949547,0.0983169881661746,0.0904027688193353,0.0831303419392453,0.076136456549556,0.0696984251798923,0.0639054506924534,0.0581935854808037,0.0534166260396319,0.048605280245459,0.04443106070849,0.040663809255904,0.036613476570398,0.0337206631016905,0.0308916749770874,0.0278521708079278,0.0249387190518545,0.0232083512285745,0.0213507557928128,0.0193562310268868,0.0172126909072166,0.0149045312404111,0.0137116371096411,0.0129124914386503,0.0120543876483994,0.0111334461666798,0.0101450424655331,0.00908348294328086,0.00794150663331783,0.00670950321890289,0.00537424479731958,0.00391672972751498,0.00230826955170107,0.000502714089295941,0.000451801413307729,0.000461247041251634,0.000469546505598699,0.000476697990126002,0.000482709918828834,0.000487598889280483,0.000491387693467697,0.000494103458096307,0.000495775923887292,0.000496435874056881,0.000496113695875323,0.000494838098820595,0.000492634965017874,0.000489526346134147,0.00048552961641127,0.000480656773429392,0.000474913905129092,0.0004683008286126,0.000460810890804873,0.000452430930130999,0.00044314138021586,0.000432916489294758,0.00042172461531778,0.00040952854771503,0.000396285799723658,0.000381948802777735,0.000366464912693325,0.000349776134814296
0,0,0,0.0027063828405585,0.017401338146594,0.0361492464206304,0.0554792303683388,0.0745351747116165,0.0928114021709644,0.109991073077167,0.125892957350751,0.140868005547758,0.154609746652461,0.167062800514979,0.178664618514978,0.188881623519624,0.198165657149271,0.206107792272213,0.212909676988538,0.218213802304816,0.222293483771686,0.22474156123226,0.22558078308132,0.224829542974417,0.222501841949025,0.218607143810874,0.213154747903409,0.206668673354288,0.198877964260337,0.190283702620939,0.18104652385039,0.171294196532132,0.161252718049333,0.151113263461928,0.141032257790264,0.131130714845353,0.121642263576535,0.112584922842883,0.103946359987775,0.0957139878033562,0.0878247203292411,0.0807466420735895,0.074094784315714,0.0675670797992082,0.062131497337996,0.0564753707890437,0.0519370305365581,0.0470625868653702,0.0432681656106763,0.0394492450373984,0.0355251854587627,0.0328507151842775,0.0299827104598947,0.0269063624151066,0.0243928714974027,0.0226350520208956,0.0207509397932636,0.0187312257993499,0.0165642311773148,0.0142347543042225,0.0134543263404694,0.0126409355692742,0.0117688189264049,0.0108342767764755,0.00983287962372485,0.00875913855346342,0.00760599847911535,0.00636404354573137,0.00502021017177976,0.00355560198895152,0.00194152773237645,0.000440782336463042,0.000451299248588661,0.000460678260764361,0.000468904821371524,0.000475976677200696,0.000481901781392155,0.000486696227388391,0.000490382271359236,0.000492986476420375,0.000494537996411782,0.000495067011022862,0.000494603295165741,0.000493174947552502,0.000490807252915857,0.000487521692426907,0.000483335113422515,0.000478259046878098,0.000472299194784023,0.000465455090700359,0.000457719924241159,0.000449080529172269,0.000439517516056744,0.000429005523645395,0.000417513548678125,0.000405005305301554,0.000391439556965992,0.000376770351868468,0.000360947068478345,0.000343914176911334
0,0,0,0.00268558075828313,0.0172894231868121,0.0359121481335027,0.0551425661649511,0.0740747082862262,0.092199319633898,0.109195524922044,0.124899290936582,0.139771775552299,0.153235813050062,0.165583417978541,0.176840648311846,0.186788378686782,0.195789396395366,0.203352030729613,0.209871103299279,0.214906207947265,0.218478840684341,0.220695524990054,0.221294561242086,0.220295161969465,0.217712442699912,0.213601630791921,0.208296590782855,0.201556826532808,0.193978143725315,0.185418582407906,0.176158013607092,0.166635047309383,0.15685201986002,0.146982410736189,0.137182371928824,0.127572512933882,0.118236376853101,0.109217850175013,0.100870240050229,0.0929700583399875,0.0854205746211936,0.0782398320305891,0.0719447553231096,0.0657260273635853,0.0602655214933047,0.0549842327492512,0.0503809570196645,0.0456554906835949,0.0420436659415885,0.0381745474404375,0.0346490910323088,0.0319344880162612,0.0290285222672827,0.0259170392704885,0.0238157532932925,0.0220306717274104,0.0201206168015507,0.0180767133416587,0.0158877246810486,0.0139537688520658,0.0131813348510173,0.0123535720655673,0.0114674800874276,0.0105195623029383,0.0095056058133246,0.00842034524487614,0.00725694639848623,0.00600619827446541,0.00465520756632392,0.00318518691562131,0.00156745045801668,0.000440303035138295,0.000450754083389097,0.000460060870336648,0.000468208413841732,0.000475193995263205,0.00048102506697937,0.000485717187876106,0.000489292048303116,0.000491775618246746,0.000493196436990084,0.000493584056312257,0.000492967618864696,0.000491374599258006,0.000488829679632221,0.000485353776708653,0.000480963229801437,0.000475669139307154,0.000469476876324901,0.000462385769383332,0.000454388956171191,0.000445473401856088,0.000435620064991506,0.000424804184586325,0.000412995648761672,0.000400159394770264,0.000386255783422257,0.000371240876308268,0.000355066520452385,0.000337680141992516
0,0,0,0.00266293195038869,0.0171672986457132,0.0356529910098724,0.0547744224641861,0.0735710996609727,0.0915299314822411,0.108325732592475,0.123958720659487,0.138575248173242,0.151737247350193,0.163971866113362,0.174855615974805,0.184660724122991,0.193209835588916,0.200597431033186,0.206582227312933,0.211408487791619,0.214682903497235,0.216436076318668,0.216693465008057,0.215475776381916,0.212799280477734,0.208676015789579,0.20311384313899,0.196528725491775,0.188769815333692,0.180452720351383,0.171445315299645,0.161990471778109,0.152294557921008,0.142621250506609,0.133120658888116,0.123820391999309,0.114803480748109,0.106113220185973,0.097749254360404,0.0900853484244056,0.0828910050823464,0.0759306519292504,0.069686850270823,0.0638442467822091,0.0583083018275117,0.0534152356340096,0.0487490981134493,0.0444214955557797,0.0407578463086117,0.0368407220906857,0.033725951731054,0.0309721595206988,0.0280298260086324,0.0249025036566096,0.023207068005872,0.0213952238735058,0.019460148918822,0.0173934369825922,0.0151843198321159,0.0136795169136563,0.0128923384710009,0.0120502053478679,0.0111503256531461,0.0101894275961104,0.00916353386633146,0.0080676174946965,0.00689507477523383,0.00563690335580576,0.00428037886639587,0.0028068196527617,0.00118754831612221,0.000439782685360644,0.000450162319468758,0.000459390819626895,0.000467452744960447,0.000474344881665788,0.000480074151226402,0.000484655547221557,0.000488110164307005,0.000490463350818082,0.000491743005602416,0.000491978030865371,0.000491196921181344,0.000489426518963273,0.000486690906669821,0.000483010451763471,0.000478401017383795,0.000472873324109264,0.000466432486576998,0.000459077729125012,0.000450802269509529,0.000441593371644442,0.000431432548423213,0.000420295889029321,0.000408154469422507,0.000394974795821636,0.000380719222692749,0.000365346271545483,0.000348810750911988,0.000331063575648561
0,0,0,0.00263828070442845,0.0170341390627359,0.0353700417649979,0.0543723571934821,0.0730210405147127,0.0907988916657528,0.107376128859648,0.12293288226403,0.137271005037513,0.150199016151139,0.16221858894843,0.172698152793187,0.182351153824643,0.190450392312996,0.197615260916962,0.203287913294977,0.207633870330244,0.210679267434586,0.212194815194903,0.212206822593255,0.210737140219485,0.207803513719523,0.203419824777368,0.197947149084271,0.1912520895667,0.183721494000315,0.175304922588599,0.166458728926898,0.15728793776544,0.147886446723606,0.138424327567485,0.129035096742601,0.119874452044891,0.1111942239803,0.102848995110717,0.0948378375476252,0.0871104502573595,0.0802369801083279,0.0736526373603898,0.0673226469572624,0.0618694140354848,0.0562615879277989,0.0517689529156931,0.0470429576802799,0.0431250475905875,0.0394116153901288,0.0354494571635759,0.032755874467215,0.0299643723078115,0.0269878466795414,0.0242898454857818,0.0225667822092288,0.0207290219093688,0.0187702301950448,0.0166824963277575,0.0144555350675029,0.013389076769695,0.0125871197101522,0.0117307665452805,0.0108174560462356,0.00984416055265181,0.00880715337892268,0.00770165537181351,0.00652129611314721,0.00525727789747337,0.00389703586736448,0.0024219834861387,0.000803450132367751,0.00043921785113655,0.000449520072790524,0.000458663739978662,0.000466632923760736,0.000473423885169,0.00047904298393645,0.000483504618514609,0.000486829258141051,0.000489041602786737,0.000490168887402445,0.000490239346796097,0.000489280816875009,0.0004873195075127,0.000484378913081459,0.000480478879423917,0.00047563484016538,0.00046985720563703,0.000463150930131282,0.000455515261444411,0.000446943660346263,0.000437423892196276,0.000426938270903147,0.000415464029963049,0.000402973777502724,0.000389435984754892,0.000374815447074959,0.000359073640755032,0.000342168872000645,0.000324056110742824
0,0,0,0.00261145785335932,0.0168890473332566,0.0350614159011398,0.0539337163659788,0.0724209383455576,0.0900014865937464,0.106340685888493,0.121815347494631,0.135851052383504,0.148671065904638,0.160313357578424,0.170648235762668,0.179847100619963,0.187774856331228,0.194390829333622,0.199857342583871,0.203832635693795,0.206372113419351,0.207640125138149,0.207397703215564,0.205668133761668,0.20255495189512,0.198236831311031,0.192600476205994,0.185964506721944,0.178395155082919,0.17025952972411,0.161508834890256,0.152366438026107,0.143242859072118,0.13410471782416,0.125048570865381,0.116169868888911,0.107524208995457,0.0994268915267874,0.0917843265464552,0.0844321096345731,0.0774607868864454,0.0712661147054843,0.0651204741607844,0.0598031403030191,0.0545326936075837,0.0500467723551064,0.0452967494122038,0.0417669619773909,0.0380065687716353,0.0343950672601711,0.0317394313879313,0.0289122813565099,0.0259043563686762,0.0236450824729753,0.0218951622738847,0.0200327126346904,0.0180519142044309,0.0159453663762241,0.0138472113013549,0.0130822096086044,0.0122655869409909,0.0113953323959421,0.0104691351641462,0.00948422714614628,0.00843714188605317,0.00732335056252347,0.00613671078435596,0.00486861683838672,0.00350664555747003,0.00203228799699196,0.00042725056790911,0.000438604823311213,0.000448823153636013,0.000457874922631454,0.000465743683411424,0.000472425141353635,0.000477925064226398,0.000482257225261925,0.000485441440886584,0.000487501737635169,0.000488464667337513,0.000488357784333365,0.00048720826239994,0.000485041687115258,0.000481880988379336,0.000477745532696007,0.00047265038870658,0.000466605748015754,0.000459616527062718,0.000451682155291438,0.000442796534930366,0.000432948175735444,0.000422120484033102,0.000410292180130902,0.000397437799844877,0.00038352822734678,0.000368531196048652,0.000352411677299471,0.000335132046795513,0.000316651916779462
0,0,0,0.00258227969960371,0.0167310494628978,0.0347250673239018,0.0534556201673123,0.0717668987926334,0.0891326138194252,0.105359836577398,0.120599186362898,0.134306797610581,0.147010967678411,0.158245256294613,0.168432583511106,0.177135292701988,0.184880973479496,0.191123626135106,0.196158230081174,0.199907273161305,0.202197287825204,0.203063449880635,0.202535534012861,0.20063860770868,0.19739365863487,0.192818114578926,0.187191303574877,0.180571107536216,0.173132239375311,0.164932355937982,0.156493542697933,0.147672012423976,0.138653414798053,0.129585610808836,0.12086625475263,0.112347152016203,0.10406844013755,0.0960420204177099,0.0885915773098468,0.0816290209239625,0.0748540877365944,0.0687737175636244,0.0630355679305015,0.0576481047431827,0.0527952826371574,0.0482509727595449,0.0439275187304738,0.0403487447409944,0.0365450415835191,0.033370522031327,0.0306777096562824,0.0278175942939039,0.0247817010808623,0.0229684349854992,0.0211928090875456,0.0193073053942621,0.0173066350739188,0.0151839078298699,0.0135389224479609,0.0127588015240312,0.0119277937350592,0.0110441434205262,0.0101058061761586,0.00911028352464103,0.00805437193740802,0.00693378725230518,0.00574260086173387,0.00447237735029549,0.00311080930529437,0.00163944187927352,0.000426668107061882,0.00043793960064656,0.000448067045942793,0.000457019296560621,0.00046477935750662,0.000471342348064134,0.000476713414080992,0.000480905675206942,0.000483938269544387,0.000485834529191936,0.000486620307602002,0.000486322472529413,0.000484967540847865,0.000482580493515166,0.000479183733630434,0.000474796208168304,0.000469432707225456,0.000463103320619714,0.000455813080196016,0.000447561790555731,0.000438344034065625,0.000428149352845591,0.000416962586071783,0.000404764335303294,0.00039153151265222,0.000377237914988384,0.000361854758325232,0.0003453510870731,0.000327693942296357,0.000308848169981795
0,0,0,0.00255054684631859,0.0165590889744138,0.034358777343327,0.0529349483226388,0.0710547072378123,0.0881867601453792,0.104337221371219,0.119276944162544,0.132717662273409,0.145209032157983,0.156101143414478,0.166032612190666,0.174490019666854,0.181754503423521,0.187794536926768,0.192382811086232,0.195687170215682,0.197732619852447,0.198347547500743,0.197563196455369,0.195406460821407,0.191900545126985,0.187404021264517,0.181729664671078,0.175091665535079,0.167740642425702,0.159819375772754,0.151346409690138,0.14273858150986,0.134069970985521,0.125359911260229,0.116717497246144,0.108350113768923,0.100454891223254,0.0928179880033008,0.0854025727150353,0.078704750146626,0.0723381657167341,0.0661793951074879,0.0608599092541834,0.0554081307706982,0.0509826010905048,0.0463847862994995,0.0424968999561398,0.0388726487199655,0.0350301466933333,0.0322997685801457,0.0295723542002216,0.0266826010892205,0.0239572098493881,0.0222604587772077,0.0204606888026764,0.0185541949477356,0.0165362198543817,0.0144003667074515,0.0132138811575005,0.0124188832536711,0.011573957602937,0.0106776204525356,0.00972810450824625,0.00872318409889743,0.007659913069782,0.00653423706238799,0.00534041756594802,0.0040701589422076,0.00271123642224293,0.00124522137365436,0.00042603604401631,0.000437217869780434,0.00044724688579962,0.000456091405549697,0.000463733855791589,0.000470168739765722,0.000475400552807683,0.000479441734852365,0.000482310723021971,0.000484030138313823,0.000484625127468665,0.00048412187382797,0.000482546253169669,0.000479922675365724,0.000476273071811404,0.000471616050913708,0.000465966235768628,0.000459333761998446,0.000451723964977018,0.000443137258337044,0.000433569188534926,0.000423010667657015,0.000411448360602912,0.000398865199477073,0.000385240974744504,0.000370552944965256,0.000354776393855711,0.0003378850441777,0.000319851205440673,0.000300645530037549
0,0,0,0.00251604295854058,0.016372020945809,0.0339601430699563,0.0523683247870388,0.070279809765534,0.0871579793840592,0.103225709468588,0.117840619440343,0.131171414419742,0.143254932064688,0.154005102497816,0.163435600766111,0.171715624119622,0.178497746940156,0.1842070836002,0.1885726445908,0.191530561289883,0.193126652728953,0.193400179746911,0.192384719574438,0.190109031164483,0.186597869323032,0.181872702533533,0.17614541973641,0.169635212254753,0.162326412049073,0.154481887614699,0.146358191937587,0.137892956876433,0.129271288194288,0.120938183176173,0.112679040504854,0.104562477398832,0.0966887163219075,0.0894561534168774,0.0824500610501639,0.0756644246468808,0.0697179151784912,0.0637907340151954,0.0585972074867773,0.053482991514577,0.0490977851216942,0.0444685900314949,0.041007064722612,0.0373417154950995,0.0337916293104593,0.031184389881049,0.0284256001849376,0.0255101899534138,0.0232440911350581,0.0215220772247487,0.0197001574863005,0.017775175839064,0.0157428902425276,0.0136338515151687,0.0128720955137744,0.0120626494519459,0.0112044772243597,0.0102963784778745,0.0093368669114232,0.00832398457070677,0.00725502780854582,0.00612614749280553,0.00493176221563977,0.00366367765445037,0.00230971298892863,0.000851435622073957,0.000425350277808701,0.000436434984828127,0.000446357439271401,0.000455085384601135,0.000462600639640683,0.000468897062808887,0.000473978472236452,0.000477856604712577,0.000480549178551014,0.000482078093172584,0.00048246778778796,0.000481743774024399,0.00047993131615606,0.000477054303248286,0.000473134270553581,0.00046818959395013,0.000462234871122151,0.000455280465939067,0.000447332245442531,0.000438391511749842,0.00042845510941903,0.000417515711509306,0.000405562257788187,0.000392580514929802,0.000378553705599893,0.000363463142496871,0.000347288792358051,0.000330009672385869,0.000311603948765919,0.000292048606104686
0,0,0,0.0024785334176701,0.0161686057038514,0.033526565235303,0.051752101824009,0.069437293657897,0.0862217617744792,0.102018489274291,0.116281643596635,0.129494487992425,0.141137693888748,0.151736297918506,0.16073758415034,0.168720046275311,0.175304251576737,0.180455371840922,0.184478465020302,0.1871954423891,0.188544032008967,0.188565001700018,0.187293781947981,0.184761359680343,0.180995113672452,0.176294429791005,0.170623491662225,0.164026845327735,0.156927140344833,0.149246195437677,0.141129405707946,0.133041645256184,0.124782149042095,0.116475017187958,0.108468164310559,0.100757335381118,0.0932192767735757,0.0859626833931163,0.0793787114747737,0.0729326293430963,0.0669985586548817,0.0615065935490821,0.0562523873741328,0.0515806678101875,0.0471449819744384,0.0429659678669496,0.0394609836212501,0.0357597988540768,0.0326669650671214,0.0300265664295213,0.0272402918922429,0.024303846466498,0.0224999591052232,0.0207546076992317,0.0189129774325545,0.0169724461734505,0.0149292519808983,0.0132904763665745,0.0125137372914403,0.0116904765869774,0.0108199471123493,0.00990123665563318,0.00893313551928862,0.00791393897224544,0.00684116107544237,0.00571112367774551,0.00451836098957332,0.00325473516406238,0.00190806720279474,0.00045989049432221,0.000424606390855633,0.000435585945963751,0.000445393079886807,0.000453994936407301,0.000461372697702673,0.000467519550575102,0.000472438612085551,0.000476140896784421,0.000478643391898123,0.000479967272486088,0.000480136279733796,0.000479175279481594,0.000477108969945558,0.000473960790036999,0.000469751979272536,0.00046450081620292,0.000458222049296856,0.000450926493137681,0.000442620820502558,0.000433307551476147,0.000422985217196629,0.000411648699834457,0.000399289719905702,0.00038589743707319,0.000371459106015127,0.000355960719863623,0.000339387558347546,0.000321724538488291,0.000302956228221483,0.00028306639023649
0,0,0,0.00243785641622138,0.0159485513877625,0.0332138065318331,0.0511725754199974,0.0686978269207482,0.0852925819045973,0.100453836655606,0.113788355144475,0.125432077962449,0.135512255704538,0.144143981588137,0.151430985271369,0.157466348937668,0.162333163044758,0.166105140069419,0.168847204937174,0.170616080105981,0.171460881307109,0.171423736639523,0.170540436993325,0.16884111987075,0.166350981900475,0.163091007989462,0.159078697596172,0.154328761187729,0.148853752677805,0.142664596413011,0.13577095971552,0.128181413550513,0.120166331978224,0.11221921021694,0.104445722926266,0.0969168029120886,0.0896910891260189,0.0828100425104361,0.0763050213154612,0.0701898210365821,0.0644691804431213,0.0591385980557934,0.0541899721644178,0.0496076944559585,0.0453816943601294,0.0414856056818823,0.0379054474664847,0.0346170865506404,0.0316006674896604,0.0288328493810331,0.0263072353543594,0.0239924445048191,0.0218888291618043,0.0199591539644629,0.0181963917516427,0.0165781873881427,0.0151201520933591,0.0137842733562246,0.0125633001718276,0.011446729175957,0.0104199902789553,0.00949448174760739,0.00866672577464026,0.00788518529100518,0.00718539796788419,0.00655162586607532,0.00596144055282258,0.00542876457387069,0.00495909694963395,0.00446548531098139,0.00410965250074228,0.00375044971545168,0.00337297680304594,0.00306638874527657,0.00283215756728718,0.00258561610442552,0.00232652701790757,0.0020545222072483,0.00185326791568812,0.00173562891671864,0.00161140221269822,0.00148051466047946,0.00134286194854439,0.00119828482949361,0.00104653491402641,0.00088722628300839,0.000719767033716052,0.000543260747718807,0.000437572604012657,0.000427868649255467,0.000417143512701191,0.000405394792731052,0.000392617552900768,0.000378804953252495,0.000363948917960369,0.000348040765402031,0.000331071712029429,0.000313033141057974,0.000293916491874327,0.000273712632415067
0,0,0,0.00239382242418558,0.0157196878232822,0.0327727819986959,0.050512940621018,0.0678117808522104,0.0841691081243335,0.0992010004592994,0.112434144636173,0.123968890338328,0.133932172796397,0.142438808405351,0.14959230420308,0.155485591982881,0.160201704324056,0.163814410695735,0.166388832021949,0.167982051278623,0.168643735597779,0.168416781901148,0.167337993163859,0.165438786261362,0.162745925242149,0.159282266137671,0.155067491491412,0.15011880495137,0.144451548669203,0.138079698908138,0.131016187981325,0.123337630569112,0.115564342635493,0.107874806950794,0.100366222878598,0.0931007230790278,0.0861373268752269,0.0795142614971615,0.0732530796502911,0.0673733458539766,0.0618699925743193,0.0567488285626771,0.0519932205753508,0.0475996004570917,0.0435378490159451,0.0397981717533314,0.0363636665301522,0.0332068720009115,0.0303155909849701,0.0276628661742835,0.0252378301041966,0.0230235642816502,0.0209957047925741,0.019140834117605,0.0174520510539363,0.0159143541086938,0.0145047687216883,0.013218496735319,0.0120481441059393,0.0109831228666722,0.0100088435375339,0.0091055911242306,0.00830144896190523,0.00757441335206087,0.00686881727039214,0.00629040101138297,0.00569550794941156,0.00521915581859063,0.0047453267066365,0.00429495208475519,0.00394970299727473,0.00358739866776035,0.00320778451783059,0.0029592677988596,0.00272229314166192,0.00247360087630822,0.00221301925022448,0.00194023425167594,0.00179767900903733,0.00167813100374128,0.00155225590944126,0.00142002248836846,0.00128136476288303,0.00113615645095927,0.000984175089129547,0.000825052295460592,0.000658204528696877,0.000482734632027563,0.000432170742745374,0.0004220586132184,0.000410914893068027,0.000398740462294036,0.000385534342318871,0.00037129434208862,0.000356017715747145,0.000339701750063177,0.000322344187984927,0.000303943373992665,0.000284497973406944,0.000264006129211935
0,0,0,0.00235000053469915,0.0154752770792791,0.0323069913551932,0.0498162403077945,0.0668754959935634,0.0829845741907611,0.0978430331976199,0.110967295614675,0.122385162495057,0.132223272699315,0.14059619703613,0.147607265806892,0.153349323537807,0.15790542800259,0.161349511386927,0.163747021550997,0.165155560336369,0.165625533617082,0.165200824111412,0.163919492817352,0.161814508480185,0.158914497050172,0.155244494966068,0.150826681820801,0.14568105982757,0.139826039860484,0.133278886751749,0.12605702254754,0.118526847131825,0.110999012241667,0.103569299118825,0.09632199932876,0.0893242919460292,0.0826222329069191,0.0762518229049088,0.0702334951113442,0.0645869196779272,0.0593053140755358,0.0543900576908485,0.0498303497750508,0.0456097559032519,0.0417134735467249,0.0381298328707569,0.0348399229016671,0.0318125752003406,0.0290438708474172,0.0265046166549137,0.0241813109420251,0.0220539685603126,0.0201077290061276,0.0183406486746401,0.0167200113291063,0.0152314902542953,0.0138821058107823,0.012652646623772,0.0115243904946811,0.0105064890928387,0.00958567899268805,0.00873673398818003,0.00793335221914869,0.00725454882049792,0.00659390015983879,0.00602166825599659,0.00545919218619018,0.00500322870072964,0.00452613902101457,0.004133604620097,0.00378498907191884,0.00342027611088098,0.00307671200740329,0.00284844814549898,0.00260914066889171,0.00235877206518466,0.00209722737956232,0.00185504162928151,0.00173980656782857,0.0016185149962989,0.00149119586262369,0.00135785755678409,0.00121846849140755,0.00107292981986704,0.000921038125221094,0.000762434730740412,0.000596536229840477,0.000435889333482507,0.000426398875713719,0.000415862098162669,0.000404285513570125,0.000391673905009644,0.000378030911042352,0.000363359666028499,0.000347663417591229,0.000330946035498181,0.000313212311962755,0.000294467937313933,0.000274719002248552,0.000253970897111915
0,0,0,0.00230244389051717,0.0152194989723165,0.0318147117769736,0.04908109933541,0.0658885191291371,0.0817380853373379,0.0963720423473,0.109379485667015,0.120672151827954,0.130376412304598,0.138606635737397,0.145466036217777,0.151047451452208,0.155434067630601,0.158700108397801,0.160911505227201,0.162126565260698,0.16239665018691,0.161766875781509,0.160276836277205,0.157961350972316,0.154851222688476,0.150973989295341,0.146354641019133,0.141016268139242,0.134980596328134,0.12826836056336,0.12106230153305,0.113761853408646,0.10648137302347,0.0993113841316833,0.0923275969167992,0.0855911105564599,0.0791483412458352,0.0730306049617746,0.0672532569221033,0.0618367487253047,0.056773940312099,0.0520613216606875,0.0476911392287316,0.0436491075472692,0.0399224033410166,0.0364866917789811,0.0333377708554298,0.0304372271902702,0.0277881292575136,0.0253583547485335,0.023131661550434,0.021095623003599,0.0192450721179451,0.0175398801301762,0.0159926992491277,0.0145840501814423,0.01329488842233,0.0121179627560907,0.0110430455154395,0.0100561689761383,0.00915192363322615,0.00835793039955489,0.00761044673411988,0.00692666948458581,0.00632257034840164,0.00574634551265466,0.00524127385691323,0.00478169320228264,0.00430353526199322,0.00396735377690895,0.00361605775861908,0.00324970457780101,0.00296502615415578,0.00273424511104488,0.00249307446205931,0.00224155612651266,0.00197962042887247,0.00179684445939953,0.00167976992130772,0.00155693504867441,0.0014284097042243,0.0012942380626585,0.00115441743398422,0.00100886947855638,0.000857401830549898,0.000699656970011609,0.000535043155912021,0.000430162276771354,0.000420241437845567,0.000409264961623152,0.000397243195992162,0.000384185496958023,0.00037010081247761,0.000354998286824898,0.00033888780191076,0.000321780363190194,0.00030368822924953,0.000284624668459048,0.000264603200451942,0.0002436362026791
0,0,0,0.00225378723760391,0.0149517769944425,0.0312963548343905,0.0483075587826331,0.0648517811297385,0.0804287784665874,0.0947855641587144,0.107661898351179,0.118820633402425,0.12838198827604,0.13646018734552,0.14315840622406,0.148569576350967,0.152777138633555,0.155855762875234,0.15787204933559,0.158885227269554,0.158947862453338,0.158106581454689,0.15640281462075,0.153873552696839,0.150552103961237,0.146468830264428,0.14165183194431,0.136127543902759,0.129921198582695,0.123123662633585,0.11612105444956,0.109053771258634,0.102021849679456,0.0951104258278237,0.0883895890619489,0.0819145213347651,0.0757253310446476,0.0698580798770347,0.0643188888238319,0.0591285186043505,0.0542786604755464,0.0497703270380872,0.0455885912463041,0.0417245598332067,0.0381588151202325,0.0348728302742581,0.0318605236294965,0.0290859522289516,0.0265506973815198,0.0242259488486387,0.022102322278524,0.0201652110494535,0.0183772686742794,0.0167674221683833,0.0152859009456965,0.0139296426046333,0.0126936267929326,0.0115704764660428,0.0105499158492089,0.00961801795464425,0.0087561265896584,0.00797053601297428,0.00727925107178031,0.0066005441487562,0.00604441873780499,0.00546547078165853,0.00501756199683578,0.00455535989230339,0.00413588141213879,0.00379674407707552,0.00344353204585015,0.00307637176925253,0.00284986469306607,0.00261703122345189,0.00237452122406676,0.00212242456377058,0.00186070289417564,0.00173643885730814,0.00161772088233411,0.00149357730158841,0.0013641151698953,0.00122940901237026,0.00108947808812133,0.0009442564573223,0.000793554024960558,0.000637005567577642,0.0004740027325723,0.000424051047023776,0.000413684010121876,0.000402254667151584,0.00038977788036618,0.0003762682864281,0.000361740848619694,0.000346211388847593,0.000329697007999346,0.000312216299357703,0.000293789256191818,0.00027443676274132,0.00025417953724639,0.000233036425297333
0,0,0,0.00220259220790436,0.0146697725873409,0.0307523834106692,0.0474957127879887,0.0637661790640748,0.0790558392055424,0.0931236989638847,0.105805224072163,0.116820909751989,0.126229957889181,0.134146523556583,0.140673841647387,0.145905060993062,0.149924029645116,0.152806047118624,0.154618598613798,0.155422084397888,0.155270554289025,0.154212452575276,0.152291372618677,0.149546813131969,0.146014920050941,0.141729189624768,0.136721100486515,0.131020635712886,0.124685256049165,0.118038988112598,0.111245073580375,0.104413382322922,0.0976301395723333,0.0909749745422131,0.0845124394233277,0.0782991875456004,0.0723658899021444,0.0667412324984881,0.0614385532150679,0.0564693402630549,0.0518343040896469,0.047522164085443,0.0435265962294666,0.03983223578679,0.0364267305570332,0.033288771435301,0.0304112187965848,0.0277644705400145,0.025340170241031,0.0231250757710925,0.0211000175278003,0.0192384168755921,0.0175500774749677,0.0159926588634456,0.0145803226455299,0.0132948452088587,0.0121182388613309,0.0110406074303805,0.0100485577535761,0.0091705313204228,0.00836480532227292,0.00760499775991069,0.00694098865231707,0.00631978618388745,0.00576048423343928,0.00523555742543698,0.00478886665576885,0.00432512962491362,0.0039637311086092,0.0036223983502268,0.00326810278363583,0.00295682882251759,0.00273159792565664,0.00249723300927573,0.00225395455132305,0.00200188634006117,0.00178888797249794,0.00167397406313222,0.00155384385982837,0.00142865879276524,0.00129855774997313,0.00116363865937221,0.0010239345382465,0.000879382885492926,0.000729786717964542,0.000574764378966495,0.000427282456802664,0.000417540972049143,0.000406713716551924,0.0003948207315921,0.000381882115869597,0.00036791851365655,0.000352951599193565,0.000337004490279644,0.000320101996309701,0.000302270606232305,0.00028353812372076,0.00026393285265708,0.000243482216852757,0.000222210737883608
0,0,0,0.00214985139788911,0.0143742865145471,0.0301835815457328,0.0466457187646232,0.0626303682067801,0.0776271885987819,0.0913873269675399,0.103799668242939,0.11466282988905,0.123909871304307,0.131654973144575,0.13800155042837,0.143043119277028,0.146864116480944,0.14954068634947,0.151141448115943,0.151728254830659,0.151356951043275,0.150078131589134,0.147937897514036,0.1449785979025,0.141239538609326,0.136757631281535,0.131567949321955,0.125721180719071,0.119486133998318,0.113026325349656,0.106447955895404,0.099850712333926,0.093315097926576,0.0869148513349913,0.0807141625083669,0.0747514728011706,0.0690705609754239,0.0636864842397236,0.0586168037459039,0.0538687836976907,0.0494384996003445,0.04531984120441,0.0415015007290265,0.0379764679957962,0.0347299017261348,0.0317376964082622,0.0289925869100616,0.0264704362469674,0.0241607184001433,0.0220477188277544,0.0201093378491122,0.0183421568934202,0.016721807711565,0.0152531017803522,0.0139060058015077,0.0126754685884509,0.0115542514115146,0.0105324271515302,0.00959667076124062,0.00872922218300031,0.00796609546658565,0.00726341597899788,0.00659701688814374,0.00603301947711352,0.00547191589447928,0.00500468531421017,0.00455609158729958,0.00411823678308447,0.0037877062934794,0.00344500991401633,0.00309051770790046,0.00283760843678149,0.00261065170060286,0.00237532568806587,0.00213188745034241,0.00188047860455597,0.00172606310131162,0.00160963247612127,0.00148835491482487,0.00136242522939989,0.00123200720917244,0.00109721392565713,0.000958083039195248,0.000814546080918652,0.000666390093305098,0.000513208829205487,0.000420827569124088,0.00041061885775813,0.000399319666301865,0.000386955212761408,0.000373551580332987,0.000359136144088245,0.000343737942191325,0.000327387917776045,0.000310118939185482,0.000291965508801797,0.000272963082474934,0.000253146920568928,0.000232550379871802,0.00021120259723366
0,0,0,0.00209492277622655,0.014069920603539,0.0295910296430732,0.04575780798598,0.0614441871481301,0.076136392980399,0.0895873597597024,0.101676164572362,0.112335819545277,0.12141091758999,0.128974586710703,0.135130569211414,0.139972927817825,0.143586901671548,0.146049728696658,0.147431445273219,0.147795671282398,0.147200384519503,0.145698683211218,0.143339529079076,0.140168456472355,0.1362282261487,0.131559395988242,0.126219942353806,0.120442821590721,0.114365084561157,0.108097521349449,0.101738553193142,0.0953749125103543,0.0890846298540359,0.0829408209974942,0.0769897403311796,0.0712839664270669,0.0658460673191561,0.0606996238008659,0.0558582171216771,0.0513248167555202,0.0470939257396311,0.0431679277252632,0.0395308376569356,0.0361682078851591,0.0330717716698523,0.0302224660964589,0.027607023883684,0.0252057803321064,0.0230059861185447,0.0209893469425313,0.0191439723184315,0.0174643000935759,0.0159254568981756,0.014512133115972,0.013225174049979,0.0120551723266333,0.0109814219106961,0.0100159934172518,0.00913689447758098,0.00832659582405817,0.00756168616956853,0.00691585998357712,0.00628512591813053,0.00574139709752896,0.00520440517738549,0.00476955380121496,0.004320220374546,0.0039406797397301,0.00360850195962624,0.00326533177232942,0.00293579350045357,0.00271561524792905,0.00248750231419756,0.00225182581070567,0.00200886308272373,0.00177430926663563,0.00166131391190395,0.00154362886467949,0.00142149966394914,0.0012951476012872,0.00116475304906706,0.00103043496505069,0.000892226023845433,0.00075004239734807,0.000603646593814338,0.000452600590644077,0.000413962027575606,0.000403273424277912,0.000391493437331665,0.000378653229015912,0.000364785617685702,0.000349925397698434,0.00033410954209924,0.000317377215977545,0.000299769510515075,0.000281328825601644,0.000262097840694886,0.000242118023571571,0.000221427612719848,0.000200059052462724
0,0,0,0.00203889118480104,0.0137528204104643,0.0289736362620166,0.0448322965510737,0.0602075696735467,0.0745844518088423,0.0877155642578615,0.0994805649911339,0.109832500240833,0.11872198709532,0.12609422080236,0.132049872446264,0.13668376312313,0.140082182404895,0.142323745770504,0.143480223651541,0.143617346576827,0.142795586447824,0.141070908648265,0.138495483715206,0.135118341307043,0.130985943749806,0.126182435281897,0.120900183678851,0.115251484615913,0.109341016139569,0.10326715899856,0.0971240707939013,0.0909941489559751,0.0849486565232727,0.0790536433645127,0.0733571456258224,0.0678955338005999,0.0626984691971694,0.0577857458915068,0.0531669235176896,0.0488405918306173,0.0448142546218863,0.0410719236113726,0.0376075031573271,0.034407422707603,0.0314554395577926,0.0287455927989695,0.0262565673625775,0.0239720655263231,0.0218770437830067,0.0199549083209901,0.0182110191111831,0.0166006665794075,0.0151412352743178,0.0138089499278037,0.012589768122992,0.011476582423459,0.0104597946431655,0.00952664691969583,0.00867118656873529,0.00791794313729519,0.00721083252819993,0.00656380901740094,0.00599068933317533,0.00544616818194943,0.00496711250653373,0.0045311519329363,0.00408239141291919,0.00375980805371063,0.00342687554937457,0.00308416312406226,0.00281285819421273,0.00259132600879111,0.00236266928976026,0.00212728203987216,0.00188544409376238,0.0017092116397093,0.00159485352728632,0.001476208408022,0.00135354999539786,0.00122711769291312,0.00109709906031873,0.000963609097908438,0.000826665820338323,0.000686161130987394,0.000541825388347313,0.00041672904966008,0.000406674185258145,0.000395495784286583,0.000383229593740252,0.000369913497621048,0.000355587773217778,0.000340295248759326,0.000324081277169053,0.000306993459697462,0.000289081041916451,0.000270393932629319,0.000250981313862282,0.000230889821688417,0.000210161266147574,0.000188829890121696
0,0,0,0.00198016012714327,0.0134237794844951,0.0283321061744626,0.0438732403596093,0.0589271947826613,0.0729810614234923,0.085782250950393,0.0972165432089321,0.107231450329359,0.11583175304998,0.12300264445856,0.128748507110647,0.133165167359555,0.136340249436569,0.138354065575243,0.139280468869666,0.139187669036189,0.138139006596213,0.136193675880826,0.133407382263275,0.129833218350402,0.125610253001206,0.120853549768117,0.11566888347607,0.110155213394096,0.104415651406897,0.098538800153892,0.0926127575091509,0.0867155016813086,0.0809138178497155,0.0752638311920858,0.0698114237268552,0.0645925053880278,0.0596331007762203,0.0549491987708374,0.0505462892051016,0.0464277761121006,0.0425881592825534,0.0390273778874081,0.0357328653036949,0.0326931169872512,0.029883631160921,0.0273092165317748,0.0249428770881232,0.0227704679800914,0.0207745550338456,0.0189625638663665,0.017291788060575,0.0157765976737556,0.0143834142552739,0.0131086152901162,0.0119469499950368,0.010891225923518,0.00993186082087355,0.00905623082367665,0.00824769287796483,0.00750505584993551,0.00685522989434285,0.00622159550124227,0.00569243408811292,0.00515016735138146,0.00472637627945192,0.00429053485755447,0.00390000587363718,0.00357638267302476,0.00324363354137704,0.00290302396197764,0.0026875347326667,0.00246526257192582,0.00223670621514011,0.00200226441777783,0.00176220100541026,0.00164235449502237,0.00152692630353979,0.00140764352528685,0.00128479964236368,0.00115864263678637,0.00102935719389651,0.000897044403793241,0.000761698384713832,0.000623178779759409,0.000481177466476387,0.000409508041022219,0.000398954707895465,0.000387279956953088,0.000374526224746152,0.000360738875851006,0.000345966305181711,0.000330259870596349,0.000313673573754767,0.000296263436051746,0.000278086514763768,0.000259199539792726,0.000239657173606371,0.000219509910423961,0.000198801604756856,0.000177566649897563
0,0,0,0.00192167402025884,0.0130836353690155,0.027668869567929,0.0428806630092894,0.0576017387804851,0.0713174447227444,0.083787174548327,0.0948841065447571,0.104562661213958,0.11282719679738,0.119701136514542,0.125215756170139,0.129407145425567,0.132352118943384,0.134133038511492,0.134826215620254,0.134502724198087,0.133229148993945,0.131069482522257,0.128134586372319,0.124515195973178,0.120310137852772,0.115618511153851,0.110538232080382,0.10516838331818,0.0995984374094717,0.0939207568303703,0.0882117390959001,0.0825448742157152,0.0769824086434645,0.0715758598066497,0.0663663966183998,0.0613850500426098,0.0566545169695616,0.0521935409274034,0.0479988784556046,0.0440840157099954,0.0404365539887135,0.0370514292534992,0.0339164228598908,0.0310281286252597,0.0283597302393115,0.0259150861487546,0.0236672189674358,0.0216017606505253,0.0197186214078924,0.0179916417763237,0.0164104484413873,0.0149582217084143,0.0136459194709013,0.0124434227052488,0.0113437525942223,0.0103376264984731,0.00941282775974969,0.00858164279102207,0.00783063953517768,0.0071251934036366,0.00649646189143057,0.00592056161301003,0.00539169435205032,0.00490729874701818,0.00448325960250944,0.00404880337140029,0.00371493510595226,0.00339121642517869,0.00305961571886673,0.00277677534466206,0.00256034658087124,0.00233798280743476,0.0021101899699728,0.00187735259905593,0.00168641302506629,0.00157398094377213,0.00145780478528368,0.00133822952640543,0.00121555875014717,0.00109003873029146,0.000961841037166794,0.000831043286948475,0.000697607356733364,0.000561353915630551,0.000421931554833516,0.00040185660215898,0.000390797083155498,0.000378623405952862,0.000365385489538678,0.00035113688197777,0.000335934644369945,0.000319838990849397,0.000302912613810912,0.000285219664241757,0.000266824362910738,0.000247789261837049,0.000228173196379863,0.000208028975549954,0.000187400817433968,0.000166321555531333
0,0,0,0.0018602532480554,0.0127332697363281,0.0269845692834583,0.0418535222305392,0.0562282180739698,0.069608465713607,0.0817305937963397,0.0924883870302358,0.101829904998467,0.109762197203825,0.116309911117808,0.121513475257125,0.125428145628221,0.128124149477155,0.129665933926608,0.130131806672042,0.129600998072256,0.128159449859194,0.125898128277061,0.122902018303807,0.119271972610116,0.115099020287511,0.110484196274732,0.105517643152156,0.100293436434056,0.0948977296194833,0.0894201809770592,0.0839269271698558,0.0784869139369018,0.0731611521375997,0.0679937073892077,0.0630218346827833,0.0582730103611508,0.0537664509725959,0.0495215066535426,0.045534444127025,0.0418086237398931,0.0383434769556415,0.0351319747289533,0.0321597941774268,0.0294148781955798,0.0268851508767985,0.0245645451070668,0.0224304522109376,0.0204781551757989,0.0186921053268523,0.0170447894271963,0.0155547183085897,0.014186514457873,0.0129331648179721,0.0117894065950022,0.0107481917303511,0.00980027478746867,0.00893360154824621,0.00813237504478345,0.00741096198450338,0.0067629270880518,0.00613617787103708,0.00561684118298935,0.00508985590560926,0.00466188323853166,0.00423887494025407,0.00384348195014324,0.00352799725515233,0.00320515825772112,0.00287567781404249,0.0026485712370695,0.0024318551802839,0.00221006981592278,0.00198370881892204,0.00175312362020929,0.00161765572052235,0.00150436321052985,0.00138778544680101,0.0012682792055883,0.0011461476520621,0.00102162480624557,0.000894859218310579,0.000765896332615423,0.000634658713561133,0.000500922880109904,0.000404182402361032,0.000393767706953295,0.000382198156296014,0.000369527586837787,0.000355814146511395,0.000341120169587069,0.000325511770522466,0.000309058125154616,0.000291830384457069,0.000273900227720596,0.000255338069907729,0.000236210985469173,0.000216580425901026,0.000196499800424823,0.000176011933576339,0.000155146412751874
0,0,0,0.00179904142835696,0.0123736080423032,0.0262798359759151,0.0407926270576512,0.0548218373947691,0.0678467399280635,0.0796234759335105,0.0900348325401438,0.0990385562783918,0.106641822740564,0.112864315614612,0.117762225866303,0.121395803352892,0.123824994349581,0.125132231879189,0.125396116178594,0.124699357759102,0.123131877911059,0.120784580044531,0.117748045078338,0.114118588505852,0.109992200965491,0.105457041360534,0.100611600345315,0.0955385742981367,0.0903212041639578,0.0850429731384189,0.0797629400447948,0.0745527408679682,0.0694577657583779,0.0645205691396154,0.0597799835555449,0.0552590505527753,0.0509717824737294,0.0469349796171085,0.0431499440497697,0.039615139773645,0.0363266744013661,0.0332737858442502,0.0304595647113422,0.027855351216382,0.0254594062369312,0.0232585214058424,0.0212395516819605,0.0193931152830657,0.0176936320197282,0.0161460489477667,0.0147196226826991,0.0134241522669251,0.0122431332217616,0.0111618669661178,0.0101713785538927,0.00926103096582841,0.008452086964428,0.00770860461698154,0.00701010030535416,0.00639891873019707,0.00582568933378637,0.00531183467344528,0.00482764311862936,0.00441504365231416,0.00399436122352637,0.00365492889515507,0.0033400494503966,0.00301907570655781,0.00273050329992518,0.0025189758659291,0.00230264917217158,0.00208211990330208,0.00185784994478066,0.00165819132763079,0.00154760422443936,0.00143379848160242,0.00131718332963182,0.00119811659072086,0.00107689014256758,0.000953715481132059,0.000828709067016196,0.000701876743530668,0.000573096244327987,0.000442096440305322,0.000396173139986259,0.000385237594222118,0.000373158678040825,0.000359998482235507,0.000345824040344403,0.000330706923244323,0.000314722471717461,0.000297948655761795,0.000280464539128924,0.000262348397744175,0.000243675555796853,0.000224516043153899,0.000204932180413407,0.000184976170591332,0.000164687699033964,0.000144091530216478
0,0,0,0.00173663780397584,0.0120056186043711,0.0255557546331058,0.0397072724187942,0.0533706116672183,0.0660411906153813,0.0774675324476738,0.087529201377856,0.096195337592184,0.103471927891576,0.10938214675683,0.113983675963553,0.11733446348615,0.119515998484968,0.120602254134812,0.120681234209952,0.119834817928425,0.118157488107675,0.115739876403643,0.112678734343406,0.109064647831166,0.104991708869642,0.100548978504222,0.0958281263855115,0.0909107719094051,0.085873186974609,0.0807937042919247,0.075728738705125,0.0707391018287224,0.0658693584864882,0.0611638666711833,0.056644792119525,0.0523460826260115,0.048272515918617,0.0444353449613222,0.0408432289491499,0.0374899465577021,0.0343765629140599,0.0314881353266626,0.0288177892922638,0.0263510872140922,0.0240834798295634,0.022000731717337,0.0200938811673022,0.0183427529549533,0.0167343634147855,0.0152681942860685,0.0139293752407904,0.0127019501994373,0.0115806565102852,0.0105585942143158,0.00962684763226072,0.00877391263157323,0.0079848059258908,0.007283911724742,0.00664266353290821,0.00603487110732547,0.00551776202675384,0.00500696957815596,0.00457855092329385,0.00416793288728667,0.00377284351127984,0.00346524516280538,0.00315197013285012,0.00283383643501444,0.00259991463038055,0.00238858266619102,0.0021733322829797,0.0019547298973335,0.00173318705087787,0.00158777082500836,0.00147655594141553,0.00136260360436937,0.0012463257809094,0.00112807013156978,0.00100810658090484,0.000886614627257115,0.000763670836607816,0.000639235595655962,0.000513137999379988,0.000397990013861729,0.00038772345356731,0.000376266314295629,0.000363683844901115,0.000350047100820598,0.000335432516135601,0.000319921142639215,0.00030359745134317,0.00028654772365176,0.00026885805105581,0.000250612044046065,0.000231888364996653,0.000212758221981044,0.000193282946887076,0.000173511727674691,0.000153479466683208,0.000133204715250822
0,0,0,0.00167228524387718,0.0116303111154315,0.0248135110896137,0.038593981302097,0.0518909807605441,0.0641970184958376,0.0752650726446449,0.0849788480707315,0.0933086889934727,0.100259724690751,0.105863084988822,0.110172563059053,0.113266421878255,0.115210746514373,0.116089431974394,0.115997621428035,0.115017871419868,0.113246731116819,0.110774334354955,0.107701758501005,0.104115030361867,0.10010615003708,0.0957652895760487,0.0911739906838059,0.0864156866728873,0.0815597195821697,0.0766755503129225,0.0718235629113939,0.0670503252582949,0.0624052405825455,0.0579203165291683,0.0536218677600791,0.0495361164846323,0.0456697675364089,0.0420321417730614,0.0386267534017115,0.0354510472806868,0.032495846753264,0.029765466957061,0.0272360554697996,0.0249031753456181,0.0227592312311213,0.0207930216885727,0.0189890273636226,0.0173262915319848,0.0158164395514633,0.0144243132892696,0.0131506629136604,0.0119953898815248,0.0109368395315112,0.00996634161207181,0.00908264753788292,0.00828753708162766,0.00755611078848163,0.00686905414053858,0.0062749762681149,0.00570903748135901,0.00520980175853881,0.00473048142242908,0.00432904061683283,0.00392170934094312,0.00358158125107002,0.00327531911466237,0.0029646403070894,0.00267516301089814,0.00246844263572762,0.00225800210200439,0.00204451044456869,0.00182848444696545,0.00162506423828562,0.00151630304959632,0.00140482904078111,0.00129110883190255,0.00117554557208866,0.00105846566797367,0.000940107175082975,0.000820609379013626,0.00070000273964012,0.00057819807911842,0.000454973792778262,0.00038963282846319,0.000378832702756908,0.000366858272422638,0.000353783807567696,0.000339689908264157,0.000324662728007675,0.000308792779598136,0.000292173253488069,0.000274897913908777,0.000257058650173835,0.000238742840108286,0.000220030681139666,0.000200992650695587,0.000181687215967807,0.000162158832530088,0.000142436159022353,0.000122530391492148
0,0,0,0.00160943689416298,0.0112487345063322,0.0240543956969212,0.0374532080083761,0.0503728488867915,0.0623126249782393,0.0730218973248269,0.0823891720826365,0.090384346200773,0.0970127993822523,0.10231423602915,0.106353378869323,0.109190429876854,0.110912934305113,0.111604052960064,0.111355218755414,0.110258386819779,0.108409320595845,0.105897415678653,0.102825997427214,0.0992779340775551,0.0953429432834599,0.0911100351776569,0.086654618986047,0.0820575821122714,0.0773833825762363,0.0726948057284174,0.0680470973909933,0.0634920843382736,0.0590635295796111,0.0547929700122152,0.0507097885504735,0.0468302496483386,0.0431637591002778,0.0397168591609334,0.0364901227009379,0.0334838883185381,0.0306938764054458,0.0281074133012129,0.025715480304501,0.0235122560675241,0.0214886664353364,0.0196318490510255,0.0179242971765282,0.0163587535532013,0.0149251076376037,0.013619646341539,0.0124221329383661,0.0113273211579159,0.0103284670099315,0.00941698198337796,0.00858189741755128,0.00780901671104189,0.0071282544906219,0.00649802129401402,0.00590876653373179,0.0053982274439406,0.0049032539714474,0.00447877311834857,0.00408028666942769,0.00368978062628209,0.00338996145867397,0.00308604424505885,0.00277892466658057,0.00254272388326915,0.00233670376724928,0.00212784861970164,0.00191677880643388,0.00170394394602207,0.00155324367630064,0.00144410696498714,0.00133275622730839,0.00121965088967209,0.00110517374105592,0.000989619532672119,0.000873185778713826,0.000755964949660992,0.00063793698020416,0.000518960817130234,0.00039876376286236,0.000380835453082264,0.000369504502205734,0.000357022744637687,0.000343474117042458,0.000328949158553156,0.000313543804123608,0.000297357696028578,0.000280491981365286,0.000263046720865802,0.000245118048315338,0.000226795286348394,0.000208158209094441,0.000189274617777386,0.000170198317943002,0.000150967493332004,0.000131603348373617,0.000112108873187101
0,0,0,0.00154557754166666,0.0108619741326089,0.0232862241577478,0.0362979584689338,0.0488357255967377,0.0603973558832187,0.0707440199173173,0.0797657494731772,0.0874295397685961,0.0937426635517745,0.0987560673953874,0.10252176524895,0.105122070530958,0.106632635544696,0.107152897837974,0.106763319638475,0.10556547832618,0.103654102674236,0.101117598534601,0.0980592355212732,0.0945603580956154,0.0907082174765848,0.0865882124902638,0.0822740180401408,0.0778392658722196,0.0733457738618231,0.0688526698194227,0.0644106377192248,0.0600625449318855,0.0558440122647608,0.0517845046059126,0.0479087887358297,0.044228665009459,0.0407538155424323,0.0374896632133911,0.0344416220569638,0.0315982888445731,0.0289609094091306,0.0265151150376987,0.024256888207819,0.0221785280698053,0.0202700032219329,0.0185165630485964,0.0168985664717354,0.0154302276201136,0.0140761363525571,0.0128331790462482,0.0117064382152037,0.010674362295873,0.0097276130501881,0.00887022484272991,0.00809279613475166,0.00737726239703059,0.00670543535145596,0.00612826932608021,0.00557346673096966,0.00508866827565471,0.00461807267220156,0.00422768330016465,0.00383344711599056,0.00349662416614426,0.00319888918027359,0.00289829991115693,0.00261184609617387,0.00240993493717732,0.00220532033445878,0.00199872739023793,0.00179070930194334,0.00158754063805732,0.00148064384296708,0.00137151722815842,0.00126067777404295,0.00114856570553853,0.00103553252352419,0.000921832139889533,0.000807614484844423,0.000692920451857402,0.000577676885516414,0.000461690273481399,0.00038224844067052,0.000371600718206256,0.000359747243012433,0.000346774337834891,0.00033277607719772,0.000317853087450549,0.000302110839033493,0.000285657416767536,0.00026860079373989,0.000251045798266802,0.000233090975498568,0.000214825590752734,0.0001963269786651,0.000177658381402693,0.000158867316950091,0.000139984409539572,0.000121022495882208,0.000101975817520814
0,0,0,0.00148068196214787,0.0104711482436242,0.0225065094781315,0.0351184134106523,0.0472694780184448,0.0584588513297125,0.0684403517855536,0.0771155254682077,0.0844517689376903,0.0904595128444252,0.0951872912038218,0.0986985929208454,0.101070829033157,0.102389902300424,0.102744685547386,0.102230573095678,0.100947377151783,0.098988929829817,0.096442256553889,0.093408049211909,0.0899680009932852,0.0862067228262331,0.0822033808548384,0.0780347147185396,0.0737620403435308,0.069446979463244,0.0651451325092288,0.0609038002036602,0.0567608338862309,0.0527501377436304,0.048896502151982,0.0452190064790025,0.0417314781998635,0.0384452393424785,0.0353606560920257,0.0324736955167427,0.029792043653466,0.0272981067929977,0.0249897855517185,0.0228616288514605,0.0209017594365,0.019102603037268,0.0174461007832332,0.0159270146326663,0.0145331959505966,0.013264639864853,0.0121005507280088,0.0110357191119525,0.0100635688215482,0.00917583975370906,0.00836208788557648,0.00760887997811739,0.00694813351160212,0.00633243084850962,0.00576152183908159,0.00526113756147813,0.00478179848030916,0.0043648461608118,0.00397838797112171,0.00359592633019464,0.00330390549752977,0.00300925767998093,0.00271293278762271,0.00247811915798068,0.00227742562299839,0.00207490700355408,0.00187122152849832,0.00166683938002723,0.00151460565738873,0.00140760080145031,0.00129887720957938,0.00118893415646963,0.0010781811775827,0.000966928732909417,0.000855382353330778,0.000743639230380528,0.000631685837396019,0.000519395158276476,0.000406522196191702,0.000373121411100298,0.000361936125622216,0.000349574564063135,0.000336133361747097,0.000321716966939533,0.000306435938849478,0.000290404682232878,0.000273738661192966,0.00025655118249955,0.000238950010803839,0.000221034063144206,0.000202890462178967,0.000184592131066924,0.000166196031824949,0.000147742019485128,0.000129252174092569,0.000110730370362757,9.21618658130396e-05
0,0,0,0.00141722437851189,0.0100774037204961,0.0217154743127759,0.0339304690936925,0.045686025344189,0.0564963419288381,0.0661166230039172,0.0744456467452819,0.0814587596509452,0.08716673274733,0.0916157265437148,0.0948853297013719,0.0970427315449672,0.0981821310699794,0.098392435299905,0.0977733116128858,0.096416135417098,0.0944205410501454,0.0918775471642506,0.0888777058472641,0.0855051722028533,0.0818417563261652,0.0779608877072549,0.0739377078044279,0.0698274244759097,0.0656952444972098,0.0615842253494656,0.0575386865294287,0.0535952613374331,0.0497834509700714,0.0461260830366215,0.0426420409726866,0.0393437811396614,0.0362348958459283,0.0333147362013424,0.0305960147432503,0.0280602029604505,0.0257072824312881,0.0235344149984611,0.0215264446161955,0.0196813017352038,0.0179854241527025,0.0164189829630636,0.0149955975898456,0.0136828819180877,0.0124775878533496,0.0113822351264678,0.0103798653211427,0.00946006066363483,0.0086289445955732,0.00787242247130047,0.00717596821738312,0.00652360469774338,0.00596224843176355,0.00542171306116481,0.00495134859365587,0.00449258269412823,0.00411328517638642,0.00373202470882123,0.00340171728120692,0.00311253094630868,0.00282192940369285,0.00254160712674464,0.00234459151641448,0.00214581951470468,0.0019460576828915,0.00174588042401182,0.00154611827839626,0.00144117608317854,0.00133446052090727,0.00122653155006186,0.00111785866895748,0.00100881035067125,0.000899647905484518,0.000790522871767,0.000681476539536747,0.000572439989825048,0.000463233201288436,0.00037403825633133,0.000363564563699385,0.000351854328933154,0.000339005742413179,0.000325126077337639,0.000310330098228437,0.000294737789878863,0.000278471506391626,0.000261652650384587,0.000244398045129292,0.000226816324909042,0.000209004629200431,0.000191045874662535,0.000173006749645137,0.000154936462913563,0.000136866139027416,0.000118808659106017,0.000100758660754188,8.26924660853433e-05
0,0,0,0.00135424814419756,0.00968191102198731,0.0209192704119484,0.0327259163209272,0.0440896730242613,0.054515588889489,0.0637769707194538,0.0717634150869808,0.0784584140391577,0.0838728526720909,0.088063194707636,0.0910945518960439,0.0930537067439491,0.0940243588289116,0.0941065258905973,0.0933915877344199,0.0919775219135907,0.0899556151163063,0.0874283102680651,0.0844720744989773,0.0811747163004053,0.0776151003421578,0.0738637022732399,0.0699831410838542,0.0660426121361886,0.0620832065781182,0.0581587223392014,0.0543069325533027,0.0505584490042677,0.0469401794945894,0.0434729560007322,0.0401777537275606,0.0370577158209631,0.0341165351753179,0.0313676552158829,0.0287968261610602,0.0264056848768603,0.024192301054264,0.022143671402957,0.0202509994324609,0.018516105455337,0.0169170282653241,0.0154476972448788,0.0140997944569452,0.0128712771204005,0.0117436690090716,0.0107118220888635,0.00976934340082552,0.00890830573891051,0.0081187817709239,0.00738874176676282,0.00674745862074934,0.00614914629463496,0.00559657746858033,0.00510924115888409,0.00464550650860944,0.0042389521026228,0.00386454693840515,0.00349284452105578,0.00320874812194223,0.00292337810665531,0.0026377185022138,0.00240717351417625,0.00221189498830685,0.00201572087787449,0.00181933345584049,0.00162320972058373,0.00147237281415224,0.00136759993198592,0.00126157137696177,0.001154818638955,0.0010477704034582,0.000940745335821851,0.000833949457091745,0.000727476768958675,0.00062131145097664,0.000515329925728192,0.000409301408896748,0.00036460494199101,0.000353589555143238,0.000341373539450651,0.000328065965623951,0.000313784787604051,0.000298654679591024,0.000282804157450401,0.000266362148540438,0.000249454205018687,0.000232198586163539,0.000214702588946888,0.000197059423009006,0.000179345867978156,0.000161620795498673,0.00014392449840667,0.000126278645438688,0.000108686596907707,9.1133776239549e-05,7.3587865885517e-05
0,0,0,0.00129103148150502,0.00928585837351295,0.0201218436877999,0.0315192797812363,0.0424786273284206,0.0525251156322412,0.0614280414290715,0.0690762330965913,0.0754587513420703,0.0805865260674796,0.0845268453154091,0.0873378297837367,0.0891053836608991,0.0899259284341019,0.0898868268626316,0.089091083720308,0.08763456078344,0.0856065009761852,0.0830979775290579,0.0801937783167494,0.0769808352571144,0.0735277082692385,0.069908042691272,0.0661807723225691,0.0623974991331516,0.058618134581384,0.0548738220480949,0.0512088572906137,0.04765038533692,0.0442194053814417,0.0409388186165547,0.0378218422198151,0.0348700086564279,0.0321013543575846,0.0295030163209764,0.0270809190324707,0.0248319180137216,0.022746281115714,0.0208168195961709,0.0190370618991309,0.0174047348805375,0.0158955815985353,0.0145202499411653,0.0132518650753214,0.0120870851118933,0.0110284042966624,0.0100584762179646,0.00916828629054006,0.00836366406750516,0.00763069821050837,0.0069559130914113,0.00632526505166229,0.0057801560026811,0.00525636744667091,0.00480057906087954,0.00435606809946973,0.0039880240594225,0.00361972911979054,0.00329843560280568,0.00301791087904036,0.00273727779431215,0.00246545657669916,0.00227349339041701,0.00208064369670612,0.00188770221451186,0.00169525213383672,0.00150366332951902,0.00139842907683801,0.00129422883073634,0.00118927650937478,0.0010840634044338,0.000978967943185036,0.000874252235659728,0.000770063013064637,0.000666435244689062,0.000563296588684244,0.0004604710014534,0.000365027807358051,0.000354753406738941,0.000343213504439797,0.000330517821790854,0.000316786454537431,0.000302147738617012,0.000286735463040109,0.000270685376738117,0.000254131236285234,0.000237200662281776,0.000220011097257849,0.000202666263811074,0.000185253399581614,0.000167841447937682,0.0001504801944383,0.00013320020607465,0.000116013316791347,9.89133578927848e-05,8.18768222157028e-05,6.48632514126602e-05
0,0,0,0.00122815410015484,0.00889044516093613,0.0193194108179794,0.0303030906190211,0.0408675960309299,0.0505342002973487,0.0590764887133657,0.0663915421455557,0.0724678404446374,0.0773245547369482,0.0810152869335969,0.0836154853701313,0.0852123222020598,0.0858909308246976,0.0857526488511179,0.0848891519469169,0.0833953004583347,0.0813696218396873,0.0788928302882312,0.0760557010091616,0.0729303735016446,0.0695902905260687,0.066100489318156,0.0625181812404164,0.0589034659575528,0.0552922189774368,0.0517297019743265,0.0482444008902452,0.0448700875303676,0.041619278441709,0.0385192243194486,0.0355709534269123,0.0327909696334632,0.0301733605552491,0.0277284885124332,0.0254494832372945,0.023331257011734,0.0213684573179688,0.0195527106286659,0.0178816626211969,0.0163453800297445,0.0149287863317988,0.013631782453751,0.012446038883828,0.0113575352751819,0.0103612132390528,0.009450881658386,0.00861895340286809,0.00785601211130256,0.00715052798224428,0.00652988011482399,0.00595122241696685,0.00541713519415291,0.00494511644566481,0.0044970778597041,0.00410314330632973,0.00374091731467466,0.00338201948309775,0.00310605990389544,0.0028300525720064,0.00255499831691403,0.00233090576792253,0.00214119015195402,0.0019514212376866,0.0017622933840188,0.0015742798449961,0.00142704380810804,0.00132464140121519,0.00122141027257194,0.00111790643465936,0.00101457078239908,0.000911724049914598,0.000809567251529255,0.000708185975295772,0.000607556560351478,0.000507552277590187,0.000407947977281771,0.000355317219450391,0.000344499655497431,0.000332459308351669,0.000319317245747773,0.000305204401633376,0.000290258807098603,0.000274622161068022,0.000258435760085188,0.000241836124927447,0.00022495066012116,0.000207893676134041,0.000190763169823976,0.000173638583004099,0.000156579634047024,0.000139626113646157,0.000122798415150335,0.000106098489692426,8.95109076621441e-05,7.30037294435843e-05,5.65290056571657e-05
0,0,0,0.00116816615246735,0.00849707815658563,0.0185204979863543,0.0290934172774061,0.0392554422868518,0.0485425005541355,0.0567289093357193,0.0637167528926211,0.0694937244471927,0.0740877158223189,0.0775446212777841,0.0799483122805126,0.081380476328836,0.0819324779170599,0.0816998240984047,0.080781780731824,0.0792706006197155,0.0772519738735513,0.0748202503976735,0.072048158885714,0.069014813914604,0.0657903834947291,0.0624367101876498,0.0590079123258708,0.0555509707796806,0.0521068629699902,0.0487213878204525,0.0454125181280754,0.0422156317233096,0.0391408947879343,0.0362107348476596,0.0334297271139538,0.0308040287026383,0.0283434187238267,0.0260407670486636,0.023895130759928,0.0219028979135195,0.0200576458518128,0.0183498034030961,0.0167829789377949,0.0153358626355626,0.0140113494044419,0.0127898778901136,0.0116696383836248,0.0106501990385346,0.00971498644047969,0.00885659574942163,0.00807888606145659,0.00737160213965414,0.00672053407370783,0.0061118032901108,0.00558500593978806,0.00507985923453771,0.00463890101494561,0.00421046339646492,0.00385392825038582,0.0034986716844328,0.00318825958407357,0.00291658008536776,0.00264595885313322,0.00238435556625782,0.00219765707309296,0.00201085809373597,0.00182476936777626,0.00163997275149769,0.00145682490637202,0.00135290973092238,0.0012513611749239,0.00114948006517825,0.00104777229391532,0.000946620162677593,0.00084628154236295,0.000746894057549838,0.000648482308680585,0.00055096605391839,0.000454167555758354,0.000357816773506079,0.000345204189481515,0.000333865379126627,0.000321355822415062,0.000307807862005884,0.000293362699721924,0.00027816696048829,0.000262368642109394,0.000246112557999161,0.000229535691391983,0.000212762848801647,0.000195902951430268,0.000179046317437408,0.000162263075086974,0.000145602696349734,0.000129094444726531,0.000112748440987238,9.65569995268351e-05,8.04959261792425e-05,6.45255077285713e-05,4.85910591927351e-05
0,0,0,0.00110856974001991,0.00811028210823884,0.0177266208402794,0.0278796842428423,0.0376431630279518,0.0465556575498404,0.0543917734115353,0.0610591689917618,0.0665450144629536,0.0708837649967347,0.0741203363071354,0.0763361515821054,0.0776116887144892,0.0780545641349515,0.0777454094260682,0.0767820581530536,0.0752553399635601,0.0732616864461972,0.0708745014805172,0.0681821183304816,0.0652489260085597,0.0621425552778866,0.0589223289507569,0.0556398893342151,0.0523398101599399,0.0490646105475448,0.045847721042299,0.0427112137949653,0.0396841868522594,0.0367807565717943,0.0340101112346326,0.0313906718637457,0.0289201890979175,0.0266010457173121,0.0244339592458961,0.0224170129678207,0.0205456110520351,0.0188122715711467,0.017207868117199,0.015738842690684,0.0143776541247522,0.0131355431712193,0.0119949278317478,0.0109477443849131,0.00998905542966048,0.00911289289281928,0.00831201905900128,0.00757752452685961,0.00689814700864694,0.00629876875368904,0.00574149761279418,0.00522614148808459,0.00477115668944409,0.00433899501794922,0.00395933110528063,0.0036094850024795,0.00326484865351191,0.00299730245849118,0.00273079885887233,0.002466340588867,0.00225027556768086,0.00206631499626123,0.00188305066562288,0.00170117870224167,0.00152116064802894,0.0013790989428211,0.00127923462913473,0.00117892914127201,0.00107875536653048,0.000979160055547008,0.00088046102730614,0.000782850460912267,0.000686402424667776,0.000591082449441618,0.000496757095475755,0.000403201910892067,0.000345298431649569,0.00033470916747202,0.000322878158799564,0.000309937870247125,0.000296031471677341,0.000281309445550966,0.000265925489974899,0.00025003192139362,0.000233774768258956,0.000217289042324554,0.000200694595717116,0.000184092879183705,0.000167564876263607,0.000151170252839026,0.000134947602521271,0.000118915498526423,0.000103074003195007,8.74062849960635e-05,7.18800546629652e-05,5.64485967911999e-05,4.10513037209287e-05
0,0,0,0.00104953890121889,0.00772790708378702,0.0169345006116766,0.0266823548371663,0.0360458036836192,0.0445790917209526,0.0520713495321455,0.0584259049028564,0.0636309743931672,0.0677208022484246,0.0707465050742868,0.0727847655916049,0.0739282011859572,0.0742595424668452,0.0738833994489734,0.0728867007835934,0.0713648981032139,0.0693966750260654,0.0670681589031041,0.0644496782554268,0.061620743254791,0.0586352616749243,0.0555499918881264,0.0524140826364477,0.0492697083468028,0.0461585577041286,0.0431065826954436,0.0401375827792635,0.0372720478404784,0.0345329102300699,0.031923688719738,0.0294526539418123,0.0271250419079291,0.0249432869313373,0.022907167607676,0.0210138465307278,0.0192577728718863,0.0176303949870851,0.0161279578838357,0.0147467503739025,0.0134754909041712,0.0123031575648088,0.0112319885130748,0.0102524784550376,0.00935382971363034,0.00852897974881658,0.00777873906041467,0.00709879193722563,0.00647300506345606,0.00588730262399012,0.00537957028175705,0.0048944457539297,0.0044686496505165,0.00405757311685786,0.00371286756563951,0.00337077977545758,0.00307256903624465,0.0028099674785821,0.0025494448984023,0.00229921306954743,0.00211803042464378,0.00193744439806999,0.00175827071095164,0.00158108173727093,0.00140621523106922,0.0013051015536107,0.00120636375572968,0.00110766823209653,0.00100952864199787,0.000912325903772845,0.000816309892976729,0.000721606517938142,0.000628228011354443,0.000536084192477867,0.000444992797755865,0.000354687558196791,0.00033496291262724,0.000323858407681352,0.000311571511725787,0.000298246057033198,0.00028403517634658,0.000269097216540952,0.000253591036732207,0.000237670988591135,0.000221481845865853,0.000205154203741131,0.000188800753523226,0.000172513675070195,0.000156363329894913,0.000140398174777729,0.000124645680957897,0.000109113901209771,9.37933177308975e-05,7.86586317867449e-05,6.36702487989253e-05,4.8775285047905e-05,3.39080431474426e-05
0,0,0,0.00099233241031645,0.00735105424758282,0.0161568999525717,0.025487312761252,0.0344612330050248,0.0426249532483154,0.0497736259255449,0.0558237989399899,0.0607558978616176,0.0646066009255403,0.0674311570788711,0.0693042393085776,0.0703235070600928,0.0705668189209044,0.0701324418053511,0.0691131636485476,0.0675948976995877,0.0656600754147202,0.0633958720799865,0.0608652423321435,0.0581355213433723,0.0552701824866137,0.0523203479955283,0.0493301451894067,0.0463399565264852,0.0433864741987083,0.0404949333307841,0.0376878507477301,0.0349832519683612,0.0323951469077183,0.0299357927050461,0.0276122165364751,0.0254251719853594,0.0233755527361339,0.0214614993797787,0.019683949257196,0.0180373983427711,0.016509737095099,0.0151044625488182,0.0138038629238601,0.0126169428047144,0.0115234487945559,0.0105194203035914,0.00960007457789619,0.00875968973802264,0.00799138845328907,0.00728676559262105,0.00663524690796592,0.0060572053490944,0.00552258521054981,0.00502627888077648,0.00458956288151545,0.00417351605347133,0.0038092801269542,0.00347206213840033,0.00314263943744469,0.00288382408255338,0.00262700101620992,0.00237316214949131,0.00216618124753685,0.00198819601844345,0.00181156026517768,0.00163696302958382,0.00146484832035764,0.0013290002999167,0.00123186060097998,0.00113462550417005,0.00103787728119714,0.000942062797929983,0.000847492948144308,0.000754348573509212,0.000662690755351289,0.000572473172721292,0.000483554372921261,0.000395708303008641,0.000334598800604371,0.000324269795294526,0.000312684042255703,0.000299984742054002,0.000286326361896993,0.000271870697679975,0.000256782132990812,0.000241222443071999,0.000225345525982396,0.000209292381611461,0.000193186862269174,0.000177132552610449,0.000161210925592691,0.00014548084336929,0.00012997921162568,0.000114722490802766,9.9708669148954e-05,8.49193317395828e-05,7.0321521973951e-05,5.58691993032508e-05,4.15041674512289e-05,2.71564616959814e-05
0,0,0,0.000937895512889123,0.00698078825639791,0.0153880202301524,0.0243149914519092,0.0328897379789878,0.0406953351060275,0.0475086810251313,0.053259323054412,0.0579266120615516,0.061548506004033,0.0641818405720814,0.0659068728820486,0.066804852097685,0.066969586756145,0.0664888528312006,0.065453403806369,0.063947124991657,0.0620607482772789,0.0598579004066803,0.0574183541157255,0.0547963399001342,0.05205076534617,0.0492329857725005,0.0463867062702523,0.0435465373180242,0.0407451995034733,0.0380088531314012,0.0353574105429553,0.0328071397458361,0.030370412327852,0.0280561009079937,0.0258699062973127,0.0238146031098806,0.0218901882476644,0.0200939082258745,0.0184252770258506,0.0168821722332425,0.0154476996796317,0.014134580763681,0.0129186876122008,0.0117985860053292,0.0107776877637259,0.00983969968303246,0.00897907510051281,0.00818910791249611,0.00746697076120409,0.00681559838716264,0.00621623188117758,0.00565572857037975,0.00516637493032527,0.0047022092513703,0.00429195048341574,0.0038990696891947,0.00356655048969419,0.00323779442372933,0.00295264144729218,0.00269937762244556,0.00244906506193894,0.00221088564419511,0.00203549152219416,0.0018612993050734,0.00168911980038305,0.00151950943247205,0.00135278352184387,0.00125546486310671,0.00115970954944223,0.0010643248876458,0.0009698258983834,0.00087658764077008,0.000784849277342037,0.000694723686930211,0.000606210262684617,0.000519208603391851,0.000433531154204755,0.000348913457203865,0.000324085429364582,0.000313249755708506,0.000301223975629886,0.000288162582682903,0.000274229507790309,0.000259593483246512,0.000244422740912249,0.000228879483780733,0.000213114580432452,0.000197262819357766,0.000181439221004817,0.000165736670959037,0.000150224913591933,0.000134950855515955,0.000119939887815993,0.000105197880260128,9.07134365632767e-05,7.64600725374527e-05,6.23980606740476e-05,4.84757984614859e-05,3.46306229801548e-05,2.07890878153328e-05
0,0,0,0.000884352668115156,0.00661812728192651,0.0146286274135707,0.0231528127910716,0.0313482160530106,0.0387914223610289,0.0452809584903472,0.0507384910083793,0.0551494542611148,0.0585533316742714,0.0610055172911166,0.0625913384739897,0.0633789309219433,0.0634741229245708,0.062955812390172,0.0619125299685855,0.0604314695216395,0.0585923725366886,0.0564585981627062,0.0541104639282272,0.0515971103683578,0.0489729140579232,0.0462864617280757,0.0435814096360201,0.0408879985266905,0.0382354888668585,0.0356478379520512,0.0331442653524755,0.0307397658111211,0.0284455623735349,0.0262694918205039,0.0242163130825355,0.0222879263101044,0.0204834843874843,0.0187993672101508,0.0172354602161957,0.0157894773158754,0.0144486442416694,0.0132152161801115,0.0120813301821132,0.0110366085465408,0.0100772160724152,0.0091985597874189,0.00839518840370141,0.00766059706464974,0.00698688321995236,0.00636414429023433,0.00580798123213472,0.00529687385210683,0.00481996671637023,0.00440234407594612,0.0040026753876299,0.00365460865184283,0.00333028753153818,0.00301660994536975,0.0027668600205695,0.00251990974261473,0.00227672950874297,0.00207946035422479,0.00190768252467303,0.00173780991769034,0.00157051703048142,0.00140622625199929,0.00127719259651258,0.00118297234401575,0.00108895932419033,0.000995738148156337,0.000903750668889216,0.000813297711177868,0.000724547301846851,0.000637547269011469,0.000552239772372461,0.000468475620890911,0.000386026729872145,0.000323279233396944,0.000313242752213167,0.000301939200282432,0.000289521568629339,0.000276154611289064,0.000262010110478811,0.000247261622685504,0.000232078760693819,0.000216621538735831,0.000201035261882144,0.000185446279251986,0.000169959027250187,0.000154654515059758,0.000139590171371679,0.000124800890636342,0.000110300918748662,9.60862016710052e-05,8.21368004224226e-05,6.84190764612963e-05,5.48874483691535e-05,4.14856264396056e-05,2.81472895901802e-05,1.47962433189408e-05
0,0,0,0.000831751208710986,0.00626403283421195,0.0138918981423911,0.0220184601397904,0.0298304073601877,0.0369172237260052,0.0430928746841456,0.0482667669215589,0.0524301762453692,0.0556272604933468,0.0579103863681394,0.0593636543318177,0.0600544630348964,0.0600858148764756,0.0595381142781305,0.0584946394017241,0.0570459242537955,0.0552572681641097,0.0531994624740899,0.0509419657431882,0.0485372214940121,0.0460331597467777,0.0434783371437111,0.0409109565654378,0.0383596690424134,0.0358516702691787,0.0334090141934856,0.0310491648434124,0.028785487767828,0.0266276730537541,0.0245820802446622,0.0226519923595365,0.0208432966575244,0.0191532887327509,0.0175754520046683,0.0161118379653431,0.0147564173000358,0.013505111293699,0.0123463807844634,0.0112853597264748,0.010311144243156,0.00941592555275337,0.00859443409119492,0.00784033522254416,0.00714695540808778,0.00652503171117886,0.00595285759725882,0.00541818665803071,0.00494770452394891,0.0045050606653093,0.0041107235482452,0.00373649649409374,0.00341652743739642,0.00310127428507153,0.00282965432360719,0.00258599324710096,0.00234600838858363,0.00212017914016928,0.00195085027159534,0.0017832362427799,0.00161813430052541,0.00145607992398393,0.00129736413543804,0.00120443776252143,0.00111183922224516,0.00101989265801015,0.000929108687035392,0.00083985274741582,0.000752351439684551,0.000666704243873435,0.000582898305767562,0.000500823929117596,0.000420288891929907,0.000341030272048148,0.000312637834061229,0.000302105584099971,0.000290379996505503,0.000277625107151893,0.000264014448245472,0.000249725635235459,0.000234934621691405,0.00021980976506668,0.000204506275866355,0.000189161536091523,0.000173891543559597,0.000158788808983162,0.000143921731685485,0.000129335257855201,0.000115052571227478,0.000101077413047879,8.73966531367777e-05,7.39827513893534e-05,6.07958678708567e-05,4.77854760172825e-05,3.48914361809321e-05,2.20445230335352e-05,9.16646422379769e-06
0,0,0,0.000782666770626476,0.00591939953970967,0.0131679136939617,0.0209007374059393,0.0283386870012388,0.0350866724029876,0.0409486909383506,0.0458489762308141,0.0497747957117075,0.0527757463650456,0.0548984924536703,0.0562289949773706,0.0568337038629101,0.0568090814746271,0.0562395310896479,0.0552061164221276,0.0537897499341549,0.052056651751084,0.0500760761510535,0.0479121702389392,0.0456150118204879,0.0432289114779073,0.0408052195725473,0.0383711496905936,0.0359566152273249,0.0335868071266701,0.0312819314017266,0.0290586465720362,0.0269314010252562,0.0249056337311017,0.0229867988215067,0.021177332491454,0.01947849420523,0.0178971194337375,0.016419441465307,0.0150514884691871,0.0137798317728439,0.0126128592129498,0.0115335542874809,0.0105389328236166,0.00962533007889018,0.0087883786033253,0.00802292266896089,0.00732284260173188,0.00668073746637977,0.00608736071148121,0.00555360872859239,0.00506653575115977,0.00460937078930833,0.00421132445775241,0.00382829205153792,0.00349679409864177,0.00318563304623916,0.00288789266799165,0.00264753669986306,0.00241064731399261,0.00217816468634884,0.00199089216900536,0.00182554953137834,0.00166257166205491,0.00150261240709002,0.00134606987122543,0.00122410430918572,0.00113299618601211,0.00104235449741152,0.000952759749205379,0.000864644406994979,0.000778296810621797,0.000693871496285381,0.000611403594379484,0.000530824981722392,0.000451980034872157,0.000374639422844599,0.000311411296948392,0.000301698873779448,0.0002907141779142,0.000278618989982931,0.000265587049730703,0.000251798758652622,0.00023743520071716,0.000222672091747036,0.000207673854087479,0.000192588416814731,0.000177543169722538,0.000162642247175003,0.000147965341955722,0.000133567948099645,0.000119482745187488,0.000105721804673055,9.22792068537134e-05,7.91337092469359e-05,6.62511596075168e-05,5.35864637380568e-05,4.10850217940302e-05,2.86836240879595e-05,1.63108298392382e-05,3.8868882136346e-06
0,0,0,0.000735381529289255,0.00558750143233265,0.0124601326188109,0.0198168313879421,0.0268895992502577,0.033297944950564,0.0388519851742939,0.0434892213093486,0.0471920435097044,0.0500034236595847,0.0519736181696483,0.0531916071522371,0.0537179126127676,0.0536473061835097,0.0530627601658136,0.0520427355302679,0.05066391454681,0.0489906277970558,0.0470875611716528,0.0450193242791999,0.0428277978758447,0.0405620569878579,0.0382628049931199,0.0359569328803629,0.0336730903938978,0.0314405629854004,0.0292723674485943,0.0271819867011757,0.025180133388092,0.0232753086441522,0.0214781635399077,0.0197839052809495,0.0181912425970403,0.0167122043364518,0.0153283477321367,0.01405125328812,0.0128635478094349,0.0117683066703623,0.0107627992247137,0.0098363624028391,0.00898484395704211,0.00820327831872704,0.00748571773079896,0.006824916436506,0.0062297977662525,0.00568527583709308,0.00517676075475395,0.00472561475742467,0.00430474839307879,0.00392669394843457,0.00357127451328418,0.0032641988770735,0.00296260516090456,0.00270469035999938,0.00247088153420057,0.00224133117389888,0.00202785140732261,0.0018648519459277,0.00170398967117905,0.00154604100930646,0.00139151682390513,0.00124194814221351,0.00115243738415499,0.00106316280888432,0.000974775067410737,0.000887775332483959,0.000802516438199378,0.000719211244887822,0.000637946152863931,0.000558697324414044,0.000481347432618658,0.000405701078225957,0.000331497660875086,0.00030069614058447,0.000290500874529492,0.000279113794535922,0.000266707307578756,0.000253463076955705,0.000239566090411127,0.000225198286940188,0.000210532421558268,0.000195726399077762,0.000180918646875334,0.000166224877726804,0.000151736300841973,0.000137519350524215,0.000123616728126751,0.000110049385764715,9.68191085049044e-05,8.39112947783304e-05,7.1297612980604e-05,5.89382872149612e-05,4.67838804096197e-05,3.47765314559825e-05,2.28506729251737e-05,1.09332645435919e-05,0
0,0,0,0.000689022494392821,0.00526695803609505,0.0117794263536541,0.0187525458759747,0.0254689669615357,0.0315491963418852,0.0368139427976053,0.0411908039323569,0.0446823508994023,0.0473140246921705,0.0491432962936713,0.0502547365433977,0.0507098205168865,0.0506027836527383,0.0500093835505316,0.049005134151447,0.047668263485692,0.0460581919888241,0.0442323586215996,0.0422606376876728,0.0401719058812351,0.0380264552755478,0.035845915827401,0.0336654727487583,0.0315158089274998,0.0294103374471493,0.0273662301895271,0.0254036117069063,0.0235270776988127,0.0217409935559606,0.0200538630292749,0.0184691309055229,0.0169784164712057,0.0155955167860022,0.0143012738233883,0.0131077531792961,0.0120014783440469,0.0109779935375583,0.0100344951041169,0.00916753368761194,0.0083730029228427,0.00764606754114644,0.00698100594489727,0.0063709183123736,0.0058071991674502,0.00529633887089847,0.00483354019263196,0.00439641970149293,0.00401815496481663,0.00365198367052792,0.00333718179313719,0.00303941438255741,0.00275753953068629,0.00252687855497546,0.00230021591253146,0.00207845482916143,0.00190120114749382,0.00174250243157749,0.00158653539344269,0.00143392849038314,0.00128505404750023,0.00117014840326808,0.00108233326607379,0.000995201043155124,0.000909322523038994,0.000825117169228254,0.000742859148138386,0.000662689396766514,0.000584631445372153,0.000508608639095161,0.000434460811901398,0.000361958892309538,0.000299076571793674,0.000289717995018817,0.000279087369151713,0.000267354058715854,0.000254699458555538,0.000241310973659601,0.000227375608061681,0.000213073411166748,0.000198571505440713,0.000184018917604398,0.000169542716273427,0.000155245697899098,0.000141205547261196,0.000127475430642318,0.00011408571737215,0.00010104642587917,8.83500392221846e-05,7.59743258636432e-05,6.3884896367663e-05,5.2037305862227e-05,4.03786250861383e-05,2.88484728419466e-05,1.7379560405793e-05,5.89778904826287e-06,0
0,0,0,0.00064531117058761,0.00495768639588198,0.0111167166516589,0.0177298077560515,0.0240955327595906,0.0298545056363516,0.0348364424382522,0.0389655610378783,0.0422484781953901,0.0447103074950114,0.0464090288195934,0.047420566712143,0.0478124535164799,0.0476766801662468,0.0470798418530618,0.0460968483816592,0.0448015188054098,0.0432572441833081,0.041514712716686,0.039632313711288,0.0376529222109809,0.0356159475513729,0.0335533552836152,0.0314992727983882,0.0294684294881927,0.0274883924147267,0.0255710912760135,0.0237242194169091,0.0219648335772609,0.0202934805643972,0.018711246009631,0.0172301363042933,0.0158361480879493,0.0145438064478625,0.0133372058804348,0.012217392166496,0.0111872422630261,0.0102348277652759,0.00935696994473318,0.00854979326543499,0.00780866275956212,0.00712803286099785,0.00650115634002534,0.00593232022403381,0.0054156485190311,0.00493335784545799,0.00450194920585399,0.00410286939262529,0.00374140631437516,0.00340471040581162,0.00311082626955059,0.00282301328706202,0.0025787437689815,0.00235500261336566,0.0021359672189908,0.00193461486220767,0.00177818149224284,0.00162422089081628,0.00147348288085942,0.00132645125657042,0.00118609624761492,0.00109986075053539,0.0010140615924816,0.00092933928113878,0.000846181380813934,0.000764925849607221,0.000685771256754143,0.000608791668130531,0.000533953916429126,0.000461135073686432,0.000390138501162263,0.000320707303819422,0.000288345336937389,0.00027851852458972,0.000267506310952297,0.00025548811661508,0.000242652262566593,0.000229189391759561,0.000215285779820493,0.000201116845000234,0.000186841588472656,0.000172598134124407,0.000158500769898122,0.000144638604623435,0.000131075649562079,0.000117852167598509,0.00010498694133825,9.24800304346142e-05,8.0315690526602e-05,6.84651317420322e-05,5.68889077272771e-05,4.55387993747154e-05,3.43591612761413e-05,2.32877541879034e-05,1.22561271092021e-05,1.18959201511166e-06,0
0,0,0,0.000604428760068414,0.00466014563299204,0.0104735279143406,0.0167313541523167,0.0227585502199408,0.0282113520388392,0.0329148821263929,0.0368121970264417,0.0398921988857023,0.0421939955841307,0.0437719659734587,0.0446901711313029,0.0450319426880576,0.0448690078218242,0.044273421148413,0.0433169689674401,0.0420649055072548,0.0405846081413773,0.0389261173739801,0.0371320741897047,0.035258552859765,0.0333284571600072,0.0313850533668856,0.0294423047635408,0.027537165683513,0.0256730457784245,0.0238726024842914,0.0221437623158068,0.0204910057818434,0.0189287959431169,0.0174473677535026,0.0160637953415224,0.0147624721384916,0.0135536232532115,0.0124296863978153,0.0113853109484365,0.0104185891234845,0.00952981841527596,0.00871158536967424,0.0079577543607,0.0072674671535948,0.0066376756004366,0.00605976596948777,0.0055257595399985,0.00503818257642374,0.00459966891658546,0.0041828247868871,0.00382432667356491,0.00347518354987962,0.00317699477538705,0.00289280407179246,0.00262652666458723,0.00240581569947951,0.00218950770723392,0.00197846415957582,0.00181106013593475,0.00165918221434159,0.00151031575413404,0.00136506042066848,0.00122376225755695,0.00111572214929188,0.00103136064924549,0.000947857411358493,0.000865768857088617,0.000785498665958803,0.000707305759579123,0.000631317847002051,0.000557548234753614,0.000485913731648119,0.000416251751702216,0.000348335323402456,0.000286365343862265,0.000277387727459867,0.000267143845797919,0.000255809291130226,0.000243571616252555,0.000230623652463618,0.00021715655821116,0.00020335309080826,0.000189381436646374,0.000175390289320576,0.000161505262429946,0.000147826912292955,0.000134430355346572,0.000121366178619245,0.000108662418851115,9.63272237156591e-05,8.43517815890421e-05,7.27132284646523e-05,6.13772640493875e-05,5.03003267554301e-05,3.94312407117942e-05,2.87123383464106e-05,1.80801031178397e-05,7.46540528313892e-06,0,0
0,0,0,0.000564210486028075,0.00437468511582667,0.00985789322190309,0.015771530399824,0.0214706085902701,0.0266162845690694,0.0310584244984409,0.0347274613306648,0.037614307842689,0.0397657309522275,0.0412325385717296,0.0420688344014542,0.0423638950878792,0.0421786115108819,0.0415882513469764,0.0406613871915109,0.0394601843252141,0.0380406491176304,0.0364616362584748,0.0347644385584652,0.0329828083589298,0.0311665372239223,0.0293281386294983,0.0275060887527739,0.0257076630589887,0.0239626259296373,0.0222691873130977,0.0206526688353711,0.0191045953819382,0.0176439692586851,0.0162590340436164,0.0149667646735109,0.0137533767794703,0.0126213321464731,0.0115749804208161,0.0106036101397229,0.00970499750667769,0.00887624441908127,0.00811378772994287,0.00741334888260146,0.00676979935574938,0.00617689324296159,0.00563476422808867,0.00514592409737628,0.00468972002901568,0.00427835723454502,0.00390087985241988,0.00355624033519821,0.00323800382602886,0.00295754355020321,0.00268358014238737,0.00245272613127323,0.0022392185249307,0.00203073929442955,0.00184113790296195,0.00169146747960252,0.00154452414961502,0.00140102686147496,0.0012614309994372,0.00112987916424837,0.00104708476430642,0.000964889556336131,0.000883918860728261,0.000804643392521433,0.000727384701243442,0.000652326983028762,0.000579533043605689,0.000508962171887339,0.000440487983117842,0.000373914663334264,0.000308990653649716,0.000275677806000057,0.000266247861980323,0.000255643803808668,0.000244050575214266,0.000231661554145919,0.000218671406006719,0.000205268989724094,0.000191630847517167,0.000177915597294248,0.000164259834834188,0.000150775524451812,0.000137549014622891,0.00012464154643847,0.000112090874263173,9.99137202644474e-05,8.81086849744955e-05,7.66592213812266e-05,6.55364391979293e-05,5.47015202734454e-05,4.41076518542173e-05,3.3701432305034e-05,2.3423779835638e-05,1.32104035843201e-05,2.99190481300731e-06,0,0
0,0,0,0.000526795789611933,0.0041015390620205,0.00926743608501513,0.0148468090932448,0.0202229714736884,0.0250875298435514,0.0292726565396678,0.0327182287792038,0.035433340500762,0.0374385337456685,0.0387900277615118,0.0395599102049601,0.039806643278392,0.0396031671265514,0.039021313721431,0.0381263720129279,0.0369773715765615,0.0356273356440215,0.0341235236893252,0.0325134292077479,0.0308364383690698,0.0291155076731887,0.0273900650638661,0.0256726127622552,0.0239876735173368,0.0223475320958706,0.0207642657023777,0.0192481764922683,0.0178016718401684,0.0164357737637319,0.0151428413705134,0.0139355138201728,0.0128052276906368,0.0117497453644426,0.0107691666856852,0.00986544472267184,0.00902938311904873,0.0082576976891874,0.00754634467509802,0.0068903913346269,0.00629517085702435,0.00574938951523314,0.00524495178280725,0.0047809314469948,0.00436653023336523,0.00397112184357946,0.00363118326594719,0.00329915806668668,0.00301734252678581,0.00274684445961804,0.00249575748045951,0.00228519085492119,0.00207931495693328,0.00187894656292842,0.00172109240610841,0.00157617015736565,0.00143445902506112,0.00129652776355822,0.00116269645613281,0.00106120569429994,0.000980431601918933,0.000900652312229667,0.000822406260320787,0.000746079387649947,0.000671914884887028,0.000600027923809688,0.000530423137820194,0.000463012796312278,0.000397634027246665,0.000334063844331776,0.000273374658230535,0.000264801632253862,0.000254973654718156,0.000244071071995535,0.000232286001942509,0.000219815041819165,0.000206851874663234,0.000193580287290957,0.000180168133717375,0.000166762493761385,0.000153486534114737,0.000140437910816967,0.000127688731922442,0.000115286849622359,0.000103258038904082,9.16087816400657e-05,8.03292863079868e-05,6.93964061029893e-05,5.87762659876639e-05,4.84264444646623e-05,3.82976522140081e-05,2.83349039445899e-05,1.84782293693594e-05,8.66298861962978e-06,0,0,0
0,0,0,0.000491815215519217,0.00384082256139525,0.00869958515063648,0.0139525074749332,0.0190299886740583,0.0236048636747691,0.0275441679570892,0.0307928077089119,0.0333322535499022,0.0352044629525028,0.0364559151062682,0.0371545923531184,0.0373573431682728,0.0371480914611404,0.036580024376647,0.0357163883938559,0.0346143304976208,0.0333301446218852,0.0319090461068023,0.0303868290260959,0.0287976030719964,0.0271834520200296,0.0255576719390304,0.0239438606252715,0.0223654538500434,0.0208252738364655,0.0193467460699883,0.0179272122014708,0.0165763361350325,0.0153007665328468,0.0140952121411967,0.0129663477154332,0.0119142468445514,0.0109328214449724,0.0100208804590443,0.00917650952087497,0.00839713416773223,0.00767953790607948,0.0070198232615149,0.00641329288976669,0.00585420475561014,0.00533905757487485,0.00487785300883435,0.00444743323611478,0.00405631004325891,0.00370010323750693,0.00337242483091062,0.003072252316348,0.00280536717103669,0.00254525666528675,0.00232747045501987,0.00212430114901264,0.00192637017677862,0.00174804453030121,0.00160528481611671,0.00146543201709902,0.00132917142920754,0.00119692967245519,0.00107368291894004,0.000994465059023149,0.000915974011002837,0.000838815966920616,0.000763442485787345,0.000690157852948742,0.000619132236776728,0.000550418415144238,0.000483969956384473,0.00041965906108794,0.000357292734306994,0.000296626375972037,0.000262791160518465,0.000253782627604309,0.000243615977598909,0.000232480105450298,0.000220571789616181,0.000208088053324247,0.000195218772298625,0.000182140067052792,0.000169008963039359,0.000155959475983472,0.000143100491254127,0.000130515160146816,0.000118261712869611,0.000106375389055815,9.48710285059496e-05,8.37460360702756e-05,7.29833970804277e-05,6.25544558932927e-05,5.24213209325438e-05,4.25387888621073e-05,3.28557764497725e-05,2.33162688842101e-05,1.38598524778207e-05,4.42189504018478e-06,0,0,0
0,0,0,0.000457027071697766,0.00359252921547069,0.00815516275989784,0.0131029172803433,0.0178759569519647,0.022194112067971,0.0258993620499349,0.0289352964023375,0.0313147104885341,0.0330571858256988,0.0342232019198599,0.0348534364586186,0.0350331348770037,0.0348123408302511,0.0342575181099185,0.0334287299371682,0.0323799270891441,0.0311592215876245,0.0298091619920071,0.0283705992651387,0.0268800907525709,0.0253575945866381,0.0238268670660992,0.0223188663024329,0.0208366562763819,0.0193961701467723,0.0180135319578709,0.0166864397437209,0.0154251065921977,0.0142353235568461,0.013112423618896,0.0120577539425069,0.011076514123202,0.0101640306079503,0.00931647613587621,0.00853163057541655,0.00780657504887126,0.00713766133792301,0.00652039796365983,0.00595556007315132,0.00544168086033713,0.00496650450002825,0.00452617520748499,0.00413556960243606,0.00376302433115778,0.00343993061657255,0.00312502206280343,0.00285922714667223,0.00260245887081273,0.00236606327533935,0.00216576438790779,0.0019703387878088,0.00178055731674415,0.00163187198045292,0.00149399121234486,0.00135944908789317,0.00122878252152079,0.001102286633017,0.00100695936016261,0.000929874817584856,0.000853885722647475,0.000779509916539045,0.000707114432058204,0.000636926758048942,0.000569050474153682,0.000503483106431532,0.000440134308842045,0.000378842872258624,0.000319391561069797,0.000261519147314018,0.000252056897493884,0.000242669660636881,0.000232227678250667,0.000220925996795795,0.000208963311828368,0.000196534219119849,0.000183822088868724,0.000170993077632941,0.000158191660897608,0.000145537739818006,0.000133125544142804,0.000121023937372617,0.000109277955550182,9.79112224609974e-05,8.69287998217542e-05,7.63202098282271e-05,6.60623508037611e-05,5.61220787514327e-05,4.64583592601088e-05,3.70239358628699e-05,2.77665182460199e-05,1.86295331268005e-05,9.55249626919588e-06,4.71076913876588e-07,0,0,0
0,0,0,0.000426512886951218,0.00335653059591085,0.00763481050079718,0.0122889852437097,0.016780525334593,0.0208325964034046,0.0243095749839556,0.0271697162452852,0.0293935101257141,0.0310177473426755,0.0320843881410031,0.032669170321288,0.0328117698367029,0.0325816772760065,0.0320462827946912,0.0312529124350102,0.030253532757088,0.0290982865851618,0.0278272205071158,0.0264733289522031,0.0250666606113818,0.023632879062892,0.0222037731753396,0.0207877274848102,0.0193983945686039,0.0180540570419661,0.0167612560522124,0.0155223038864128,0.0143443129311662,0.0132356684598764,0.0121906291111374,0.011210169983737,0.0102942912690803,0.00944216123032864,0.00865222421804834,0.00792227064279483,0.00724946327992158,0.00663030908781699,0.00606055517234334,0.00553496559076942,0.00504690686003859,0.00461299835497799,0.0042079313994093,0.0038371128978312,0.00350173461064917,0.00319104869077523,0.00290845305744857,0.00265520345430587,0.00240887529980026,0.00220373285673214,0.00201093811741874,0.00182349208008494,0.00165591207359104,0.00152015580972532,0.00138741938461759,0.0012583530091282,0.00113335505125573,0.00101787402376357,0.000942333746881219,0.000867615250605686,0.000794302739683685,0.000722827178236301,0.000653475343592798,0.000586404057226699,0.00052165740497659,0.000459184954159945,0.000398859369734222,0.000340492237042362,0.000283847386233557,0.000249785652788807,0.000241218543640601,0.000231513750052001,0.000220862489070514,0.000209463287370643,0.000197513902964177,0.000185203726293191,0.000172707177588607,0.000160178538085346,0.000147748481104831,0.000135522225977506,0.000123579404825071,0.000111975165517,0.000100742278620714,8.98938888031782e-05,7.94264886541284e-05,6.93228922592551e-05,5.9554982848888e-05,5.00860561022005e-05,4.08727123659796e-05,3.18662699732005e-05,2.30137336341962e-05,1.42583633605205e-05,5.53991124491837e-06,0,0,0,0
0,0,0,0.00039634494264245,0.00313257765627834,0.00714071214190834,0.0115090065753861,0.0157304214582808,0.0195378204611388,0.0228049096845751,0.0254705134365749,0.0275489196752364,0.029062463692218,0.0300590061647501,0.0305787498589934,0.0307041468505774,0.0304771514676557,0.0299572900719121,0.0291992273917714,0.0282517455538921,0.0271580423706421,0.025956037645737,0.0246786946935528,0.0233543600332086,0.0220158072140375,0.020674800321934,0.0193475335135193,0.0180474519184792,0.0167934869996072,0.0155863245482345,0.0144310700034519,0.0133322451866188,0.0122978932921377,0.0113258695132208,0.0104146808032245,0.00956402699643044,0.00877280117019666,0.00803917144803359,0.00736061775626985,0.00673391196205832,0.00615501875728104,0.00562067243606929,0.00513832277728231,0.00469196815975807,0.0042753142309313,0.00390807573787017,0.00355783965934311,0.00325164268711792,0.00295375087503961,0.00270354648908296,0.00246045996311675,0.0022382013693501,0.0020482170184581,0.0018631958428186,0.00168386296249932,0.00154392224896216,0.00141311578451014,0.00128571193497265,0.00116221586276113,0.00104289926669239,0.000953319927252812,0.000879992687446831,0.000807828984948184,0.000737324398159161,0.000668826578827446,0.000602547767422502,0.00053858107230248,0.000476918450961683,0.000417468664847723,0.000360073899364882,0.000304524171397494,0.000250569070829215,0.000239251679225804,0.000230325075579123,0.000220367034652088,0.000209573881554888,0.000198144794817642,0.00018627375831571,0.00017414238276687,0.000161914049784523,0.00014972970715834,0.000137705455809228,0.000125931718615297,0.000114473967654091,0.000103374480246241,9.26548616015504e-05,8.23189873206249e-05,7.23559864533451e-05,6.27430828058676e-05,5.34481285649429e-05,4.44316883487108e-05,3.56486716829756e-05,2.70495085046061e-05,1.85809163860086e-05,1.01863126435288e-05,1.80593317773823e-06,0,0,0,0
0,0,0,0.000368308873772898,0.00292030438213833,0.00667390272830435,0.0107639055979976,0.0147239707173551,0.0183016862371671,0.02135912034589,0.0238638521907599,0.025803560458644,0.027210135380142,0.0281206451536804,0.0286062927226572,0.0287006751406473,0.0284705082458136,0.0279733557768733,0.0272524007643157,0.026354410132112,0.0253206230772087,0.0241870799235679,0.0229876102767336,0.0217502487720942,0.0204938504669562,0.019237007992056,0.0179950361137799,0.0167808359877254,0.0156108253916117,0.014484957035028,0.0134088580777081,0.0123865200256772,0.0114205434260261,0.0105140725602497,0.00966717278743138,0.00887666385007286,0.00814113585992608,0.00745842233494725,0.0068256968051054,0.00624677033942497,0.00571339644935985,0.00522084719840691,0.00476306089562015,0.00435274144299673,0.00397249621447846,0.00362191296049236,0.00330684124472799,0.00301306815102898,0.00274750164008708,0.00250785298694937,0.00227515913369482,0.00208219199196055,0.0018997364644275,0.00172265387816603,0.00156526741187231,0.00143654968898284,0.00131090588994916,0.00118895088080722,0.00107105597336498,0.000962794405296561,0.000890996354816668,0.000820085377799863,0.000750621823781987,0.000683015391973982,0.000617535617020198,0.000554326913185278,0.000493426039243534,0.00043478014894294,0.000378263987975927,0.000323695228153898,0.000270847335368869,0.000236761305746928,0.000228650663812321,0.000219426810731293,0.000209281679609852,0.000198413926539184,0.000187020515402534,0.00017528897468315,0.000163390876745746,0.000151476902651676,0.000139673687278512,0.000128082456923389,0.000116779123081669,0.000105815742304787,9.52227650286536e-05,8.50118284255248e-05,7.51787649779495e-05,6.57064994427593e-05,5.65677033520722e-05,4.77270804227526e-05,3.91431891303754e-05,3.07698257176633e-05,2.25569811934975e-05,1.44514310175342e-05,6.39701098864661e-06,0,0,0,0,0
0,0,0,0.000342347642369995,0.00271923372549551,0.00623073988541121,0.0100630238412698,0.0137740662281438,0.0171184067293305,0.0199879204822656,0.0223246617501779,0.0241355885175887,0.0254382743759681,0.0262926789152907,0.0267243300194621,0.0268080323267786,0.0265815826878664,0.0261001060858472,0.0254128332719769,0.0245634190735286,0.0235902629952325,0.0225268393866776,0.0214020404686136,0.0202405319622538,0.0190631182504343,0.017887111927474,0.0167267014444898,0.0155937016387981,0.0145022439630241,0.0134532207138725,0.0124516698988091,0.0115010970561211,0.0106037032917589,0.00976058127884789,0.00897187759838988,0.00823691959187189,0.00755430386872573,0.0069219410818326,0.00633704640741027,0.00579605466267908,0.00529441709558232,0.00484079153273404,0.00442271374288405,0.00403034429162851,0.00368518264685141,0.00335663377510552,0.00306726397659978,0.00278704565317471,0.00255109458338816,0.00232155520721275,0.00211285138582482,0.00193315048398387,0.00175842272897855,0.00158934893182748,0.00145771333259893,0.00133396010436214,0.00121361865406699,0.0010971633141655,0.000984844279196868,0.000900596378310049,0.000831058938481296,0.000762724181728593,0.000696064583683997,0.000631408520512924,0.000568953773199954,0.00050878420297759,0.000450887652349087,0.000395173506619026,0.000341488775230348,0.000289631964578463,0.000239364367842965,0.000226482289172651,0.000218030883035563,0.000208574371131379,0.000198308772529925,0.000187432206837871,0.000176136656731606,0.000164600782433582,0.000152984258540228,0.000141423871624935,0.000130031440856389,0.000118893435280654,0.000108071877502467,9.76063775051118e-05,8.75167299530861e-05,7.78058372896437e-05,6.84626827916365e-05,5.94650735312856e-05,5.07820663784212e-05,4.23759941475124e-05,3.42040327824751e-05,2.62193511227739e-05,1.83718719190593e-05,1.06087074189808e-05,2.87431820271124e-06,0,0,0,0,0
0,0,0,0.000317027229539178,0.00253057467222521,0.00581098803441647,0.00939765987506907,0.0128721827483619,0.016003894132657,0.0186869862525919,0.0208685948680652,0.0225550037498178,0.0237726934892686,0.0245534909252064,0.0249511648015258,0.0250096770354766,0.0247922176697912,0.0243346206637852,0.0236840575300569,0.0228821976849586,0.0219655474919077,0.0209657989630121,0.019910189561697,0.0188218713914794,0.0177202856472863,0.0166215366652079,0.0155387592124695,0.0144824726316311,0.0134637553243031,0.0124870576926434,0.011555408043569,0.010671861432976,0.00983824309956606,0.00905532444581315,0.00832296296222273,0.00764020278616563,0.0070053300006867,0.0064158713487453,0.00587091032992895,0.00537339306878731,0.00491331323900266,0.00448519104033239,0.0040982832168836,0.00374225380397995,0.00341170336225195,0.00311636058587179,0.00283931086654371,0.002590188844474,0.00236401254452395,0.00214472826539771,0.00196344692904953,0.00179122438587712,0.00162432619252529,0.00147658243686021,0.00135488106827111,0.00123625706330535,0.00112129061968165,0.00101032770040026,0.000908756191651741,0.000840728434838901,0.000773626636747541,0.000707986258391519,0.000644195703191426,0.000582507929735005,0.000523056053393285,0.000465870853846424,0.000410898487474204,0.000358017141281283,0.000307051764744336,0.000257786400070553,0.000223815076631689,0.000216170678597315,0.000207441187286405,0.000197817624770217,0.000187497258693109,0.000176674846349613,0.000165534840698988,0.000154244984420014,0.000142951646465773,0.000131777003737154,0.000120817993779246,0.000110146807859554,9.98124594585453e-05,8.98432374546285e-05,8.02495076781145e-05,7.10266586168357e-05,6.21579540253014e-05,5.36170742139453e-05,4.53702933719618e-05,3.73782468210738e-05,2.95972541518787e-05,2.19802594685998e-05,1.44774178329401e-05,7.03639980663099e-06,0,0,0,0,0,0
0,0,0,0.000294732645618609,0.00235519655475099,0.00541421558417991,0.00876679496235336,0.012014989027354,0.0149458672334981,0.0174478453158342,0.0194898521463557,0.0210613676088293,0.0221880741176276,0.0229059865321928,0.0232730351526071,0.0233198808439225,0.0230987181154658,0.0226658363743903,0.0220521058248326,0.0212972215211788,0.0204358248706238,0.0194978688707662,0.0185089918766152,0.0174908969707568,0.0164617321146494,0.0154364651805292,0.0144272476529719,0.0134437611031779,0.0124935412810764,0.0115823039002688,0.0107158848098782,0.00989461262548753,0.00911994746941655,0.00839233306673948,0.00771130935792864,0.00707900087354104,0.00649236503945719,0.00594874757865461,0.00544506662127234,0.00497729475641729,0.00455035595128066,0.00415992873777109,0.00379308690949379,0.00346786902181045,0.00316033916471558,0.00288760967794644,0.00262510825866221,0.00240256039918362,0.00218635011314972,0.00199061077020475,0.00182108687965151,0.00165647873343631,0.00149742512278711,0.00137365893366532,0.00125688571305489,0.00114348724043773,0.00103390854310167,0.000928380476255045,0.000849065724563106,0.000783316097595938,0.00071878313030523,0.000655916006683598,0.000595024391295715,0.000536292627259177,0.000479796592440123,0.00042552135267682,0.000373378206302341,0.000323220134520687,0.000274855056375053,0.000228056614238839,0.000213840526553293,0.00020587333054286,0.000196929990212007,0.000187204651930565,0.000176892975506594,0.000166183694433617,0.000155251507080817,0.000144251616974945,0.000133316152484563,0.000122552417102943,0.000112042787014713,0.000101845944522828,9.19989552377945e-05,8.25199959700986e-05,7.34112390944107e-05,6.4661723655319e-05,5.62500368254036e-05,4.8146618053102e-05,4.03156842604234e-05,3.27167445958783e-05,2.53057021782245e-05,1.80356025577464e-05,1.08570738155141e-05,3.71851589806501e-06,0,0,0,0,0,0
0,0,0,0.000272307762003114,0.00218977252584482,0.00503979950807107,0.00817017115678061,0.0112026080650351,0.0139414508981271,0.016274984163073,0.0181800683769904,0.0196429884907173,0.0206847026311315,0.0213586170400511,0.0216841919870256,0.0217255004791151,0.0215123452164481,0.0210922465521034,0.0205150239029359,0.0198061116416334,0.0189983252203197,0.0181199304472008,0.0171950280987333,0.0162439400453752,0.0152835916257206,0.0143278843775465,0.0133880532576686,0.0124730030214595,0.0115896192703199,0.0107430506638118,0.00993695974382339,0.0091737405344706,0.00845470148166124,0.00778021208767135,0.00714981058279092,0.00656226745569355,0.00601559451150736,0.00550697868536648,0.0050418828568339,0.0046136135149362,0.00421445276877191,0.00385064352143546,0.0035181702399533,0.00320732499656948,0.00293109714823998,0.002670477990839,0.0024371968361624,0.0022242756161189,0.00201810411302017,0.00184801453458174,0.00168585189300984,0.00152890489848254,0.00139026965686891,0.00127550809177893,0.00116378472081805,0.00105564645498061,0.000951415949907266,0.000856036974331066,0.000791772413161115,0.000728449697609052,0.000666579074319129,0.000606528094313369,0.000548534092323373,0.000492720091027682,0.000439112171525882,0.000387656727799497,0.00033823648846144,0.000290684583810379,0.000244796282558715,0.000211038144728183,0.00020386447884737,0.000195636978666769,0.000186544277363417,0.000176780790407432,0.000166537822214855,0.000155995696865476,0.00014531752915644,0.000134644825226913,0.000124094997666666,0.000113760619385187,0.000103710143532829,9.39897241527461e-05,8.46256524976459e-05,7.5627229666758e-05,6.6989628933132e-05,5.86966287158134e-05,5.07230772435899e-05,4.30369527628196e-05,3.56010351973637e-05,2.83741868475337e-05,2.13122525606259e-05,1.4368642557359e-05,7.49464472450111e-06,6.39517687358052e-07,0,0,0,0,0,0
0,0,0,0.000253030660315301,0.00203343849592713,0.0046869330228691,0.00760726410464431,0.0104348285763794,0.0129906454435466,0.0151746169548523,0.0169397916102422,0.0183006824413647,0.019277320845376,0.0198950294799227,0.0201901371826652,0.0202209929325816,0.0200184546086513,0.0196214386723665,0.0190703539332491,0.0184060319561825,0.017649872279248,0.0168285117990695,0.0159645791030794,0.0150770839558295,0.0141817986110767,0.0132916252563463,0.0124169441690108,0.0115659378690154,0.0107448873698898,0.00995843758318763,0.00920982961586584,0.00850109810218469,0.0078332315375545,0.0072062925022138,0.00661949208825177,0.00607340423368421,0.00557042234085115,0.0051033665551888,0.00466873431250359,0.00426807542926674,0.00390461285182538,0.00356256153292055,0.00325695685918501,0.00296974937857737,0.00271336507345942,0.00246789237780874,0.00225852628014469,0.00205535026566998,0.00187199077302528,0.00171246770946667,0.00155774758283701,0.00140843003230858,0.00129211350616257,0.00118219876943215,0.00107558376289648,0.000972686161384051,0.000873719734449718,0.000798969453204693,0.000736973313987076,0.000676186412707385,0.00061703498402086,0.000559810849388814,0.000504686080333447,0.000451729817931792,0.000400925549725512,0.000352187552775096,0.000305375655752156,0.000260307839484729,0.000216770470896249,0.000201411235785165,0.00019393176842448,0.000185507285118836,0.000176328669076593,0.000166587801513172,0.000156469104674138,0.000146142468356017,0.000135758040244525,0.000125442932278396,0.000115299790668274,0.000105406945611243,9.5819807272508e-05,8.65731232731637e-05,7.76836354631188e-05,6.91529824120162e-05,6.09704648140712e-05,5.31155903504687e-05,4.55603012513518e-05,3.82707852621736e-05,3.12089086491311e-05,2.43332826123814e-05,1.7599982416755e-05,1.0962988547951e-05,4.37438999906453e-06,0,0,0,0,0,0,0
0,0,0,0.000233612439444788,0.00188526849810612,0.00435463656455371,0.00707728865418993,0.00971110768238505,0.0120930627953095,0.014134198190726,0.0157805381394709,0.0170457293100773,0.0179488575315844,0.0185141991823639,0.0187886524948831,0.0188046128621445,0.0186130022580682,0.0182389072495719,0.0177202312223888,0.017093744943767,0.0163869391429615,0.0156198418664408,0.0148136768358989,0.0139862103565988,0.0131521285153719,0.0123233966387736,0.0115095960766945,0.0107182341710635,0.00995502401058178,0.0092241313249744,0.00852838621431309,0.00786945723401584,0.00725012670337766,0.00667154659655123,0.00613070753993984,0.00562612919107206,0.00515551254189082,0.00471996127145977,0.00432277910520856,0.00395182388891053,0.00361066039066034,0.00330104802513874,0.00300946780113663,0.00275172009428348,0.00250714571033336,0.00228909621486498,0.00208913277892187,0.00189571270669734,0.00173632746106599,0.00158399129166233,0.00143671380760893,0.00130667883079317,0.00119873099840169,0.00109374726439951,0.000992243085409911,0.000894520031179623,0.000804876130226008,0.000744335147121209,0.00068473235346479,0.000626552978920538,0.000570144526207747,0.000515729820921759,0.000463423024169731,0.000413246702303221,0.000365148531943586,0.000319016640447811,0.000274692976672513,0.000231984428830351,0.000198513629069227,0.000191810023642098,0.000184086512165819,0.000175527932915619,0.000166324590673451,0.000156663190705611,0.000146719067746926,0.000136650070605356,0.000126592452872203,0.000116658674790603,0.000106936933185126,9.74920766474501e-05,8.83675233937967e-05,7.95878119807892e-05,7.11613563062911e-05,6.30832913390171e-05,5.5338082254259e-05,4.79018496385123e-05,4.07443530506765e-05,3.38305611170806e-05,2.71218613989133e-05,2.05769330056635e-05,1.41523106971957e-05,7.80270308833306e-06,1.48110369350905e-06,0,0,0,0,0,0,0
0,0,0,0.000216621995789115,0.00174756143059196,0.0040420593033845,0.00657920819000088,0.00903282166609612,0.0112534567659123,0.0131529271642921,0.0146866952226627,0.0158619910789224,0.0166969011333686,0.0172145810627215,0.0174697342394242,0.0174741150050865,0.0172933866026068,0.0169415080881893,0.0164544515895257,0.0158656673623079,0.0152057024146978,0.0144899014760422,0.0137381508818252,0.0129670400536697,0.0121902317874208,0.0114188112496034,0.0106616092538321,0.00992549611815858,0.00921564299055358,0.00853932457276644,0.00789626958935522,0.00728772069206248,0.00671430428132829,0.00617577339003802,0.00567103595546689,0.00520319578356281,0.0047720116851048,0.00436973509518812,0.00399479933370535,0.00365757568383354,0.00333954874568165,0.00305311117404853,0.0027855156625382,0.00254508572811347,0.00231595506026771,0.00211946732410182,0.00192896332503552,0.00175741391337603,0.00160765360299838,0.00146253913243919,0.00132263417625947,0.00121337049275002,0.00111014980977119,0.00101012350254842,0.000913684052323873,0.000821030386316721,0.000750511079395114,0.000692204909111476,0.000635082839252282,0.000579548856019236,0.000525878020243707,0.000474231337910421,0.000424672401152956,0.000377184165061097,0.000331684734595457,0.000288041418136727,0.000246082654550102,0.000205607688520509,0.000189270363949832,0.000182276865170498,0.00017437123482433,0.000165739803817029,0.00015656957510346,0.000147039707882592,0.000137314626840603,0.000127538981150998,0.000117834650401691,0.000108299572050814,9.90081144088489e-05,9.00126064453634e-05,8.13456282553039e-05,7.3022727000753e-05,6.50451701918567e-05,5.74026671716666e-05,5.00757811026502e-05,4.30380213639889e-05,3.62575855235006e-05,2.96987001125781e-05,2.33226289746451e-05,1.70883752600176e-05,1.09531096600327e-05,4.87238487982388e-06,0,0,0,0,0,0,0,0
0,0,0,0.000200243352498161,0.00162193388433257,0.00375375538919543,0.00611174766335815,0.00839551392109574,0.0104637903861866,0.012229598989265,0.0136569363846638,0.0147479626835041,0.0155197111200913,0.0159967875360696,0.0162310290524508,0.0162317448719322,0.0160565872135613,0.0157259190961785,0.0152688827329244,0.0147179242688645,0.0141020932479541,0.0134344700068061,0.0127336694716929,0.012015167186758,0.011291660094059,0.0105734027484488,0.00987087056638387,0.00919051690722363,0.00853460522520761,0.00790664164238694,0.0073089266650159,0.00674269668317749,0.00620821878920095,0.0057117938800628,0.005248549411214,0.00481512904464706,0.00440879668754755,0.00404162095314979,0.00369808227824889,0.00337899129672389,0.00309152522048328,0.00281867316004133,0.00257876288646726,0.00234976760375372,0.00214634508391316,0.00195897302387395,0.00177788800500259,0.00162873359612383,0.0014859383477912,0.00134800732133063,0.00122609523293856,0.00112479173111703,0.00102635044480981,0.000931257489526966,0.000839795572134458,0.000755472568309814,0.00069858656827426,0.000642618935205327,0.000588030469388011,0.000535149641796188,0.000484185972459777,0.000435245945905658,0.000388349675619031,0.000343446983113572,0.000300432027649737,0.000259155979757236,0.000219437515517922,0.000186314777333432,0.000180075762769192,0.000172852910881174,0.00016482606625601,0.000156180277917259,0.000147096736216031,0.000137745031099359,0.000128277285011337,0.000118824234600212,0.000109493310644885,0.000100368387409857,9.15108581856794e-05,8.29616240576641e-05,7.47436273482621e-05,6.68646172809474e-05,5.93198265938038e-05,5.20945193881344e-05,4.51661852160589e-05,3.85063924571922e-05,3.20822997147058e-05,2.5857786120132e-05,1.97942767805283e-05,1.38512981113665e-05,7.98678937365001e-06,2.15723060785922e-06,0,0,0,0,0,0,0,0
0,0,0,0.000184765916392635,0.00150201894205033,0.00348353755927029,0.00567341016360676,0.00779659671383424,0.00972159229515513,0.0113626248903202,0.0126895240429679,0.0137017079476559,0.0144151047688345,0.0148574865817977,0.015069761363362,0.0150669664991078,0.0148992163501707,0.0145884890403152,0.0141596401889689,0.0136463998668622,0.0130718439399294,0.0124491664267983,0.0117957737417615,0.011126085509006,0.0104529971789556,0.00979035878369977,0.00913984011849151,0.00850739398599599,0.00789744062414591,0.00731306510334462,0.00675702090755944,0.00623648879118298,0.005745497848495,0.00528351134513152,0.00484909496755177,0.00445180424078678,0.00408106508283781,0.00373207428103931,0.00341943797538754,0.00312465641655508,0.00285684219506808,0.00260814687966759,0.00238319962585714,0.00216973512101935,0.00198575265406024,0.00180750192327958,0.00164721368502815,0.00150692540770655,0.00137109168663022,0.00124024349158608,0.00113766209495645,0.00104093449868674,0.000947272527576334,0.000857045705536671,0.000770440233819025,0.000703855053077535,0.000649149954907147,0.000595589588281526,0.000543556632592634,0.000493310560568998,0.000445002518183512,0.000398691623658127,0.000354361187584892,0.000311933796017486,0.000271284649442073,0.000232252829433084,0.00019465041177662,0.000177483527662292,0.000170969392594963,0.000163577327239002,0.00015548803895373,0.000146882675968677,0.000137934407787352,0.000128801634416409,0.000119623223143754,0.000110515703178511,0.000101572337215942,9.28636575431425e-05,8.44390962479181e-05,7.63292915572523e-05,6.85487422114274e-05,6.10985385642971e-05,5.39689015143215e-05,4.71415273967237e-05,4.05915511244549e-05,3.42891728988966e-05,2.82009474832132e-05,2.22907250189766e-05,1.65203187790902e-05,1.0849929683611e-05,5.2383616208329e-06,0,0,0,0,0,0,0,0,0
0,0,0,0.000171374517155824,0.00138719184598687,0.00322984020784407,0.00526249703494179,0.00723486909831189,0.00902501422432416,0.0105500568202029,0.0117823381268025,0.0127208929521505,0.0133804958087954,0.0137893433890113,0.0139827798767865,0.0139762528317407,0.0138175699038788,0.013525287078008,0.0131225966944754,0.012646783814894,0.0121105288361299,0.011529483513389,0.0109199040201089,0.0102987946904555,0.0096783427940525,0.00906189676311125,0.00845655626676237,0.00786773517901228,0.00730099681516774,0.0067639923484116,0.00625236218981542,0.00576697904731786,0.00530776031817701,0.00488363339789651,0.00448657403943109,0.00411298001770615,0.00377073330113034,0.00345380811145238,0.00315611761955881,0.00289007827412024,0.0026353385338767,0.00241262591696145,0.00219867874504743,0.00200929084055146,0.00183408678400685,0.00166487601007033,0.0015254975417309,0.00139191468379925,0.00126297365720886,0.00114873990004223,0.00105387494091316,0.000961749031422047,0.000872821129094026,0.000787357245684942,0.000707984081833529,0.000654659571609913,0.000602220662215068,0.000551104555191549,0.000501621825224723,0.000453969887038021,0.000408248661213057,0.00036447672189287,0.00032260671969334,0.000282539285454801,0.000244135010837999,0.000207224337691312,0.000174503840129971,0.000168719574626968,0.000161989244980804,0.000154486599116377,0.000146390513078653,0.000137875864651656,0.000129105962495768,0.000120226822600702,0.000111363529190345,0.000102618485820283,9.40713560695395e-05,8.57802462482405e-05,7.77837380357847e-05,7.01033912005323e-05,6.27464159062601e-05,5.5708302710783e-05,4.89751837430211e-05,4.25259584168357e-05,3.63340283639467e-05,3.03687031701087e-05,2.45962901947298e-05,1.89808671213124e-05,1.34848088213417e-05,8.06910286489382e-06,2.69348362016935e-06,0,0,0,0,0,0,0,0,0
0,0,0,0.000156908529760909,0.0012870457468202,0.00299100404445599,0.0048771314483237,0.00671243098022091,0.00837192062261548,0.0097896156249863,0.010932908122993,0.011802822417971,0.0124129354662766,0.0127891504687707,0.0129666044153011,0.0129558798209125,0.0128076761923157,0.0125321488036213,0.012155644733994,0.0117146118374234,0.0112135983770972,0.0106708140590747,0.0101060368412711,0.00953303717107257,0.00895519744105537,0.00838085644130469,0.00781650492025399,0.00727593950048596,0.00675423110298584,0.00625368715235693,0.00577577799796722,0.00532939763519399,0.00490933901023672,0.00451256480613369,0.00414329752420491,0.00380326607769473,0.00348199200245538,0.0031906372433013,0.00291832387824571,0.00266851079388783,0.00243801322707655,0.00222801190723328,0.0020295559165736,0.00185764907355813,0.00169118803660411,0.00154163676163789,0.00141048705464889,0.00128357539640966,0.00116140323871666,0.00106516080687523,0.000974695591715824,0.000887150042607224,0.000802872888672117,0.000722039551102812,0.000659127110960318,0.000607912959947856,0.00055779316546077,0.000509130165005672,0.000462169036590197,0.000417052196704629,0.000373835251996685,0.000332502585327793,0.000292981739777942,0.000255156037116809,0.000218875202148565,0.000183963937662104,0.000166105256185205,0.000160059528219797,0.000153171052493454,0.000145613944772233,0.000137562747526759,0.000129184025805174,0.000120629793060686,0.000112032911031702,0.000103504547034037,9.51333754638932e-05,8.6986254581894e-05,7.91099063289388e-05,7.15332197849773e-05,6.42698368194042e-05,5.73207669684029e-05,5.06768670709984e-05,4.43210006414806e-05,3.82299380113395e-05,3.2375872447073e-05,2.67276195543136e-05,2.12515275371586e-05,1.59121011220174e-05,1.0672407321367e-05,5.49430069596445e-06,3.38486600613132e-07,0,0,0,0,0,0,0,0,0
0,0,0,0.000146099758421101,0.00118970085968692,0.00276530647346721,0.0045152854933511,0.00622452073526181,0.0077599167340756,0.00907872197289364,0.0101384475022961,0.0109444779512055,0.0115091545849032,0.011853397180473,0.0120174716978797,0.0120024325347066,0.0118653412226064,0.0116047175070515,0.0112581372516736,0.0108452994581034,0.0103764051477207,0.00987245931115201,0.00935253426733567,0.00881814423047908,0.00827896315159224,0.00774751088910315,0.00723063414302132,0.00672695395697719,0.00623982572284797,0.00577763601900355,0.0053405838546244,0.00492469687468258,0.00453187301829822,0.00417033442391216,0.00382860985607858,0.00351050237742887,0.00321939134919927,0.00294235284394351,0.00269702885096613,0.00245972482928985,0.00225358237719021,0.0020541020088344,0.00187817485016977,0.00171467098613698,0.00155684012062927,0.00142680423662067,0.00130207167931622,0.0011817389671346,0.00107477187816347,0.000986110496376626,0.000900049474607349,0.000817022797442459,0.000737281762569082,0.000662528224020763,0.000612651157786449,0.000563616942382387,0.000515840181140655,0.000469614710553497,0.000425126989314473,0.000382471369248244,0.00034166566016199,0.000302665853179005,0.000265379317711274,0.00022967610071756,0.000195398233215123,0.00016313144507364,0.000157788361064686,0.000151538162552896,0.000144547699934562,0.000136988858891904,0.000129029624264473,0.00012082658330756,0.000112519436389518,0.000104227524726025,9.6048303620774e-05,8.80573688144015e-05,8.03097256709905e-05,7.28418245640555e-05,6.56740167200951e-05,5.88131342237187e-05,5.22549906321945e-05,4.59866741434337e-05,3.99884961042297e-05,3.42356707212546e-05,2.8699619926647e-05,2.33489888137542e-05,1.815039550326e-05,1.30689245667575e-05,8.06843095113947e-06,3.11168696568653e-06,0,0,0,0,0,0,0,0,0,0
0,0,0,0.000134705856600183,0.00109861419258214,0.00256224002313676,0.00418315734090934,0.00576869730937433,0.00719170541656911,0.00841452937028433,0.00939588968822756,0.0101425570397737,0.0106656055977052,0.0109802062243334,0.0111313787682272,0.0111182591637418,0.0109861892491335,0.0107384794661219,0.0104216570252531,0.010034167828184,0.00959566735626182,0.00913481050898541,0.00864903682810468,0.00814945533060132,0.00765406691708081,0.00716402894917263,0.00668129853141902,0.00621225755911629,0.00576742521385189,0.00533942724934136,0.00492932148734874,0.00454892764771183,0.00418893145029345,0.00384680817815098,0.00353666483092912,0.00324226529474576,0.00297143778984546,0.0027208306253425,0.00248833723634299,0.00227535363858737,0.00207971229103718,0.00189563137519063,0.00173532711994128,0.00158015902152386,0.00144084763329373,0.0013184702031112,0.00120009688750811,0.00108620259813956,0.000995982604902515,0.000911526159203503,0.000829831577450888,0.000751228836013621,0.00067588428454534,0.000616415921868282,0.000568565610192681,0.00052175116048381,0.000476315901657059,0.000432491660182852,0.000390413155425422,0.000350133301351185,0.000311638125257106,0.000274860432725987,0.000239691741160014,0.000205992276025622,0.000173599033701282,0.000155178700198219,0.000149586764095346,0.000143187828968369,0.000136148746610359,0.000128636796773631,0.000120811524671514,0.000112818273505615,0.00010478382218367,9.68139846848893e-05,8.89929892992153e-05,8.13841952593594e-05,7.40318053034007e-05,6.69631323931666e-05,6.01911092090164e-05,5.3716792616805e-05,4.75317069859719e-05,4.16199376804224e-05,3.59598627921848e-05,3.05256204816793e-05,2.52882241525843e-05,2.02164089121977e-05,1.52772395252528e-05,1.04364944092846e-05,5.65888184283782e-06,9.08122670207846e-07,0,0,0,0,0,0,0,0,0,0
0,0,0,0.00012349854888881,0.00101732171206432,0.002371700535321,0.00387490950955201,0.00534234987733525,0.0066639175641639,0.00779395854061554,0.00870192469585351,0.00939351185711575,0.00987850323471652,0.0101705979069141,0.0103041229071345,0.0102943637358159,0.0101656974899399,0.00993964020160965,0.00964150393669002,0.00927646044535953,0.00887773353473245,0.00844607958926255,0.00799082907414488,0.00753451824100641,0.00707498492344271,0.00661632762899836,0.0061719091524785,0.00574231698424612,0.00532539301979128,0.00492933213978053,0.00455595609432075,0.00419880692746578,0.00386665344879539,0.00355594899433175,0.00326111990501435,0.00299504396347228,0.0027398257608576,0.00251255433532146,0.0022932662854084,0.00210178711908282,0.00191615652333028,0.00175313976479623,0.00160083603005406,0.0014538677990445,0.00133276454391755,0.00121649580556066,0.00110437243196002,0.00100429223412577,0.000921577342252651,0.000841313624034919,0.000763912140403636,0.000689611270404293,0.000619184546238514,0.000572624647327664,0.000526857541674009,0.000482276294036537,0.000439159152608879,0.000397682669454992,0.000357936497070056,0.000319938302226209,0.000283647785623622,0.00024897916800979,0.000215811849475038,0.000183999154071448,0.000153375239606907,0.000147318053394486,0.000141532079535734,0.00013503796550852,0.000128000074389122,0.000120578999213244,0.000112924340336604,0.00010516933747754,9.74276121629187e-05,8.97917512355581e-05,8.23334643244861e-05,7.51048418291066e-05,6.81403824564298e-05,6.1459378331109e-05,5.50684006740348e-05,4.89636778986267e-05,4.31332564979791e-05,3.75588820931689e-05,3.22175266753723e-05,2.70826548435969e-05,2.21251646510151e-05,1.73140858658373e-05,1.26170662717367e-05,8.00065856664426e-06,3.43046565494932e-06,0,0,0,0,0,0,0,0,0,0,0
