-7.488192974235e-07,-4.51012109154924e-07,-1.57122429311787e-07,0.00233292130343809,0.0132302358986057,0.0264374085445503,0.040358471890899,0.0540082568323724,0.0671441149442497,0.0797764635636302,0.0919228169179633,0.102943263507316,0.114051552631841,0.124120882325747,0.133456766442482,0.142636726507295,0.150875270627801,0.158696040737096,0.166151058370449,0.172741557025524,0.179161105150947,0.184943671606406,0.189869032623642,0.194629758884153,0.198516731802395,0.201479781495098,0.203776317506565,0.205260388324698,0.205691823868123,0.205056035493066,0.203334414726268,0.200503404998853,0.196533197590769,0.191385936656814,0.18530361663216,0.178361968019529,0.170274458515343,0.161919950437943,0.152782978146904,0.143346201807448,0.133994903068568,0.124570059879398,0.115233946165191,0.106308221562189,0.0980244827610572,0.0900381025175425,0.0822437051002029,0.0756350109496348,0.0690766335025056,0.0631642823578287,0.0576790875490725,0.0526955138442395,0.0478282043001038,0.043965708011872,0.039702347754075,0.036244496317162,0.0333510086003216,0.030160393027584,0.0266153957556387,0.0248844654859787,0.022999239478914,0.0209251035994317,0.0186275431425058,0.0160573869048752,0.0145238655099769,0.0137454997363301,0.0128968914821005,0.0119690147255095,0.0109501444931973,0.00982451284893581,0.00857000576249685,0.00715391819609882,0.00945649131608681,0.0236895641021298,0.0404478027520748,0.0578859566627499,0.0748397945850242,0.0906468897851405,0.104877637175165,0.11731882994681,0.127852843138706,0.136397007984408,0.143115806909335,0.147942268422237,0.151007175026531,0.152528567958306,0.152582917345741,0.151321839345383,0.148908426479232,0.145503972737671,0.141265177016836,0.136341760605216,0.13087456850834,0.124994181930838,0.118820019240601,0.112459857147525,0.106009676701981,0.0995537370442113,0.0931648023226129,0.0869044819398315
-7.48815664932814e-07,-4.51016534642799e-07,-1.57121789810689e-07,0.00238116884277977,0.0135346389362061,0.0270362048818106,0.0409977075309176,0.05504627637658,0.0682012239058005,0.0813028675334645,0.0934385257447638,0.104946208370396,0.116036027403862,0.126052763583881,0.135900612969893,0.14499856360819,0.153216495720373,0.161466855412891,0.168806721310255,0.175650154760804,0.182168814050743,0.187807505055022,0.193138168319309,0.19778359453317,0.201502420355984,0.2046533837677,0.206989545292993,0.208286663393357,0.208534659322113,0.207719918549221,0.205824665146886,0.202826035509789,0.198694780751196,0.193393481374115,0.186874087009956,0.179750524284682,0.171513111200681,0.162847616344585,0.15343847326756,0.143943537520016,0.134402811678024,0.124839218505852,0.115404294646257,0.106459071741017,0.0981134207625275,0.090086219453698,0.0822662562939613,0.0756519047516158,0.0690807071018083,0.0631646636133562,0.0576745927361752,0.0526886078660793,0.0478211043189655,0.0439570796997067,0.0396920593250118,0.0362372527284114,0.0333427911498105,0.0301511018272273,0.0266049017065325,0.0248790191335672,0.0229932240762581,0.0209184574297013,0.0186201881396931,0.0160492192671339,0.0145214453032218,0.0137428606259794,0.0128940131215657,0.0119658732705984,0.0109467112362569,0.00982075202019331,0.00856587071237594,0.00714934424876295,0.00720293572934874,0.0202333543472678,0.0361792719727622,0.0530455854176054,0.0696376174210174,0.0851743307504098,0.0991748846311216,0.111441850099044,0.121775194832516,0.130220725939443,0.13670777446488,0.141381397662896,0.144276174283541,0.145612930964738,0.145519564438775,0.144126657673251,0.141605765191873,0.138124984662862,0.133846126344135,0.128922359402744,0.123496399139,0.117699247585389,0.11164944549553,0.105452751420745,0.0992021450224989,0.0929780602616582,0.086848782204427,0.0808709749738597
-7.48818178531315e-07,-4.51012889430641e-07,-1.57124122949472e-07,0.00242569249856532,0.0138176548928503,0.0275955588137259,0.0415947028607939,0.0560200844824361,0.0693828507272981,0.0827400120192411,0.094864335225157,0.106860698118295,0.11790802047553,0.128177985544704,0.138211262217301,0.147228786876727,0.155945538081201,0.164087708392998,0.171342052218091,0.178632488097532,0.185012855232371,0.190865070971281,0.196281467981791,0.200762954176841,0.204686040460128,0.207868324178113,0.210020279098506,0.21113614818566,0.211237807768143,0.210370349492903,0.208295704113119,0.204998360837304,0.200713131485733,0.195264874262346,0.188605787846844,0.181037563382033,0.172696649289236,0.163702449397343,0.154039826857515,0.14449020288092,0.134773941021128,0.125082230953345,0.115556418079925,0.106592736630339,0.0981905200544487,0.0901263030082476,0.082297915035223,0.075663562241447,0.069081293704936,0.0631615700760172,0.0576678080561444,0.0526793682354565,0.0478125187597028,0.0439469063917,0.0396801554759364,0.0362290555012401,0.0333335624250014,0.0301407337718928,0.0265957409018748,0.0248730095718555,0.0229866031655371,0.0209111584000662,0.0186121265698707,0.0160402829491514,0.0145188016065381,0.0137399797599802,0.0128908730190838,0.0119624480653395,0.0109429697937574,0.00981665554002038,0.0085613685950799,0.00714436635563385,0.0055136506292969,0.0167659165326353,0.0317298368915818,0.0479260626162369,0.0640223279338926,0.0791825566789252,0.0929172310898228,0.104927269715569,0.115057245282899,0.123254461916092,0.129525775148158,0.134025880272413,0.136766118500947,0.137918249764978,0.137704589673717,0.136213900430839,0.133625682066559,0.130114092050973,0.125845112845486,0.120974271468728,0.115644963522218,0.109987373665037,0.10411792866079,0.098139182482425,0.0921400244543819,0.0861961183592161,0.0803705115457545,0.074714382861691
-7.48823577134642e-07,-4.5101225445565e-07,-1.57123968749122e-07,0.00246676463800619,0.0140805652982478,0.0281174859690879,0.0424426039406936,0.0569324327009718,0.0707330847478049,0.084091086010583,0.0964905105180073,0.108665716807433,0.11967110763153,0.130430863186427,0.140392291854148,0.149519862408991,0.158526027004305,0.166562445010278,0.174293654149551,0.181451905636099,0.187786689361585,0.193993305826713,0.19925048837233,0.203871349060955,0.207899219281828,0.210900536599048,0.212873893744165,0.214134658305995,0.214256025413287,0.213196897744846,0.210936333908163,0.207447209855878,0.202694496885973,0.197006529024404,0.190214657704384,0.182228502724166,0.173789789820817,0.164488605476823,0.154738942795115,0.144989139794041,0.135110406502215,0.125300545920174,0.115691255269454,0.106710045705187,0.0982562702125332,0.0901586116772974,0.0823221385402393,0.0756700579018737,0.0690783950897162,0.0631549785107011,0.0576586858085078,0.0526677304252738,0.0478023878449382,0.0439351174111805,0.0396665536285055,0.0362198476437225,0.0333232583701236,0.0301292169545584,0.0265897248621301,0.024866395017271,0.0229793307306016,0.0209031558392988,0.0186033025460889,0.0160305160796924,0.0145159159827931,0.013736837066471,0.0128874493143416,0.011958715286439,0.01093889417035,0.00981219497656464,0.00855646821059575,0.00713895006512265,0.00550760353568177,0.0133334206884723,0.0271723252989749,0.0425455959612979,0.0580234497691365,0.0727125219149583,0.0860742820743374,0.0977416809445608,0.107582233702156,0.115554282614045,0.121656122018599,0.125906600290077,0.128516463583501,0.129519821313353,0.129195386567029,0.127649819875237,0.125042798696695,0.121553491661085,0.117350834432062,0.112591386774128,0.107424917280802,0.101982146503425,0.0963586208066746,0.0906536682226441,0.0849522144701827,0.0793254625031453,0.0738317288631352,0.0685176094839338
-7.48813107738475e-07,-4.51013303917559e-07,-1.57123902477349e-07,0.00250463929931926,0.0143246042883395,0.0286039755418719,0.0432692005935891,0.0577861110794355,0.0720015742801508,0.0853594174355525,0.0982209009839888,0.110364858934117,0.121565180995649,0.132556426232339,0.142447623805961,0.152054068584088,0.160961873932307,0.169102523303883,0.177083302767259,0.184112681853606,0.190894976445257,0.196947630995388,0.202200281335203,0.207078902271814,0.210929559598439,0.213828103095894,0.21606892770108,0.217160476304394,0.217091854203197,0.215847983036162,0.213408710845949,0.209747562197406,0.204830024072222,0.198624762113087,0.191706864047481,0.183530447934765,0.174797499589425,0.165210008859814,0.155394868203613,0.145443081773883,0.135414151295898,0.125495477025833,0.115809643454344,0.106811730612022,0.0983110895981068,0.0901833534384085,0.0823389865252379,0.0756714316881702,0.0690719893750368,0.0631448418833464,0.0576471623041756,0.0526536135449172,0.0477906411817503,0.0439216309425244,0.0396511595509022,0.0362095651768344,0.033311807449959,0.030116471530603,0.0265831039405316,0.0248591294603079,0.0229713562584197,0.0208943942260826,0.0185936549259307,0.0160198510992703,0.0145127683218021,0.0137334106579069,0.0128837181829325,0.0119546489904325,0.0109344560679926,0.0098073394107963,0.00855113563808161,0.00713305795285853,0.00550102723659985,0.0100230922761673,0.0225534751214058,0.0369552208368983,0.0516741415794812,0.0658098009441793,0.0787052557170655,0.0899992275556894,0.0995470465827345,0.107228242298144,0.113054315400951,0.117138593407196,0.119575987252021,0.120499455546894,0.120058446111698,0.118508928911775,0.115938762025355,0.112530789845964,0.10845544994209,0.103868849077856,0.0989378554443302,0.0937568001328165,0.0884293657447229,0.083049740924551,0.0776972270841261,0.0724371696494057,0.0673220293730325,0.0623925574856363
-7.48817207225229e-07,-4.5101261006833e-07,-1.5712235884149e-07,0.00253955310425992,0.014550955696578,0.0290569788468402,0.0440420275265829,0.0585839228530195,0.0731915872699891,0.0865484337177296,0.0998488632832722,0.111961925909254,0.123628523565334,0.134558639353292,0.144594655953252,0.15444536783423,0.163257380693983,0.171856943756545,0.17971533238028,0.186954625026343,0.193829911864433,0.199732857706161,0.205397957259677,0.210103648532912,0.213861926312165,0.21705052730227,0.219099771568456,0.220003473688594,0.219751716979491,0.218330257122902,0.215719633326504,0.211893924217416,0.206819042868489,0.200450400907061,0.193088398100795,0.184799302308686,0.175724504822153,0.165870348187083,0.155993514058434,0.145854556230759,0.135686950255148,0.125668206732388,0.115912321440915,0.106898427964201,0.0983553271930185,0.0902006867165636,0.0823485652148007,0.0756676891648123,0.069062030815399,0.0631310890445915,0.0576331574060402,0.0526369196254284,0.0477771972183913,0.0439063535244499,0.0396338667180219,0.0361981367401507,0.0332991302829026,0.03010240929481,0.0265758321132925,0.0248511624454595,0.0229626244242857,0.0208848128564655,0.0185831169624732,0.0160082143380985,0.0145093367049453,0.0137296766969266,0.0128796536906632,0.0119502209467806,0.0109296247119542,0.00980205521479726,0.00854533401258149,0.00712664935824368,0.00549387643351822,0.00690424688435506,0.0179611786963956,0.0312139008473097,0.0450883038601455,0.0585242667773914,0.0708747765168867,0.0817340373349218,0.0909026345693032,0.0982748747983523,0.10387728147055,0.107761626717412,0.110019744155993,0.110893676644542,0.110430818833741,0.108871547598061,0.106399370221992,0.103135780058211,0.0992511161292499,0.0948994889599,0.0902302743790932,0.0853658278714928,0.0803848546660231,0.0753756748697123,0.0704114927651861,0.0655515787864429,0.0608425605675734,0.056319782289993
-7.48817107420082e-07,-4.51014205160052e-07,-1.57120634122311e-07,0.00257172635950964,0.0147607513008211,0.0294783992445943,0.044763731628175,0.0595721185121518,0.0743064716936274,0.0880063815100464,0.101378187185672,0.113505505172862,0.125571205484138,0.136441730924121,0.146935381465593,0.156698113867181,0.165713431571873,0.174454998399814,0.182194491376822,0.189865147595026,0.196596354480185,0.202840463756529,0.208413018010432,0.212951026963819,0.217083179657441,0.220083432776639,0.221947452209121,0.222726567437878,0.2224799079544,0.22093498604642,0.218068209685766,0.213893165276188,0.208668361209609,0.202157203280693,0.194365045319994,0.185969347637379,0.176575280636243,0.166639687012372,0.156538076183261,0.146225887573336,0.135930413992268,0.125819790070518,0.116009748942259,0.106970681844305,0.0983892641026061,0.0902107210976404,0.0823509326653533,0.0756588014276859,0.0690484494822124,0.0631136242182676,0.057616573912927,0.0526175331778934,0.0477619627510325,0.043889179410459,0.0396145556320848,0.0361854830737277,0.0332851390820163,0.0300869329815727,0.0265678588438206,0.0248424386705106,0.0229530746967847,0.020874345397253,0.0185716158307727,0.0159955255323473,0.0145055972453673,0.0137256092131805,0.0128752276107539,0.0119454004316915,0.010924366637259,0.00979630584448768,0.00853902328013701,0.00711968012406568,0.00548610197542645,0.00412025395794103,0.0134574743596005,0.0254224578182037,0.0382751224787075,0.0509106720777044,0.0626519666721707,0.0730046512117012,0.081753085987071,0.0887817071444829,0.0941199595586699,0.0978374416968282,0.100022944887535,0.100773269459847,0.1003738633305,0.0988685472928625,0.096511632300927,0.0934573262483766,0.089826832303583,0.0857707798407072,0.0814214177148589,0.0768943141907504,0.0723053184199492,0.0677060529665525,0.0631634408788673,0.0587307386251932,0.05444901332573,0.0503486429904495
-7.48821586015419e-07,-4.51015200502546e-07,-1.57125968940934e-07,0.00260136361329231,0.0149550692889024,0.0298700838466261,0.0454369386631501,0.0606056503790015,0.0753496217400289,0.0894606566204644,0.102812800689354,0.115381771523588,0.127397474396372,0.138344288312494,0.149139625268529,0.158816964789745,0.168271981840999,0.176901485856981,0.185012783116742,0.192607992233369,0.199383458966688,0.205841383609156,0.211250935482785,0.216164530786208,0.220114794955932,0.222932942360846,0.224875920792816,0.225710295676863,0.225269028875635,0.223535473080348,0.220486761628841,0.216092177888691,0.210384674529293,0.203738136180901,0.195754369342511,0.187045873107081,0.17735404334933,0.167345663150385,0.157031513468462,0.146559200634896,0.136145992909302,0.125951158151134,0.116120543487816,0.107028945953038,0.0984131147427413,0.0902135177718076,0.0823460989225437,0.0756447048380229,0.0690311507491178,0.0630923263443084,0.0575972970396674,0.0525953202306917,0.0477448323138854,0.0438699898605026,0.0395930930076297,0.0361715165197601,0.0332697370576822,0.0300699357019983,0.0265591287805979,0.0248328976329964,0.0229426409457139,0.0208629194890647,0.0185590721516754,0.0159816972812755,0.0145015239338341,0.0137211799576211,0.0128704092248608,0.0119401540418198,0.0109186454591296,0.00979005158653703,0.00853215993307935,0.00711210231577679,0.00547765050666251,0.00353680865249035,0.00921263359898134,0.0196787794758748,0.0313703734662844,0.0431265158749533,0.0541092748847771,0.0639008989132066,0.0722061603507927,0.0789024500929455,0.0839908592582223,0.0875047307942471,0.0895672239465687,0.090357140990187,0.0899416720727935,0.0886113764380135,0.0864206454941715,0.0835805829860164,0.0802658133674634,0.0765625021680347,0.072597077585373,0.0684772424496204,0.0642930885226206,0.0601184880255722,0.0560126413453524,0.0520238002525675,0.0481843840832719,0.0445164271969569
-7.48814297889093e-07,-4.51013928581888e-07,-1.57123705841114e-07,0.00262865496861431,0.0151349338830977,0.0302338170405847,0.0460642362112519,0.0615720156199451,0.076324447006752,0.0908240640549143,0.104156726022716,0.11714470494403,0.129111764961982,0.140493921423927,0.151212079513085,0.161096769177912,0.170680518384983,0.179223237752233,0.187726914048304,0.195188471221161,0.20236542872848,0.208665568158309,0.214286049830767,0.219191118117225,0.222962911812072,0.225963595917401,0.227864944321017,0.228506780721255,0.227878395964998,0.225963911497397,0.222741086734881,0.21817969557335,0.212239320247387,0.205199532534527,0.197094365606329,0.188033900260302,0.178127560641973,0.167987630938609,0.157476549740847,0.146856424497976,0.136334981077094,0.126063121344955,0.116212720795976,0.107073585419054,0.0984270277381469,0.090209089710426,0.0823340259229012,0.0756253005404268,0.0690100146613674,0.0630670482933682,0.0575751935092972,0.0525701275863604,0.0477256874131224,0.043848652392858,0.0395693309185847,0.0361561404262912,0.0332528177913722,0.03005130023951,0.0265495813683963,0.024822473266075,0.0229312510203695,0.0208504562534889,0.0185453995042759,0.0159666345041921,0.014497088477824,0.0137163581807687,0.0128651651375146,0.0119344454668225,0.0109124216468169,0.00978324930119567,0.00852469673563204,0.00710386389904451,0.00546846415814233,0.00352637762540497,0.00538479188181369,0.0141230754613165,0.024504230042461,0.0352181018140163,0.0454115149912958,0.0545531494499942,0.0623705712732625,0.0686875202748981,0.07351882164459,0.0768771097190234,0.0788673315116256,0.0796368004653377,0.0793673903581125,0.078145002391943,0.0762225442053706,0.0736839864560534,0.0706675503806915,0.0673451917232503,0.0638096068333868,0.0601376641066261,0.0564127170338402,0.052702236133928,0.0490595536104594,0.0455256199150133,0.0421307192566032,0.0388961049802068
-7.48818252436552e-07,-4.51013643444352e-07,-1.57122198914215e-07,0.00265377670613615,0.0153013155444527,0.0305713154576913,0.0466481585978497,0.0624744894508082,0.0773645221776701,0.0921005610170129,0.105568147439668,0.118798731637921,0.130718646482835,0.142514178607746,0.153157658106736,0.163461786919584,0.172944201032513,0.18190324982364,0.190279764057528,0.197954183616307,0.205171271706547,0.211432749223675,0.217303488819757,0.222034254316147,0.225994383897186,0.228954995137771,0.23066636727013,0.231123065161919,0.230315195151901,0.228227550692943,0.224838424493957,0.220117993220502,0.21402612262819,0.206547494949745,0.198327324508654,0.188938170937875,0.178947190246256,0.168568991193781,0.157875676425087,0.147119296360939,0.136498520032582,0.126156372163104,0.116286851226751,0.107104878223001,0.0984310864570989,0.0901974015817734,0.0823146271241738,0.0756004537776095,0.0689848951479606,0.0630376158901166,0.0575501108270838,0.0525417817423481,0.0477043958101003,0.0438250198661953,0.0395431058312703,0.0361392485207483,0.033234264535103,0.030030898253825,0.026539150470113,0.0248110934356622,0.0229188262422049,0.0208368697497034,0.0185305038144459,0.0159502338216912,0.0144922600696416,0.0137111104556531,0.0128594590366976,0.0119282352452386,0.0109056522512922,0.00977585215392288,0.00851658241608196,0.00709490842454799,0.00545848016605114,0.00351504308411969,0.00224831765616172,0.00894844328102509,0.0177985220530376,0.027348130831365,0.0366309150524418,0.0450755229761598,0.0523531938139442,0.0582751606910708,0.0628452851570538,0.0660563866729149,0.0680061289398396,0.0688127503482105,0.0686706139733048,0.0676793460657356,0.0660138137032254,0.0637835150470872,0.0611876738422241,0.058276512108978,0.0551606277519744,0.0519318140852956,0.0486811761623562,0.0454540149017822,0.0422878568424803,0.039219117738834,0.0362743560403345,0.0334718989495676
-7.48818305848628e-07,-4.51012860457969e-07,-1.57126853976086e-07,0.00267689206946554,0.0154551310268075,0.0310612879387891,0.0471911746678036,0.0633163226645578,0.078566776374106,0.0932941419792925,0.107155350523165,0.120348393885161,0.132624257045688,0.144409986322674,0.155165169319953,0.165683809353743,0.175077488987738,0.184423308306075,0.192676997804009,0.20073675410598,0.207806905359483,0.214436543850589,0.220137693084372,0.224966666207507,0.228984839834308,0.231758545789719,0.233320995228507,0.233848521034465,0.232980594298243,0.230698758522861,0.226976937784827,0.221914099773646,0.215678189126914,0.20802485448796,0.1994587989585,0.189763138248869,0.179692093232091,0.169092876858772,0.158231155666997,0.147349365483522,0.136637602165649,0.12623148774656,0.116343392382186,0.107123016211491,0.0984253092267947,0.0901783694029124,0.0822877668369035,0.0755699929875119,0.0689556190314854,0.0630038267767795,0.0575218761690035,0.0525100878142474,0.0476808106619134,0.0437989295611639,0.0395142375885455,0.0361207241923122,0.0332139494457314,0.0300085894392352,0.0265277638750974,0.0247986795210116,0.022905280913625,0.0208220664669432,0.0185142827824934,0.0159323828939076,0.0144870052276548,0.0137054004296217,0.0128532514667784,0.0119214805029433,0.0108982906330191,0.0097678092877235,0.00850776133125265,0.00708517465625401,0.00544763047668096,0.00350272802271297,0.0010578711154676,0.00444815013518669,0.0115104401415799,0.0196998249511794,0.0279579474060563,0.0356238239035661,0.042317832979571,0.0478437609103628,0.0521057791878286,0.0551875492986042,0.0571145369789589,0.0580025833967988,0.0580203941381829,0.0572817406810803,0.0559093817215353,0.0540722500146665,0.0518656033414318,0.0493786119360206,0.0467324938087347,0.0440027282543557,0.0412326266358541,0.038476404872518,0.0357758427550827,0.0331621560055327,0.0306577279729958,0.0282776792747297
-7.48811633958007e-07,-4.51015039691074e-07,-1.57122521506288e-07,0.00269815241898743,0.0155972446116927,0.0315411204056787,0.0477777629445627,0.0641007202787615,0.0796902510827262,0.0944088044151128,0.108641620678962,0.121798303055577,0.134464465530898,0.146186415287572,0.157339956538737,0.167768254386964,0.177559331456268,0.186789112166262,0.195322414919239,0.203349978816374,0.210568045781576,0.217257508224036,0.222872525070332,0.227952465539741,0.231787329987074,0.234517676959191,0.236227704479476,0.236559883049473,0.235502658094724,0.233038257930243,0.229141151006607,0.223775974289859,0.217202136907252,0.209419183570891,0.200494043595051,0.190673989265585,0.180366113277404,0.169562154322857,0.158545023781977,0.147547996880108,0.136753073831857,0.126288931916329,0.116382690733841,0.107128105738251,0.0984096491878643,0.0901518598971074,0.0822532593185913,0.0755337086801098,0.0689219849404919,0.0629654491337436,0.0574902953339128,0.0524748282654419,0.0476547694865122,0.0437702021540386,0.0394825281695234,0.0361004397462517,0.0331917327944337,0.0299842207046366,0.0265153429006068,0.0247851458572552,0.0228905217461472,0.0208059446812917,0.0184966252286152,0.0159129597142076,0.0144812875568767,0.0136991886113851,0.0128464995568007,0.0119141346807603,0.0108902861583539,0.00975906551888818,0.0084981731239285,0.00707459620427049,0.00543584133997117,0.00348934903125513,0.00104209200280531,0.001099046913962,0.00592053014949447,0.012515660448044,0.019593210992957,0.0263696730818013,0.0324346731999001,0.037510430792147,0.0415182588431367,0.04444333894663,0.046350021160665,0.0473512464916493,0.0475584203208851,0.047078640754598,0.0460494473964996,0.0445948170138963,0.0428128059572665,0.0407776137775614,0.0386147845966927,0.0363612438369096,0.0340691177496839,0.0317860954917915,0.0295485333254238,0.0273832991754821,0.0253094380746547,0.0233412879301798
-7.48817796222253e-07,-4.5101466176687e-07,-1.57123383647013e-07,0.00271769746154133,0.0157985873668502,0.0319866110621504,0.0484926969953979,0.0648308226759514,0.0807388274298301,0.0954699914482977,0.110031512164991,0.123210447731861,0.136188039873345,0.147848626453405,0.159379330268497,0.169720696058982,0.17988853961439,0.189006577893783,0.197908232565333,0.205800081801758,0.213371117379428,0.219902169150487,0.225849565780733,0.230750333320469,0.23454284820635,0.237426788194763,0.238943944152479,0.239088705531532,0.237850248517865,0.235211390538661,0.231147053237778,0.225622199844996,0.218604322943055,0.210698396927402,0.20143800123556,0.191525881188934,0.180972792888366,0.169979425506332,0.158819094846737,0.147716374843204,0.136845638028629,0.126329056814622,0.116404982728004,0.107120167857371,0.0983839938149329,0.0901176895645151,0.0822108675190231,0.0754913520903168,0.0688837619797262,0.0629222201900671,0.0574551514462146,0.0524357615349243,0.0476260931827958,0.0437386404751556,0.0394477605085981,0.0360782555740547,0.0331674619878297,0.0299576250864834,0.0265018017790357,0.0247703991946099,0.0228744472868198,0.0207883938137078,0.0184774103680905,0.0158918318339983,0.0144750674798899,0.0136924320874733,0.0128391567425607,0.0119061472320968,0.0108815838727305,0.00974956097551098,0.00848775233634469,0.00706310108626144,0.00542303284236974,0.00347481578129546,0.00102495416300097,0.000484843827170856,0.00158284811815401,0.00616022038865828,0.011816631910703,0.0175859598937487,0.0229127700337167,0.0275045579313159,0.0312045657589438,0.0339770562691229,0.0358930853653839,0.0370007714492448,0.0373980145771407,0.0372063702651836,0.036540598215707,0.0354619280501935,0.0341278063511364,0.0325620178549046,0.0308513494600851,0.0290791628163989,0.0272642793388729,0.0254487504110441,0.0236644190818064,0.0219346886108694,0.0202760857555374,0.018700283697149
-7.48820810400361e-07,-4.51015864860041e-07,-1.57126520243158e-07,0.00273565651574712,0.0160245248076409,0.0323998555281481,0.0491577041668628,0.0655096902014059,0.0817163469450499,0.096793735627282,0.111329590273993,0.12487535081543,0.137800111936488,0.149810178472542,0.161288865730105,0.171905058187984,0.182071049700287,0.191432803327621,0.200332056519979,0.20844854012107,0.215998525346032,0.222661454248959,0.228638880899971,0.233395404273199,0.237451103582634,0.240145162610263,0.241477267232601,0.241475379461653,0.240129044035306,0.237242375672538,0.233001949740699,0.227325124418147,0.220147489376857,0.211868239194486,0.202377648141218,0.192295855330485,0.18151537283473,0.170347030405363,0.1590549641289,0.147855506088888,0.136915856593199,0.126352104053443,0.116410395437054,0.107099138088045,0.0983481640558837,0.0900756234844202,0.0821603016022149,0.0754426336099808,0.068840688284546,0.0628738445665026,0.057416203570921,0.0523926204974808,0.0475945848501702,0.0437040283518075,0.0394096971221291,0.0360540192453765,0.0331409706508452,0.0299286207866246,0.0264870472012556,0.0247543381032873,0.0228569472012861,0.0207692937444948,0.0184565070912435,0.0158688555702473,0.0144683020121007,0.0136850842395905,0.0128311724801846,0.011897463283821,0.0108721241511941,0.00973923072105824,0.00847642800070202,0.0070506113175323,0.00540911844350985,0.00345903049729661,0.00100634266604991,0.00048483307614481,0.000491834968199522,0.00128614573027533,0.00508055683041874,0.00959058507037667,0.0140547494236297,0.0180600086455664,0.0214015830542217,0.0240216167695941,0.0258984398473951,0.0271153327068365,0.0277227485157875,0.0278100197336356,0.027487276591199,0.026826052667615,0.025897631880678,0.0247884866760469,0.023551500256444,0.0222249876353953,0.0208613976320849,0.0195011572727507,0.0181546889118436,0.0168427757846967,0.0155801772360756,0.0143768583006697
-7.4881440944541e-07,-4.5101381646501e-07,-1.57124481905553e-07,0.00275214888812317,0.0162333941006652,0.0327828614739875,0.0497756502546386,0.0663435412632126,0.0826265869756406,0.0980293580469379,0.112540395598365,0.126431807464921,0.139305839397919,0.151671558336985,0.163074218920276,0.174047484883283,0.184112931436072,0.193825336699834,0.202600317445817,0.211053942030435,0.218457034938674,0.225437926366459,0.231247564827087,0.236299148965326,0.240168485709327,0.242680355616021,0.244087509873446,0.244064434361665,0.242528219783161,0.239458802184189,0.234826683807578,0.228891578619987,0.221576618315526,0.212934121651415,0.203338894471691,0.192987854483003,0.181996792701756,0.170667050013647,0.159254011474318,0.147966222463558,0.136964151939629,0.126358205371485,0.116398946727092,0.107064865749949,0.0983019131287619,0.0900253738021192,0.08210121710376,0.0753872209609628,0.0687924693455674,0.0628199924381012,0.0573731852476105,0.0523451108285942,0.0475600285337809,0.0436661291704297,0.0393680785730821,0.0360275645201473,0.0331120775611851,0.0298970099836017,0.0264709776111029,0.024736852299341,0.0228379016366666,0.020748514026459,0.0184337730997817,0.015843875092643,0.0144609444767227,0.0136770944595361,0.0128224918861151,0.011888023297475,0.0108618423125765,0.00972800434638802,0.00846412321702617,0.00703704241428206,0.00539400445265222,0.00344188738748601,0.000986133213798163,0.000484821383618659,0.000491821839474298,0.000497789812555424,0.0005027550593737,0.00293537672260498,0.00625042606526476,0.00951435811910844,0.0124065753399022,0.0147884886100343,0.0166096033703042,0.0178943079432886,0.01868041649871,0.0190425906288293,0.0190481205269547,0.0187568562649044,0.0182426424036509,0.0175599132214285,0.0167587678430807,0.0158688934016487,0.0149455725738882,0.0140024982124813,0.0130587152299189,0.0121320255108903,0.0112351590172042,0.0103768429847419
-7.48816593329553e-07,-4.51014419347588e-07,-1.57124324658114e-07,0.00276728457011586,0.0164263488248619,0.0331375457474449,0.0503493056251463,0.0671899832836697,0.0834732400789766,0.0991812957368478,0.113668412205455,0.127884919882868,0.140765729518929,0.153411199883467,0.164854711989089,0.17605119795622,0.186221185965299,0.19606370252091,0.205030136463444,0.213491333132013,0.221125803691072,0.228034184319267,0.23396295093531,0.239012036181459,0.242702555600499,0.245397616228723,0.246681043281438,0.246469851941015,0.244752094914204,0.241508200562279,0.236709031641128,0.230328096857382,0.222882622815429,0.213901107307221,0.204206459209719,0.193605483630696,0.182419692135514,0.170941309228282,0.159417404270719,0.14804918319529,0.136990808196363,0.126347382805817,0.11637054481664,0.10701711283521,0.098244924906428,0.0899665979263756,0.0820332128243026,0.0753247371392832,0.0687387761767697,0.0627602974875916,0.0573258027543623,0.0522929090323424,0.0475221878631888,0.0436246844615518,0.039322621939899,0.0359987103177119,0.0330805855318179,0.0298625776023452,0.0264534826238172,0.0247178219479658,0.0228171804491346,0.0207259131073995,0.0184090540651611,0.0158167215193521,0.0144529441682248,0.0136684078167432,0.012813055418041,0.0118777626956183,0.0108506682326636,0.00971580554834484,0.00845075466880632,0.00702230290989293,0.00537758947572743,0.00342327204795069,0.000964191458428672,0.000484808671760211,0.000491807565907057,0.000497773831006708,0.000502737206388428,0.000506732275569637,0.000509796735481749,0.00243351330184164,0.00463690873280351,0.00663589253518307,0.0082986380398187,0.00958000366202276,0.0105018825513308,0.0110818052565017,0.0113720806974203,0.0114207789937602,0.011269840604712,0.010985424662652,0.0105746438187615,0.0101004322945185,0.00956719606131773,0.00900121277787102,0.00843161265837362,0.0078620877261904,0.00730245648814988,0.00676078811353324
-7.48814543525897e-07,-4.5101220400975e-07,-1.57122545521553e-07,0.00278116500163956,0.0166044753259433,0.0334657322153363,0.0508813367218324,0.0679768262375011,0.0842598964905406,0.100253918057593,0.115015525322321,0.129239759525241,0.142454485279176,0.155034751416821,0.166815206224938,0.177922325885236,0.188424683978454,0.198154441115606,0.207441613549692,0.215767620131069,0.223705211660737,0.230457473109189,0.236667473347854,0.241541635128767,0.245411899090586,0.247992969060554,0.249090532921576,0.248699470652172,0.246808374878511,0.243398080422141,0.238439730198663,0.231892190655665,0.224071351546822,0.21495700276307,0.20498466607511,0.194152008441868,0.182786412662983,0.171171379732155,0.159546100022094,0.148104876561989,0.136995971846176,0.12631954829938,0.116324987402203,0.106955552424781,0.0981768119746077,0.0898988964015477,0.0819589408320014,0.0752547581234219,0.0686792432654484,0.0626943546680288,0.0572737332738335,0.0522356606689494,0.0474808045860472,0.0435794121948008,0.0392730189956449,0.0359672595847718,0.0330462801269393,0.0298250900504636,0.0264344422834201,0.0246971169246617,0.022794642350236,0.0207013374157144,0.0183821826923925,0.0157872118672767,0.0144442460515434,0.0136589646895787,0.0128027984778314,0.0118666114422617,0.0108385258902804,0.0097025516387718,0.00843623212960472,0.00700629380494966,0.00535976385663782,0.0034030608187433,0.000940372250579533,0.000484794850989694,0.000491792046877748,0.000497756451034999,0.000502717794640608,0.000506710647495592,0.000509772684639899,0.00051194310377028,0.000513261130953154,0.000513764680080618,0.00149513163748009,0.00259956914553115,0.00350729269905908,0.004207277827343,0.00469659329054958,0.00500985231492517,0.00517123442974433,0.00521126916912442,0.00514989630410911,0.00501642375641701,0.00482715415862962,0.00460504578457321,0.00435605315539758,0.00409277649136162,0.00382917970896211,0.00356647520797004
-7.48815752661718e-07,-4.5101391234086e-07,-1.57124028148557e-07,0.00279388342483746,0.016768793885735,0.0337691506722507,0.051374299559689,0.0687074864427942,0.085209528940079,0.101251501324306,0.116315620022178,0.130501331728413,0.14402986254401,0.156547828172432,0.168645296013395,0.179666997932741,0.19048221431276,0.200260702428618,0.209693127174752,0.218231668678974,0.226112293604096,0.233120148256512,0.239188906414499,0.244129180028341,0.24800602571245,0.250403981103457,0.251332288346894,0.250910411581326,0.248846793900153,0.245135697010505,0.24002573641569,0.233333646551715,0.225148279376002,0.21592191833988,0.205677464026721,0.194630354742172,0.183098999716759,0.171358582537612,0.1596408484148,0.148133620909694,0.136979651668513,0.126274502784671,0.11626196016588,0.106879766647269,0.098097113232152,0.0898218104801114,0.0818891012492537,0.0751768102766289,0.0686134663350151,0.06262171775032,0.0572166229802963,0.0521729780870281,0.0474355968891281,0.0435300051950824,0.039218934472123,0.0359329980114953,0.033008928393379,0.0297842937405397,0.0264137263024719,0.024674595964409,0.0227701340981324,0.0206746204700868,0.0183529777068508,0.0157551480406305,0.0144347904068564,0.0136487003980741,0.0127916510155254,0.0118544936136627,0.0108253329116057,0.00968815308162671,0.00842045793595289,0.00698890800073972,0.00534040903891892,0.00338112009878066,0.000914518882275927,0.000484779818651837,0.000491775169351248,0.000497737555466255,0.0005026966887571,0.000506687130039687,0.000509746536467501,0.000511914082342025,0.000513228974213364,0.000513729116724323,0.000513449896427568,0.000512423109650031,0.000510676026919525,0.000508230607327018,0.00050510285872963,0.000501302373950298,0.000496832019348937,0.000535069530872864,0.000717476320914828,0.00084192783579844,0.000919274766732881,0.000961029399500607,0.000971827774454433,0.000962748173209949,0.000937643263432315,0.000900663909224854
-7.48816921281854e-07,-4.51012577830977e-07,-1.57122786363153e-07,0.00280552572009129,0.0169202611456122,0.0340494374992037,0.0518306351987861,0.0693852608138782,0.086150203533132,0.102178207455524,0.117525622202717,0.13167454463427,0.145497418223689,0.158096500611923,0.170351079514472,0.181633527365167,0.192400334323455,0.202482662885564,0.211791631806673,0.220618042311334,0.228354353165797,0.235629383631715,0.241541550001651,0.246718661754408,0.25041564637059,0.25275443432148,0.253766558052291,0.253157102770323,0.250912677939711,0.247010765039896,0.241473667857096,0.234643904315683,0.226181713888503,0.216785358909489,0.206288423129141,0.195043108855742,0.183359204667715,0.171503990207484,0.159702192761576,0.148135565126127,0.136941718183106,0.126211934725635,0.116181034757194,0.106789244144583,0.0980052911757219,0.0897348193769317,0.081811290355008,0.0750903675516977,0.0685409998797194,0.0625418966568921,0.0571540847665842,0.0521044380928462,0.0473862577908686,0.0434761291518125,0.0391600039693053,0.0358956927419703,0.0329682774396074,0.0297399136225068,0.0263911932642604,0.0246501058205321,0.0227434894969558,0.0206455818367348,0.0183212427997467,0.0157203156219783,0.0144245124396621,0.0136375447996608,0.0127795370693033,0.0118413269324898,0.0108110000724878,0.00967251291958346,0.00840332641630506,0.00697002969333999,0.00531939693394816,0.00335730566646726,0.00088646226812212,0.000484763477387676,0.000491756818477862,0.000497717007981138,0.00050267374209627,0.000506661555680406,0.000509718100657827,0.000511882523899731,0.000513194013294843,0.000513690447200531,0.000513407189410082,0.000512376010730396,0.000510624154592351,0.000508173547951795,0.000505040170896255,0.000501233585069585,0.000496756616762514,0.000491605211072487,0.000485768385238202,0.000479228313339488,0.000471960452172015,0.000463933683367786,0.000455110416301179,0.000445446570814412,0.000434891388027253,0.000423386983828628
-7.48816755248921e-07,-4.51012569680685e-07,-1.5712340129687e-07,0.00281617060265535,0.0170597720427802,0.0343081360944827,0.0522526666694157,0.0700133171324795,0.0870235590817583,0.103038066448229,0.118650334165693,0.133028382035367,0.146862624303947,0.159758745119635,0.171938593970596,0.183515469641236,0.194185561585102,0.204553006539502,0.213938010042433,0.222840270524581,0.230841770486415,0.237963544386212,0.244122607369647,0.24912362518232,0.252753333232308,0.255189838859794,0.256016503312609,0.255227780254202,0.252810710192422,0.248743077264674,0.242991004195378,0.235828810165731,0.227241635757113,0.217551586623814,0.206820731833609,0.195392518249366,0.183568486692516,0.171608428493571,0.159730470807707,0.148110688325458,0.136881902323072,0.126131418093287,0.116081666180938,0.106683377063142,0.0979007287134356,0.0896373371635869,0.0817249825246391,0.0749948483605989,0.068461354508945,0.0624543545846202,0.0570856960189988,0.0520295794343307,0.0473324531354863,0.0434174207085427,0.0390958318603877,0.035855090997163,0.0329240529028261,0.0296916515514208,0.0263666897314868,0.0246234802851497,0.0227145284524376,0.0206140261054386,0.0182867654739661,0.0156824827375137,0.0144133418639654,0.0136254218366679,0.0127663743366483,0.0118270222739186,0.010795430762221,0.0096555262469322,0.00838472329090368,0.00694953374461552,0.00529658921913604,0.00333146191618788,0.000856020102398897,0.000484745708032579,0.000491736865780953,0.000497694664809341,0.000502648791250209,0.000506633754547946,0.000509687185489289,0.000511848213990593,0.000513156001678654,0.00051364840420994,0.000513360755453002,0.000512324802076264,0.000510567755095156,0.000508111513212683,0.000504972017871354,0.000501158796642996,0.000496674642719473,0.000491515456353435,0.000485670217279724,0.000479121052580379,0.000471843370733734,0.000463806003167173,0.000454971302507526,0.000445295126198753,0.000434726650668288,0.000423207914424861
-7.48817269572081e-07,-4.51013510472713e-07,-1.57123272464672e-07,0.00282589037813009,0.017188161979524,0.0345466982860418,0.0526425977641543,0.0705946868015622,0.0878334699946051,0.104026462985899,0.119694426988201,0.134346197552384,0.14813083434884,0.161305101745217,0.173413773870875,0.185266403510733,0.19611705694531,0.20647864662792,0.216135885878887,0.224905627233326,0.23315999131024,0.240203311150747,0.24651930702281,0.251351898787727,0.255186919072805,0.257440575261252,0.258089977055699,0.257130057820697,0.254548209741901,0.250322445410473,0.244418999600054,0.236893789778417,0.228187235794635,0.218224443621975,0.20727719525307,0.195680492427854,0.183728014289521,0.17167247736952,0.159725814803857,0.148058798877338,0.136799793558802,0.126032409745432,0.115963189659824,0.106561457580557,0.0977827256174944,0.0895287093645065,0.081629596494235,0.0748896122156051,0.0683739940365449,0.0623585048810606,0.0570109960603671,0.0519479002243825,0.0472738196891821,0.0433534852810815,0.0390259890362376,0.0358109184800065,0.0328759573467063,0.0296391845493015,0.0263400492772662,0.0245945392340183,0.0226830558472402,0.0205797417227702,0.0182493158770927,0.0156413987163597,0.0144012024814078,0.0136122490751145,0.0127520736377346,0.0118114831154708,0.0107785204256121,0.00963707959172907,0.00836452503668626,0.00692728498994332,0.00527183664325885,0.00330342108239773,0.000822996000210606,0.000484726383482317,0.000491715169400061,0.000497670372429233,0.000502621658451275,0.000506603523299247,0.00050965357019879,0.000511810907703047,0.000513114671822143,0.00051360268919908,0.000513310271010216,0.000512269126737119,0.0005105064366215,0.000508044064635568,0.000504897919431553,0.000501077487935799,0.000496585521828514,0.000491417881713538,0.000485563497656231,0.00047900445083829,0.000471716096347284,0.000463667211627709,0.000454820086876395,0.000445130515046353,0.00043454759757269,0.00042301329406713
-7.48818143611104e-07,-4.51014279407802e-07,-1.57125078548319e-07,0.00283475104718789,0.0173062094314298,0.034804509735682,0.0530671239324488,0.0711322597995972,0.0885836618175469,0.105020729625288,0.120662420029948,0.135569805106528,0.14930725533774,0.162741441861262,0.175081455974713,0.186892715912196,0.198011464944448,0.208266403181595,0.218178001786216,0.227096162590223,0.235311323166351,0.242587812957601,0.248739474910664,0.253756423736722,0.257435620376749,0.259514487481692,0.260076205605512,0.259027078440477,0.256208971361318,0.251755454749298,0.245707459154232,0.237939349468512,0.229023047617635,0.218807346488157,0.207660234130301,0.19592825558534,0.183884829286028,0.171715949840513,0.159688150814231,0.147979532669905,0.136694837309758,0.125914246248542,0.115824816850535,0.106422673899529,0.0976504945487114,0.0894082091945682,0.0815244919699311,0.0747739560624326,0.0682783323637619,0.0622537077176572,0.0569294834845392,0.0518588549519017,0.0472099629592607,0.0432838947867154,0.0389500104119863,0.0357628777936513,0.032823668542731,0.0295821630322888,0.0263110915334968,0.0245630874884881,0.0226488604546481,0.0205424997938383,0.018208645471213,0.0155967927772877,0.0143880116940163,0.0135979371990031,0.0127365383920769,0.0117946049970635,0.0107601559506626,0.00961705027970207,0.00834259821816431,0.00690313754335964,0.00524497826157086,0.0032730024580159,0.000787178571741926,0.000484705375,0.000491691578644751,0.000497643959705284,0.000502592157092773,0.000506570652146525,0.000509617019303174,0.000511770342784051,0.000513069733657947,0.000513552986397605,0.000513255381567351,0.000512208592886652,0.000510439770279213,0.000507970736279479,0.000504817362457064,0.00050098909249819,0.000496488636368061,0.000491311805256232,0.00048544748327461,0.000478877696484783,0.000471577746566212,0.000463516347207636,0.000454655723884535,0.000444951598851388,0.00043435299428884,0.000422801781792791
-7.48814270116791e-07,-4.51016461147134e-07,-1.57121602675362e-07,0.00284281303669368,0.0174146380410823,0.0351246667795955,0.0535587750216392,0.0716287814052372,0.0892777013538544,0.105942027204659,0.121558664632782,0.136704311027544,0.150679471796221,0.164073488628405,0.176671103120183,0.188400651176025,0.199769594111054,0.21021068352279,0.220071518251818,0.229227966045314,0.237308268494448,0.244796131651809,0.250889903998009,0.25599991722942,0.259507271681408,0.261610080401279,0.262130314830189,0.260903017079517,0.257913215480498,0.253134922937985,0.246862097651602,0.238961675934187,0.229753141740012,0.219303282132982,0.207982613748305,0.196168486545327,0.183995379886248,0.171729479264011,0.159617197219782,0.147872350653006,0.136566331667121,0.125776140116167,0.115665631562863,0.106266105809553,0.0975031566774942,0.0892750334499247,0.081408965946238,0.0746471103528286,0.0681737301394735,0.0621392665083004,0.0568406132242714,0.0517618514989335,0.0471404549028208,0.0432081852411026,0.0388673924910016,0.0357106467199295,0.0327668376001581,0.0295202088284977,0.0262796210387475,0.0245289137363999,0.0226117136664302,0.0205020527962045,0.0181644857307067,0.0155483726347545,0.0143736799992193,0.0135823894813092,0.0127196640514774,0.011776274877654,0.0107402150347284,0.00959530576645017,0.00831879877654005,0.00687693405421707,0.00521584065616408,0.00324001155295098,0.000748340516890882,0.000484682530873846,0.000491665926533196,0.000497615239239533,0.00050256008333012,0.000506534910922879,0.000509577278813547,0.000511726238542934,0.000513020874891533,0.000513498948135178,0.0005131957024821,0.000512142779726602,0.000510367289878144,0.000507891013566976,0.000504729781195948,0.000500892993037604,0.000496383309112616,0.000491196490285582,0.000485321368461568,0.000478739912343126,0.000471427360992977,0.000463352364111558,0.000454477076486199,0.000444757142625901,0.000434141498567485,0.000422571921844546
-7.48819721175819e-07,-4.51015038774953e-07,-1.57121155042096e-07,0.00285013147153458,0.0175141196866608,0.035419645477155,0.0540125711198896,0.0721738870946142,0.0899189898397068,0.106794566536566,0.122541971349148,0.137754644981375,0.151970971820144,0.165306787616269,0.178144419259026,0.189999906640969,0.201398081961427,0.212077817364359,0.221845148477917,0.231201158208471,0.239500702134271,0.246835938891805,0.253124685849173,0.258066281764761,0.261584126186143,0.263663784340416,0.264007703959675,0.262610021119213,0.259456003114392,0.254519783115737,0.247888155008583,0.239860847630487,0.230381116841044,0.219714804535201,0.208310077206347,0.196340650296785,0.184049090849199,0.171695285248583,0.159512462403144,0.147736535557887,0.136413423469574,0.125617175467011,0.115484584840224,0.106090719697946,0.0973397368839658,0.0891282980567541,0.081282248741333,0.0745082348001192,0.0680594911324738,0.0620144241066258,0.0567437935377771,0.0516562479176685,0.0470648315230605,0.0431258541488488,0.0387775905447969,0.0356538763230986,0.0327050870838211,0.0294529131653869,0.0262454261382055,0.0244917892716378,0.0225713682737891,0.0204581332412247,0.0181165467312834,0.0154958229640727,0.0143581104571268,0.013565501187618,0.0127013374947041,0.0117563705356483,0.010718565514275,0.0095717029296161,0.00829297129355177,0.00684850493557255,0.00518423714947742,0.0032042392521361,0.000706237689555579,0.000484657691923197,0.000491638037147561,0.000497584011621714,0.000502525207981251,0.000506496051126881,0.00050953407094397,0.000511678290300481,0.000512967753115045,0.000513440194320638,0.000513130816886055,0.000512071226876318,0.000510288488618965,0.000507804343210002,0.000504634570303863,0.000500788521744527,0.00049626880806621,0.000491071136199185,0.000485184277398716,0.000478590140143387,0.000471263897565927,0.000463174128528551,0.000454282910997144,0.000444545804410253,0.000433911654898438,0.000422322135854424
-7.48816051680515e-07,-4.51012336633931e-07,-1.57124239256338e-07,0.00285675639608252,0.017605276655365,0.0356911109505616,0.0544309246230977,0.0727710649925082,0.0905107583218261,0.10758237550977,0.123549234819031,0.138725542261471,0.153166142657588,0.166522524742115,0.179507402265866,0.191596265146131,0.202903373590789,0.213804661446545,0.223795435038374,0.233022999091998,0.241525167682371,0.248794845100598,0.255182425315129,0.259997033081556,0.263634680756825,0.265540336855306,0.265715614285317,0.264154937811959,0.26084374590421,0.255756229085064,0.24885238117473,0.240641107713644,0.230910092621613,0.2200911295314,0.208557422546411,0.196445622428823,0.184046185627274,0.171613084136454,0.1593732415608,0.147571187913743,0.1362351037035,0.125436303072768,0.115280489517394,0.105895363144369,0.0971591585586796,0.0889670332913046,0.081143499761856,0.0743564138771324,0.0679348584357007,0.0618783587696871,0.0566383827522068,0.0515413489150911,0.046982590198704,0.0430363577967997,0.038680015799298,0.0355921890848972,0.0326380088850477,0.0293798345008087,0.0262082777531022,0.0244514666924303,0.0225275570496827,0.0204104522434153,0.0180645156058762,0.0154388038994748,0.0143411981069095,0.0135471589890303,0.0126814363649228,0.0117347598559581,0.0106950646510686,0.00954608731911747,0.00826494822344971,0.00681766757307036,0.00514996696275968,0.00316546095779271,0.000660608155651517,0.000484630687573626,0.000491607711732637,0.000497550058890168,0.000502487289628062,0.00050645380030821,0.000509487091970632,0.000511626152733834,0.000512909997850899,0.000513376316384897,0.000513060275407484,0.000511993436017462,0.000510202818916075,0.000507710118026069,0.0005045310611518,0.000500674950686096,0.000496144338368316,0.000490934870823903,0.00048503525864586,0.00047842734350599,0.000471086226750491,0.000462980409322221,0.000454071887507729,0.00044431612988061,0.000433661883817583,0.000422050712512305
-7.48815277114318e-07,-4.51015631262792e-07,-1.57122550316859e-07,0.00286273329810592,0.0176886838639872,0.0359406214965809,0.0548161070394485,0.0733217478386684,0.0910560644299994,0.108309290300094,0.124479785466294,0.139621529585688,0.154270230419588,0.167849079617816,0.18076583356412,0.193071186148661,0.204484083724532,0.21539797278371,0.225595399078978,0.234831224312621,0.243389105864437,0.250840324039493,0.257070675967595,0.262041354378999,0.265507770113234,0.267246960435511,0.267288826497937,0.26558087986227,0.262082369913012,0.256849687888287,0.24980600571616,0.241306178330095,0.231342704002869,0.220428384482433,0.208725892240941,0.196483891147175,0.183986549098476,0.171482298174157,0.159198612700207,0.14737522122346,0.136030202196939,0.125232334854468,0.11505201419049,0.105678758982384,0.0969602380047149,0.0887901786254792,0.0809918029285149,0.0741906520548692,0.0677990103875179,0.0617301799080739,0.0565236857465199,0.0514164023255021,0.0468931870172898,0.0429391083979046,0.0385740324688559,0.0355251766843026,0.0325651621363456,0.0293004962687811,0.0261679280286799,0.0244076785748728,0.0224799913499655,0.0203586980363186,0.0180080550744385,0.0153769494537575,0.0143228293450638,0.0135272402894014,0.012659828401627,0.0117113001377283,0.010669558378086,0.00951829240242962,0.00823454908717566,0.0067842254933585,0.00511281439212955,0.00312343574092861,0.000611171271755671,0.000484601320704757,0.000491574741288124,0.000497513141667141,0.000502446058073911,0.000506407861938174,0.000509436013778622,0.000511569470223944,0.000512847204215555,0.000513306865338685,0.000512983582037638,0.00051190886349454,0.00051010968372799,0.000507607682447665,0.00050441853841308,0.000500551491036255,0.000496009032965712,0.000490786749328152,0.000484873280299363,0.000478250394960027,0.000470893118507887,0.00046276986984796,0.000453842553283948,0.000444066541604241,0.00043339047384429,0.000421755794709328
-7.48817903033504e-07,-4.51011644848626e-07,-1.57123651282249e-07,0.00286810317545934,0.0177648716882503,0.0361696310903506,0.0551702508948422,0.0738288214886196,0.091696778339363,0.108978949682188,0.125338021322885,0.140576094263758,0.155288255114189,0.169073225580294,0.181925254145213,0.19443082250186,0.206049690959326,0.216864256863358,0.227252032340698,0.236676473631283,0.245099687198398,0.252716562160395,0.258874625253196,0.263908033611826,0.267210595022129,0.26892844297908,0.268930633648856,0.267052632886993,0.263276978797261,0.257805048532249,0.250626627850135,0.241859250032495,0.231713314230348,0.220673668035598,0.208816287790271,0.196455554931572,0.183869724649378,0.171302051673641,0.158987431753067,0.147147356461256,0.135797381687887,0.125003937820515,0.114797676677327,0.10543949897126,0.0967416784376423,0.088596577273235,0.0808261618815889,0.0740098687140135,0.0676510562777869,0.0615689236055195,0.0563989503755066,0.0512805953182245,0.0467960338419019,0.0428334710583916,0.0384589546383502,0.0354523980251427,0.0324860708923037,0.0292143845828712,0.0261241090206459,0.0243601359844324,0.0224283595895774,0.0203025343873996,0.0179468017986141,0.0153098658642966,0.0143028812765532,0.0135056125587196,0.0126363707150549,0.0116858373235628,0.0106418805315622,0.00948813873331493,0.00820157965930322,0.0067479675389455,0.00507254796501501,0.00307790547514364,0.000557626789733861,0.000484569391159663,0.000491538891018256,0.000497473001984762,0.000502401230491958,0.000506357913575246,0.000509380478524338,0.000511507841364936,0.000512778931797761,0.000513231361589736,0.000512900201832454,0.000511816918494963,0.000510008432733592,0.000507496324587327,0.000504296214993961,0.000500417282840922,0.000495861954968389,0.000490625744378435,0.000484697219624764,0.000478058071565573,0.00047068324204974,0.000462541059662651,0.000453593332135633,0.000443795326406717,0.000433095567779999,0.000421435370776148
-7.48817537352879e-07,-4.51014086120696e-07,-1.57124288095125e-07,0.00287290292188954,0.0178343280863876,0.0363794929298079,0.0554953520586713,0.0742950021626903,0.0923278202596771,0.109594791267921,0.126128120095872,0.141557248345789,0.156224995854977,0.170200412935008,0.183208184059312,0.195681064186226,0.207489720830875,0.218449647295362,0.228772043977608,0.238369070924378,0.246879431158557,0.254430774117807,0.260731644251918,0.26560424570704,0.268865607427523,0.270567510224915,0.270401231799841,0.268359902052379,0.26442611465784,0.258626641659676,0.251318020891861,0.242302972916074,0.232049688255806,0.220828141155708,0.208828966610677,0.196360319509306,0.183694910383199,0.171071166175327,0.158738326831684,0.146886115742595,0.135535131234874,0.12474962742674,0.114548914907965,0.105176036963534,0.0965020636379512,0.0883849704130038,0.0806454948581202,0.0738128928786609,0.0674900318296596,0.0613935479472116,0.0562633636154877,0.0511330504169836,0.0466904952885776,0.0427187606554361,0.0383340430053093,0.035373376745154,0.0324002217839985,0.0291209457531146,0.0260765311910365,0.0243085269834179,0.0223723256959633,0.0202415990505537,0.0178803647484213,0.0152371299302526,0.0142812210278345,0.0134821325855502,0.0126109090247164,0.0116582052181026,0.0106118520257309,0.00945543314082291,0.00816583111627433,0.00670866703133475,0.00502891960221572,0.00302859405029558,0.000499654011306356,0.000484534674830113,0.000491499911793493,0.000497429358897075,0.00050235249175882,0.000506303609791981,0.00050932010010305,0.000511440836073807,0.000512704707149673,0.000513149274706774,0.000512809554190266,0.000511716962620709,0.000509898359848967,0.000507375268590993,0.000504163243925639,0.000500271397493615,0.000495702084190255,0.000490450741980186,0.000484505861456724,0.000477849046907949,0.000470455150918345,0.000462292405149065,0.000453322513462302,0.000443500629362349,0.000432775152370377,0.000421087260729366
-7.48819194105214e-07,-4.51014888865138e-07,-1.57122594666824e-07,0.00287716560847673,0.0178975007392138,0.0365714629143395,0.0557932728179171,0.0747228375183328,0.0929076881423327,0.110160049747345,0.126854032287426,0.142459454254448,0.157084979859923,0.171235827798301,0.184427946864849,0.196827515212678,0.208810331687317,0.219946040835402,0.230214321226659,0.239915831993067,0.248578320133171,0.255989810018448,0.262418142748065,0.267136746855556,0.27049935231679,0.272034787459332,0.271706655945417,0.269508194631515,0.265421995416943,0.259417248879173,0.251883370128111,0.242639448625301,0.232281077716208,0.220892463923365,0.208763838429633,0.196197493769358,0.183460954245133,0.170788154739638,0.158449691692882,0.146589815326206,0.135241759010583,0.124467760436083,0.114285436047317,0.104886681747591,0.0962398512553563,0.0881539910916411,0.0804486293390647,0.0735984576719644,0.067314894485547,0.0612029281889939,0.0561160476351789,0.0509728214394985,0.0465758855434169,0.0425942385438513,0.0381985016117562,0.0352875989772416,0.0323070615709937,0.0290195838246507,0.0260248819200955,0.0242525150454119,0.0223115274592804,0.020175501997571,0.0178083235150017,0.0151582873307134,0.0142577050051524,0.0134566457268265,0.0125832768651744,0.0116282246780331,0.0105792800258881,0.00941996786988657,0.00812707918809275,0.00666608090476187,0.00498166380503612,0.00297520656058758,0.000476477347997605,0.000484496930226078,0.000491457529743321,0.000497381910321619,0.000502299500567859,0.000506244567825137,0.000509254453237407,0.000511367991182488,0.000512624014134629,0.000513060030403206,0.00051271100759354,0.000511608300262767,0.000509778703633087,0.000507243676024485,0.000504018702211501,0.000500112821143149,0.000495528312396714,0.000490260532027218,0.000484297881984502,0.000477621879692474,0.000470207275888598,0.000462022200296917,0.000453028243911614,0.00044318043708628,0.000432427046015559,0.000420709101582996
-7.48812599890892e-07,-4.51011821217768e-07,-1.57123413564016e-07,0.00288092064500193,0.0179547992269219,0.0367467031996916,0.0560657448960323,0.0751147086626457,0.0934394635182234,0.110785153060671,0.127519477106667,0.143287120165663,0.157997953660515,0.172184377905748,0.185545683783474,0.198035062578601,0.210017364902697,0.221313321496951,0.231740115050595,0.241323212425638,0.250122402821162,0.257636129760827,0.263940841587795,0.268724191691117,0.271960825022209,0.273336275356071,0.272852381139734,0.270502429910366,0.266268959479725,0.260121001630761,0.252325260245027,0.242912983279737,0.232408485368149,0.220866790792188,0.208620360835914,0.195965984851589,0.183166348303096,0.170451215286239,0.158119678414528,0.146256557958901,0.134915384550329,0.12415652729958,0.113996021356403,0.104569589506242,0.0959533657967516,0.0879021578929637,0.0802342964602763,0.0733651945955419,0.0671245184915269,0.0609958517519082,0.0559560555678768,0.0507988893504228,0.0464514650673223,0.042459109232713,0.0380514743989748,0.0351945107557901,0.0322059945635563,0.0289096580018407,0.0259688238396561,0.0241917373630595,0.0222455748160419,0.0201038237933128,0.0177302266117784,0.015072850976136,0.0142321781291969,0.0134289850901397,0.0125532947495986,0.0115957027437111,0.0105439570747349,0.00938151972218282,0.00808508331724333,0.00661994891465221,0.00493049688444905,0.00291742861368728,0.000476440909414436,0.000484455886548952,0.000491411452221517,0.000497330317977288,0.000502241885922202,0.000506180375921371,0.000509183084760068,0.000511288793967496,0.000512536285370505,0.000512963010142595,0.000512603878391254,0.000511490170804262,0.000509648627071646,0.00050710062995039,0.000503861585916811,0.000499940457675673,0.000495339438776096,0.000490053800355594,0.000484071851092172,0.000477375006939111,0.000469937916644897,0.000461728595087207,0.00045270851245111,0.000442832569065713,0.000432048886121775,0.000420298334944067
-7.48814942271184e-07,-4.5101473842867e-07,-1.57121518564831e-07,0.00288419383252502,0.018006597025833,0.0369062856190575,0.056314373585462,0.0754728330090008,0.0939260290844794,0.111417216025634,0.128127940297268,0.144044394003215,0.158915162196156,0.173050681832009,0.186566604664088,0.199215243090861,0.211116323513463,0.22255746900301,0.233127351097393,0.242738193869814,0.251518079570254,0.259145812679869,0.265305996624798,0.270177077213804,0.273255986420358,0.27447741173471,0.273870284067854,0.271346912976837,0.2669707118043,0.26068351666139,0.252645664307489,0.243115583344651,0.23243234818882,0.220750765255155,0.208397533951182,0.195664292263598,0.182809221962351,0.170058223064059,0.157746189330205,0.14588422455778,0.134553930445116,0.12381394408095,0.113678822311228,0.104222755975855,0.095640791396208,0.0876278683700741,0.0800011251917831,0.0731116276524517,0.0669176898271586,0.0607710131255078,0.055782367356026,0.0506101579330493,0.0463164371649567,0.0423125169237927,0.0378920418817792,0.0350935155371941,0.0320963801041897,0.0287904801069618,0.0259079932013304,0.0241258032048721,0.0221740481771635,0.0200261138254585,0.0176455897490023,0.0149802993377376,0.0142044729996291,0.0133989707055265,0.0125207693276685,0.0115604317691985,0.0105056602131408,0.00933984918069749,0.00803958578545019,0.00656999282076566,0.00487511624346535,0.0028549257249498,0.000476401290891219,0.000484411266843599,0.000491361352057252,0.000497274225704749,0.000502179249834816,0.000506110585815886,0.000509105493142618,0.000511202693219161,0.00051244091087731,0.000512857536807694,0.000512487413711628,0.000511361760712302,0.000509507232945995,0.000506945138852345,0.000503690807434901,0.000499753113335048,0.000495134159259146,0.000489829122877229,0.000483826211417646,0.000477106733499738,0.000469645226010508,0.00046140958205881,0.000452361141399722,0.000442454661715397,0.000431638112308402,0.000419852191114657
-7.48817265626413e-07,-4.51014313268493e-07,-1.57122974864674e-07,0.0028870078387527,0.0180568362820796,0.0370511955538333,0.0565406414418526,0.0757992674477154,0.0943700705170692,0.111994567348223,0.128682673652879,0.14473515909126,0.159752079735711,0.173839060615071,0.187495597300966,0.200288800385526,0.212273071310597,0.223684084943125,0.23438203285186,0.244115861989873,0.252771305809202,0.260497972452121,0.266673171488037,0.271463238470415,0.274390230720902,0.27559832581154,0.274885540157893,0.272154901059625,0.267530304630723,0.26110721635948,0.25284593345296,0.24319965861261,0.232352530603628,0.220543513971298,0.208093894286553,0.195290501049411,0.182387334420671,0.169628001360349,0.157326868318749,0.145470465380783,0.134155113614349,0.123437844020456,0.113331828875123,0.10384400843236,0.0953001643659705,0.0873293922888334,0.0797476363476472,0.0728361673769261,0.0666931010272137,0.0605270087376615,0.0555938853125639,0.0504054493932595,0.0461699445602929,0.0421535420464646,0.0377244479716414,0.0349839715008151,0.0319775298889316,0.0286613119267242,0.0258419981710466,0.024054292079422,0.0220964966010596,0.0199418885733231,0.0175538941712527,0.014916983120014,0.0141744090762036,0.0133664086471425,0.0124854924637501,0.0115221885326912,0.0104641501004407,0.00929469953744039,0.00799031093023737,0.00651591565152855,0.00481519973135578,0.00278734280650603,0.000476358214838994,0.000484362754286338,0.000491306884065286,0.000497213242491441,0.000502111146554625,0.000506034711859655,0.000509021137719718,0.000511109088092024,0.000512337227866189,0.000512742879960452,0.000512360813576553,0.000511222174328237,0.000509353535800971,0.000506776127307845,0.000503505186274303,0.000499549492823071,0.000494911058492931,0.000489584951733413,0.000483559274267614,0.000476815220714823,0.000469327203772723,0.000461062986210054,0.000451983768057026,0.000442044156698052,0.000431191952107569,0.00041936767277572
-7.48815376127752e-07,-4.51018842493337e-07,-1.57124300951314e-07,0.0028936341331147,0.0181317606547849,0.0371823354276021,0.0567459128929041,0.0760959128827208,0.094774078942853,0.112520321889478,0.129217495792063,0.145363031755549,0.160512916156412,0.174698925921275,0.188337217262049,0.201260795552184,0.213376062691246,0.22469837288868,0.235509739103686,0.245351529062091,0.254065743891129,0.261698311100863,0.267947390545347,0.27258801857792,0.275472458335718,0.276606500048639,0.275734707958532,0.272848329304599,0.26795012054744,0.261393842777396,0.252926787229929,0.243165325220375,0.232168317455388,0.220243639962369,0.207707507769384,0.194842274121227,0.181898066285756,0.169161076440677,0.156859091522589,0.145012690726042,0.133716436214443,0.123025868844105,0.112952861301991,0.103459762556616,0.094929365678252,0.087004864801485,0.0794722365340907,0.0725371048309688,0.066449345923259,0.0602623317946346,0.0553894297652678,0.0501835003232647,0.0460110656928398,0.0419811976863579,0.0376148206752146,0.0348651888814338,0.0318487053295618,0.0285213627716495,0.0257704169466238,0.0239767519987816,0.022012436050416,0.0198506298630477,0.0174545850391538,0.0148868623354121,0.0141417917813466,0.0133310901278052,0.0124472403609824,0.0114807333291792,0.0104191701212508,0.00924579607773895,0.00793696434201648,0.00645740104015328,0.00475040513662485,0.0027143038782691,0.000476311381032302,0.000484310006313668,0.000491247664862017,0.000497146944046407,0.000502037106495078,0.000505952222202391,0.000508929428579055,0.000511007327528773,0.000512224512856532,0.000512618239140121,0.000512223193367552,0.000511070441143847,0.000509186473205312,0.000506592423923349,0.000503303436743601,0.000499328194854285,0.000494668599237799,0.000489319609803811,0.000483269211885484,0.000476498474813512,0.000468981679841711,0.00046068645116698,0.000451573837376174,0.00044159828147222,0.000430707407433592,0.000418841538457419
-7.48815659634116e-07,-4.51012191637278e-07,-1.57120303100273e-07,0.00289992673192755,0.0181989825947049,0.0373005282033051,0.0569314376736806,0.0763645174141964,0.0951403543386421,0.112997365351455,0.129816675704275,0.145931360271688,0.161201578921593,0.175513935208623,0.189095679827211,0.202135917530419,0.214367832129078,0.225798549371842,0.236515601673239,0.24645061195077,0.255249915477169,0.262751993936764,0.269059878052484,0.273556157507057,0.276471101479028,0.277447696806155,0.276421277427041,0.273382975933467,0.268311271339352,0.261544444156617,0.25290345312671,0.243012054265662,0.231878406319611,0.219849215325476,0.207235961877282,0.194316843837483,0.181338410572551,0.168637923909162,0.156339957660141,0.14450806133469,0.13323517630169,0.122575459812979,0.112539561758806,0.103088695186601,0.0945261134131079,0.086652279569694,0.079173211956994,0.0722126056477318,0.0661849143760768,0.0599753672503112,0.0551677346274324,0.0499429571399861,0.0458388112740809,0.0417944262453045,0.0374959400158225,0.0347364273223271,0.0317091149632176,0.0283697869576883,0.0256927960436525,0.023892697623944,0.0219213476218394,0.0197517832300076,0.017347069868401,0.0148541819673812,0.0141064115787709,0.0132927905768511,0.0124057726123385,0.0114358090611473,0.0103704455225512,0.00919284524742276,0.0078792321896841,0.00639411264610219,0.00468036981593359,0.00263541193617393,0.000476260461704043,0.000484252658162576,0.000491183277274615,0.000497074861185968,0.000501956613445858,0.000505862546555373,0.0005088297332181,0.000510896704781936,0.000512101984461828,0.000512482746945667,0.000512073598004068,0.000510905511675536,0.000509004885943528,0.000506392758445223,0.000503084170712907,0.000499087692885213,0.000494405114736758,0.000489031277994948,0.000482954038192907,0.000476154334568286,0.000468606305985546,0.000460277425090142,0.000451128579422598,0.000441114037132039,0.000430181233286452,0.00041827028220392
-7.48819052243689e-07,-4.51014490643569e-07,-1.57119702162443e-07,0.00290524011743201,0.0182589376165098,0.0374065203856594,0.057098355479697,0.0766066817778783,0.0954710095953799,0.113428356346494,0.130358219136248,0.146443225601545,0.161821670742798,0.176247353984754,0.189801240843377,0.202918473411536,0.215253084100366,0.226783338344405,0.237455173323653,0.247418024052277,0.256287481519445,0.263788326083273,0.270015308607234,0.274476743805202,0.277301938360366,0.278125341712572,0.276948012489427,0.273760924892255,0.268542301131578,0.261559362186346,0.252789299196815,0.242738662732367,0.231480899483842,0.219357773056689,0.206676357187427,0.193711003035492,0.180704963222682,0.168055328153701,0.155766278004674,0.143953478559375,0.132708378390841,0.122083848817127,0.112089385973052,0.102685108578034,0.0940879553892247,0.086269481994641,0.0788487223466509,0.0718607042701901,0.0658981870816106,0.0596923412538995,0.054927443080104,0.0496823722831182,0.0456521207293275,0.0415920960298525,0.0373670629787659,0.0345968931436773,0.0315579119273331,0.0282056815233083,0.0256086483457621,0.0238016084600808,0.0218226757738977,0.0196447562585795,0.0172307171328327,0.0148187317255443,0.0140680430614627,0.0132512687131882,0.012360831290663,0.0113871403431955,0.0103176825784792,0.00913553392703622,0.00781678057596303,0.00632569373766218,0.00460471050843399,0.00255024913047408,0.000476205101567417,0.000484190310051198,0.000491113281054771,0.000496996495964994,0.000501869104897894,0.000505765056287184,0.000508721350836509,0.000510776449210704,0.000511968793651222,0.000512335467865132,0.000511910992788325,0.000510726245180603,0.000508807523829768,0.000506175756655158,0.00050284587441557,0.000498826333333608,0.000494118797442223,0.000488717980638856,0.000482611602208943,0.000475780458907615,0.00046819853456571,0.000459833142724651,0.000450644996327083,0.000440588178306162,0.000429609920947471,0.00041765011644119
-7.48814893159169e-07,-4.51012869196984e-07,-1.57120679746033e-07,0.00290961047247474,0.0183120160905745,0.0375009856961563,0.0572476993001428,0.076823862684602,0.0957679740788834,0.113815729971669,0.130845083151037,0.146901442876045,0.162376488120166,0.176902946662213,0.19055964372843,0.203612380285414,0.216036093395944,0.227651674429017,0.238402686674032,0.248258154665659,0.257182970464233,0.264728090876555,0.270817720199132,0.275294556644192,0.277968321434022,0.278642128603307,0.277316929102328,0.273983498826717,0.268619765682168,0.261438219968475,0.252539176443212,0.242343304353271,0.230973295296497,0.218766298451058,0.206025298393624,0.193021095584103,0.18004624349052,0.167409744984905,0.155134566334835,0.143345574643948,0.132132844103703,0.121548049506582,0.111599594969428,0.102246539908068,0.0936122620447733,0.0858541626812145,0.0784967949726575,0.0714792984613548,0.0655874305545243,0.0594518861144936,0.0546671033770526,0.0494002004146768,0.0454498586719889,0.0413729980197378,0.0372273927733553,0.0344457367226205,0.0313941915288145,0.0280280841317983,0.0255174513169073,0.0237029270917414,0.0217158267243939,0.0195289171716187,0.017104855116059,0.0147802853155785,0.0140264439493465,0.0132062655711856,0.0123121400203141,0.0113344326525532,0.0102605678148632,0.00907352876366543,0.00774925506996458,0.00625176692887112,0.00452302339854192,0.00245837724036447,0.000476144911783215,0.000484122524440913,0.000491037178311835,0.000496911298194514,0.000501773971743878,0.000505659073283379,0.000508603530805324,0.000510645722860264,0.000511824007523602,0.000512175374599137,0.000511734250120452,0.000510531400365167,0.000508593019191047,0.000505939920226131,0.000502586911442281,0.000498542323562353,0.000493807688657601,0.000488377580997063,0.000482239574642196,0.000475374308285907,0.000467755608281925,0.000459350611388569,0.000450119846146046,0.000440017196763029,0.000428989680019565,0.000416976949944781
-7.48816750857052e-07,-4.51014476401284e-07,-1.57124601402635e-07,0.00291306772578262,0.0183585643745801,0.0375845273122364,0.0573804001131961,0.0770173780780247,0.096032998426387,0.114161700890797,0.131279963120389,0.147365087653189,0.162869021322833,0.177484128881287,0.191230652983668,0.204221159706984,0.216720695018916,0.228407656279674,0.239223308344613,0.249042104086805,0.257940319176621,0.265514451772662,0.271470489531704,0.275947075841432,0.278472864766307,0.278999996707809,0.277529275240851,0.274051241279236,0.268543494252431,0.261179909979433,0.252151306615051,0.241823460025892,0.230352479190985,0.21807122010818,0.205278885016105,0.192243006915158,0.179326110103862,0.166697291468892,0.15444102898449,0.142680703105364,0.131505123108019,0.120964848789385,0.111067247109803,0.101770347041028,0.0930962198358406,0.0854038512696552,0.0781153189393846,0.0710661442882144,0.0652507923874568,0.0591913448454972,0.0543851648738469,0.0490947949914845,0.0452308116371909,0.0411358431117433,0.03707607616698,0.0342820500615708,0.0312169890439039,0.0278359713104878,0.0254186451225838,0.0235960574211246,0.0216001668676649,0.019403593488416,0.0169687708852066,0.0147385994716775,0.0139813541686013,0.0131575035939381,0.0122594031001165,0.0112773714970248,0.0101987672974367,0.00900647564485513,0.00767628038443658,0.00617193416106541,0.00443488448733001,0.00235933856079443,0.000476079473987268,0.000484048829704308,0.000490954441733277,0.000496818681669515,0.000501670551319819,0.000505543862520388,0.000508475454949281,0.000510503622556038,0.000511666629420758,0.000512001366919005,0.000511542147013987,0.000510319632739174,0.000508359896419495,0.000505683627276662,0.000502305503834187,0.000498233718179992,0.000493469662454263,0.000488007760271117,0.000481835426825843,0.000474933137490261,0.000467274542607642,0.000458826593751249,0.000449549622410439,0.000439397299751635,0.000428316413339984,0.000416246368297149
-7.48816840708066e-07,-4.51014678140215e-07,-1.57120243771229e-07,0.00291563555900277,0.0183988874360625,0.037657681170716,0.0575197313360735,0.0771884102140878,0.0962676585217379,0.114468267228217,0.131665294330825,0.147834433053538,0.163301955286803,0.177993965935193,0.191817687387623,0.204841971500164,0.217310275968747,0.229054885942618,0.239920795640129,0.249780285237227,0.258562853269998,0.266150696743305,0.272049616513887,0.27643682475469,0.27881742079083,0.279200110061056,0.277585512337248,0.273963900054255,0.268312513121146,0.260782582472206,0.251623166237188,0.241175928382411,0.229614714636724,0.217268400774283,0.204432702197427,0.191374797084019,0.17852944888269,0.165913736067421,0.153681555376921,0.141954929768434,0.13082150458543,0.120330798838522,0.11048919067966,0.101253701594182,0.0925368253735872,0.0849159108641677,0.0777020399273359,0.0706231092436932,0.0648862969440539,0.0589091594652198,0.0540799745264,0.0487644054682954,0.0449936850818255,0.0408792594808789,0.0369122008637719,0.0341048644299269,0.0310252778450017,0.0276282570345176,0.0253116308889369,0.0234803631176419,0.0214750214075488,0.0192680710069133,0.0168217097387406,0.0146934129893578,0.0139324948777618,0.0131046856798648,0.0122023046432702,0.0112156216886034,0.010131926054647,0.0089339992894506,0.00759746024586245,0.00608577693177201,0.00433985030448662,0.00225265728143767,0.00047600833244661,0.000483968715422036,0.000490864499417269,0.000496717990241439,0.000501558125578398,0.000505418618408563,0.000508336232824197,0.000510349162734492,0.000511495566010086,0.000511812233060782,0.000511333359764092,0.000510089484574638,0.000508106551879595,0.000505405118614489,0.000501999723214139,0.000497898409251679,0.000493102416691803,0.000487606005561103,0.000481396424533911,0.000474453970720253,0.000466752107557693,0.000458257587521104,0.00044893053330983,0.00043872438994472,0.000427585701644688,0.000415453608714999
-7.48813358426393e-07,-4.5101312567002e-07,-1.57118785200439e-07,0.00291733138817564,0.0184332497070165,0.0377209178798524,0.0576730174601599,0.0773937104389151,0.0964733597593228,0.114737214465318,0.1320032551299,0.148245611810221,0.163677670825092,0.178435171466246,0.192323765806093,0.205410200218561,0.217807768552397,0.22959645796476,0.24049834437021,0.250383576028562,0.25905561688516,0.266639423670228,0.272521768740245,0.276765557349364,0.279003058921835,0.279248883322687,0.277485297886736,0.273720411431067,0.267925031347184,0.260243633862686,0.250951475989178,0.240396816281543,0.228755634026944,0.216353128494295,0.203481811888501,0.190490553959249,0.177651579644467,0.165054489466762,0.152851709277062,0.141164024541681,0.130078009643322,0.119642210002901,0.10986205719767,0.100693582699968,0.0920360580038754,0.0843875332855319,0.0772545555115811,0.0702581796410138,0.0644918416797338,0.0586036682450384,0.0537497737507681,0.0485037569953074,0.0447371006152293,0.0406017906692657,0.0367347931467448,0.0339131482732211,0.0308179677769712,0.0274037918937749,0.025195768992274,0.0233551661020461,0.0213396731880943,0.0191215930562847,0.0166628750036782,0.0146444457155834,0.0138795675003209,0.0130474943358119,0.0121405077974591,0.0111488267028682,0.010059667620871,0.00885570308225922,0.00751237755665766,0.00599285690486161,0.00423745907601561,0.00213784138642451,0.000475930989177027,0.000483881612180811,0.000490766723775699,0.000496608535162926,0.000501435911649249,0.000505282476872509,0.000508184899059374,0.0005101812715041,0.000511309640509324,0.000511606672058324,0.000511106444996195,0.000509839368435097,0.000507831244395655,0.00050510248528994,0.000501667478503026,0.000497534109897215,0.000492703453173974,0.000487169596352573,0.000480919604711185,0.000473933589362885,0.000466184808711445,0.000457639808937037,0.00044825848507019,0.000437994045354827,0.000426792776220811,0.000414593539673056
-7.48819365817081e-07,-4.5101274269506e-07,-1.57123379389809e-07,0.00291816666814271,0.0184618769825486,0.0377746453027832,0.0578062222201806,0.0775809952712194,0.0966513407160356,0.114970119030241,0.132295770142504,0.148600894154945,0.163998245927816,0.17881010716919,0.192751503857048,0.205887133542571,0.21824968982968,0.230034950179115,0.240958575425687,0.250854569806425,0.259524359353612,0.266982520219587,0.272831919776055,0.276934236275744,0.279030045663481,0.27919279853357,0.277239071258723,0.27331888504114,0.267378427094876,0.259559695346825,0.250132190767674,0.23948152974749,0.227770230172255,0.215320108352874,0.202420744988832,0.189514100555575,0.176687420770752,0.164114596513375,0.151946721339405,0.140303454541771,0.12927038490184,0.118895144867239,0.109182255900272,0.100086771711501,0.0915068482790648,0.0838157354372579,0.0767703113625206,0.0698632074302194,0.0640651942493483,0.0582731024284421,0.0533926961496543,0.0482468139818846,0.0444595938592174,0.0403018942006004,0.0365428156189669,0.0337058056211346,0.0305939041917556,0.0271613628536096,0.0250703775883063,0.023219745337044,0.0211933618995608,0.018963360155461,0.0164914283969535,0.0145913976108949,0.0138222528396108,0.012985590854446,0.0120736540884816,0.0110766081682696,0.00998159378478428,0.0087711691139089,0.00742059484964715,0.00589271686909905,0.00412723240455378,0.00201438527811271,0.000475846907089049,0.000483786929041853,0.000490660429537786,0.000496489546487249,0.000501303059688947,0.000505134491945269,0.000508020408133255,0.000509998786444095,0.000511107555413177,0.000511383264757513,0.000510859845992209,0.000509567567981447,0.000507532087362034,0.00050477365902761,0.000501306505967045,0.000497138345231519,0.00049227007146129,0.000486695587122423,0.000480401763999842,0.000473368509354004,0.000465568870223536,0.000456969166054292,0.000447529055408843,0.000437201494147123,0.000425932497985376,0.00041366063495516
-7.48817423954321e-07,-4.51013837663557e-07,-1.57125569451408e-07,0.00291814690290528,0.018484957098476,0.0378192101639816,0.0579201708610729,0.077741903254323,0.0968026770121776,0.1151683518109,0.132544512534943,0.148902250968144,0.164279934465901,0.179120782446067,0.193103111324732,0.206275138194374,0.218667446940107,0.230372414688166,0.241303522322697,0.251195208405332,0.25984686688307,0.267181144816262,0.272980911793606,0.276943012207658,0.278911853959779,0.27895953969651,0.27684727149952,0.272756589253663,0.266669234680342,0.258726621969554,0.24916049033197,0.238424765804149,0.226652848791821,0.214163455602765,0.201334225845046,0.188439849893467,0.175631482059306,0.163088729715678,0.150961483296838,0.13936837887987,0.128394097839535,0.118085413992989,0.108445969656875,0.0994298482043684,0.0909340729799829,0.0831973570868531,0.0762465985326783,0.0694359455776072,0.0636039906962794,0.0579155836237499,0.0530067660544684,0.0479688858295559,0.0441596128877491,0.039977941131737,0.0363351654966562,0.0334816747867348,0.0303518674510163,0.0268996939299202,0.0249347311816643,0.0230733358484981,0.0210352835457491,0.0187925302294548,0.0163064909985102,0.0145339477872392,0.0137602102436332,0.012918614579709,0.0120013628352127,0.0109985655660896,0.00989728457107763,0.00867995854644128,0.00732165515480483,0.00578488225642944,0.00400867756557717,0.00188177314219144,0.000475755499375742,0.00048368399570328,0.00049054488187125,0.000496360207760347,0.00050115865034686,0.000504973634399991,0.00050784161578326,0.000509800447471968,0.000510887931148072,0.00051114047111611,0.000510591863426238,0.0005092722199904,0.000507207033075565,0.0005044163949927,0.000500914349867873,0.000496708431539038,0.000491799343176179,0.000486180789083399,0.000479839434887685,0.000472754967361203,0.000464900210350755,0.000456241243836496,0.000446737475228131,0.000436341593693172,0.000424999331231889,0.000412648948331494
-7.4881700920094e-07,-4.5101295612383e-07,-1.57124748885653e-07,0.00291727180324805,0.018502641203685,0.0378548998477038,0.0580155704344835,0.0778774093263862,0.0969434594151375,0.115333081352425,0.132750907258865,0.149151355032385,0.164571123351287,0.179368853841296,0.193380389349205,0.206576113811323,0.218984543673006,0.23061036980932,0.241534619506895,0.251406766849203,0.260024173332977,0.267235708670022,0.272968765355196,0.276791204197905,0.278657157273656,0.278547106868111,0.276275336786544,0.272029937277042,0.265793132531665,0.257739482401539,0.248074494410577,0.237220505588581,0.225397182590565,0.21291906233667,0.200144578418875,0.18726176099906,0.17447785972932,0.16197118506351,0.149890544468046,0.138353645827142,0.127444334370452,0.117208573689575,0.107649152792037,0.0987191876375266,0.0903145477391182,0.0825290605158895,0.075680552172633,0.0689740129469792,0.0631057349844854,0.0575291220735395,0.052589898093368,0.0476684098103431,0.0438355175106313,0.0396282166945207,0.0361106730862961,0.0332395278074388,0.030090573375225,0.026617447789146,0.0247880596553618,0.0229151281639563,0.0208645905123675,0.0186082193600567,0.0161071450945172,0.0144717536441747,0.0136930768159933,0.0128461823234549,0.0119232307988749,0.0109142761257289,0.00980629850697605,0.00858161235980723,0.0072150833093017,0.00566886317801768,0.00388129049386289,0.0017394831851293,0.0004756561303782,0.000483572099318797,0.000490419276925819,0.000496219611530524,0.000501001681181452,0.00050479880141328,0.000507647293032863,0.000509584888597251,0.000510649248073166,0.000510876625819468,0.000510300662535471,0.000508951301444602,0.000506853867143655,0.000504028264257364,0.000500488350729071,0.000496241464563228,0.000491288101393113,0.000485621753790921,0.000479228866090729,0.00047208889583035,0.000464174423380174,0.000455451276477763,0.00044587860069374,0.00043540880329177,0.000423987319146359,0.000411552090849855
-7.48817325529832e-07,-4.51015554094459e-07,-1.57120793817896e-07,0.00291553489730543,0.0185150444522225,0.0378819437575175,0.058093012717243,0.0779883347343756,0.0970918297648786,0.115465276439241,0.132916132633398,0.149349582569705,0.164800660200008,0.179555624410182,0.193584727873206,0.206791487668779,0.219202384888368,0.230790706865071,0.241652690697123,0.251489838167915,0.260056556804729,0.26714585807807,0.272794659088097,0.276477280515791,0.278221421145218,0.277952564516853,0.275519543476466,0.271134474073341,0.264744932231335,0.256592549832681,0.246854906705916,0.235897434930558,0.224049871448784,0.211608483898491,0.19883803496435,0.185973335738933,0.173220234163751,0.160755880718766,0.148728111243369,0.137253792862974,0.126415999271427,0.116259926541945,0.106787531395636,0.0979509611499434,0.0896449067178675,0.0818073324141389,0.0750691520698994,0.0684748934498902,0.0625678002368716,0.0571116160015672,0.0521398985162337,0.0473437330885962,0.0434855795149682,0.0392509221840811,0.0358681011518212,0.03297807056153,0.029808674596555,0.0263576765842109,0.0246295475527507,0.0227442682074403,0.0206803922172116,0.0184095034369965,0.0158924368661593,0.0144044500853414,0.013620466799215,0.0127678879295089,0.0118388320088864,0.010823295008253,0.00970817324806197,0.00847565253019911,0.00710038783662961,0.00554415716354739,0.00374455963153731,0.00158699291520007,0.000475548110472886,0.000483450465484428,0.000490282742125743,0.000496066790112543,0.000500831068639829,0.00050460877387629,0.000507436094085999,0.000509350620736296,0.000510389864813612,0.000510589916292676,0.000509984246564455,0.000508602625103499,0.000506470184097406,0.000503606632719058,0.000500025629972377,0.000495734298779453,0.000490732917727415,0.000485014751719994,0.000478566007589331,0.000471365899691095,0.000463386751478764,0.000454594127317608,0.000444946891211018,0.000434397160895881,0.000422890060755602,0.000410363202448901
-7.48812247130039e-07,-4.51012800442588e-07,-1.57123920209725e-07,0.00291292392169749,0.0185222466359799,0.0379005141585007,0.0581529759214414,0.0780753488850552,0.097208764689257,0.115565708174878,0.133041122372994,0.149498013692283,0.164969743941163,0.179682042457551,0.193717102241849,0.206922208752758,0.219321830051078,0.230887197883505,0.241657936899587,0.251444318471952,0.259943521505827,0.266910456984699,0.272456909608892,0.27599884005357,0.277601543586463,0.277172024005018,0.274575213798964,0.270064864256663,0.263518569384174,0.25527929472024,0.245479360456194,0.23448134034766,0.222612469718282,0.210166868131034,0.197407484510864,0.184567619063528,0.171851871433394,0.159436359473811,0.147468050401223,0.13606305049767,0.125303720180604,0.115234525258873,0.105856606608332,0.0971211380122587,0.0889216039498552,0.0810850771213808,0.074409225389895,0.0679359368208173,0.0619874319893206,0.0566608523572911,0.0516544678320605,0.0469931128016279,0.0431079843514067,0.0388441784908745,0.0356061447372197,0.032695943930796,0.0295047630283052,0.0261987611697191,0.0244583338412275,0.0225598577276074,0.020481756437618,0.0181954205540617,0.0156613803088175,0.0143316488076141,0.0135419710675328,0.0126833020689459,0.0117477179001865,0.0107251558667799,0.00960242667576377,0.00836158373832869,0.00697706345816222,0.0054102526636,0.00359797064096123,0.00142378549291705,0.000475430687927203,0.00048331824608377,0.000490134334518823,0.000495900684269279,0.000500645632709808,0.000504402243217824,0.000507206568633839,0.000509096036194368,0.000510108002365392,0.000510278381083728,0.000509640459622989,0.000508223814628341,0.000506053375250695,0.000503148650029367,0.000499523068720014,0.000495183531744328,0.000490130085841799,0.000484355749565212,0.000477846482634848,0.000470581235937071,0.00046253206721491,0.000453664258407548,0.000443936383739245,0.000433300256414264,0.000421700680805477,0.000409074929242354
-7.48817619451511e-07,-4.51012780318943e-07,-1.57124562684603e-07,0.00290942050655404,0.0185242922985161,0.0379107272471919,0.0581958268257158,0.0781389717590242,0.0972949434981059,0.115634951683281,0.133126566477281,0.149597432396085,0.165079220821847,0.179748699581228,0.193778069282312,0.206968741785107,0.219343184292149,0.230870589439899,0.241549924255291,0.251269391454269,0.259683779485603,0.266527569251607,0.271952951994538,0.275352593920081,0.276793455021018,0.276200627488713,0.273473985279498,0.268814881807067,0.262107096731156,0.253792380063391,0.243940254140295,0.232910703965364,0.221028711546484,0.208586471692186,0.195845316168056,0.183037203881105,0.170365629337547,0.158005795999634,0.146151943931918,0.134889064000301,0.124192830062974,0.114127180593335,0.104851661670574,0.0962254913218876,0.0881409173620245,0.0804234386660617,0.073697452140979,0.0673543614157796,0.0613617540233675,0.0561745092515032,0.051131205879001,0.0466147173255317,0.0427008342154825,0.038406031591611,0.0353234321442339,0.0323917259848149,0.0291773739109444,0.0260270888205355,0.0242735122369267,0.022360955594472,0.020267711631583,0.0179649746950867,0.0154129623376482,0.0142529377974069,0.0134571568904983,0.0125919722623965,0.0116494177454094,0.0106193717907031,0.00948855843612413,0.0082388957322183,0.00684459435379161,0.0052666334281876,0.00344101220082079,0.00124935733965303,0.000475303047778571,0.000483174530959018,0.000489973025446108,0.000495720141693692,0.000500444089702096,0.000504177788632824,0.000506957132390293,0.000508819389648236,0.000509801731797322,0.000509939890976854,0.000509266956336861,0.000507812297886327,0.000505600628719768,0.000502651226200806,0.000498977292730553,0.00049458548588569,0.000489475597742735,0.000483640395868966,0.000477065567320766,0.000469729791971258,0.000461604842978516,0.000452655710437713,0.000442840665488876,0.000432111205440825,0.000420411807385387,0.00040767939699166
-7.48814058506763e-07,-4.51013854290472e-07,-1.57124394545542e-07,0.00296657820173699,0.0185657831118078,0.0380453835500868,0.0582887541354284,0.0781406229623599,0.0962437705789066,0.112452539948355,0.126924588952171,0.139803968754074,0.151222082435471,0.161298502773031,0.170141668995548,0.177849482938229,0.184509824621942,0.190201008915419,0.194992203140419,0.198943825353706,0.202107939641659,0.204528660569692,0.206242574427499,0.207279177888894,0.207661329075968,0.207405700372432,0.206523216698759,0.205019460145083,0.202895018922958,0.200145756949456,0.196762978741554,0.192733461239474,0.18803931956268,0.182657663899967,0.176559989567719,0.169711216087947,0.162068249394957,0.153577871713351,0.144173647657519,0.13377133286417,0.1231949130559,0.113253430231045,0.10396395584179,0.0953162995021626,0.0872973047734894,0.0798882329078428,0.0730520066973577,0.0667600371777496,0.0609810610635118,0.0556783151283978,0.0508129933500479,0.0463696436081314,0.0423002463686495,0.0385749476798466,0.0351805441992786,0.0320662164096986,0.0292329114680445,0.026644243777109,0.0242968611206012,0.0221457779585644,0.0201803712161784,0.0183805125447814,0.0167613791651631,0.0152775308266772,0.0139219186216747,0.0126826540631314,0.0115419218937425,0.0105074140064294,0.00959822681614738,0.00873213848573129,0.00795027442371035,0.00725529607168298,0.00659301793079044,0.00600950682612465,0.0054887247102052,0.00491774667676529,0.00454948767105135,0.00415002170183799,0.00371188541831822,0.00338580401571563,0.00313501144425694,0.00286116986141747,0.00256086750117641,0.00222948457554646,0.00203277893382096,0.00191255140570333,0.00178180343188677,0.00163927891561944,0.00148336602052696,0.00131192551196178,0.00112200153247341,0.000909300850779137,0.000667167896889485,0.000468806054190756,0.000460599128491204,0.000451562073593325,0.000441652847300306,0.000430822623828412,0.000419015545022331,0.000406168187209306
-7.48816256849418e-07,-4.51012155369062e-07,-1.57123451755402e-07,0.0029622739412759,0.0185570036405757,0.0380422491392525,0.0582941377897473,0.0781469740861033,0.0962392916702802,0.112435312980939,0.126892835844758,0.139756024455753,0.151156366591754,0.161213491377467,0.170035867434579,0.177721400342163,0.184357950832564,0.190023793368069,0.19478803608462,0.198711021111858,0.201844721653021,0.204233148251857,0.205912771163028,0.206912960444821,0.207256438065037,0.206959731526197,0.206033613137331,0.204483505459097,0.202309830958116,0.199508282283188,0.19606998747101,0.191981541942092,0.18722487348779,0.181776897605019,0.175608904293009,0.168685591475271,0.160963617542916,0.152389475502796,0.142896373064399,0.132416653376974,0.121937057570568,0.1120919533524,0.102891979646842,0.0943291803623491,0.0863928243599719,0.0790530315924785,0.0722867968339016,0.0660615225506269,0.0603356393064041,0.0550901467427324,0.0502858678258535,0.0458818663566365,0.0418549822863906,0.0381750944805717,0.0348035396532458,0.0317354477890709,0.0289339263929765,0.0263710328815991,0.0240335718900774,0.0219156137679901,0.0199595223628738,0.0181956824418661,0.0165886834721568,0.0151180843054648,0.0137767722399031,0.0125527615598435,0.0114280983885785,0.0103851746798154,0.00949390326639686,0.00864612289127734,0.00785789846663957,0.00718259563425076,0.00651494344113816,0.00595202422489251,0.00542698813715649,0.00487431217193444,0.00450545917204159,0.00410273591168395,0.00366110479393362,0.00335769974206113,0.00310481383445966,0.00282873787199676,0.00252603866637765,0.00219206236723263,0.00201906462823321,0.00189779880219827,0.00176594654873066,0.00162224529515821,0.00146507381895734,0.00129227841281664,0.00110087954495153,0.000886542566187098,0.000642533103047631,0.000467804087497098,0.000459508523213185,0.000450376462384994,0.000440365540432998,0.000429426602289578,0.000417503450424328,0.000404532315614594
-7.48817253673044e-07,-4.51015767090883e-07,-1.57121496795856e-07,0.00295727073295491,0.0185435369361108,0.0380292626998274,0.0582840979023471,0.0781341494305286,0.0962149074792772,0.11239746207899,0.12683972854306,0.139685962933136,0.151067718120779,0.161104661101682,0.169905272768266,0.177567446929592,0.184179010266487,0.189818183263749,0.194554002147944,0.198446721273721,0.201548211810596,0.20390236966728,0.205545539349779,0.206506955010076,0.206809193879523,0.20646863080446,0.205495878479066,0.203896193908401,0.201669829028547,0.198812301781949,0.195314562101205,0.191163024216533,0.186339431392004,0.180820510088132,0.174577353854626,0.167574451504238,0.15976823041325,0.151104914964541,0.141517380475807,0.130980098760414,0.120604021952423,0.110860393440831,0.101754812190129,0.0932857856272437,0.0854330033748678,0.0781744807937396,0.0714824328332359,0.0653233200053897,0.0596676244857273,0.0544764916250785,0.0497185893301767,0.0453610595335273,0.0413763363757337,0.0377448103022919,0.0344156613891477,0.0313840416265017,0.0286121686362907,0.0260810049296614,0.0237604914637482,0.0216679512641862,0.0197314970713924,0.0179967564308318,0.0164028492857307,0.0149465231272111,0.0136205968904449,0.0124129819995139,0.011305578892503,0.010273054105785,0.00938168604471229,0.00855353532022966,0.0077585797468044,0.00710434993929935,0.00643101241264611,0.00589013723197883,0.00536059648631341,0.00483015409921063,0.00445806101187925,0.00405188932970293,0.00360657070172205,0.00332741297382347,0.0030723040524511,0.00279386238128792,0.00248863391585832,0.00215193099816435,0.00200426566344176,0.0018818928949703,0.00174886627690517,0.00160391712229314,0.00144541515726559,0.0012711924540818,0.00107824577222836,0.000862198304677194,0.000616234366213809,0.000466717506939362,0.000458326148970328,0.000449091486523448,0.000438970825396521,0.000427914678134636,0.000415866511212224,0.000402762211842806
-7.4881828645896e-07,-4.51013332311243e-07,-1.5712080358408e-07,0.00295153361827962,0.0185252874326533,0.0380063258290226,0.0582585455618408,0.0781020341371717,0.0961704256863506,0.11233870523515,0.12676488368598,0.139593288585634,0.150955518301381,0.160971260049656,0.169748990129611,0.177386574821955,0.18397179228071,0.189582795350531,0.194288535581316,0.198149167449538,0.201216448916839,0.203534150585531,0.205138481294255,0.206058530157949,0.206316721197234,0.205929269080523,0.204906620402093,0.203253861345483,0.200971069513555,0.198053586160321,0.194492183319542,0.190273096757331,0.185377891105113,0.179783113145823,0.173459673547737,0.166371870254778,0.158475923001646,0.149717816434596,0.140030127852146,0.129460026438567,0.119194604048826,0.109557944212959,0.100552036893174,0.0921804653892245,0.0844146713330948,0.077245079587323,0.070629901868804,0.0645434556191501,0.0589495263780598,0.053824634922071,0.0491243860603037,0.0448252863170793,0.0408897504800203,0.0372827506342288,0.03400831692403,0.0310062073707009,0.0282662270051666,0.0257691543970571,0.0234846668030137,0.0214017116458066,0.0195047762772006,0.01778285716534,0.0162030647099797,0.0147621015313991,0.013452713466181,0.0122627034145402,0.0111738192319726,0.0101605203605753,0.00926109518406412,0.00845396440184314,0.00765190471074385,0.00702021361127519,0.00634087807032837,0.00582356784441673,0.00528926968130166,0.00478260670586197,0.00440708120194424,0.00399726858404337,0.00354807105618677,0.00329480055897094,0.00303733644744932,0.00275639672965635,0.00244850741481422,0.00210894771613944,0.00198830722925416,0.00186475661143758,0.00173048383714201,0.00158421462060353,0.00142431016509445,0.00124858877758882,0.00105402372267304,0.000836195596029691,0.000588205242375444,0.000465539448761248,0.000457044624542864,0.000447699227454393,0.000437460230876848,0.000426277816610667,0.000414095121164808,0.000400847702151968
-7.48815683553412e-07,-4.5101422940404e-07,-1.57123578113296e-07,0.00294502249281609,0.0185021268722408,0.0379732730413613,0.0582172887245077,0.0780503852156911,0.0961055208616191,0.11225862177772,0.126667773720686,0.139477355482025,0.15081899231194,0.160812373832528,0.169565955037889,0.177177559280459,0.183734901455584,0.189316053098911,0.193989868144844,0.197816389158323,0.200847249316894,0.2031260835092,0.204688954828752,0.205564798356417,0.205775876792523,0.205338237521201,0.204262155265329,0.202552541148209,0.200209296015115,0.197227584328265,0.193598002701218,0.189306614262517,0.184334814523986,0.178658984684929,0.172249871752149,0.16507160784663,0.157080236671459,0.148221541788373,0.138427848400066,0.127854860833174,0.11770768576605,0.108183896888451,0.0992870089992851,0.0910132575581353,0.0833494176881018,0.0762598234777699,0.0697305687028793,0.0637229619083207,0.0582033869113631,0.0531365677752202,0.0484994954695333,0.0442496764785505,0.0403669780783315,0.0368160252352158,0.0335707157773819,0.0306003694485319,0.0278946620931028,0.0254341778727172,0.023188318129195,0.0211157957104945,0.0192611672639172,0.0175530890371945,0.01598850213911,0.0145640599575213,0.0132724302688077,0.0121013018099607,0.0110322632792464,0.0100395589513794,0.00913164308735425,0.00834698971228649,0.00755776920840288,0.00692983402597832,0.00624649568911678,0.00575203146487418,0.00521272381359174,0.00473145500483423,0.00435230289138535,0.00393865754590439,0.00349871699623576,0.00325971479609905,0.00299976197988845,0.00271619232628354,0.0024055132449977,0.00208614602477323,0.00197111138284615,0.00184631014144426,0.00171071826035133,0.00156305653229043,0.00140167837160505,0.00122438903258443,0.00102813879225091,0.000808465542070235,0.000558384926559419,0.000464262544900411,0.000455656036569298,0.000446191209715312,0.000435824707755602,0.000424506386965555,0.000412179067263644,0.000398777998776643
-7.4881813727299e-07,-4.51014607761037e-07,-1.57124835355594e-07,0.00293769196578876,0.0184738934663492,0.0379298700194849,0.0581600301958375,0.0779788296739038,0.0960197313245434,0.112156648925669,0.126547722701023,0.13933736331199,0.150657204127061,0.160626919579735,0.169354927103695,0.176938991368121,0.183466749426558,0.189016177666065,0.193656019476403,0.197446193154467,0.200438195773453,0.202675515726399,0.204194060740047,0.205022602987065,0.205183236181522,0.204691834073122,0.203558494694607,0.201787951224677,0.199379927175287,0.196329412351376,0.192626833452287,0.188258090444017,0.183204423901574,0.177442069062229,0.170941635241597,0.163667121983528,0.155574438202635,0.146609216472189,0.136703589141125,0.126163123716984,0.116142259562838,0.106737663485602,0.097956048275947,0.0897898911054221,0.0822258889101409,0.0752335582509752,0.0687892666232367,0.0628555256781985,0.0574074518147991,0.052416899495175,0.0478340297516149,0.0436471946647895,0.0398098595890003,0.0363150515273041,0.0331049125785538,0.0301893798610628,0.0275211099047847,0.025076289729207,0.0228702617288861,0.020838015280681,0.018999692551136,0.0173065452882415,0.0157583251537219,0.0143516314633287,0.0130790488173836,0.0119281462851964,0.0108803472897904,0.00990967365977747,0.00899283890805527,0.00823218503935128,0.00746706844128823,0.00683285412422484,0.00617469932269719,0.00567523899563152,0.0051306738292842,0.00467647871107798,0.00429350595190366,0.00387583944513654,0.00346350085038892,0.00322200429363783,0.00295942932345597,0.00267310006335524,0.00235950716482948,0.00206889144130837,0.00195259732429074,0.00182647134223356,0.00168948690329512,0.0015403607786118,0.00137743957033467,0.0011985164575568,0.00100051955101534,0.000778944331700777,0.00052672001038408,0.00046287890001806,0.000454151914133279,0.000444558377191919,0.000434054605218185,0.000422590142530754,0.000410107512947295,0.00039654169013342
-7.4881458532495e-07,-4.5101617038563e-07,-1.57125471312057e-07,0.00292949096391981,0.0184403904778552,0.0378758125088077,0.0580863649193377,0.0778868617578375,0.0959124560848428,0.112032078144579,0.126403902341956,0.139172352030341,0.150469050414648,0.160413639406576,0.16911448238297,0.176669269672699,0.183165545859108,0.188681178179466,0.193284786321948,0.197036152150684,0.199986625144736,0.202179536667206,0.203650629565894,0.204428504730823,0.204535079864885,0.203986049722234,0.202791332207291,0.200955481361211,0.198478045089535,0.195353843606252,0.191573142889448,0.187121693704033,0.181980601362959,0.176125981522294,0.169528339837717,0.162151586021475,0.153951546762641,0.144873766846383,0.134850260368487,0.124385107585265,0.114497457107471,0.10521880182163,0.096557481127861,0.0885051186024781,0.0810439922235928,0.0741516385401259,0.067794616004545,0.0619527255493246,0.0565841326403232,0.0516562542059112,0.0471485239343966,0.0430186296335491,0.0392419697317409,0.0357779810417902,0.0326351034868139,0.0297564305086306,0.0271276175167554,0.0247246030793065,0.0225293085159845,0.020543138967665,0.0187193694989284,0.0170423169379301,0.0155333081363963,0.0141548657621206,0.0128891168275209,0.0117426054014548,0.010717505233385,0.00977036380167918,0.00886608195901432,0.00810912241952516,0.00736971745201026,0.00672891589896278,0.0060976078233694,0.0055928994677278,0.00504283680451289,0.00461745380172329,0.00423046905220184,0.00380859938993818,0.00342564183298692,0.0031815150601906,0.00291618625246762,0.00262697206809058,0.00231034872026837,0.00205031089923673,0.00193268177453997,0.00180515623364917,0.00166670612482034,0.00151604532523601,0.00135151485786154,0.00117089711200687,0.00097109921129691,0.000747574943724923,0.000493166425023881,0.000461380051988678,0.000452523204685493,0.000442791071696088,0.000432139655752946,0.000420518209364326,0.000407868992971171,0.000394126743817183
-7.48811526730692e-07,-4.51015237069053e-07,-1.57122408969161e-07,0.00292036223231438,0.0184013851373326,0.0378107237242652,0.0579957778217501,0.07777383906453,0.0957829508054814,0.111884050173158,0.126235326134664,0.138981195759548,0.150253254050616,0.16017109292002,0.168843005199652,0.176366591317245,0.182829288434043,0.18830884078257,0.192873731185392,0.196583592614825,0.199489615690382,0.201634964472709,0.203055207757645,0.203778767487578,0.203827379333178,0.203216554897191,0.201956030202379,0.200050181356118,0.197498385142326,0.194295300926966,0.190431047544565,0.185891246017926,0.180656892780458,0.174704018152923,0.168003067625446,0.160517914958812,0.152204370158514,0.14300796849541,0.132860697560077,0.122523368495395,0.112772580329628,0.103627042175323,0.0950914155042352,0.0871579823988365,0.0798045144318311,0.073015130325202,0.0667569450235742,0.0609986783925659,0.0557098313603016,0.0508651154399136,0.0464147751369357,0.0423490069159576,0.0386336558140981,0.0352380791680281,0.0321318418854163,0.0292927089201076,0.0267061485057654,0.0243478404456613,0.0221815083476762,0.0202272704350054,0.0184192213155733,0.0167882952782089,0.0153047990018816,0.0139468444910951,0.0127028151355043,0.0115554856051544,0.0105431753206734,0.00962112950497057,0.0087425088065846,0.00797737705078926,0.00726535077874714,0.00661766459584359,0.00601492448547323,0.00550472323795595,0.00494893584177827,0.00455415452893685,0.00416297211458254,0.00373672737449644,0.00338498337828897,0.00313809185169816,0.0028698813442648,0.00257766373798142,0.00225790369804912,0.00203032004498094,0.00191127947236725,0.00178227966327267,0.00164229211048779,0.00149002918183428,0.0013238278540418,0.00114146132672929,0.000939817295105831,0.000714309030526024,0.000467906759668478,0.000459756962592452,0.000450760250002375,0.000440879011115924,0.000430068956167896,0.000418279075871696,0.000405451408031841,0.000391520512255414
-7.48814014700318e-07,-4.51016383831852e-07,-1.57122201929886e-07,0.00291024227347634,0.0183566068591644,0.037734151999267,0.0578876398185175,0.0776389781214202,0.0956303225023346,0.111711549473372,0.126040843275999,0.138762595925638,0.150008356065356,0.159897648434159,0.168538678643683,0.176028941596964,0.18245575211568,0.187896717226656,0.192420169717047,0.196085581579854,0.198943973348221,0.201038331836939,0.202404043387951,0.203069344200483,0.203055783039996,0.202378685987538,0.20104760770015,0.199066750252681,0.196435327468129,0.193147850922143,0.18919431137206,0.184560226105638,0.179226516807647,0.173169172158237,0.166358631904418,0.15875880064721,0.15032555198931,0.141004506872115,0.130757091210916,0.120573225971732,0.110967134583503,0.101962315541611,0.0935581576045157,0.0857491356114195,0.0785107376516097,0.0718281892389905,0.065674324184279,0.060007687322607,0.054806966091646,0.0500345536786042,0.045666224111085,0.041665847083385,0.0380041482907803,0.0346603643118281,0.0315965171467827,0.0288104286554555,0.0262583119912029,0.0239447532349984,0.0218283527779504,0.0198893703336997,0.0181203035872473,0.0165232187713451,0.0150602341713058,0.0137242051637071,0.0125033853969115,0.0113803766420027,0.0103568077503393,0.00946147801179893,0.00861017545779835,0.00783653315038635,0.00715360526514313,0.00649875373015748,0.00592635319326501,0.00541042581861596,0.00485063482983322,0.00448635582253487,0.00409079929428189,0.00366002180329904,0.00334136733969113,0.00309157982809929,0.00282036600226533,0.00252503616895457,0.00220204694483458,0.00200883240140085,0.00188830381399164,0.00175775609688138,0.00161616186326322,0.00146223362182558,0.00129430612740915,0.00111014534361685,0.0009066214827783,0.000679108959280209,0.000466290839427436,0.000457999982009544,0.000448852764256985,0.000438811274694249,0.000427830958767936,0.000415860588949037,0.000402842036134199,0.000388709755652557
-7.48815937908156e-07,-4.51012700825778e-07,-1.57122945389781e-07,0.00289906056236081,0.018306910653019,0.0376472942530939,0.0577612034874482,0.077481349446798,0.095453524064039,0.111513397864261,0.125819131658022,0.138515073329156,0.149732707343283,0.159591473751136,0.168199474522707,0.17565408313338,0.182042477054234,0.187442112034105,0.191921157679225,0.195538912946378,0.198346217523242,0.200385871712454,0.201693071750797,0.202295862475117,0.202215602697793,0.201467432745635,0.200060729142212,0.197999527390836,0.19528289084582,0.191905201722771,0.187856348191646,0.18312177760571,0.177682380318744,0.171514157886418,0.16458761150708,0.156866757869567,0.148307631219818,0.138856052060604,0.128564720951727,0.118533975425014,0.109081251579771,0.100224783296255,0.091958236888343,0.0842794428401228,0.0771639063029269,0.0705951398414831,0.0645414883240574,0.0589744693482691,0.0538599552874482,0.0491689894441896,0.0448680297320603,0.0409357227320552,0.0373479468891652,0.0340563690364512,0.0310601830046903,0.0283195064104035,0.0258155507874664,0.0235190702814613,0.0214508969659664,0.0195324486768527,0.0178165684964748,0.0162398787158434,0.0147988575168303,0.0134862589963891,0.0122902023799331,0.011193112764552,0.0101704925357301,0.00929093115226302,0.00846865505957257,0.00768619083616516,0.00703412497597932,0.00637185094869507,0.00583160217533151,0.00530973239741549,0.00478251536294203,0.00441383621212976,0.00401374242690466,0.00357829359488755,0.00329463560284184,0.00304182654563781,0.00276749682482661,0.00246895892924369,0.00214266553342369,0.00198575997860455,0.00186366762901812,0.00173150061635242,0.00158823439390795,0.00143258356710304,0.00126288281273191,0.00107689315383793,0.000871469644592405,0.000641949984842943,0.000464541514175291,0.000456098832408439,0.000446789818951721,0.000436576290337056,0.000425413467965707,0.000413249961032666,0.000400027546981451,0.000385680669618665
-7.48815548483776e-07,-4.51013619915778e-07,-1.57124206294519e-07,0.00288673938082379,0.0182517885343166,0.0375489365006873,0.0576184728745452,0.0772998714577347,0.0952513472142399,0.11128824730169,0.125568689499464,0.138236959288824,0.149424458643256,0.159250525778005,0.167823142132142,0.175239543831125,0.181586756090459,0.186942069283344,0.191373476846088,0.194940093010846,0.197692566424088,0.199673502335233,0.20091790052125,0.201453610546065,0.201301800222947,0.20047742660147,0.198989694865579,0.196842485686622,0.194034729670569,0.190560704575823,0.186410229158645,0.181568723762323,0.176017101619759,0.16973144420165,0.1626823957763,0.154834182886136,0.146143115868801,0.136555349151314,0.126275824780314,0.116416550083352,0.107123628403647,0.098414868065894,0.0902924317270571,0.0827500005895357,0.0757615812897918,0.0693104161431105,0.0633602580702894,0.0578942697052228,0.052870810560905,0.0482721713041619,0.0440547933172744,0.0401948780492243,0.0366582575374105,0.0334384292523388,0.0304876660134533,0.0277954979740412,0.025342890523502,0.0231002781539546,0.021048090207202,0.0191880262784445,0.0174923069563468,0.0159374809212815,0.0145199449764594,0.0132323463230849,0.0120626656581782,0.0109931488799879,0.00999906478464031,0.00910903404615285,0.00831753534943962,0.00752597405905738,0.00690656700656231,0.00623664481077902,0.0057303884800968,0.00520238305669113,0.00470963034279714,0.00433638126670338,0.00393160509118338,0.0034913707511278,0.00324463206343287,0.00298868431999914,0.00271113836826888,0.00240931323750397,0.00207966232548049,0.00196101406045115,0.00183728416347588,0.00170343007515542,0.00155843211010008,0.00140100921219057,0.0012294984402612,0.00104165850116444,0.000834331992394852,0.000602822492558207,0.000462648523317766,0.000454042588115854,0.000444559829673973,0.000434161830461982,0.000422803644077534,0.000410433787022148,0.000396994034362873,0.000382418935511783
-7.48816431854535e-07,-4.51014196438711e-07,-1.57123911460251e-07,0.00287319300819014,0.0181901467147691,0.0374377395153861,0.0574567439466481,0.0770933034981119,0.0950224155311049,0.111034571409135,0.125287826683006,0.137926385857308,0.149081550372323,0.158872538970514,0.167407195881618,0.174782604019382,0.181085621134105,0.186393358365273,0.190773620400233,0.194285325475006,0.196978921833157,0.198896812378702,0.200073795521892,0.200537523756389,0.200308975545644,0.199402930654974,0.19782843381081,0.1955892279276,0.192684134927732,0.189107360581376,0.184848696494996,0.179893589620884,0.174223042677729,0.167813298456865,0.160635242120518,0.152653426117068,0.143824572440924,0.1340953256604,0.123901573065539,0.114211705432699,0.105087184811056,0.0965352995375847,0.0885627806250046,0.0811621574304796,0.0743053717468629,0.0679758479168484,0.0621398452181522,0.0567751264999778,0.0518546024315125,0.047330546172721,0.0431969813811469,0.0394074282857353,0.0359543714773794,0.0327797343688678,0.0298934761272234,0.0272533506928719,0.0248391418716062,0.0226537722073691,0.0206381812819658,0.0188207669802903,0.0171466994188712,0.015615280873346,0.0142228195482583,0.012961850245315,0.0118202117402568,0.0107799696916289,0.00981616040775701,0.00891536506755661,0.00815642654558003,0.00739571792249151,0.00677060820496579,0.00611559164736623,0.00562244315257889,0.00508813875788341,0.00463175936834476,0.00425378759964973,0.00384420718892734,0.00343082815878005,0.00319120493939763,0.00293201294175389,0.00265116630157073,0.00234599546959432,0.00205060681338921,0.00193450613827075,0.00180906821683411,0.00167346447981777,0.00152668240838699,0.00136744782823056,0.00119410294294336,0.00100440706129185,0.000795193344079616,0.000561734267195043,0.000460600955964178,0.000451819664326021,0.000442150550093752,0.000431555016051516,0.00041998801714757,0.000407398068554098,0.000393727060601747,0.000378909785921809
-7.4881623305104e-07,-4.51012351348309e-07,-1.57121820611197e-07,0.00285832748907935,0.0181215603809382,0.037312939955913,0.0572743699221488,0.0768602379254738,0.0947651755567753,0.110750656281083,0.124974654629236,0.137581275301521,0.148701700952368,0.158455013326031,0.166948902644965,0.17428028260286,0.180535828710286,0.185792459164818,0.190117777631261,0.193570496098013,0.196200853964284,0.198051046056015,0.199155666680267,0.199542171975312,0.199231356132065,0.198237831716405,0.196570499236439,0.194232987027019,0.191224040068253,0.187537833556987,0.183164184838377,0.178088633391021,0.172292352282762,0.165751843067098,0.158438347787985,0.150316880722777,0.14134473266216,0.131469217238978,0.121438098173655,0.111930400884883,0.102974805546494,0.0945929088297381,0.0867754138005248,0.0795175335257578,0.0727971347171263,0.066593485807064,0.0608771863672829,0.0556217651610483,0.0507958141875015,0.0463719637787778,0.0423184485062887,0.0386111272239393,0.0352107075459177,0.0321194652430143,0.0292885011140941,0.0267034520791057,0.0243407611425406,0.0221785529803893,0.0202259058462893,0.018429839010575,0.0167789962362623,0.0152965932584619,0.013939492416283,0.0126938590020186,0.0115623278041928,0.010553101629548,0.00962134119143262,0.00873324931086239,0.00798497033404052,0.00725896966179165,0.0066259528039401,0.00600703046493231,0.00550751718597256,0.00496678802898164,0.00454869242640473,0.00416586744069329,0.00375139009319007,0.00337711872057014,0.00313420949478388,0.00287168282391584,0.00258747092161825,0.00227892103141404,0.0020239828276051,0.00190614907556363,0.0017789375132669,0.00164152857853951,0.00149291949285439,0.00133184579167353,0.00115665783669794,0.000965118712615662,0.000754055412659434,0.000518712665875511,0.000458387239423578,0.000449417806777313,0.000439549072628442,0.000428742326985105,0.000416952514958086,0.000404128264671715,0.000390211719526128,0.000375138089894223
-7.48813132015421e-07,-4.51016170394711e-07,-1.57124178307009e-07,0.00284225117209163,0.0180455576411833,0.0371736830566571,0.0570701067231405,0.0765990919059607,0.0944778876068958,0.11043459063149,0.124627075388085,0.137199328036132,0.148282394185915,0.157995200861989,0.166445267487442,0.173729322650242,0.179933844908783,0.185135546398154,0.18940181834267,0.192791157003498,0.195353586249101,0.19713108892268,0.198158055041121,0.198461748475564,0.198062788393447,0.196975635403725,0.195209068127267,0.192766631146365,0.189647033059272,0.18584447050344,0.181348851647833,0.176145888584025,0.170217021533866,0.16353912632921,0.156083937580369,0.147817088665968,0.138696618748312,0.128730553783696,0.118888211581171,0.109567679041923,0.10079723816894,0.0925828492088685,0.0849277457625383,0.0778180389701312,0.0712389882391879,0.0651656095395219,0.0595715185245492,0.0544272748339464,0.0496970398313344,0.0453730704326359,0.0414069573332793,0.0377703758622872,0.0344603155484834,0.031421044221322,0.028645449041424,0.0261189239293914,0.023817617710708,0.0217063470876567,0.0197876112299869,0.0180162588835016,0.0164316664409085,0.0149786463327325,0.0136500394454642,0.0124343585211711,0.0113147847355563,0.0103121261590522,0.00941421184484178,0.00856073547206476,0.00780284996008049,0.00711341643333566,0.0064723409859911,0.00589140487987666,0.00538538821719804,0.0048381543468728,0.0044602344642841,0.00407245376894135,0.00365302229050249,0.00331980322054521,0.00307351116335754,0.00280757851733025,0.00251996102921697,0.00220802850192907,0.00199549403620909,0.00187585842087743,0.00174681428162178,0.00160755366778375,0.00145708639282722,0.00129416076347034,0.00111713852262132,0.000923789865788411,0.000710939046767208,0.000473806633293058,0.000455995127115017,0.000446824097143679,0.000436741842118945,0.000425709627826964,0.000413682502555622,0.000400609345286749,0.000386432721857163,0.000371088464510018
-7.48819787240813e-07,-4.51009883907052e-07,-1.57122488782876e-07,0.00282576857339768,0.0179616165035515,0.0370190918845021,0.0568428493439767,0.0763080974714704,0.0941586152894918,0.110084254448884,0.124242769968219,0.136778010404427,0.147820866067158,0.157490091671628,0.165893018931028,0.173126175760137,0.179275829604548,0.184418473864514,0.188621276856187,0.191942511293966,0.194431980529491,0.196131454174977,0.197075121031944,0.197290060885685,0.196796732107795,0.195609464808653,0.193736945545475,0.191182674806164,0.187945375850326,0.184019330974582,0.179394618314632,0.174057218545543,0.167988953807523,0.161167209329261,0.153564369244442,0.145146865592697,0.135873688186973,0.125904357554341,0.116263962682735,0.107137471891916,0.0985456787640626,0.0905081210745982,0.0830217714317801,0.0760658905619681,0.0696333224638991,0.0636947340198442,0.0582254751033683,0.05319436247863,0.0485776994829892,0.0443394072429694,0.0404637978546703,0.0369221341796687,0.0336697690835934,0.0307124889254553,0.0280055824875297,0.0255305861276545,0.0232624772583775,0.0212186945407229,0.0193225849027835,0.0176231937678196,0.0160654699899208,0.0146410714699864,0.0133427136463246,0.0121587615385914,0.011072218457502,0.0100595030388702,0.0091944324606164,0.00837741462814976,0.00760980133689703,0.00695878512618689,0.00630955828485643,0.00576848220595182,0.00525586793076003,0.00473037136657678,0.0043662105206201,0.00397340600364083,0.00354900549811867,0.00325874234282942,0.00300898906212443,0.0027396026182671,0.00244856811260622,0.00213328397433263,0.0019650539500539,0.00184355401369896,0.001712627062172,0.00157147961212398,0.00141913716178333,0.00125436402336909,0.00107553666396748,0.000880435775253498,0.000665886318948003,0.000461907311297358,0.000453411698204083,0.000444024956539969,0.000433714676574072,0.000422442209671002,0.000410162843723508,0.000396825875724557,0.000382374500732449,0.000366745413006969
-7.48821679975205e-07,-4.51011456346775e-07,-1.57122330622711e-07,0.00280775613159291,0.017870873586941,0.036853384844909,0.0565972693346859,0.0759852909942246,0.0938052143973968,0.109697307047337,0.12381918504948,0.136314540664869,0.147314090329831,0.156936398790142,0.165288593498607,0.172466986450423,0.178557620225586,0.183636758057509,0.187771336236191,0.191019397814475,0.193430523157116,0.195046270662893,0.195900634895549,0.196020524827585,0.195426258373947,0.194132064018089,0.192146574875618,0.189473297436193,0.186111032839856,0.182054227190052,0.177293223663867,0.171814385407898,0.165600050778078,0.158628270740067,0.150872258091331,0.142299445728058,0.132869998310734,0.122996039750655,0.113562901086481,0.104634283007638,0.0962388546447428,0.0883824763013461,0.0810598444251665,0.0742678095908246,0.067982808384529,0.0621836129320697,0.0568418938020153,0.0519259026233632,0.0474236153896111,0.0432900499462704,0.0395057690315036,0.0360376908124973,0.0328751744252158,0.0299770639303077,0.0273326795648233,0.0249232810684456,0.0227202181536403,0.0207019801549614,0.0188745558804109,0.01720648573282,0.015677401659141,0.014283410374946,0.0130170969761373,0.0118666783291962,0.0108149845051253,0.00983822151546998,0.00896173212418875,0.00818300584082717,0.00740562505415274,0.00679484693864976,0.00613744571100645,0.00563806297897658,0.00511881010139658,0.00463574768326184,0.00426647143884706,0.00386861615379893,0.00343928105532254,0.00319381005814063,0.00294053990146309,0.00266767996936353,0.00237325076089969,0.00205468547389077,0.00193258012946986,0.00180916176989135,0.00167631272334946,0.00153325707072281,0.00137903924339606,0.00121244289298123,0.00103186255488416,0.000835092716367038,0.000618962362091382,0.000459336746860137,0.000450623368794511,0.000441006170724221,0.000430452805077623,0.000418924841702642,0.000406377976136156,0.000392762125849981,0.000378021351867424,0.000362093495518968
-7.48814408079425e-07,-4.51017555193492e-07,-1.57122125352638e-07,0.00278808937870961,0.0177735064430999,0.0366706660618835,0.0563259570921227,0.0756285017262535,0.0934153205827767,0.10927117380234,0.123353519594109,0.135805874650991,0.146758763142293,0.156330542335909,0.164628119250083,0.17174757520266,0.177774715209054,0.182785561989818,0.186846812567761,0.190016276563891,0.192343312167269,0.193869272349657,0.194627969531457,0.194646161068742,0.19394405223516,0.192535807380869,0.190430055354558,0.187630370775328,0.184135709838921,0.179940776556914,0.175036292036508,0.169409135322064,0.163042316540787,0.155914730952843,0.148000621821585,0.139268646998946,0.12968816637498,0.12001145814781,0.110790930393083,0.102066875149887,0.0938664872684789,0.0861970941623874,0.0790553500183893,0.0724269735933268,0.0662904035876138,0.0606352394108224,0.0554238133048758,0.0506306574125926,0.046237263784956,0.0422078783633241,0.038513474031313,0.0351378097578007,0.0320457168078348,0.0292282864869024,0.0266500285436613,0.0242881569381756,0.0221498722153619,0.0201867370691065,0.0184051840740991,0.0167656949067815,0.0152670822711633,0.0139069226765687,0.0126728839061412,0.0115578184134178,0.0105427959983911,0.00960382386650007,0.00871592342136005,0.00797729172155307,0.0072397665375307,0.00662142762022886,0.00598875371786167,0.0054999890530959,0.00497411912407739,0.00453533106358123,0.00416090007108827,0.00375801533617511,0.00336374857490377,0.00312489749532998,0.00286808226627902,0.00259176215048028,0.00229399918273925,0.00201458969955939,0.00189799599616869,0.00177261571131678,0.0016378187028157,0.00149284987839949,0.00133677592953206,0.00116840316689726,0.000986147391573479,0.000787819931878868,0.000570256803702028,0.000456562025276596,0.000447615907937336,0.000437752924662245,0.000426940921846697,0.000415141852496736,0.000402312018026858,0.000388402196721047,0.000373357597531558,0.000357117532778596
-7.48814585931561e-07,-4.51012715044674e-07,-1.57121662265252e-07,0.00276663243718158,0.0176667346063626,0.036469695928428,0.0560270830184666,0.0752353393100079,0.0929863355817875,0.108803032291775,0.122842709808443,0.135248690139244,0.146151287041713,0.155668633108104,0.16390739912598,0.170963421825931,0.1769222573085,0.181859679105784,0.185842139966832,0.18892721555382,0.191164046375878,0.192593790762861,0.193250096946733,0.193159597335412,0.192342420977158,0.19081271611925,0.188579168418644,0.185645496782865,0.182010905583397,0.177670468625813,0.172615417494762,0.16683330182626,0.160307981397846,0.153019397037999,0.14494304634843,0.136049056353555,0.126410325893418,0.116956916264033,0.107954392515154,0.0994443247967523,0.0914457749425504,0.0839668108029203,0.0770035554630086,0.070543330199526,0.064563664887956,0.059052843419531,0.0539744668022449,0.0493088947795245,0.0450218141402919,0.0410959997514587,0.0375040095277456,0.0342180719884507,0.0312104696252932,0.0284597000418447,0.0259513325249534,0.0236622864443668,0.0215588452762565,0.0196626431024571,0.0179095606594632,0.0163210287201801,0.0148797000868597,0.0135600886968607,0.0123509804226895,0.0112361463098863,0.0102554672240306,0.00935610157261207,0.00850145241355507,0.00776013129322125,0.0070650619076064,0.00643841828725775,0.00584968842474056,0.00535415225759237,0.00482175883383678,0.00442899566002649,0.004049417882396,0.00364158048054745,0.0032943954241358,0.00305191727253513,0.00279156111569593,0.00251183208804685,0.00221083968297449,0.00197983142279233,0.0018612328542562,0.00173386021142489,0.00159710541913186,0.00145023755203109,0.00129234886888048,0.00112227148012962,0.000938445336213512,0.000738701220858072,0.000519884691154427,0.00045356891549981,0.000444374472649917,0.000434249853791819,0.000423163259608337,0.000411077227081082,0.000397948897888081,0.000383730190432659,0.000368367788085155,0.000351802847836065
-7.4881865230722e-07,-4.51015421958391e-07,-1.5712203742363e-07,0.00274323705179156,0.0175498305890524,0.0362534318104177,0.0557077886975658,0.0748031799652065,0.0925154138952495,0.108289797243663,0.122283413272221,0.134639370540048,0.145487754061723,0.15494645516452,0.163121893445162,0.170109648324064,0.175995017040651,0.180853517697657,0.184751356753378,0.187745879071826,0.189886016825996,0.1912127503607,0.191759589151852,0.19155307572127,0.190613309779695,0.18895448351721,0.186585414479669,0.18351005801253,0.179727977575655,0.175234748422094,0.170022266490912,0.164078929193637,0.157389646722898,0.149935629057981,0.141693872374598,0.13263623368325,0.123062474281023,0.113839155277864,0.105059991507164,0.0967668568215677,0.0889740785425364,0.0816891820182367,0.0749063972016831,0.0686203545166759,0.0628044204891863,0.057439885446216,0.0524972721033919,0.0479603248019775,0.0437906473252725,0.0399728210273149,0.0364791427675674,0.0332705957344464,0.0303508944065059,0.027679411665328,0.0252344097958915,0.0230024048581304,0.0209780530731372,0.019110177964003,0.0174223838027633,0.0158847442348049,0.014477768762867,0.0131941604272632,0.0120225569283672,0.010946568927883,0.00995293123027539,0.00909494385683097,0.00828259528913177,0.0075314732708248,0.0068806067458281,0.00624578654024262,0.00570273604824551,0.00520050338457936,0.00467544040460084,0.00431665377581394,0.00393199181028605,0.00351934105206683,0.00322091840249445,0.00297480807933697,0.00271095251588813,0.00242790866743471,0.00212383893627974,0.00194287062602348,0.0018222321485909,0.00169285242852195,0.00155414881348,0.00140541785453796,0.00124578049876142,0.00107409746452436,0.000888835236378381,0.000687846020694277,0.000467986761615058,0.00045034256398037,0.000440883656630208,0.000430481115050333,0.000419103690746252,0.000406714735769608,0.000393272514298026,0.000378730407017489,0.000363036943941831,0.000346135545377352
-7.48813436873457e-07,-4.51010180072296e-07,-1.57123946897733e-07,0.0027185934520826,0.0174255693524877,0.0360197491400601,0.0553577123428045,0.0743299838930095,0.091999446199105,0.1077281041958,0.121671992645462,0.133973987744972,0.144763928455345,0.15415944854765,0.162266702675312,0.169181001881092,0.174987376801091,0.179761086647673,0.183568093237089,0.186465518535432,0.188502101662737,0.189718668782971,0.190148624483534,0.18981846705581,0.188748325675406,0.186952510522016,0.18444006214403,0.181215282320745,0.17727822440313,0.172625118242895,0.167248700677248,0.161138417192018,0.154280451779815,0.146657527897137,0.138248401530735,0.129028333156794,0.119651808190565,0.110665338029603,0.102114770253826,0.0940413999240273,0.0864577218960165,0.0793755070511926,0.0727825474000182,0.066664442355148,0.0610148644478277,0.0558000462071038,0.050995818093562,0.0465884888976656,0.0425396539745482,0.0388303352474282,0.0354287078555206,0.0323249464458545,0.0294798695770654,0.026882663000874,0.0245149686633037,0.0223491533420282,0.0203668252082747,0.0185683544164923,0.0169286534326689,0.015425526885386,0.0140548197203793,0.0128090905558708,0.0116768331010559,0.0106415101032118,0.00968033292607089,0.00882035333603542,0.0080520335121573,0.00729136935990151,0.0066863529571315,0.00604358757218198,0.00554783497369808,0.00503906125541376,0.00456228064952422,0.00419826284232969,0.00380864114758281,0.00339138547159929,0.00314325018697876,0.00289353946185106,0.00262626839415332,0.00234005117585927,0.00203310778136869,0.00190364594164039,0.00178094792265134,0.00164956489681163,0.00150894297215369,0.00135840930764268,0.00119711632548638,0.00102395561807019,0.000837421878010147,0.000635389872684334,0.000455675405704912,0.000446867538388027,0.00043712755709478,0.000426430481529043,0.000414745844719354,0.000402038092588174,0.000388266932797148,0.000373387580499291,0.00035735083105188,0.000340102835508678
-7.48819242072358e-07,-4.51012590122946e-07,-1.57124413099322e-07,0.00269299287821755,0.0172919696076095,0.0357641313263777,0.054981370097474,0.0738241766678071,0.0914350442344997,0.107114293000086,0.121004497882187,0.133248284405023,0.143975228334989,0.15330269115826,0.161336549993133,0.168171838494859,0.173893315768206,0.178575982312565,0.182285561675557,0.185078966457087,0.187004765058786,0.188103661987247,0.188409001020535,0.187947293841419,0.186738772020181,0.18479795373067,0.182134211669262,0.178752324072731,0.174652986657155,0.169833259881718,0.164286921463558,0.158004688293036,0.150974262689997,0.143180143471594,0.134603119468774,0.125326761072897,0.116192969171765,0.107443024629012,0.0991260795173807,0.0912751302645283,0.0839106377631813,0.0770254826928264,0.0706230521450741,0.0646872500886178,0.059198979587254,0.0541372120561704,0.0494738474547489,0.045197039369441,0.0412690971761998,0.0376673803542154,0.0343678780196118,0.0313535509253531,0.0285996732835417,0.0260800799978728,0.0237725905401965,0.0216773215131602,0.019760330021908,0.0180151968014182,0.016410142843084,0.0149435121188409,0.013617634456094,0.0124050086796318,0.0113139044139891,0.0103210142803314,0.0094034114817267,0.00853246136844599,0.00780979993725744,0.00709102633778947,0.00648233984381737,0.0058670844663584,0.00538499137847434,0.00486992153390077,0.00444297178235009,0.0040738324810089,0.00367944420973787,0.00329833264642413,0.00306135407023345,0.0028081166959307,0.00253756108061888,0.0022483633123561,0.00197870697251396,0.00186210841204022,0.00173734942645935,0.00160398818464702,0.00146150271566264,0.00130925358373593,0.00114642691060529,0.000971946698533303,0.000784336614100883,0.000581494138916629,0.000452219789211887,0.000443127900326355,0.000433089870906245,0.000422081464597849,0.000410073269854752,0.000397031147793657,0.000382916619172925,0.000367687154784074,0.000351296283203017,0.000333693395254748
-7.48815284783248e-07,-4.51011431756962e-07,-1.57122552119465e-07,0.0026651210522427,0.0171461983257137,0.0354938797628588,0.0545744769001738,0.0732749355474467,0.0908185229251758,0.106444389838257,0.120276648464972,0.132457655554519,0.143116707911452,0.152370880979479,0.160325764164629,0.167076107208667,0.172706396376375,0.177291378031694,0.180896549397824,0.183578634508609,0.18538606171844,0.186359456559594,0.18653215821656,0.185930763427792,0.184575695076414,0.182481787576387,0.179658875044069,0.176112364049865,0.171843768342073,0.166851178806357,0.161129637476803,0.154671377613901,0.147465882616944,0.139499701026596,0.130755931889107,0.121571364910309,0.112688353953449,0.104180139290203,0.0961015392577192,0.08848066191066,0.0813302246684371,0.0746527603857926,0.0684399943170391,0.0626839519255161,0.0573609916249034,0.0524554559790417,0.0479352355633486,0.0437897165164151,0.0399825392917327,0.0364872927245331,0.0333009912880445,0.0303741883950398,0.0276990849631962,0.0252613009884093,0.0230383884623213,0.0209979423049159,0.0191458875873115,0.0174355367226087,0.0158998933534791,0.0144950065335365,0.0132100044313635,0.0120338693995556,0.0109508799501485,0.00998527936946841,0.00911291793854615,0.00828602165596989,0.00755604335930803,0.00688527945596558,0.00626870508111049,0.0057029094010921,0.00521428833147854,0.00469326484136835,0.00431751413653892,0.00394343139559652,0.00354454444621422,0.00321585246377901,0.00297522896479952,0.00271858552624459,0.00244492759755415,0.00215299656089759,0.00193694338480687,0.00181822412266588,0.00169142384479572,0.00155613357255288,0.0014118660834243,0.00125801759023169,0.00109380940618239,0.000918198525352317,0.000729737277755803,0.000526344892999082,0.000448500515384242,0.000439107283878283,0.000428754007554134,0.00041741746298459,0.000405069617753857,0.000391678116351423,0.000377206713311568,0.000361615604867869,0.00034486156489828,0.000326897770348658
-7.48822569815269e-07,-4.51015736082808e-07,-1.57120736125893e-07,0.00263478684028949,0.0169925078361975,0.0351994428973268,0.0541384707085519,0.0726869219073486,0.0901458824054561,0.105714088829761,0.119483814144369,0.131597129752785,0.142183038546786,0.151358318531916,0.159228263374831,0.165887336023271,0.17141975277303,0.175900016181446,0.179393416014869,0.181956516728778,0.183637647699604,0.184477410063905,0.184509208713994,0.183759813159314,0.182249944902783,0.179994883130986,0.177005074736251,0.173286730062258,0.168842380744043,0.163671371872559,0.157770255453929,0.151133045025697,0.143751281083,0.135613841479822,0.126728114358389,0.117782831401586,0.109146039914971,0.100888322271306,0.0930489921985157,0.0856597794480567,0.0787237858192879,0.072252579317702,0.0662396787360342,0.0606591604165966,0.0555053479829801,0.0507590140561767,0.0463839656591272,0.0423703225780817,0.0386835592054534,0.0353076042166584,0.0322177238104507,0.0293929400951688,0.0268082791179987,0.0244459420474705,0.0222794623872651,0.0203204663920373,0.0185103467339493,0.0168840104889311,0.0153907757272937,0.0140263271123778,0.0127832888542175,0.0116505084838515,0.010612144089677,0.00964647359839591,0.00880910583268889,0.00803000075239346,0.00729104067360989,0.00666971268227341,0.00604569473784601,0.00553072066397092,0.00503589426753155,0.00454183252148046,0.00418596715413678,0.0038071937594362,0.00340415563150928,0.00312907235160533,0.00288491424549107,0.00262503658344433,0.00234851319151676,0.00205415261710241,0.00189280266505782,0.00177197696834263,0.00164317903304879,0.00150603561168386,0.00136009653620485,0.00120479516469498,0.00103938852588404,0.000862866062177074,0.000673807242403118,0.000470150915691413,0.000444501184876351,0.000434789017346402,0.000424103237057417,0.000412421951401874,0.000399718871884376,0.000385963850289022,0.000371123346915032,0.000355160796781612,0.000338036771013811,0.000319708807318874
-7.48810698356042e-07,-4.51018971666956e-07,-1.57122251453705e-07,0.00260284312493125,0.0168270138215356,0.0348870336182356,0.0536681877249514,0.0720568516516941,0.08941278932071,0.104918732779915,0.118620996376161,0.130661350513173,0.141168491339826,0.150258890133412,0.158037540303492,0.164598619415492,0.170026082184553,0.174394204367069,0.177768095460672,0.180204199401741,0.181750799611046,0.182448541493043,0.182330982098316,0.181425169901302,0.179752252766685,0.177328105570347,0.174163963334235,0.170267040216264,0.165641110065941,0.160287018888237,0.15420309401592,0.147385407307352,0.139827838551625,0.131521869880976,0.122654675355136,0.113959963917772,0.10558223227102,0.0975744437573265,0.0899764499928692,0.0828201570046398,0.0761082588595955,0.0698464619304619,0.0640216433335772,0.0586308746958542,0.0536462211007354,0.0490522574417936,0.0448241004110487,0.0409426927127408,0.037375723118003,0.034120799960941,0.0311253041112874,0.0283945175727651,0.0258953248023217,0.0236123006463121,0.0215373030286955,0.0196232121917289,0.0178990772488355,0.0163117929321039,0.014859349946012,0.0135372620996104,0.0123380038001152,0.0112502982359117,0.0102582048385084,0.00933992014273413,0.00849238558472696,0.00776248318775062,0.00703866330849855,0.00644455760957944,0.0058220168450622,0.00535067490793619,0.00485007037764428,0.00440921418732154,0.00404845604263536,0.0036653247304871,0.00327088287606083,0.00303802550744325,0.00279049437496879,0.00252760919506279,0.00224851409176751,0.00196161405238587,0.00184626549918051,0.0017233714609487,0.00159264615622889,0.00145375444891514,0.0013062847775762,0.00114970818376281,0.000983316777687419,0.000806130646563073,0.00061675359850064,0.000449283044056575,0.000440205063317161,0.000430156265301425,0.000419120874273224,0.000407078697820719,0.000394005615605732,0.000379874155686516,0.000364654002955063,0.000348312390198916,0.000330814265886473,0.000312122114859329
-7.48812870398667e-07,-4.51012158525824e-07,-1.57124172663385e-07,0.00256983131619381,0.0166496835014223,0.0345494073968499,0.0531693120834778,0.0713806844367447,0.0886145571640283,0.104053293702764,0.117682808719734,0.12964455747642,0.14006691912437,0.149066051994843,0.156746649104815,0.163202609045234,0.168517640145691,0.172765816520574,0.176012104547583,0.178312878805033,0.179716443574117,0.180263573547699,0.17998808286857,0.178917425873404,0.177073327279609,0.174472432863273,0.17112696617057,0.167045370396843,0.162232909639191,0.156692197966275,0.150423618546821,0.143425586764599,0.135694600446541,0.127226821515362,0.118557290815817,0.110123337410684,0.102000971470983,0.0942458497995484,0.0868920323852384,0.0799694907225227,0.0734807357766982,0.0674254439310187,0.0618033225980144,0.0565929665992307,0.0517801446171798,0.0473396600772424,0.0432597501957428,0.039510663425945,0.0360730108229204,0.0329267202576782,0.0300430970697294,0.0274037170363679,0.0249944682230693,0.0227937262674731,0.0207705674836372,0.0189469696969725,0.0172622211905982,0.015729457912337,0.0143414154279373,0.0130703507611235,0.0119055390205429,0.0108338894768354,0.00988959170849381,0.00902016149316299,0.00819626048205847,0.00748386830722422,0.00681149143931138,0.00621016380470472,0.00564042606163142,0.00516302229229069,0.00465717634826352,0.00427051028290029,0.00390517760490327,0.00351810470399147,0.00317916417272659,0.00294279035222486,0.00269210292487379,0.00242649434876087,0.00214517898897297,0.00191482195574069,0.00179733310854504,0.00167243544663988,0.00153988212939729,0.00139937777411464,0.00125055001718879,0.00109290696142679,0.000925773867511744,0.00074819832137009,0.000558804411931269,0.000445013705293048,0.0004355952293007,0.000425192204072707,0.000413790495782634,0.000401372035309214,0.000387915341219373,0.000373396143847971,0.00035778791598632,0.000341062275688047,0.000323189145730361,0.000304136539048034
-7.48814383422651e-07,-4.51013345713395e-07,-1.57121550240184e-07,0.00253393260863443,0.0164624536074076,0.034193285379472,0.0526336039853042,0.0706601169650834,0.0877461262788824,0.10311235309149,0.116663457642039,0.128540568550109,0.138871740400947,0.147772816734605,0.155348194946911,0.161691507782458,0.16688624033348,0.171006300145903,0.174116559505934,0.176273388637454,0.177525195929832,0.177912988944907,0.177470964758735,0.176227133466652,0.174203971801115,0.171419097344545,0.167885948455272,0.16361444695856,0.158611616623277,0.152882122956449,0.146428693702947,0.139252370756815,0.131352532707592,0.122860067953104,0.114447012300554,0.106274136672898,0.0984099390905521,0.0909112746648275,0.0838039001772248,0.077115431699696,0.0708482885759288,0.0650069686722132,0.0595752555880965,0.0545491496422213,0.0499110595629535,0.0456273389895663,0.0416950384788115,0.0380780387966629,0.0347687517011982,0.0317285523491511,0.0289536175460042,0.0264119646724002,0.0240862907633998,0.021953251301513,0.0200278937127146,0.0182440790104463,0.0166402937538185,0.0151711888446881,0.0138277642581813,0.0126026766401491,0.011485083038361,0.0104597789522788,0.0095070304054076,0.00868775840234566,0.00791503055680334,0.0071947037408321,0.00657486501526927,0.00596700563937365,0.00545105957654476,0.00496811269739075,0.00447518958254592,0.00412590937476508,0.00375640483765781,0.00336589184162794,0.00308317819764752,0.00284349477884692,0.00258992577537645,0.002321936481873,0.00203880915270536,0.00186560005338187,0.00174603005210998,0.00161922263881674,0.00148497167394479,0.00134302221068071,0.00119304051935287,0.0010345698034866,0.000866965173993142,0.000689297226547651,0.000500205127030468,0.000440431786402235,0.00043065473910599,0.000419880233171186,0.000408096198859756,0.00039528716182322,0.000381434809038615,0.000366518641328801,0.000350516516148995,0.00033340504685653,0.000315159724952486,0.000295754633958213
-7.48817931862723e-07,-4.5101216574798e-07,-1.57124520501422e-07,0.00249559036747298,0.0162614689743079,0.0338103378540935,0.0520625533005135,0.0698955330470742,0.0868020435258743,0.102090081852095,0.115556723848274,0.127342762622417,0.137575924656046,0.146371741893193,0.153834327059778,0.160057068316894,0.165123260479252,0.169106691260427,0.172072201764466,0.174076239169418,0.175167417927634,0.175387103068948,0.174770023850682,0.1733449211362,0.171135225046269,0.168159752506299,0.164433408165083,0.159967864547989,0.154772191781984,0.148853399657615,0.142216848235072,0.134866474133065,0.126804768472553,0.118492285783654,0.110339128504712,0.102429726500382,0.0948279206444269,0.0875795158781383,0.0807201829135702,0.0742655150929817,0.0682224768466286,0.062591774425423,0.0573616159906187,0.0525177199303856,0.0480438372250708,0.0439229990074167,0.0401340648268605,0.0366498026873443,0.0334661893864538,0.0305363305176809,0.0278595683380723,0.0254109900483454,0.0231770488105805,0.0211407559081831,0.0192616222095423,0.0175718129687923,0.0160161044813189,0.0145921119592603,0.0132951489860183,0.0121177248367956,0.0110488936288798,0.010073396249414,0.00917049688031062,0.00834344906773382,0.00762298249824675,0.00691089147670547,0.00632924686527531,0.00571657370331686,0.00525425751239207,0.00476639979331217,0.00432936593336943,0.00397567710674456,0.00360248985973255,0.00321273012591292,0.00298304717874551,0.0027403195927082,0.00248420318250417,0.00221423384545538,0.00192975683570014,0.00181396961719752,0.00169240684425047,0.00156381480565343,0.00142802886299137,0.0012848340297766,0.00113393330043948,0.00097490162583344,0.000807119258313814,0.000629674089125325,0.000444670546441391,0.000435520251095752,0.000425366844398473,0.000414204238801872,0.000402022904532909,0.000388810495750182,0.000374552441358708,0.000359232619638892,0.000342833896220487,0.000325338486237107,0.00030672801334888,0.000286983116270211
-7.4881681373142e-07,-4.51017735046299e-07,-1.57125620445239e-07,0.00245667436074088,0.0160502600033458,0.0334058508095511,0.0514591925054186,0.0690824782552695,0.0857764419806027,0.100980221450404,0.114355944692957,0.126044064296888,0.136171980100253,0.144854921696302,0.152196736366387,0.15829059820065,0.163219656103759,0.167057638833443,0.169869435438756,0.171711670104271,0.172633286532358,0.172676155492942,0.171875713089966,0.170261632936269,0.167858527246613,0.164686665904127,0.160762694911562,0.15610032805675,0.150710979285801,0.144604295786813,0.137788544227418,0.130270794370341,0.122190123400331,0.11413321164957,0.106242409666855,0.0985950270144682,0.0912547832178594,0.0842613865342685,0.0776489024485708,0.0714270865333497,0.065611019071341,0.060185522634886,0.0551505467460856,0.0504933734355142,0.0461864996111183,0.042226413478762,0.0385808661787705,0.0352318696152163,0.0321686588771646,0.0293569722704954,0.026782622284583,0.0244317340766368,0.0222834677572262,0.0203083330414314,0.0185262783526438,0.0168806138310241,0.0153826702787943,0.0140256989917937,0.0127831176423469,0.0116444666042055,0.0105980552689549,0.00967362358916181,0.00882273387790764,0.00801761077701242,0.00732080593765635,0.00666298314080529,0.00607523075869946,0.00551801847124333,0.00505046538463079,0.00455844240309552,0.00417777993388746,0.0038201595013879,0.0034438647544077,0.00311183945819161,0.00287894678680311,0.00263350082535739,0.00237523039383123,0.00210373720023948,0.00187672357389935,0.00175997794236405,0.00163654226753816,0.00150632343621809,0.00136919795720025,0.00122498898594022,0.00107343289660575,0.000914131583967306,0.000746484439116692,0.000569589911314263,0.000439793449707652,0.000430262219399043,0.000419715234044262,0.000408148882642502,0.000395556709008797,0.000381930074419471,0.000367258767775001,0.000351531682596648,0.000334737311560865,0.000316864060209421,0.000297900185850281,0.000277833269408613
-7.48818689199552e-07,-4.51016639917702e-07,-1.57121942295729e-07,0.00241437988605983,0.0158256004501857,0.0329772408111494,0.0508179338575957,0.0682204887036638,0.0846830896772892,0.0997760650502561,0.113053997469338,0.12463693050247,0.134651944628275,0.143213984036559,0.150426658883114,0.156382971472766,0.161165983198861,0.164849440478928,0.167498378415364,0.169169719593259,0.169912884117581,0.169770422624468,0.168778680386217,0.166968493656769,0.164365912695511,0.160992938686098,0.156868253803001,0.152007915776048,0.146425981582323,0.140135016853152,0.133146440627122,0.12548242509913,0.117594704719253,0.109794108447819,0.10216491017989,0.0947832345265664,0.0877021374992506,0.080966781529527,0.0745978938498522,0.0686115969780818,0.0630149456402217,0.0578013151886139,0.0529610981022445,0.0484791101435742,0.0443484546374247,0.0405419360434359,0.0370393770922574,0.0338245816516233,0.0308793186897144,0.0281827596062105,0.0257129932296968,0.0234531915744011,0.0213790238531218,0.0195043602514089,0.0177679640231496,0.0162092840597419,0.0147781355133143,0.0134698068288925,0.0122769673330205,0.0111890646362852,0.0101915136957428,0.00926457249488143,0.00846365762425759,0.00771248572324519,0.00700934832585658,0.00640644974387522,0.00581354243874623,0.00531229411134611,0.00484023598878711,0.00436430096767873,0.00402077133651571,0.0036597841977714,0.00328103996562187,0.00300689366356188,0.00277110870511927,0.00252333062915681,0.0022633566242366,0.00199084668690924,0.00182240837651967,0.00170370075171677,0.00157854515565985,0.00144689072621862,0.0013086534131064,0.0011636912283513,0.00101176910278551,0.000852509723776664,0.000685324521956783,0.000509315026698184,0.000434571183400331,0.000424641209933735,0.00041368433324618,0.000401699952957911,0.000388685272789866,0.000374635988850876,0.000359546901094097,0.000343412553288015,0.000326227677522579,0.000307987392780218,0.000288687005274621,0.000268321278807419
-7.4882159933734e-07,-4.51013231398155e-07,-1.57124097534404e-07,0.00237053347218508,0.0155879395904755,0.0325219856017237,0.0501387489459739,0.0673091078565548,0.083528303281191,0.0984704402179879,0.111643285775387,0.123113340590535,0.133007380992777,0.141440091936277,0.148514886258889,0.154324650217348,0.158952432012564,0.162472091523889,0.164948929289543,0.166440311979848,0.16699630939749,0.1666603544653,0.165469932674319,0.163457301144687,0.160650229997052,0.157072751235973,0.152745891693601,0.147688359011763,0.141917141817688,0.135447978004123,0.128295638247883,0.120670309325167,0.1130289240643,0.105485831102413,0.0981185063372499,0.0910020448267386,0.0841840112992863,0.0777006049804892,0.0715747249954025,0.0658225551975724,0.060440535020061,0.0554326217740341,0.0507900133136858,0.0464915582792944,0.042526628583859,0.0388738162459449,0.0355133897462426,0.0324313890140705,0.0296011163128635,0.0270162482063878,0.024646537038259,0.0224744783367103,0.0205054836368988,0.0186900569578243,0.017047915910204,0.0155373065631769,0.0141554458557659,0.0128974314420089,0.0117557956789287,0.0107199132659252,0.00977519838860534,0.00890198265012681,0.00809435959040393,0.00739780242018322,0.00671203075628295,0.00614201013147012,0.00555395782197135,0.00509994700810576,0.00462422808395223,0.00420592288385293,0.00385876305790844,0.00349505922665892,0.00312510027894326,0.00289811987966962,0.00265982179680916,0.00241015650440234,0.0021489821528852,0.00188011138135921,0.00176576568273632,0.00164524412070728,0.00151855553465449,0.00138568973015044,0.00124659891106961,0.00110117114856676,0.000949193707163887,0.000790302747371818,0.00062391382588339,0.000449123717231759,0.000428987116045711,0.000418641429001169,0.000407259640218651,0.000394844749903165,0.000381398260227818,0.000366920867156437,0.000351413035749208,0.000334875591337324,0.000317310059795597,0.000298718711959265,0.000279104176322375,0.000258468469675137
-7.4881632797269e-07,-4.51012941497555e-07,-1.57124756363177e-07,0.00232484869682538,0.0153396081973788,0.0320408097164643,0.0494216393140572,0.0663478979299054,0.0823111435936145,0.0970556943247959,0.110115727934462,0.121464790324997,0.131229377591548,0.139523952973625,0.146451785177553,0.152105716252562,0.156568874400196,0.159915350144826,0.162210853275694,0.163513366805271,0.163873812414018,0.163336737329671,0.161941027640661,0.159720646727966,0.156705389068737,0.152921632315783,0.148393061433882,0.143141330966378,0.137186623937566,0.130548058950776,0.123302912213127,0.11589698472682,0.1085040192762,0.101218708895303,0.0941169376872591,0.0872618314804611,0.0807019551233239,0.0744709281879665,0.0685866166139771,0.063065856742659,0.0579048661855542,0.0531025675929169,0.0486454037645185,0.0445276122536466,0.0407256028906507,0.0372261555004898,0.0340065145092789,0.0310555287351015,0.0283433077469759,0.0258614874566974,0.0235964355555101,0.021528111720784,0.0196284879388556,0.0179012173187064,0.0163079657566183,0.014872408838846,0.0135599110223114,0.0123592742330506,0.0112603009576033,0.0102490173550828,0.0093475693044391,0.0085288494919583,0.00775621380610087,0.00707455827857758,0.00644504415805358,0.00587051535655704,0.00533965955253601,0.00488163201509974,0.00440320151247857,0.00404240827245585,0.00369226033730419,0.00332656904772664,0.0030154800776782,0.00278580340821273,0.00254543159326045,0.00229437865025412,0.00203255348587281,0.00182315291217315,0.00170689867168121,0.0015847457571734,0.00145674490374004,0.00132292352647564,0.00118326532955385,0.00103768220391857,0.000885976293259304,0.00072778902822121,0.000562531738850837,0.000432751007388154,0.000423025264290044,0.000412248106174262,0.000400428108158924,0.000387572521950421,0.000373687819974346,0.000358780371446596,0.000342856964987147,0.00032592529022209,0.000307994131154853,0.000289073218732557,0.000269172603364714,0.000248301407485966
-7.48816312123711e-07,-4.51016055398406e-07,-1.57121613244966e-07,0.00227608206546287,0.0150763223779495,0.0315377808252955,0.0486666455236298,0.0653364520044214,0.0810344684644233,0.0955236819543424,0.108462749973639,0.119682290941234,0.129308555929505,0.137455836863637,0.144227327666227,0.14971591665218,0.154004926734286,0.157168820877711,0.159273888917896,0.16037893186837,0.160535955833179,0.159790884689567,0.158184294101681,0.155752163373852,0.15252663292308,0.148536747661035,0.143809156924989,0.138368734884889,0.132239077486912,0.12545274019362,0.118350536933245,0.111175727716457,0.104030684393588,0.0970024287273151,0.0901630221824193,0.0835697205062554,0.0772648336616842,0.0712854612646809,0.0656403642023325,0.0603474912030539,0.0554021139805545,0.0507981993897219,0.0465357004399803,0.042588772057213,0.0389498015654048,0.0356028639033317,0.0325221418747928,0.0296999903072136,0.0271086598643139,0.0247374309519083,0.0225699747004797,0.0205830595373849,0.0187703019176562,0.0171119505719657,0.0156069919625051,0.0142268897050907,0.0129667110177384,0.0118191352805977,0.0107739063037344,0.00981707446647918,0.00892991502030269,0.00814643813985602,0.00742971520636245,0.00674390164515312,0.00617077234379997,0.00559294164762677,0.0051192101034048,0.00465810801872054,0.00421210942595885,0.00387425908851424,0.00352184712666099,0.00315496768930127,0.00290222660820154,0.00267028746491023,0.00242833787610389,0.00217644529016903,0.00191455661001759,0.00176392722849684,0.00164594254201537,0.00152237541867953,0.00139331555593601,0.00125882330826395,0.00111890765356851,0.000973496752964644,0.000822399233837734,0.000665253082461051,0.000501457032799618,0.000426834035840548,0.000416670606316667,0.000405447869715922,0.000393178584061181,0.000379874940903801,0.000365549080745653,0.000350213725583513,0.000333882596092881,0.000316570747223662,0.000298294562491792,0.000279071367222538,0.000258918518016612,0.000237851850637284
-7.48818055543866e-07,-4.51016133517486e-07,-1.57125009428226e-07,0.00222689528845629,0.0148008529810837,0.0310084387983794,0.0478738567427589,0.0642744071985482,0.0796970241801483,0.0938941233098982,0.106675283538999,0.117756375521267,0.12723508650145,0.1352256038114,0.141831134188526,0.147144724365908,0.151250031290107,0.15422205945108,0.156127879422,0.15702734293186,0.1569738046683,0.156014857415762,0.154193081253796,0.151546800008251,0.148110830455693,0.143917201096624,0.13899580939215,0.133374978837702,0.127081871972737,0.120347926858865,0.11345928124481,0.106517254417213,0.0996189483270339,0.0928475952647956,0.0862695369621791,0.0799370071247726,0.0738878146379862,0.0681514695930678,0.0627422634310833,0.057672896474442,0.0529375970425323,0.0485400976459694,0.0444553269289466,0.0406843719607484,0.0372034545136241,0.0340076188300373,0.0310634064966026,0.0283674835943581,0.0258934809204858,0.0236282519121208,0.0215526463102092,0.019655074887165,0.0179281488824168,0.0163466790012982,0.0148940481698207,0.0135723957462432,0.0123709603277598,0.0112682167146577,0.01027664682054,0.00937497488578995,0.00854365025378781,0.00775783193108663,0.00709552962017327,0.00644815134159384,0.00589019085771079,0.00533877561355274,0.00489336662999733,0.00443022965267881,0.00404245248550439,0.00370205818318087,0.00334817952148618,0.00300992128610447,0.00278568035506928,0.00255197101152073,0.00230899022698699,0.0020568460833236,0.00181669611271317,0.00170256680890457,0.00158306509011628,0.00145833438852004,0.00132849879632549,0.00119364540167015,0.0010538008546374,0.000908901048017109,0.00075875210210893,0.000602979767475416,0.000440962219516839,0.000420525499413449,0.000409909461424488,0.000398229171857513,0.000385502273175285,0.00037174660751189,0.000356980688131381,0.000341224232454105,0.000324498427204265,0.000306826073238789,0.000288231325792248,0.000268739021198712,0.000248373457264779,0.000227156525110861
-7.48816079670243e-07,-4.5101581389492e-07,-1.57122950929478e-07,0.00217394597277185,0.0145146627837144,0.030453261419102,0.0470434207820028,0.0631614580139503,0.0782964180596974,0.0921990893543133,0.104743770225571,0.115677112958036,0.12499871560086,0.13282274578838,0.139252532403775,0.144381417348156,0.14829355871874,0.151064701716024,0.152762930297678,0.153449412246288,0.153179146116946,0.15200171357352,0.149962034889211,0.147101118032871,0.14345678339861,0.13906433882392,0.133957172095072,0.128167221723563,0.12185824295127,0.11531333850173,0.108637645230328,0.101930181027661,0.0952797093963233,0.0887657440613411,0.0824450455869554,0.0763647096199611,0.0705705958335814,0.0650756946428689,0.0598993133521569,0.0550508070550372,0.0505285631750642,0.0463186961853759,0.0424240653039968,0.0388221805648713,0.0354983113856534,0.0324438262678272,0.0296331540083079,0.0270604093995548,0.0246997142532637,0.022535406074406,0.0205545004457006,0.0187539625086203,0.0170944749154385,0.0155879607213859,0.0142158326763818,0.0129600287535916,0.0118133629357651,0.0107659199851127,0.0098043396071677,0.00892442525919995,0.00814922692569005,0.00742039178144238,0.0067549463529302,0.00616479175490303,0.00560439274855965,0.00511079952024422,0.00466298527317814,0.00419893510230198,0.00386860604981383,0.0035264630525272,0.00317197624344102,0.00289244461648453,0.00266623897652537,0.00243130452241406,0.00218788155631246,0.00193610368708171,0.00175498718712965,0.00163923722465732,0.0015184663194141,0.00139285381400889,0.00126255203874105,0.00112766717568263,0.000988234881883905,0.000844189574217866,0.000695325745581312,0.00054124846834971,0.000423804538599221,0.000413811433893709,0.000402729914372828,0.000390582765026192,0.000377393247377142,0.000363185581620613,0.000347985327238181,0.00033181976747289,0.000314717980326828,0.000296710719296234,0.000277829868791418,0.000258107447379644,0.000237574054746662,0.000216256709066892
-7.48819983804613e-07,-4.51015636963828e-07,-1.57124551080311e-07,0.00212116505702817,0.0142149169559153,0.0298727870477361,0.0461755540979902,0.0619980937706855,0.0768323700544785,0.0904294972462475,0.102669814672801,0.113434132580273,0.122588803914855,0.130236442574031,0.136480633697501,0.141415178792429,0.145124934761401,0.147686619500703,0.149169596442709,0.149636647464445,0.149144739679943,0.147745786556009,0.145487397710851,0.142413604044081,0.138565538386238,0.133982044009865,0.128700178042517,0.12286534718612,0.116715120521321,0.110358431231717,0.103896328564032,0.0974240619948128,0.0910216521411062,0.0847601751774999,0.0786930689960189,0.0728706439561106,0.0673202315841442,0.0620642808224194,0.0571183365086544,0.0524875020259292,0.048165475238705,0.0441526552671287,0.0404331287299074,0.0369977800585112,0.0338293502988303,0.0309145857111064,0.0282339110889769,0.0257808328681024,0.023528947368823,0.0214668165566766,0.0195896349457632,0.0178572939503715,0.0162930995689745,0.0148541360622201,0.0135370466384704,0.0123366833879906,0.0112457531456561,0.0102543239766915,0.00934912364613121,0.00851251041188954,0.00774823532898364,0.00707628808202249,0.00641879514750209,0.00587599260875345,0.00531457231652507,0.00487810556270914,0.00442900927434168,0.00402271536878044,0.00369122823646351,0.00334819653451459,0.00299400637788847,0.00277198024442038,0.00254435330354764,0.00230878366275515,0.00206553972209152,0.00181476380002072,0.00169126268034156,0.00157413689533914,0.00145237692474385,0.00132619192466502,0.00119575479582765,0.00106118204383415,0.000922508937913354,0.000779659009846776,0.000632406304750208,0.000480327556378659,0.000417145732279815,0.000406679567438902,0.000395122272387312,0.000382502196810921,0.000368848975728962,0.000354193913690007,0.000338570225714799,0.000322013228470668,0.00030456014066205,0.000286249672692706,0.000267121144380631,0.000247213140959486,0.000226561653047942,0.000205197636113339
-7.48819298684241e-07,-4.51013903089522e-07,-1.57125195254157e-07,0.00206481174008697,0.0139023473124308,0.0292676215958684,0.0452705527081636,0.0607904626079581,0.0753157981763438,0.0885956094274767,0.100509148231297,0.111016661043306,0.11999438086072,0.127455636420423,0.133504430932704,0.138235221277134,0.141733793912667,0.144078105884493,0.145339100274427,0.145581502070857,0.144864596896902,0.14324298873236,0.14076732736214,0.137484989540447,0.133440691665838,0.128677006462862,0.1233523067186,0.117641606693765,0.111654501689797,0.105490877872444,0.0992451845367774,0.0930075238120805,0.0868515284730699,0.0808373072528927,0.0750268879863915,0.0694517620910938,0.0641431504195508,0.0591227097579016,0.0544019905873122,0.0499817682783366,0.0458606730633276,0.0420298464297411,0.0384850902461123,0.0352150032931227,0.0321998076722582,0.0294226593213983,0.0268682328302696,0.0245304596421774,0.0223897048005844,0.0204344922728545,0.0186374535957687,0.017001022478998,0.0154924471990075,0.0141298267744982,0.012884389921871,0.0117448591278733,0.0107016393748877,0.00974192424374834,0.00888698559451378,0.00810737555575793,0.00737356133294557,0.00672694100874653,0.00612723762770142,0.00558295487428093,0.00507718789316406,0.00464164094101845,0.00419245330118141,0.00384370509601838,0.00351104516840431,0.00316803465150021,0.00286992966811057,0.00264897874793843,0.00242052118133874,0.00218494098329518,0.00194251755927927,0.00173946488805169,0.00162571909767804,0.00150749572544487,0.00138505562040496,0.00125863007303297,0.00112840368086903,0.000994493697449471,0.000856925331125111,0.000715602086647277,0.00057026947552331,0.00042046937520745,0.000410070303081586,0.000399119781865348,0.000387079565297343,0.000373984346022488,0.000359870864788808,0.00034477816418643,0.000328747622099622,0.000311822893094393,0.00029404938604774,0.000275473513594487,0.000256141449260836,0.000236097452103232,0.000215381715876409,0.000194027718760419
-7.48817092559793e-07,-4.51013038672715e-07,-1.57124772723365e-07,0.00200836942694742,0.013577727892698,0.0286384439897529,0.0443288024862765,0.0595332130407523,0.073736386766384,0.0866902495314532,0.0982809920269447,0.108453850651505,0.11720421639127,0.124469127020468,0.13031292047271,0.134830938350224,0.138110162952776,0.140230092219602,0.141263581736689,0.141277656237179,0.140334287948443,0.138491134595841,0.135802223785849,0.132318565591437,0.128103156278408,0.123319636925707,0.118087989687551,0.112512347913496,0.106689619996106,0.100720647185284,0.0946931018010666,0.088688158596006,0.0827757594578375,0.0770126435154815,0.0714463745348257,0.0661145859756947,0.0610450867184888,0.0562557429736285,0.0517540672010394,0.0475369833817736,0.0436153301846094,0.0399715432810256,0.0365969835682322,0.033477334487214,0.0306125659795255,0.0279704458525425,0.0255431667232309,0.0233204220356558,0.0212871427818627,0.0194223984718619,0.0177134831541615,0.0161560030973188,0.0147360798393107,0.0134344773891991,0.0122460239158407,0.0111635649090292,0.0101775080786863,0.00927516336764077,0.00843975597295703,0.00769710092345401,0.00702072718968755,0.00637387570884038,0.0058312270044231,0.00528696459683728,0.00483843362955389,0.00440242795070657,0.00398497186759237,0.00366175683894737,0.0033288389614545,0.00298679199910566,0.00274591918982278,0.00252393951141305,0.00229527927044148,0.00206033592780251,0.00181938170366763,0.00167353846110262,0.00155858517642633,0.00143957255210838,0.00131678526745378,0.00119046777491045,0.00106080660781961,0.000927909846793077,0.000791783189216859,0.0006523016549728,0.000509175271262908,0.000412888183573685,0.000402567724505351,0.00039112460687966,0.00037859808531496,0.000365029962816655,0.000350464781471676,0.000334949874383602,0.000318535142151369,0.000301272673501185,0.000283215863329638,0.000264418282035626,0.000244932082509161,0.000224806016841192,0.0002040830602929,0.000182797628893511
-7.48816479708759e-07,-4.51014451178889e-07,-1.57124081728881e-07,0.00194943241967235,0.0132429472930061,0.0279860125057037,0.0433507911453727,0.0582264835731003,0.0721048503534547,0.084729119123599,0.0959837133142091,0.105819454478267,0.114239288818932,0.121265690810184,0.126895250991415,0.131192085929593,0.134244676454626,0.13613439770593,0.136936380439073,0.136720326308706,0.135551269874176,0.133490275521238,0.130595053660196,0.126987085226723,0.122770496459111,0.118049316401629,0.112919616265315,0.107480594552838,0.101831619117974,0.0960579427839029,0.0902478959932371,0.0844736125753769,0.0787995858683128,0.0732811693417326,0.0679600457019034,0.0628689919039322,0.0580310220426316,0.0534673736456664,0.0491775747858315,0.0451679488871805,0.0414316724552836,0.0379654606529861,0.0347591223362989,0.031794502835472,0.0290701268842282,0.0265599596548021,0.0242558996108028,0.0221456338085785,0.0202117691543245,0.0184310794937283,0.0168220166064029,0.0153379545436148,0.0139762168337132,0.0127466016632917,0.0116198247777182,0.0105865971470582,0.00964815595685563,0.00880317382726495,0.00802538934358248,0.00729286364102012,0.00666392910808139,0.0060611996663702,0.00553205907436232,0.00502079354776301,0.00459676286882558,0.00416154503857135,0.00380141421299867,0.00347765785336441,0.00314543310154447,0.00283582158424895,0.00261978005095022,0.00239740265068381,0.00216919305180104,0.00193554355097105,0.00171787603822409,0.00160597281284461,0.00149011946969419,0.00137065136479559,0.00124786793967455,0.00112201686443766,0.000993276440665779,0.000861735795685964,0.00072737232360442,0.000590025233878021,0.00044936352124623,0.000405452439823098,0.000394630039096813,0.00038268974770644,0.000369677921397621,0.000355644205248474,0.000340641543585016,0.000324725976517563,0.000307956078975484,0.000290392224111742,0.000272095285960636,0.00025312515331117,0.000233538786935487,0.000213387999201087,0.000192716933829793,0.000171559264511901
-7.48818743896793e-07,-4.51014094487774e-07,-1.57126092173317e-07,0.00188929240871119,0.0128986532184941,0.0273111704898998,0.0423376679306765,0.0568809095510895,0.0704169895010941,0.0827040611451708,0.0936205115330205,0.103118831402468,0.11120712260473,0.11790655884613,0.123255208581454,0.127308996268722,0.130128825949016,0.131784012347677,0.132352347377273,0.131906597576556,0.1305315911391,0.128312461864975,0.125343614896895,0.121715719609866,0.11752769537364,0.112872175522706,0.107851743330622,0.102558523079543,0.0970846951339047,0.0915093754648144,0.0859162128502645,0.0803724050867921,0.0749360068473116,0.0696567850068516,0.0645741368847085,0.0597172855694863,0.0551052435370993,0.0507607874451929,0.0466755596089453,0.0428642481712277,0.0393147637406168,0.0360193429956481,0.0329740445295131,0.0301628208601272,0.0275745900770554,0.0251928147632518,0.0230075722319864,0.0210044904759004,0.0191637272558426,0.0174882356503712,0.0159439245241629,0.0145479957254202,0.0132669782832516,0.0120956833744216,0.0110270934219062,0.0100519428650259,0.00915809772516161,0.00832961039580053,0.0076074436410437,0.00693263212362018,0.00630478467173043,0.00575910447744397,0.00523109471893761,0.00477686921531599,0.00435326414758845,0.0039309666761593,0.00361557771725121,0.00329223959726392,0.00296167585415974,0.00270869289385229,0.00249205509537853,0.00226993904195092,0.00204284544676467,0.00181114247305535,0.00164994180781223,0.00153702577771516,0.00142060669112123,0.00130103643374952,0.0011786190873427,0.00105359509184579,0.000926124411153021,0.000796268106911742,0.000663967571980305,0.000529020276579968,0.000407754807925103,0.000397582517488259,0.000386252378178877,0.000373814633247109,0.000360323502033154,0.000345837132493532,0.000330417341154024,0.000314129084042616,0.000297039523407733,0.000279216857946706,0.00026072863945481,0.000241639912198248,0.000222011010074651,0.00020189516785974,0.000181335976921964,0.000160364665172443
-7.48818733664205e-07,-4.51014977534029e-07,-1.57126833701988e-07,0.00182863214007443,0.0125442889415212,0.0266148520846388,0.0412977625555657,0.0554903992213804,0.0686831916189136,0.0806199405983077,0.0911966835037482,0.10035770355554,0.108116014251874,0.114489442079648,0.119529346079011,0.123293397503095,0.125844642392798,0.127259875577343,0.127616880806994,0.126996325789762,0.125486645104262,0.123174861368048,0.120159180193275,0.116527855562892,0.112376555837836,0.10780401562835,0.102899004335168,0.0977551989718117,0.092456558815517,0.087079859252942,0.0817034436014546,0.076385946429092,0.0711813553011646,0.0661347685756096,0.0612881070243575,0.0566613404105312,0.0522707736592619,0.0481383319315698,0.0442589574087227,0.0406354801886681,0.0372656731916353,0.0341406656448769,0.0312445396045329,0.0285829576343412,0.0261276379721448,0.0238702138683745,0.0217989166859628,0.0198972372707258,0.0181554909616736,0.0165666596831934,0.0151117581063909,0.0137753993463456,0.0125537053106725,0.0114442996646194,0.0104312230605218,0.00951414825680509,0.00867816016381489,0.00790764559280448,0.00718784514705442,0.00656982178853738,0.00596969545142903,0.00545501982239844,0.00494398486727799,0.00453095687329826,0.00410906410242806,0.00374355186797232,0.00342830078139734,0.00310636101931614,0.00279124462219898,0.0025798894281564,0.00236331989073937,0.00214213887694921,0.00191682458656292,0.00169073242981195,0.00158057668208174,0.00146698232571903,0.00135035288113104,0.00123104645646701,0.00110936102216576,0.000985519367064242,0.000859653632829501,0.000731788753928292,0.000601823846165594,0.000469510343246772,0.000399963273951682,0.000389272987770991,0.000377433509367572,0.000364502952799479,0.000350544111598314,0.000335624155762744,0.000319814054907531,0.000303187658493273,0.000285820315295643,0.000267787286663074,0.000249161665677445,0.000230012215797032,0.000210400979420746,0.000190380851138568,0.000169993112564573,0.000149264912958365
-7.4881565526808e-07,-4.51015240283187e-07,-1.5712751759498e-07,0.0017655343409929,0.0121808059067496,0.0258980874835593,0.0402252829099509,0.0540610894791055,0.0668971805419006,0.0784905356567332,0.088717840108841,0.0975421543345329,0.104971891976795,0.111028235190069,0.1157686300762,0.119249900366495,0.121547842642621,0.122735174453558,0.122896252689102,0.122117949317736,0.120489682470124,0.118105335295032,0.115052284863123,0.11143034719233,0.107329780415638,0.102846384809376,0.0980652322257093,0.0930741691272051,0.0879536798207559,0.0827751011587565,0.0776136526411131,0.0725169989485747,0.0675439831081431,0.0627302786193268,0.0581063799035888,0.0537045416976113,0.0495304089025535,0.0456014932466916,0.0419196743343759,0.0384819164448108,0.0352826078733697,0.0323220362775582,0.0295808406102026,0.0270566592933881,0.0247305260905594,0.0225929416032427,0.0206302489128916,0.0188237064504121,0.0171859453624157,0.0156710370161466,0.0142977603691269,0.0130419374169225,0.0118924993698871,0.0108425682854555,0.00988319778709728,0.00900279060518395,0.00819705788880526,0.00748376888374477,0.00681568297981501,0.00620611879144947,0.00566274308152099,0.00515036110956559,0.00469586544511997,0.00428419558045025,0.00386530382500016,0.00355457319469677,0.00324045209144268,0.00292089049519987,0.00266147532385503,0.00244999067396284,0.00223417124584035,0.00201459925612278,0.00179171132585383,0.00162101473155181,0.00151006539739518,0.0013961498359176,0.00127967959385608,0.00116100798263461,0.00104041607858286,0.000918099127232661,0.000794153018802151,0.000668559928030447,0.00054117207795359,0.000411692250301044,0.000391733205403441,0.000380521966473287,0.000368176380227015,0.000354763185422081,0.000340354331858042,0.000325026365239431,0.000308859447502721,0.000291935988644736,0.000274338810985891,0.000256149133857401,0.000237444157543993,0.0002182946811542,0.00019876265132652,0.000178898809405735,0.000158740426690256,0.000138309088852774
-7.48821665564015e-07,-4.51014837877039e-07,-1.57123735560454e-07,0.00170330973377899,0.0118091994991108,0.0251657820014856,0.0391212700221974,0.0525960608653129,0.0650744846636902,0.0763119518515394,0.0861898978821582,0.0946786202589829,0.101781781161055,0.10752928730975,0.111975133994146,0.115189717800637,0.117243320801214,0.118219622262517,0.118201036073268,0.117282349342619,0.115552465636317,0.113108939201093,0.110036275050029,0.106434743483309,0.102396985096455,0.0980076291819495,0.0933561479780515,0.08852169723194,0.0835812019011134,0.0786024265479136,0.0736495162278809,0.0687761482994969,0.0640244657969778,0.059436604629281,0.0550351349315777,0.0508493815379962,0.0468856366868823,0.0431545856464999,0.0396611759545912,0.0364044080027604,0.0333768657723905,0.030565865406548,0.0279759959927123,0.0255852271339445,0.0233840786796033,0.0213613612517779,0.0195014616884084,0.0178027921510983,0.016243865046985,0.0148223870935054,0.0135159591153515,0.0123205917635228,0.0112309556772456,0.0102401354954578,0.00933925944592191,0.00851693796449769,0.0077583888787961,0.0070599666012128,0.00644839710993576,0.00585566446284356,0.00535503532855727,0.00484907455118433,0.00444674513674274,0.00403774224982161,0.00367189276852499,0.00336490803815007,0.00305291232557614,0.00273730378142241,0.00253052375969348,0.00231959932797512,0.00210521464511696,0.0018879114445175,0.00166806714459191,0.00155010067833646,0.00143871616514844,0.00132485227552361,0.00120891726960351,0.0010912484864649,0.000972099788898007,0.000851630037248778,0.000729891880489834,0.000606819790918244,0.000482216195512295,0.000393609956256915,0.000383062075355851,0.000371331659040205,0.000358488648964978,0.000344609060111725,0.000329774416938188,0.0003140707560079,0.000297587174253519,0.00028041398675787,0.00026264042164545,0.000244352239162109,0.000225629047254015,0.000206541833676556,0.000187150575368651,0.000167502088681403,0.000147628087369303,0.000127543327072529
-7.48819600190917e-07,-4.51013918591013e-07,-1.57122765724461e-07,0.00163996961295086,0.0114305074779262,0.0244181616111446,0.0379989465841525,0.0510977189857139,0.0632107529162492,0.0740897211121895,0.0836194791851371,0.0917738759524296,0.0985530926242583,0.103996379565838,0.108162691829699,0.111115390635848,0.112940835245129,0.113723289353062,0.113541515572402,0.112499849631293,0.110684882453538,0.108195477029469,0.105118328340803,0.101550233626783,0.0975816397651344,0.0932948716176819,0.08877779044751,0.0841026910324819,0.0793428720498958,0.0745624808526235,0.0698171620692048,0.0651585989086083,0.0606293257796451,0.0562572981233449,0.0520740845292075,0.0480974435568282,0.0443371586435578,0.0408011470387248,0.0374914508184463,0.0344039142856287,0.0315379532906151,0.0288815832949281,0.0264308048969512,0.0241695151647185,0.0220886888308554,0.0201754136474994,0.0184173063687996,0.0168160694345231,0.0153396340555368,0.0139929874220735,0.0127664872163857,0.0116430687293988,0.0106160006375975,0.00967665292234047,0.00881395088966846,0.00803191643217023,0.00733041446239171,0.0066734432777995,0.00608172695527046,0.00554515937233684,0.00504801915161117,0.00459780180039855,0.0041977954452326,0.00379274682539027,0.00348056797627899,0.00317544844806538,0.00286655524247379,0.00260541350055596,0.00239899772516081,0.00218932862162636,0.00197705126260428,0.00176264842332885,0.00158729131184316,0.00147829877128475,0.00136685490026915,0.00125342358177651,0.00113839820930879,0.00102208935776375,0.00090471438893246,0.000786388386004737,0.000667115467738424,0.000546779239911497,0.000425131147056613,0.000385031251100159,0.000373951351681169,0.000361708884493049,0.000348383159405534,0.000334059942803363,0.000318830531699434,0.00030279027646898,0.000286036615942852,0.000268666759429394,0.000250774944768355,0.000232449767871461,0.000213771356212234,0.000194808950387867,0.000175618714353639,0.000156241913522138,0.0001367033647988,0.000117010007068686
-7.48813429979621e-07,-4.51015981253849e-07,-1.5712594253343e-07,0.0015751467333981,0.0110458075433226,0.0236548806706834,0.0368496706766076,0.0495692391036686,0.061309472312785,0.071829760064481,0.0810135377296367,0.0888350124465245,0.0952948598613466,0.100445316233377,0.104339163538033,0.107050662016436,0.108660041906359,0.109255754895137,0.108931586994218,0.107780085668718,0.105894101914884,0.103373832719005,0.100304365190666,0.0967805475209278,0.0928904467245211,0.0887139147686503,0.084334816826578,0.0798206319655859,0.0752409824320477,0.0706563693424301,0.0661188370385734,0.0616725932079735,0.0573545754414286,0.05319543581088,0.0492232857326996,0.0454493967168862,0.0418847799415251,0.0385345671462032,0.0353995946552018,0.0324842815196563,0.0297691496189532,0.0272635174014034,0.0249461435617831,0.0228099330420822,0.0208443220110398,0.0190346164898259,0.0173829099073873,0.0158622164301955,0.014478037517841,0.013205403886084,0.0120402390447613,0.0109772399870363,0.0100096580688876,0.00912896013200811,0.00832430475043754,0.00758171199712183,0.00690428475739327,0.00630328570042061,0.00572195301103866,0.00523517608350979,0.00474312635363303,0.00434655577136735,0.00395018405078227,0.00358815846344948,0.00328934038831308,0.00298708192179845,0.00268222916119414,0.00247286376441048,0.0022675174845695,0.00205978910311164,0.00185026519180925,0.00163935337957022,0.00151510338216658,0.00140593636148822,0.00129481861207215,0.0011822005372194,0.00106844939863594,0.000953839215724298,0.000838542992736637,0.000722626388930502,0.000606041534900821,0.000488619771294357,0.000386403164523653,0.000376013417110353,0.000364407021280151,0.000351665588885152,0.000337878347979182,0.000323141102580553,0.000307554830117076,0.000291223673375321,0.000274252475688067,0.000256743963898797,0.000238795693021405,0.000220497163385794,0.00020192703166648,0.000183150869138592,0.000164219313859706,0.000145166666487417,0.000126009789214133,0.000106747115290139
-7.48819558766384e-07,-4.51016401389517e-07,-1.57125467002076e-07,0.00151177605444298,0.0106562141095981,0.0228773906913712,0.0356823162138915,0.0480181819854317,0.0593836348641704,0.0695381838155113,0.0783773013739342,0.0858694071520497,0.0920215005868672,0.0968833936815787,0.100512890858978,0.102990402475228,0.104401980020348,0.104830099168577,0.104377235989532,0.103131874637399,0.101188733634215,0.098651845450466,0.0956014832092689,0.092131956213293,0.0883287738348687,0.0842691587315926,0.0800304334259574,0.0756776506310482,0.0712806797481439,0.0668892951453146,0.0625527488310583,0.058312503991351,0.0542032317716069,0.050254207131126,0.0464833693343685,0.0429049959605773,0.0395274073001261,0.0363610044466792,0.0333996638277051,0.0306377046541668,0.0280793766555786,0.0257105731130584,0.0235224282298711,0.0215064534308987,0.0196505215973014,0.0179446135707571,0.0163876635981689,0.0149533679768953,0.0136409834523676,0.0124474648528529,0.0113537117752236,0.0103531506720696,0.00943746911905212,0.00859610489311287,0.00783751879633751,0.00715152915217164,0.00650933915884847,0.0059352774600745,0.00540925122267251,0.00492716847755147,0.00448496977908615,0.00409652074316557,0.00370504976708118,0.00339531832574564,0.00309911038330045,0.00280067239979631,0.00254162004898944,0.00234028110505838,0.00213670237685235,0.00193157556161287,0.00172541154860255,0.00154929490802131,0.00144230488910496,0.00133335303039448,0.00122294817518481,0.00111151546243499,0.000999385665274212,0.000886787872253048,0.000773844687888325,0.000660568562995206,0.000546858037515291,0.000432492416534238,0.000377492111265921,0.000366561614827592,0.000354440096599212,0.0003412192323141,0.000326998531182566,0.000311883826129978,0.000295985345973268,0.000279415153880169,0.000262284168022524,0.000244698961266618,0.000226758441219232,0.00020855097080125,0.000190151730288121,0.000171620819320315,0.00015300184436396,0.000134321010908446,0.000115586478899892,9.67877914074401e-05
-7.48816380866956e-07,-4.51017360867901e-07,-1.57125531665062e-07,0.00144817067160116,0.0102628748837957,0.0220929578375577,0.0344992046172755,0.0464402439749723,0.0574336534849159,0.0672247516830359,0.07571782845893,0.0828846862110884,0.0887343224729955,0.093314161588261,0.0966979655120612,0.0989561318956959,0.100174577451088,0.100457197840665,0.0998866739155871,0.0985630878039449,0.0965797548834968,0.0940361933184373,0.0910155208451931,0.08760938525708,0.0839005720683595,0.0799635331449637,0.075866339470186,0.0716825692262753,0.067463611463106,0.0632620301253132,0.0591234910128041,0.0550859427440507,0.0511801742178973,0.0474302828458625,0.0438540341586089,0.0404666440098312,0.0372749726222719,0.0342785747576057,0.0314786689814207,0.0288741173416505,0.0264591233986521,0.0242231657831239,0.0221596257927089,0.0202586225568208,0.0185064145639115,0.0169052935604723,0.0154299101418144,0.0140865200082361,0.0128511076799513,0.0117195381686516,0.0106865563144492,0.00974559244235559,0.0088884530095763,0.00810483284422153,0.00738152894292974,0.00672496936387408,0.00613794858230643,0.00557129438498926,0.00509836665321694,0.00462254800643251,0.00423270743975455,0.00384885493120198,0.00349400519159708,0.00320337368430123,0.0029107568768317,0.00261704247917471,0.00240804568595462,0.00220829298011173,0.00200715742344299,0.00180525474230929,0.00160300600158285,0.00147612853694562,0.00136923748165141,0.00126089336006652,0.00115158094599524,0.00104168916958454,0.000931503382025646,0.000821201202656684,0.000710850693109682,0.000600409256920411,0.000489721922140021,0.000378517650879566,0.000368147558175309,0.000356685907144042,0.000344067041165116,0.000330393131125315,0.000315774047989132,0.000300325335976895,0.000284165672641014,0.000267413781287097,0.000250184998215132,0.000232587769315956,0.000214720262406758,0.000196667616266555,0.000178499630844876,0.000160269334173976,0.000142012086941356,0.000123745182148117,0.000105467653463076,8.71600643995448e-05
-7.48815537816926e-07,-4.51012686465713e-07,-1.57125721223695e-07,0.00138394290156616,0.00986895653690681,0.021301843270482,0.0333017301432419,0.0448531786204911,0.0554625648785124,0.0648936045421428,0.0730423564313033,0.079888677978831,0.0854417759157429,0.0897548508304102,0.0928945936643056,0.094948283863043,0.0959998616280373,0.0961397038384007,0.0954671456530042,0.0940805276517688,0.0920714958993408,0.0895322863689625,0.0865519880999578,0.083219125187464,0.0796083063023079,0.0757984423955526,0.0718504651246837,0.0678286395920589,0.0637850348105996,0.0597739669530569,0.0558304913250335,0.0519898801818546,0.0482803085622877,0.0447233018687809,0.0413381551787438,0.0381347448704874,0.0351150604659972,0.0322853820364442,0.0296431514339524,0.0271878018189995,0.0249087987847512,0.0228012469176079,0.0208572685407529,0.0190655723807451,0.0174153910896238,0.0159093171717752,0.0145204720452891,0.0132486948227821,0.0120913636301307,0.011030428084788,0.0100594874093448,0.00917055147251796,0.00835356359933307,0.00761844314600556,0.00695104518740968,0.00632663465772596,0.00577023587744082,0.00525777717608431,0.00479073489870711,0.00435955619242823,0.00398269677831729,0.00360466621635796,0.00330049932294769,0.00301321769527894,0.00272511898766014,0.00247116517427232,0.00227499031033542,0.0020775141379292,0.00187946069035123,0.00168135447742898,0.00150753554095244,0.00140264310218487,0.00129624895020098,0.00118889937107572,0.00108104349801499,0.000973024484955885,0.000865075135253156,0.000757317083303201,0.000649761704772177,0.000542311285225671,0.000434758945903979,0.000369136950566498,0.000358378638605942,0.000346401747954308,0.000333310122962827,0.000319216614597418,0.000304241238770292,0.000288508522485174,0.000272144419536488,0.000255272690881994,0.000238011127549104,0.000220467902939099,0.000202738282234023,0.000184902177106713,0.000167022302145163,0.000149143298051041,0.000131291387258043,0.000113474472584614,9.56823409731867e-05,7.78867617943376e-05
-7.48816543954815e-07,-4.51014230268155e-07,-1.57125715067969e-07,0.00132053967312365,0.0094745424271487,0.0205024877028651,0.0320973700674201,0.0432500605886988,0.0534761477932918,0.0625498802205681,0.0703582513154361,0.0768893582787563,0.0821524687676789,0.0862116287561225,0.0891265975488552,0.0909838019800782,0.0918717143010013,0.0918896217618004,0.091131402647098,0.0896898490056624,0.087668942920746,0.0851456936538185,0.0822202246443956,0.0789662414756546,0.0754614879284268,0.0717752778793567,0.0679780165521237,0.0641192645950766,0.0602546963794712,0.0564229010875018,0.0526705338169969,0.049022396799425,0.0455032122593169,0.0421333974703781,0.0389329115337853,0.0359026379602109,0.0330520585434908,0.0303815097253396,0.0278922663522542,0.0255756293831469,0.0234283319041688,0.0214443225978417,0.0196144716409237,0.0179260324727302,0.0163788451183027,0.0149546930188711,0.0136552025044576,0.0124600158740598,0.0113649727063518,0.0103648910379938,0.00945339581675105,0.00862263715021369,0.00786283695856361,0.00716154606995871,0.00652593581946596,0.00595565274514319,0.00540784476390853,0.00494736537189481,0.00448772269641236,0.00410739267780729,0.00373606650245723,0.00339101163417331,0.00310868620401867,0.00282570549418092,0.00254297968996019,0.00233715289746465,0.00214307781578736,0.00194853361204733,0.00175415199253451,0.00156035464770855,0.0014337019879456,0.00132918909695696,0.00122368562623083,0.00111770316506446,0.00101164495314344,0.000905800626920593,0.000800345447199465,0.000695342554124127,0.000590746397456379,0.000486405661469562,0.000382064394699814,0.00035949111519385,0.000348199752267705,0.000335730301501943,0.000322197589141048,0.000307725025172592,0.000292442160303784,0.000276481413360617,0.000259974437441754,0.000243048084075038,0.000225820420160409,0.000208397118191479,0.000190868434513043,0.000173307230769915,0.000155767717336646,0.000138285162965598,0.000120876109155893,0.000103538909085191,8.6254270154894e-05,6.8985568984363e-05
-7.488180624493e-07,-4.51011096222385e-07,-1.57124261324e-07,0.00125890713304785,0.00908036151827417,0.0197027681529863,0.0308852168095485,0.0416363990682484,0.0514858571536724,0.0602002417177434,0.0676729495557764,0.0738947868425375,0.0788808809688255,0.0826886617938355,0.0853882433875753,0.0870630070567509,0.0878105370063453,0.0877185783434538,0.0868860396523029,0.0854083402776097,0.0833757047208592,0.080887285392092,0.07801746069677,0.07484838358847,0.0714546642639312,0.0679025188003681,0.0642503366579742,0.0605555007940568,0.0568638957513115,0.053215533763328,0.0496440771302876,0.0461830092002848,0.0428475172924655,0.0396612735076338,0.0366341830354885,0.0337723835426365,0.0310837710741506,0.0285677748147363,0.0262195805895794,0.0240375016714854,0.0220171937195511,0.0201514754309204,0.0184299516664947,0.0168387736678803,0.0153890892017485,0.014048653210941,0.0128226562207947,0.011704285540763,0.0106788530749477,0.00974014924152093,0.00888051383613935,0.00809039120586648,0.00737896847829589,0.00673265084904317,0.00612840804603772,0.00558984231106199,0.00509333657417892,0.00464145163068218,0.00422362731442237,0.00385850147722234,0.00349387486228936,0.00319769275980159,0.00291943640865646,0.00264163724645907,0.00239506947135801,0.00220421118437358,0.0020129077877101,0.00182190300617341,0.00163172343852213,0.00146250800825775,0.0013598497459339,0.0012561167029725,0.00115188481331855,0.00104761998321088,0.000943671139783876,0.000840268776184375,0.000737527730733227,0.000635452170455225,0.000533941036696848,0.000432792232813493,0.00035999434943459,0.00034943469567826,0.00033763093518526,0.000324698680438033,0.000310763717556555,0.000295959517600552,0.000280424158299426,0.000264296455570515,0.00024771184008927,0.000230798067079191,0.000213671180565877,0.000196432142667715,0.00017916426689277,0.00016193182605852,0.000144779431229677,0.000127732365637548,0.000110797282787546,9.3963129429395e-05,7.72019222069749e-05,6.04692387935617e-05
-7.48817732563845e-07,-4.51016420460696e-07,-1.57124076381936e-07,0.00119737211190844,0.00868759384022968,0.0189044826516726,0.0296731320054764,0.0400272913085379,0.0494951888179549,0.0578513273650953,0.0649938918845526,0.0709130357499423,0.075632653642024,0.0791985137642309,0.0816954130921684,0.0832056863591155,0.0838141740789137,0.0836245930798505,0.0827301634539031,0.0812289401577098,0.0792071668748513,0.0767515025641988,0.073945598898969,0.0708701510892055,0.0675900412329416,0.0641690506657136,0.060669620982405,0.0571371996470152,0.0536125733121542,0.0501439364155933,0.0467505794325188,0.0434702767795657,0.0403109363840811,0.0373018072470159,0.0344394067180181,0.0317439800568721,0.0292091215665157,0.0268361539827107,0.0246249648394104,0.0225728481650974,0.0206744229386969,0.0189213885272429,0.0173020442273366,0.0158118565664141,0.014443807748484,0.0131909591461205,0.0120385980510584,0.0109825756967089,0.0100178120730328,0.00913814532036736,0.00833607574043501,0.00760234523356165,0.00692523691021245,0.00631082081965558,0.00575944933890354,0.00523076986663657,0.0047847461364367,0.00434133528767667,0.00397266314804079,0.00361396283762434,0.00328066860726136,0.0030068474371267,0.00273356696816122,0.00246174386861315,0.00226120886909171,0.00207294969375116,0.00188504339188767,0.00169812661091791,0.00151261215986857,0.00138832951223043,0.00128633234365942,0.00118376810420128,0.00108116770036154,0.00097894218180548,0.000877379861013269,0.000776648754646001,0.000676802472497295,0.000577787488535987,0.000479450052537998,0.00038154111683078,0.000350078400065383,0.0003389865519293,0.000326698107392189,0.000313340016810466,0.000299048645553288,0.000283966625040557,0.000268239152037591,0.000252009562372194,0.000235414879705122,0.000218581404035166,0.000201620864479176,0.000184627461508424,0.00016767588541502,0.000150820616509516,0.000134095963601111,0.000117516950621009,0.000101080455900614,8.4766409180902e-05,6.85387334331687e-05,5.23458983293654e-05
-7.48815120811965e-07,-4.51015855926828e-07,-1.57126370222651e-07,0.00113615175806373,0.00829741667140881,0.0181045501479219,0.0284618414601198,0.038415791726972,0.0475066189391543,0.0555096838848541,0.0623284505109854,0.0679529626184046,0.0724132146529725,0.0757543190859923,0.0780584893880214,0.0794068967339249,0.0799012979854546,0.0796276726347568,0.0786846252301909,0.0771637478981975,0.0751554442652741,0.0727477262294632,0.0700169202720746,0.0670354725123495,0.0638722671146581,0.0605878650883203,0.0572351195457118,0.0538597761468962,0.0505050645971845,0.0472074566972452,0.0439885301309778,0.0408818342563107,0.0378967240612119,0.0350511567297344,0.0323555535883883,0.0298105625121775,0.0274212142714888,0.0251915890051735,0.0231137470912758,0.0211831110023863,0.0193986546039183,0.0177523698107483,0.0162287182830696,0.0148344572209992,0.0135450441885633,0.012368949957014,0.0112919034815013,0.010304223375422,0.00939991253328574,0.0085716506755314,0.00781038054200065,0.00712304989150566,0.0064997684171629,0.00591753334797553,0.00539709281546216,0.00491835391975373,0.00448184390304094,0.00407911668420948,0.00372595266976226,0.00337476855966232,0.00308837777476481,0.00281930914886969,0.00255182644945441,0.002314298790131,0.0021289594915918,0.00194394285077509,0.00176000103448024,0.00157765369965007,0.00141469099470965,0.00131443592293732,0.00121349641994213,0.00111247016709964,0.00101183305119413,0.000911934228407934,0.000812997452227512,0.000715127084941408,0.000618316599627212,0.000522457577863347,0.000427347438152517,0.000350101812505784,0.000339769884577266,0.000328171375465672,0.000315433184067184,0.000301693327689434,0.000287097972586748,0.000271797605459035,0.00025594272064153,0.000239678996648133,0.000223142669166872,0.000206456207276833,0.000189724845096977,0.000173034209337409,0.000156449044768911,0.000140013214956231,0.000123750384587196,0.000107665391014264,9.17457197041767e-05,7.59628661055314e-05,6.02733830619086e-05,4.46194257076076e-05
-7.48821155798073e-07,-4.51015795893359e-07,-1.57123794010945e-07,0.00107747833931142,0.00791099641650331,0.0173144780833881,0.0272561621856081,0.0368084689155678,0.0455256896131054,0.0531816938497994,0.0596838493518436,0.0650239770500728,0.0692307947321289,0.0723564584601389,0.0744781052702004,0.0756844471755799,0.0760662920421725,0.0757215944289537,0.0747386266813251,0.073213886338417,0.0712335256976307,0.0688752401695243,0.0662211910417432,0.0633421683043984,0.0602986327089177,0.057148600079324,0.0539424364474368,0.0507234828045759,0.0475352752898668,0.0444044631669863,0.0413554880651696,0.038414425789732,0.0355970881650803,0.0329111768892814,0.0303670720725062,0.0279743401880876,0.0257290794625893,0.0236311961774603,0.0216779007258046,0.0198636032196731,0.0181881498346066,0.0166423746420089,0.0152119650632385,0.0139039545510957,0.0127001340835683,0.0115928144154974,0.0105778988252959,0.00965044079315077,0.00880451256359443,0.00803297312829732,0.00732707889723603,0.00667582478763767,0.0060829648664521,0.00555215837742042,0.00504286932919018,0.00461288558131118,0.00418584169898264,0.00383041945421132,0.00348451057074349,0.00316437234947074,0.00289931028620876,0.00263584396607314,0.00237488322743222,0.00218117258401529,0.00199890664907551,0.00181771907730389,0.00163824221963824,0.0014608732080143,0.00134049579394978,0.00124117786317116,0.00114167426456317,0.0010425279681344,0.000944152013223885,0.000846829019801046,0.000750716564944198,0.000655856175332983,0.00056218390958774,0.000469540362245503,0.00037767876619825,0.000339952734888833,0.000329092192135644,0.000317019786005149,0.000303873965411067,0.000289803175003629,0.00027496217633406,0.000259507563136357,0.000243593001660786,0.000227364115653953,0.000210953888136215,0.000194478670432063,0.000178035259827732,0.000161699234494971,0.000145524451945667,0.000129543734513746,0.000113770117576313,9.81986073196554e-05,8.28078808298873e-05,6.75617497358553e-05,5.24101971596215e-05,3.72898905407055e-05
-7.48820119703825e-07,-4.51016893063872e-07,-1.57127202653913e-07,0.00102039224875774,0.00752947922894714,0.0165305860938569,0.0260608379199388,0.0352201529635894,0.0435578427985851,0.0508734983899827,0.0570670793009432,0.0621304385980601,0.0660933467741198,0.0690131659246972,0.0709626985172884,0.0720421594525815,0.0723269396787042,0.0719181868807825,0.0709096582914381,0.0693882271815294,0.0674342488721376,0.0651408836481714,0.0625681409126347,0.0597879548492171,0.0568663744242661,0.0538516837978452,0.050791754413288,0.0477289880120917,0.0447004928041004,0.0417323834271973,0.0388481224639917,0.0360666146501971,0.0334070401716424,0.0308782102278921,0.0284849282767855,0.0262316649112504,0.0241200875864177,0.0221491728884286,0.0203151981003634,0.0186115714389807,0.0170408249684462,0.0155890244710683,0.0142522866193759,0.0130173621058791,0.0118931821327955,0.0108594390560286,0.0099113564528483,0.0090431731905984,0.00824792074319084,0.00751703903074539,0.00685430392092147,0.00625554124414539,0.005696669829779,0.005194728380348,0.00473506999133499,0.00431421982112743,0.0039278182877715,0.00358690063649052,0.00324924789840189,0.00297392557571545,0.00271424947571624,0.00245713815602629,0.00222976170571826,0.00205017732369716,0.00187159059353778,0.00169475216805401,0.00152016781106057,0.00136454722452765,0.00126688655658989,0.00116889265229325,0.00107117703660068,0.00097421927296104,0.000878364133679903,0.00078382550657365,0.000690695260102613,0.000598954684850705,0.000508486356824983,0.000419084640507215,0.000339506924217961,0.000329433308569842,0.000318074587908911,0.000305568275259536,0.000292063854044923,0.000277719108727169,0.000262695743196928,0.000247154394426587,0.000231249475335459,0.000215124059478666,0.000198905481699531,0.000182701892673314,0.00016660002961283,0.000150664353268861,0.000134937292690073,0.000119440574726494,0.000104176925855246,8.91321163448414e-05,7.42767694107587e-05,5.95678360133001e-05,4.49495806698914e-05,3.03540123421789e-05
-7.48819061576696e-07,-4.51016631693618e-07,-1.57125221762476e-07,0.000964064041805381,0.00715502094350292,0.0157523049641044,0.0248758642873109,0.0336430591722971,0.0416185674766371,0.0485909171181182,0.0544848094322226,0.0592793858400287,0.0630084454510801,0.0657322459185329,0.0675284530492175,0.0684823173027097,0.0686840349399368,0.06822452480317,0.067195601366075,0.065682201516378,0.063772891394892,0.0615391063346089,0.0590560507511867,0.0563825344274143,0.0535787807348737,0.0506972363580651,0.0477822162484444,0.0448715577286692,0.0419980265662783,0.0391877447512647,0.036462252199274,0.0338386688404446,0.0313301629483341,0.0289463622605767,0.0266936996202078,0.0245756833964584,0.0225930798971444,0.0207439891037271,0.0190237835189821,0.0174248579723923,0.0159542782112262,0.0145896185542529,0.0133412742303113,0.01218852537936,0.0111281008650735,0.0101559988034057,0.00926743970829644,0.00845675252482203,0.0077171649079478,0.00704044352578632,0.00641627558157151,0.00584540482977645,0.00533636225599647,0.00484886297753301,0.00443395765271015,0.00402346412269849,0.00368240683794553,0.00334949477458086,0.00304342202062835,0.00278740778647178,0.00253389953664357,0.00228378932014867,0.00209793686430431,0.00192186481917828,0.00174749744056879,0.00157545513955982,0.00140611474045786,0.00129066456565302,0.00119420517813882,0.00109789732243627,0.00100228908092245,0.000907790363116785,0.000814674783423258,0.000723087559608795,0.000633057218752071,0.000544508736993693,0.000457276066758499,0.000371112587885211,0.000329167424649474,0.000318571366629797,0.000306752173568002,0.000293858976271961,0.000280051339901929,0.000265494849689747,0.000250356159375965,0.000234797541352754,0.000218971633788322,0.000203016445740764,0.000187051461177745,0.000171174860700742,0.000155462089963011,0.000139965837340244,0.000124716963130665,0.000109726372884422,9.4987068864385e-05,8.04763440719873e-05,6.61576194369881e-05,5.19818689418474e-05,3.78884837976805e-05,2.38056230927137e-05
-7.48815642505193e-07,-4.51016640335037e-07,-1.57124407747092e-07,0.000908588281450473,0.00679047034720809,0.0149940262442513,0.0237105428149426,0.032084567893501,0.0397028454420591,0.0463460338447888,0.0519432955040131,0.0564774145480759,0.0599831845337939,0.0625209677070342,0.0641737436412743,0.06501199079645,0.0651398855223028,0.0646386569916581,0.0635979868747192,0.0621040282669347,0.0602422184330769,0.058073427312128,0.0556822624190279,0.0531170880213813,0.050434980806296,0.0476855303071872,0.0449119592424636,0.0421486368691325,0.0394246545167368,0.0367662125984639,0.0341928779734253,0.0317196639854762,0.0293581238940506,0.0271163536438943,0.0249992976360099,0.0230089652506591,0.0211464642326941,0.0194137290470375,0.0178014538490125,0.0163025942123968,0.0149258115412037,0.0136488238818131,0.0124757039163115,0.0114004780344245,0.0104116583117614,0.00950464678904814,0.00867394330476502,0.00791294419473722,0.00721358641315185,0.00657600612878142,0.00600283152895801,0.00546826038836359,0.00498523321434217,0.00454554040939311,0.0041406690363814,0.0037713855968106,0.0034430269178319,0.00311902080961589,0.00285559870629075,0.00260554102147627,0.0023588759912052,0.00214230962663972,0.00196873262363528,0.00179673343092544,0.00162705252426471,0.00146017652010264,0.00131252434048328,0.00121766071159895,0.00112277421843387,0.0010284826348278,0.000935263424663811,0.000843453181093519,0.00075325386771805,0.000664744094998762,0.000577892913706714,0.000492573916385401,0.00040857785205456,0.000328268098692332,0.000318483781884144,0.000307400540811305,0.000295165693931087,0.00028193917883767,0.000267889230609411,0.000253187326927961,0.000238002699873312,0.000222496717711904,0.00020681765509161,0.000191096129880758,0.000175441843800948,0.000159941614573801,0.000144658821832927,0.000129634120236412,0.000114887020368836,0.000100418163054064,8.62115939453428e-05,7.22370055008168e-05,5.84515337235117e-05,4.48010431578334e-05,3.12208879380972e-05,1.7636138530555e-05
