-7.48810790991415e-07,-4.51018160002768e-07,-1.57120984858512e-07,0.000494323673744555,0.00223217309137662,0.0050305789142217,0.00795718213745698,0.0108393427512527,0.0136882949098895,0.0165099752259708,0.0194062888883933,0.0228872100190507,0.0263189681173148,0.0296947646443009,0.0330048758890528,0.03623748223482,0.0393794989538112,0.0424173722247841,0.0453377941512036,0.0481283005803497,0.0507777385553425,0.0532765823300378,0.0556171028232934,0.0582006436230456,0.0607820533530492,0.0631940453819273,0.0654317972016467,0.0674912228643764,0.0693686992373417,0.0710608021525102,0.0725640603599606,0.0738747534220634,0.074988757279099,0.0759014387753942,0.0766076043547376,0.0771736605409076,0.0777876352418693,0.0781120591262687,0.0781304620123877,0.0778259229714942,0.0771809484272485,0.0761772304080493,0.0747952581736053,0.0730137451466211,0.0708088136212611,0.0686613605551413,0.0662495373651321,0.0634907039289203,0.0603589840729991,0.0568217485795794,0.052836792042002,0.0496431394321369,0.0463474370700466,0.042691137547546,0.0386612100516304,0.0360975959806346,0.0332763058594643,0.0301569233697013,0.0267274517514412,0.0250301170302518,0.023170512744419,0.0211238310084434,0.0188563173021695,0.016319964128649,0.014608773771421,0.0138384999193148,0.0129987694224652,0.0120807170946072,0.0110728425270818,0.00995970483747928,0.00871969685906971,0.00732095581674398,0.00571309882833591,0.00380804539476555,0.00142484804849677,0.000485056133418186,0.000492085344289566,0.000498084818562292,0.000503084707143528,0.000507119568324684,0.00051022768083224,0.000512448282759625,0.000513820812535391,0.000514384087193203,0.000514173487537335,0.000513221408353709,0.000511555632678785,0.000509198709025373,0.000506166791739226,0.000502470594017875,0.00049811316023931,0.000493091382958187,0.000487394792700772,0.000481006523397712,0.000473902805001453,0.000466053394866837,0.000457421725205685,0.000447964979793353,0.000437633430156031,0.000426370642825369
-7.48813669858336e-07,-4.51018300056335e-07,-1.57119688199476e-07,0.000518702535843865,0.00226536696312911,0.0052819268928638,0.00825228797711499,0.0111764233853391,0.01406505909421,0.016923614561304,0.0203713048452246,0.0239138905506135,0.0274005592124373,0.0308238058862259,0.0341733404848898,0.0374369591688698,0.0406013967100541,0.0436531292551861,0.0465790675962936,0.0493671430560517,0.0520067287284289,0.0544931699741233,0.0573867672192351,0.0601148502404703,0.0626710677031954,0.0650502865512868,0.0672483753836626,0.0692619488251501,0.0710880867325005,0.0727240672836733,0.0741671191688227,0.0754142169845469,0.0764619295130626,0.0773164440818074,0.0783846877349099,0.0791905317171514,0.0797193017910815,0.0799558534139713,0.0798846096430645,0.0794895237870873,0.0787539441483522,0.0776603599524339,0.0761900058655459,0.074322282865573,0.0720339439095905,0.0692979453480465,0.0668328031093017,0.0640283533946273,0.0608543365778349,0.0572781522033655,0.0532576262649593,0.0498125580648523,0.0465023759210991,0.0428330793341415,0.0387501652349637,0.036136994545354,0.033312248095642,0.0301898007772488,0.0267337878163838,0.0250358740670722,0.0231757475263126,0.0211285987269565,0.0188606689900413,0.0163239508750362,0.0146090451176986,0.0138387437158107,0.0129989879582869,0.0120809109779529,0.0110730140126265,0.00995985468880673,0.00871982627401138,0.00732106536515411,0.00571318891847168,0.00380811555851681,0.00142489631130085,0.000485056069570818,0.000492085309459593,0.000498085111601861,0.00050308483742321,0.00050711963122506,0.000510227696145756,0.000512448277160422,0.00051382074387767,0.000514384063953052,0.000514173323679793,0.000513221280405105,0.000511555425797971,0.00050919835066221,0.000506166686948392,0.000502470311199511,0.000498112930656188,0.000493091152515677,0.000487394567095979,0.00048100627303913,0.000473902539229444,0.000466053096579862,0.000457421468946653,0.000447964624566801,0.000437633030537642,0.000426370201511762
-7.48817949058515e-07,-4.51017456937269e-07,-1.57121008655302e-07,0.000541391502760473,0.00244622150550895,0.00552330213409448,0.00853591540064821,0.0115004960997043,0.0144272389632129,0.0176629902981553,0.0213231712661844,0.0249250069119821,0.028463869531227,0.0319316083031869,0.0353174465547228,0.0386088784134371,0.0417925485100924,0.0448550392098448,0.0477835625784374,0.0505665039390679,0.0533502197514914,0.0563980876224796,0.0592788968404537,0.0619855818523034,0.0645124820390377,0.0668551795896784,0.0690102734033771,0.0709751049027652,0.0727474767644092,0.0743253862414326,0.0757067685959844,0.0768892954215317,0.0781798201715659,0.079420962292778,0.0804091471273327,0.0811311336216068,0.0815731292355674,0.0817208744390145,0.0815596607703606,0.0810742800549911,0.0802488769264594,0.0790666844036475,0.0775096227321322,0.0755577170035995,0.0731882816698307,0.0703747771317667,0.0673764747156874,0.0645289004854665,0.0613149826811029,0.0577021270561646,0.0536481674680234,0.0499690813660263,0.0466454506647927,0.0429640901174164,0.0388704678048594,0.0361732636098139,0.0333453293199004,0.0302200520574526,0.0267415184149663,0.0250411595493576,0.0231805525217356,0.02113297242697,0.0188646592062844,0.0163276036811866,0.0146092903069588,0.0138389634549738,0.0129991832827384,0.0120810844776917,0.0110731657708348,0.00995998623493321,0.00871993833630505,0.00732115836118845,0.00571326289000659,0.00380817007569984,0.00142492904289761,0.000485055577391659,0.000492085268325296,0.000498085014197491,0.000503084654922712,0.000507119448175148,0.000510227520480334,0.000512448003348166,0.000513820768974324,0.000514383839709865,0.000514173268980129,0.000513221348116898,0.00051155545342683,0.000509198384836096,0.000506166589155927,0.000502470238429169,0.000498112812153295,0.000493090920110719,0.000487394290115964,0.000481006012167945,0.000473902244855654,0.000466052810853622,0.000457421111766831,0.00044796425673954,0.000437632665771915,0.000426369851690913
-7.48814108301165e-07,-4.51016994019461e-07,-1.57120850848718e-07,0.000562490549138392,0.00263553828940309,0.00575459474301226,0.00880791733694067,0.0118113705381037,0.014774623460689,0.0185361320439169,0.0222596823178243,0.0259182669864837,0.0295065632727767,0.0330158375017355,0.0364349069019965,0.0397510469647958,0.0429508948685121,0.0460212234211771,0.0489496094950328,0.052017216975118,0.0552249699075457,0.0582645825418384,0.0611281487530466,0.0638093022320502,0.0663031189059602,0.0686059355271895,0.0707151069587573,0.0726287246372814,0.0743453331253578,0.0758636501071673,0.0772385689909576,0.0788809180963894,0.0802890010984195,0.0814518328522051,0.0823576819054085,0.0829941750730191,0.0833483941952348,0.0834069418532643,0.0831559451068401,0.0825809924854654,0.0816669738278853,0.0803978103935648,0.0787560460675172,0.0767222649227957,0.0742742755732002,0.071385976412511,0.0680257505153517,0.0649944974665035,0.0617430087240866,0.0580956857813081,0.0540103530328331,0.0501136370250358,0.0467775230785985,0.0430849737512442,0.0389814243478718,0.0362066478628242,0.0333757701380058,0.0302478833768033,0.0267670645326233,0.0250460110987997,0.0231849607710179,0.02113698280827,0.0188683155624716,0.0163309482513943,0.0146095113403423,0.0138391602089943,0.0129993577941072,0.0120812380671888,0.0110732988644597,0.0099601002079665,0.00872003359069134,0.00732123554742631,0.00571332152741084,0.00380820899246265,0.00142494636616168,0.000485055718167019,0.000492085217591143,0.000498084917745012,0.000503084678509463,0.000507119395509069,0.000510227332536526,0.000512447843498572,0.000513820637716903,0.000514383798885881,0.000514173185725447,0.000513221143258054,0.000511555249425832,0.000509198202533371,0.000506166387795596,0.000502470001512085,0.000498112547243749,0.000493090662531602,0.000487394136586417,0.000481005757370283,0.000473901939953187,0.000466052437176915,0.000457420806623738,0.00044796383990333,0.000437632190947604,0.000426369357552481
-7.48814398735385e-07,-4.51019266977745e-07,-1.57121263486112e-07,0.000582095277134063,0.00281630433630754,0.00597575156105852,0.00906820172720096,0.0121089405600227,0.0155393470468529,0.0193941274184299,0.0231787567422539,0.0268915289655882,0.0305264735417128,0.0340743532654563,0.0375236475156993,0.0408615073226276,0.0440746346649035,0.0471500715560008,0.0504843724982392,0.0538575056920537,0.0570619348729558,0.0600888453436201,0.062931028190085,0.0655828634747347,0.0680402054168942,0.0703001764527591,0.072360908743158,0.0742212621530946,0.0758805261329495,0.0776212132263034,0.0794222296153423,0.0809932546721831,0.0823249368792822,0.083407123849528,0.084228936859131,0.0847788648837002,0.0850448446247118,0.0850143114297723,0.0846741894323277,0.0840108154352279,0.0830097716771172,0.0816556077498802,0.0799314287151575,0.0778183136051785,0.075294501240192,0.0723342623224342,0.0689063042960436,0.0654272275081595,0.0621404233077227,0.0584607564651123,0.0543460271191708,0.0502470896026649,0.046899399054161,0.0431964781416557,0.0390837308179742,0.0362373681185382,0.0334037772234484,0.0302734811235651,0.0267905550722257,0.0250504613590201,0.0231890025388877,0.0211406573689706,0.0188716627114511,0.0163340075320033,0.0146097095763529,0.0138393364219724,0.0129995128084347,0.0120813725514692,0.0110734144136357,0.00996019732969634,0.00872011284017245,0.00732129684563696,0.00571336496625813,0.00380823353060287,0.00142494852680083,0.000485055802668694,0.000492085106484758,0.000498084704635888,0.000503084676901485,0.000507119464517552,0.000510227302856234,0.000512447908382204,0.000513820463349268,0.000514383488410184,0.000514172980302593,0.000513220831128892,0.000511555133083289,0.000509198041478092,0.000506166130670311,0.000502469712281828,0.000498112386416697,0.000493090436630771,0.000487393881226768,0.000481005425740233,0.00047390159592103,0.000466052099131316,0.000457420373224495,0.000447963437560293,0.000437631760430499,0.000426368837952981
-7.48816493846106e-07,-4.51013999066536e-07,-1.57122128060374e-07,0.000600297578429346,0.0029885541626726,0.00618677649470845,0.00931675330720191,0.012393174349299,0.0163151917131016,0.0202351213172802,0.0240784581593084,0.0278428111035151,0.0315216211177242,0.0351052182270132,0.0385818256813261,0.0419385458057128,0.0451622274853089,0.0487416457035363,0.0522855419297306,0.055660691025066,0.0588573663831765,0.0618674284220273,0.0646844194791062,0.0673035143124565,0.0697213761990464,0.0719359372252631,0.0739461246454828,0.0757515732603604,0.0778445910711721,0.0798040995287453,0.0815360594135796,0.0830327522086251,0.0842856445451526,0.0852854219059938,0.0860220559967021,0.0864848819217277,0.0866626663647744,0.0865436397897498,0.0861154796008034,0.0853652196746825,0.084279077060302,0.0828421699056233,0.0810381027204953,0.0788483865030012,0.0762516276361212,0.073222409008687,0.0697297036476793,0.0658291003332269,0.0625091532463969,0.0587991804358993,0.0546569451985071,0.0503702516114035,0.0470118298562449,0.0432993002824116,0.0391780356554684,0.0362656340206154,0.033429536957053,0.0302970205001462,0.0268121493808787,0.0250545430870131,0.023192706163601,0.0211440216279761,0.0188747247287607,0.0163368024019175,0.01460988651229,0.01383949193247,0.0129996484939033,0.0120814892191477,0.0110735132722899,0.0099602783218128,0.00872017673144902,0.00732134350978716,0.0057133935142607,0.0038082430211885,0.00142493516723387,0.000485055693094992,0.00049208506666596,0.00049808462206983,0.000503084698297323,0.000507119334899629,0.000510227174715292,0.000512447813595642,0.000513820433561657,0.000514383635487861,0.0005141727970256,0.000513220866801997,0.000511554884293196,0.000509197882155308,0.000506166093151069,0.00050246958028395,0.000498112120391233,0.000493090209609867,0.000487393521782535,0.000481005128567178,0.000473901232405055,0.00046605168436848,0.000457419924784441,0.000447962998155019,0.00043763124586096,0.000426368250845116
-7.48814816401752e-07,-4.51016813054293e-07,-1.57121573323542e-07,0.000617185074761356,0.00315236641768773,0.0063877342368073,0.00955361949141644,0.0130061955447934,0.0170745116028586,0.0210573913346816,0.0249570007111624,0.0287703035585989,0.0324902181789352,0.0361067084319084,0.039607828835948,0.0429806969079091,0.0467786941753355,0.0504986798034334,0.0540503387496443,0.0574230963107386,0.0606078684725201,0.0635972562687074,0.0663856018769927,0.0689689071964225,0.0713446740476407,0.0735116601785956,0.075563797283017,0.0779049701279718,0.0800247317217561,0.081917613097469,0.0835774683508856,0.0849973853452825,0.0861696593882769,0.0870858126972977,0.0877366562938043,0.0881123482254788,0.0882024509122206,0.0879959493308849,0.0874812240436286,0.0866459521993825,0.0854769280516661,0.083959777365051,0.0820785433829651,0.0798151075279661,0.0771483869249506,0.0740532185819307,0.0704987879367754,0.0664463626085521,0.0628510409663484,0.0591127110618456,0.0549447705071356,0.0504838804962576,0.0471155165770197,0.0433940890472591,0.0392649421385774,0.0362916324380992,0.0334532256810263,0.0303186607336754,0.0268319944269865,0.0250582833466288,0.0231960976904401,0.0211470995601206,0.018877522697765,0.0163393532631851,0.0146100434595911,0.0138396288234786,0.0129997663108447,0.0120815892140174,0.0110735956602359,0.00996034396235102,0.00872022519621453,0.00732137501721629,0.0057134079818152,0.00380823793050419,0.00142490640099011,0.000485055697910546,0.000492085045779136,0.000498084704264521,0.000503084501036311,0.000507119218403068,0.000510227080584234,0.000512447578181194,0.000513820305665929,0.000514383405233474,0.000514172603214822,0.00051322072853306,0.00051155472264183,0.000509197675269472,0.000506165714694838,0.000502469214706846,0.000498111780630219,0.000493089900878157,0.000487393163640813,0.000481004774128381,0.000473900848887392,0.000466051315532803,0.000457419459271584,0.000447962485794049,0.000437630654495957,0.0004263676242473
-7.48818251753918e-07,-4.51017097162657e-07,-1.5712192335289e-07,0.000632843396878865,0.00330785538662513,0.00657872782704917,0.00977890085071352,0.0136806167821464,0.0178158110074857,0.0218593659871573,0.0258127648275971,0.0296723854734155,0.0334306851838673,0.0370773329238953,0.0406002795812197,0.0445847720588968,0.0484862257201027,0.0522201161812295,0.0557751660751237,0.0591413918031707,0.0623104183453842,0.065275642950191,0.0680322466665144,0.0705770935128664,0.0729085419282055,0.0752892926703604,0.0777966119455183,0.080080231852939,0.0821359682335937,0.0839591363185141,0.0855443922598932,0.0868856443582309,0.0879760145372665,0.0888078581548444,0.0893728005465589,0.0896617955363489,0.0896651604808334,0.0895107467431176,0.0890001738559057,0.0880735840855098,0.0867088316734649,0.085010862041185,0.0830553351104564,0.0807211732758343,0.0779875473518085,0.0748294975654864,0.0712163723363048,0.0671095770794145,0.0631678419671202,0.059403012392652,0.0552110794492417,0.050588679326106,0.0472111114711722,0.0434814501606298,0.0393450085836205,0.036315541963216,0.0334750050555551,0.0303385484845738,0.0268502271826167,0.0250617079065102,0.023199200253973,0.0211499122095413,0.0188800757375062,0.01634167695566,0.0146101811951468,0.0138397476985688,0.0129998676400493,0.0120816728402199,0.0110736624155144,0.0099603939676414,0.00872025905792125,0.00732139246987843,0.00571340763819346,0.00380821809702972,0.00142486223428985,0.000485055667992102,0.000492084867511849,0.000498084491885946,0.000503084296734711,0.000507119101081484,0.000510226860741151,0.000512447411648587,0.00051382001769444,0.000514383344106953,0.000514172442602948,0.000513220404095162,0.00051155449128828,0.000509197350240605,0.00050616544073806,0.00050246899591397,0.000498111542935269,0.000493089534217472,0.000487392811423582,0.000481004360994084,0.000473900422618047,0.000466050840898094,0.00045741894568476,0.000447961887079922,0.000437630038249667,0.000426367043654416
-7.48818679624139e-07,-4.5101908104746e-07,-1.57120261929067e-07,0.000647353822149843,0.00345517548549297,0.00675990865732421,0.0100326328093131,0.0143378181644324,0.0185377409582805,0.0226396208241237,0.0266443084736852,0.0305476306010046,0.0343416527235629,0.0380158166863852,0.0421485660839198,0.0462371007111931,0.0501589776635502,0.0539024515000248,0.0574567675638298,0.0608126056008578,0.0639623679781909,0.0669002884449713,0.0696224255201738,0.0721265257585815,0.0748318010451711,0.0775118906652709,0.0799646897383208,0.0821870787533592,0.084175667306369,0.0859265781060838,0.0874352837438066,0.0886965167823778,0.0897042220326627,0.0904515649276429,0.0910622492231541,0.0915769456990293,0.0917333267304129,0.0915130015959524,0.0908969205721351,0.0898651378251863,0.0883964210190501,0.0864676596126317,0.0840530255437042,0.0815693223624487,0.0787718879435181,0.075554034649235,0.0718852296274237,0.0677269750985619,0.0634612244226215,0.05967166051837,0.0554573591381962,0.0507621462354045,0.0472992202612902,0.0435619405730665,0.0394187540986579,0.036337524754733,0.0334950218802345,0.0303568219088095,0.0268669716323273,0.0250648420083551,0.023202036254712,0.0211524800280271,0.0188824025567117,0.0163437904724005,0.0146103009764813,0.0138398495716715,0.0129999518534172,0.0120817407123012,0.0110737141196935,0.00996042992497495,0.00872027858751015,0.00732139533694513,0.00571339277882269,0.00380818353003849,0.00142480185349345,0.000485055485941064,0.000492084892269931,0.000498084305752847,0.000503084216820729,0.000507119057343341,0.00051022683237312,0.000512447408507597,0.000513819898982649,0.000514383019497663,0.000514172292590072,0.000513220102201728,0.000511554367656574,0.000509197176710761,0.000506165161659586,0.000502468776254322,0.000498111168501325,0.000493089168324154,0.000487392398250511,0.000481003917830069,0.000473899888489534,0.000466050349191361,0.000457418443639187,0.000447961307113633,0.000437629442279412,0.000426366303386951
-7.48818935612588e-07,-4.5101792907795e-07,-1.57121061282244e-07,0.000660791098750505,0.00359450794006292,0.00693147081987274,0.0106031140682176,0.0149766782844925,0.0192390923893887,0.0233969072009424,0.0274503641281178,0.0313948111223108,0.0352219660248701,0.0394579701540752,0.0437396893626743,0.0478555048214714,0.0517935510601552,0.0555425146898256,0.0590922394196121,0.0624341421524826,0.0655614510409925,0.0684692827526321,0.0711545985350842,0.07418062045903,0.0770414358188448,0.0796702863019213,0.0820648641316057,0.0842228638103673,0.0861417126690457,0.087818356767804,0.089249091254794,0.0904294671929153,0.0914436834478193,0.0925270589039885,0.0932832002061812,0.0936958651983588,0.093748246350573,0.0934229551217711,0.0927019049557658,0.091566060340177,0.0899950368007466,0.0879665036393042,0.085455340504684,0.0824324560098856,0.079504176929004,0.0762295820342842,0.0725080746901623,0.0683012173134778,0.0637327696957234,0.059920144634171,0.0556850072160863,0.050971141649496,0.0473804082930687,0.0436360849441508,0.0394866598630824,0.0363577292795971,0.0335134135676862,0.0303736039203027,0.0268823428526031,0.0250677057796329,0.023204624586423,0.0211548196386509,0.018884519763344,0.0163457086397769,0.0146104036243779,0.0138399350131346,0.0130000208639116,0.0120817934427828,0.0110737510118049,0.00996045059765104,0.00872028367879721,0.0073213837393882,0.00571336364636227,0.00380813356830969,0.00142472541096486,0.000485055525630768,0.000492084833318423,0.000498084377313358,0.000503084123229084,0.000507118845639423,0.000510226735504112,0.000512447104724466,0.00051381975925776,0.000514382900923611,0.000514172182700052,0.000513219931703789,0.000511554133993757,0.000509196916607603,0.000506164886620646,0.000502468454840077,0.00049811083559575,0.000493088759299986,0.000487391987446175,0.000481003456952601,0.000473899443858551,0.000466049718116532,0.000457417827634646,0.000447960638467119,0.000437628711672015,0.000426365509742184
-7.48817862017908e-07,-4.51017555785428e-07,-1.57120095368715e-07,0.000673229443883141,0.00372606328566893,0.0070936413640591,0.0111564316391312,0.0155962076033266,0.0199188139822895,0.0241301406437092,0.0282298701821657,0.0322129028001291,0.0364997793237492,0.0409816162586311,0.0452977764489085,0.0494367122366817,0.0533868754078905,0.057137477072071,0.0606790396520965,0.0640037749658982,0.0671057857189793,0.0700378876168452,0.0733236468040105,0.0763742878415662,0.0791874344699796,0.0817613208026366,0.0840944837935702,0.0861854556933003,0.0880324995215602,0.0896333874563468,0.0909852376874798,0.0924696083511745,0.0937715542177394,0.0947575709211474,0.0954130698575994,0.0957228231927019,0.0956710187609739,0.0952412303885328,0.0944162810269688,0.0931779830472158,0.0915067316175155,0.0893809015698336,0.0867760042417681,0.0836635092700624,0.0801871518335973,0.0768588406395241,0.0730875523453668,0.0688348785724282,0.0640511172942758,0.0601498679150739,0.0558953438858895,0.051164133207775,0.0474551980779701,0.0437043608855312,0.0395491718088145,0.0363762941856416,0.0335303055610641,0.0303890108966558,0.0268964477536117,0.0250703203088036,0.0232069841026893,0.021156948311338,0.018886440559575,0.0163474440643802,0.0146104893951929,0.0138400044980395,0.0130000743222363,0.0120818312458043,0.0110737732740672,0.00996045781383754,0.00872027455656666,0.00732135770737719,0.00571331940658148,0.00380806827675481,0.00142463279826934,0.000485055578805065,0.000492084545794994,0.00049808431587785,0.000503083977271335,0.000507118789792818,0.000510226777189185,0.000512447096536486,0.000513819664369783,0.000514382617676414,0.000514171954615192,0.000513219741596142,0.000511553777505481,0.000509196692956229,0.000506164637403162,0.000502468105586463,0.000498110451494954,0.000493088410363896,0.000487391493800204,0.000481002958284971,0.000473898849432269,0.000466049133498708,0.000457417118423739,0.000447959926332958,0.000437627889127999,0.000426364665265758
-7.48820485584262e-07,-4.51017847709309e-07,-1.57121072554927e-07,0.000684737221175474,0.00385007297072138,0.00724667832607055,0.0116918234494311,0.0161955658746325,0.0205760092372687,0.0248384138072732,0.0289819329548658,0.0332592752255001,0.0379494580152504,0.0424731448635562,0.0468196935025897,0.0509777572823271,0.0549362112104193,0.0586848620783521,0.0622149893403373,0.0655196536591319,0.0687557625070084,0.0722475322989019,0.0754980530919684,0.0785049238634018,0.081266651307985,0.083782345408424,0.086051408353074,0.0880732287731575,0.0898469120217477,0.0914829103715516,0.0932907237396199,0.0948038510311217,0.0960103246229919,0.0968973030747755,0.0974511992287531,0.0976577769693234,0.0975021804181408,0.0969688946913463,0.0960415944115693,0.0947028758906547,0.0929338418441816,0.0907134988616544,0.0880179143000476,0.0848190426066627,0.0810830795455648,0.0774444451541032,0.0736262261598964,0.0693304407186562,0.0645073921524633,0.0603621507662914,0.0560896011443557,0.0513422780900653,0.0475240739927404,0.0437672183123707,0.0396067014753381,0.0363933456079289,0.0335458132421821,0.0304031483415983,0.0269093819812181,0.0250727043886136,0.0232091304080095,0.0211588803752877,0.0188881791669499,0.0163490101314892,0.0146105598261957,0.0138400587412306,0.0130001129056237,0.0120818544408259,0.0110737812677074,0.00996045020995887,0.00872025108708994,0.00732131742956276,0.00571326001265254,0.00380798699521275,0.00142452183985655,0.000485055191275091,0.000492084392889661,0.000498084103210579,0.000503083721632845,0.000507118455724086,0.000510226382349064,0.000512446892610057,0.000513819478367242,0.000514382393442501,0.000514171685429162,0.000513219618084348,0.000511553390913215,0.000509196353075005,0.000506164238003724,0.00050246766670131,0.000498110059239594,0.00049308797665149,0.000487391055017198,0.000481002325574507,0.000473898253981842,0.000466048470444708,0.000457416381865272,0.000447959143549813,0.000437627061889023,0.000426363704018867
-7.48816657552343e-07,-4.51019802783541e-07,-1.57119487938232e-07,0.000695378692261973,0.00396679237261759,0.00750136767726888,0.0122086550984135,0.0167740468464647,0.0212099400615979,0.0255209913139948,0.0297196914044678,0.0346283293073514,0.0393679620638257,0.0439295775301298,0.0483026049319364,0.0524760028727623,0.0564391547059822,0.0601825521577118,0.0636982821510035,0.067228991672782,0.0709378028804308,0.0743990515816092,0.077610079970418,0.0805694043692346,0.0832764449222591,0.0857312155891906,0.0879339979969489,0.0898850459746274,0.0919016207290601,0.093910378865924,0.0956296297589247,0.0970493723445432,0.0981586205839605,0.0989455207448226,0.0993974691342859,0.0995011813031592,0.0992427159280555,0.0986074135042912,0.0975797376437678,0.0961430005481938,0.0942789420489618,0.0919671264747922,0.0891841040158791,0.0859022413979621,0.0820880876451877,0.0779889533867579,0.0741265707575409,0.0697902866088314,0.0649303890022943,0.0605582334163315,0.0562689396520177,0.0515066543837426,0.0475874889807886,0.0438250696704614,0.0396596316263326,0.0364090015140524,0.0335600449590307,0.0304161142271751,0.0269212350775468,0.0250748731204604,0.0232110794341569,0.0211606295145803,0.018889748164086,0.0163504166967909,0.0146106144416758,0.0138400981873567,0.0130001368308308,0.0120818632860902,0.011073774658497,0.00996042814979634,0.0087202129157044,0.00732126193061672,0.00571318552459257,0.00380788919650741,0.00142439265684121,0.000485055209909471,0.000492084493491962,0.000498083892342752,0.000503083572457627,0.00050711847735199,0.000510226428970185,0.000512446697681164,0.000513819237440819,0.000514382300060635,0.000514171386994147,0.000513219111951817,0.000511553114805832,0.000509195875177337,0.00050616383315564,0.000502467284468578,0.000498109679769272,0.000493087405678005,0.000487390456959299,0.00048100174545045,0.000473897627179374,0.000466047786734007,0.000457415650513751,0.000447958296921619,0.000437626138082804,0.000426362716956146
-7.48816208156321e-07,-4.51017676987537e-07,-1.57120860047582e-07,0.000705214794472386,0.00407648171054158,0.00793432124785441,0.012706424897796,0.0173310952496671,0.0218200361746329,0.0261773126827058,0.0310013683462677,0.0359671808750904,0.04075249437646,0.0453482289716256,0.0497439927872716,0.0539291433061434,0.0578936611724163,0.0616287879046386,0.065441570302302,0.069378963370051,0.073062444960439,0.0764889033587256,0.0796566328945526,0.0825651033013601,0.0852146773767269,0.0876062829374359,0.0897410976867593,0.0921199819703364,0.0943293204017814,0.0962520537394904,0.0978802044893049,0.0992047362567569,0.100215638063769,0.100902030307933,0.101252255981061,0.101253945431836,0.10089401680189,0.100158606813709,0.099032904552738,0.0975008681136612,0.0955448035612489,0.0931447621304183,0.0902777058732277,0.0869163456791813,0.0830275189444812,0.0785698642963023,0.0745909648347951,0.0702166957911751,0.0653222859026952,0.0607392780298543,0.0564344374587088,0.0516582731791265,0.0476458564122503,0.0438782993902138,0.0397083134908085,0.0364233687665944,0.0335730962720169,0.0304279962064974,0.0269320909512125,0.025076841973894,0.0232128441221682,0.0211622085990248,0.0188911582951604,0.0163516734317083,0.0146106543356314,0.0138401227338876,0.0130001468274682,0.0120818579812144,0.0110737539888581,0.00996039178964875,0.00872016003445963,0.00732119123219581,0.00571309465773618,0.0038077740392684,0.00142424429610302,0.000485054882357875,0.000492084324218034,0.000498083776987248,0.000503083446301397,0.000507118190398459,0.000510226024047446,0.000512446294002785,0.000513819186529091,0.000514382017072212,0.000514171114258204,0.000513218851945168,0.000511552753631048,0.000509195612061402,0.000506163434408255,0.000502466828073569,0.000498109092782022,0.000493086866483592,0.000487389932730031,0.000481001175201914,0.000473896934104432,0.000466047035288335,0.000457414779617203,0.000447957376222395,0.00043762516620877,0.000426361627194769
-7.4881714049116e-07,-4.51021626435665e-07,-1.5712062408023e-07,0.000714304020876436,0.00417942257533586,0.00835022372429967,0.0131847488089039,0.0178662953612392,0.0224058744349445,0.0270490546044682,0.0322538497565783,0.0372732291914617,0.042100529145895,0.0467267085244783,0.0511416525547177,0.055335210337874,0.0592980305347643,0.0633765805406476,0.0675545634391429,0.0714723337433294,0.0751261955311469,0.0785140248213242,0.0816351054665113,0.0844898905948969,0.0870796963114063,0.0894404406623736,0.0921336007772017,0.0945456431747302,0.096671689628959,0.0985058028146741,0.100040956220918,0.101269077658515,0.102181117287374,0.10276713989036,0.103016399874779,0.102917390409878,0.102575360786172,0.10179517103144,0.100522885101328,0.0987791943578776,0.0967343527927488,0.0942494910724938,0.0913019163149968,0.0878646204688625,0.0839046689292933,0.0793808909149955,0.0750216869934762,0.07061184214865,0.0656851519609097,0.0609063721282111,0.0565871077827497,0.0517980736874196,0.0476995635866285,0.0439272597005044,0.0397530727726525,0.0364365456307623,0.0335850600399704,0.0304388782715848,0.0269420203359789,0.0250786261783079,0.0232144369058758,0.021163627694176,0.0188924186329074,0.0163527895896961,0.014610679206982,0.0138401327730945,0.0130001415548526,0.0120818379830457,0.0110737188791261,0.00996034060726031,0.00872009207160756,0.00732110467259135,0.00571298719619686,0.00380764091443346,0.00142407569904444,0.000485054946185039,0.000492084179230866,0.00049808352535651,0.000503083353970657,0.000507118212765846,0.000510225933509297,0.00051244625042691,0.000513818703066043,0.000514381770965422,0.000514170772790819,0.000513218574848723,0.000511552534814951,0.000509195231922217,0.000506162993940369,0.000502466365915563,0.000498108588276646,0.000493086292550864,0.000487389170442834,0.000481000415878688,0.000473896149548571,0.000466046174281344,0.000457413863800662,0.000447956376096818,0.000437624003219264,0.00042636047283946
-7.48812579461831e-07,-4.51018825162034e-07,-1.57119311433641e-07,0.000722698692564312,0.00427589967173174,0.00874886254710385,0.0136433727633767,0.0183793734798139,0.0229671843480293,0.0282084326666072,0.0334747510792564,0.0385441390204363,0.0434098342537167,0.0480629435012833,0.0524937146516661,0.0566925737740046,0.0610161668388401,0.0654472114119324,0.0696118279847722,0.0735056666945013,0.0771260358284978,0.0804718395970861,0.0835433826621989,0.0863421164383167,0.0890315019405934,0.0919354509257014,0.0945547707613119,0.0968864577734505,0.0989265622329198,0.100670088807226,0.102110967450998,0.103242075785784,0.104055303371045,0.104706221527481,0.105150843957763,0.105167668399099,0.104736702389871,0.103837029326862,0.102446462168517,0.100541002460451,0.098094050311277,0.0952844711640425,0.0922599645789454,0.0887503281558369,0.0847227993886238,0.0801363475468186,0.0754209134227662,0.070977793170116,0.0660209475903241,0.061060532719948,0.0567278962991844,0.0519269341190938,0.0477489668211924,0.0439722781119046,0.0397942101233478,0.0364486249154638,0.0335960162082549,0.0304488358133079,0.0269510972855965,0.0250802364246977,0.0232158692348352,0.0211648973764645,0.0188935389667131,0.0163537735276555,0.014610689746254,0.0138401284215886,0.0130001222091194,0.0120818036430546,0.0110736690312661,0.00996027407891749,0.00872000841772609,0.0073210019385733,0.00571286236867772,0.00380748947359418,0.00142388588372291,0.000485054695065291,0.000492084157239913,0.000498083414884663,0.000503083185455795,0.000507117979066977,0.000510225696794402,0.000512445900200381,0.000513818367591689,0.000514381335427527,0.000514170528133694,0.000513218173040001,0.000511552066578333,0.000509194666441373,0.000506162607767122,0.00050246587199921,0.000498107977060783,0.000493085609402422,0.000487388558537059,0.000480999617087377,0.000473895297746505,0.000466045260266259,0.000457412870192569,0.000447955280971429,0.000437622833311814,0.000426359202518855
-7.48818318659455e-07,-4.51018438020396e-07,-1.57121097526947e-07,0.000752584081809091,0.00436620463722096,0.00913013615793519,0.0140821613229677,0.0188701806004141,0.0238079567161702,0.0293375290914384,0.0346619469671034,0.0397778484894059,0.0446784749998105,0.0493551675642523,0.0537986338379045,0.0583414419039869,0.0630385521294738,0.067463069558662,0.0716099936050284,0.075475991185802,0.0790594248187153,0.0823602517338926,0.0853798257037118,0.0883922716190153,0.0915159363951133,0.0943494819277786,0.0968916036976848,0.0991402325322979,0.101092362576344,0.102743948452764,0.104089863012743,0.105248609898831,0.106380209236883,0.107118253614291,0.107445338024308,0.107343342240313,0.106793365417252,0.10577552249974,0.104268588792803,0.102249449537052,0.0996923067547893,0.0965675682846553,0.0931550862490271,0.0895767034910984,0.085485116819239,0.0808393897907554,0.0757907140952121,0.0713165088183302,0.0663315249984751,0.0612027079449044,0.0568576790014912,0.0520456668161307,0.0477943936628781,0.0440136561613958,0.0398320033962019,0.0364596874054827,0.0336060412291347,0.0304579355286124,0.0269593807006145,0.0250816851633476,0.0232171512310201,0.0211660262000583,0.0188945264965126,0.0163546314073332,0.0146106858011452,0.0138401096901816,0.0130000884584012,0.0120817542954656,0.01107360380613,0.0099601925121784,0.00871990840373498,0.00732088200953042,0.00571271922334924,0.00380731732955274,0.00142367337252474,0.000485054616000295,0.000492083867770841,0.000498083261766046,0.000503082876143593,0.000507117652022937,0.000510225349823778,0.000512445706523936,0.000513818181470371,0.000514381093701291,0.000514170125180177,0.000513217641265763,0.000511551664641312,0.000509194174763804,0.000506162079113457,0.000502465343532364,0.000498107388207061,0.000493084878533996,0.000487387754353119,0.000480998844875252,0.000473894408212542,0.000466044214585298,0.000457411780180546,0.000447954070707094,0.00043762155591168,0.000426357755453783
-7.48816863376292e-07,-4.51018858169518e-07,-1.57119407907534e-07,0.00081645161609123,0.00445063624873738,0.00949404091970226,0.0145010887461076,0.019338703452653,0.0248386964042546,0.030434436868585,0.0358135655841358,0.0409725782987197,0.0459048117623064,0.0506019341427958,0.0553323320479759,0.0603091823244299,0.0650072073096576,0.0694208595737596,0.0735461496414472,0.0773808095037182,0.0809242914474433,0.0841776395957091,0.0875086188356934,0.0908629931362113,0.0939199665062265,0.0966797148976039,0.0991418850924815,0.101305361218308,0.103168086192971,0.104726957220731,0.106386009585262,0.107785082986921,0.108803352121624,0.109425310869199,0.109634678469228,0.109414422336235,0.108746673903865,0.107612513077907,0.105991601793444,0.103861627217732,0.101197508471114,0.0979702859373801,0.0941455718912627,0.0903469339659825,0.0861947566024807,0.0814930813466056,0.0761893688342573,0.0716298436380558,0.066618630628147,0.0613337824050367,0.0569772741176711,0.0521550299046401,0.0478361513127099,0.0440516716236699,0.039866708506778,0.0364698113717693,0.0336152052634783,0.0304662424021169,0.0269669294554237,0.0250829814695241,0.0232182915583239,0.0211670217338103,0.018895388541746,0.0163553704096918,0.0146106672063454,0.0138400764068362,0.0130000400604779,0.0120816902429389,0.0110735231408345,0.00996009467051364,0.00871979139962413,0.0073207439707401,0.00571255674673423,0.00380712452791736,0.00142343656241104,0.000485054525111235,0.000492083923812163,0.000498083119003748,0.000503082514119961,0.000507117432470339,0.000510225068111229,0.000512445404451023,0.000513817814210281,0.000514380903224019,0.000514169686320347,0.000513217222789466,0.000511551160946429,0.000509193674493391,0.00050616152700269,0.000502464551565604,0.000498106673866172,0.000493084172056733,0.000487386967134701,0.000480997941024713,0.00047389339445555,0.000466043189662287,0.00045741057778988,0.000447952824343196,0.000437620147881728,0.000426356219466365
-7.48815112793611e-07,-4.51016604624212e-07,-1.57119197967781e-07,0.000876026999967129,0.00458895424110691,0.00984065965791195,0.0149002432058056,0.0199509387210221,0.0258388859700028,0.031497506428437,0.0369280081042129,0.0421268374496548,0.0470875110407073,0.0519673380329566,0.0572385082144477,0.0622243342608945,0.0669189308681844,0.0713177407023172,0.075417845161187,0.0792180849262511,0.0827190343621138,0.0863642333146232,0.0899622093390532,0.0932539237948475,0.0962407773824733,0.0989239264084799,0.10130398852468,0.103380806291892,0.105255798784918,0.107271911913032,0.10893009286666,0.110217879218773,0.111121770977787,0.111627376394139,0.111719498509428,0.111382138832122,0.110598398147845,0.109350249124482,0.107618161848904,0.105380544234572,0.102612947443725,0.0992869603941523,0.095368668918608,0.0910641414187884,0.0868547676190309,0.0821003836722354,0.0767484654776427,0.071919547093857,0.0668839085046132,0.0614545788751393,0.0570874407670474,0.0522557267461064,0.0478745177768095,0.0440865831224137,0.0398985586620572,0.03647906558365,0.0336235709403357,0.0304738137049334,0.0269737969730728,0.0250841359297936,0.023219298025068,0.0211678914226159,0.0188961311395701,0.0163559937677145,0.014610634228611,0.0138400280546373,0.0129999760762949,0.0120816101445533,0.0110734264607181,0.0099599795482431,0.00871965690198125,0.00732058733292213,0.00571237381140392,0.00380690864020191,0.00142317383576023,0.000485054422132236,0.000492083569740349,0.000498082905222825,0.000503082592420078,0.000507117402399704,0.000510224893819963,0.000512445177479692,0.000513817502475538,0.000514380387372399,0.000514169324804568,0.00051321682151419,0.000511550518069548,0.000509193162956191,0.000506160837063232,0.000502463907588552,0.000498105950207115,0.000493083270186036,0.000487386038035226,0.000480996920846485,0.000473892313846523,0.000466041981843843,0.00045740925141363,0.000447951398601289,0.000437618651397813,0.000426354532135384
-7.48816107625533e-07,-4.51015368201837e-07,-1.57121146654304e-07,0.000931539968672919,0.0048640158170565,0.0101701676641505,0.0152798071372059,0.0208482607342224,0.0268071075790116,0.0325253335771222,0.0380039438849415,0.0432394171442,0.0482255399171784,0.0538045112410552,0.0590933323122916,0.0640837938641191,0.0687709600772987,0.0731513246896856,0.0772230896893249,0.0809862446138232,0.0849407558920486,0.0887969528822104,0.0923366669617235,0.0955622574957423,0.0984761433324595,0.101080474641078,0.103376850748064,0.105646082766743,0.107910025134305,0.109821665863876,0.111370845209524,0.112546210009902,0.113335363936709,0.113724994859807,0.113700940260765,0.113248176191769,0.112350702930676,0.110991311655527,0.109151202463516,0.106809421840247,0.103942071887591,0.100521209025302,0.0965133152035405,0.0918771317398525,0.0874681022932213,0.08266414785641,0.077266968179258,0.0721872672628701,0.0671289020241838,0.061565862723673,0.057188886936914,0.0523484068916122,0.0479097509137412,0.044118625513706,0.0399277703195133,0.0364875147914323,0.0336311960458637,0.0304807019966071,0.0269800306472796,0.0250851545501115,0.0232201781941006,0.021168641958419,0.018896759689858,0.0163565065561937,0.0146105864621588,0.0138399646028748,0.0129998966829297,0.0120815142172746,0.0110733127335755,0.00995984691315629,0.00871950362840278,0.00732041043991061,0.00571216925269456,0.00380666873480074,0.00142288348022401,0.000485054209504434,0.000492083420326021,0.000498082987829794,0.000503082361276832,0.000507117067097547,0.000510224453359843,0.000512444714428159,0.00051381705757287,0.000514380010063788,0.000514168835194714,0.000513216350920523,0.000511550088117065,0.000509192471991654,0.000506160123044154,0.000502463114248069,0.000498105048391232,0.000493082414435187,0.000487385023564836,0.000480995841463687,0.000473891163330753,0.000466040666653221,0.000457407950532316,0.000447949860521865,0.000437616972623914,0.000426352765696415
-7.48817434751262e-07,-4.51016394049908e-07,-1.57122061622705e-07,0.000983220992201047,0.00512478755676644,0.0104828195672642,0.0156400536129907,0.0217156435625393,0.0277421643370753,0.0335167619223449,0.0390403117235178,0.0443093982159481,0.0499834445445979,0.0555916776820088,0.0608938277380487,0.0658848984629287,0.0705609743584361,0.0749196655598025,0.0789603385891799,0.0832178767398164,0.0873484966174834,0.0911512567491506,0.0946292084101678,0.0977857775199423,0.100624413067458,0.103148278297771,0.105789281203442,0.108300988639092,0.110463290355465,0.11226845181483,0.113707408742397,0.11476989871846,0.115444598730249,0.115719230691257,0.115580609965885,0.115014621507075,0.114006096068833,0.112538565739989,0.110593880698205,0.10815164868241,0.105188443469456,0.101676713838939,0.0975832633846071,0.0928671018116659,0.0880376062041036,0.0831871076788646,0.0777474945505816,0.0724345523862155,0.0673550582089192,0.061708546308595,0.0572822645588088,0.0524336753110591,0.0479420917871754,0.044148016387351,0.0399545452258381,0.0364952180213748,0.0336381346941185,0.0304869539647066,0.0269856716234518,0.0250860470604637,0.0232209378230497,0.0211692769671074,0.0188972782858733,0.0163569138622409,0.0146105234087643,0.0138398856263569,0.0129998011894253,0.0120814013778093,0.0110731813650735,0.00995969577149183,0.00871933045518937,0.00732021241697835,0.00571194141768429,0.00380640341603145,0.00142256281889276,0.000485054227507474,0.000492083252437835,0.000498082325235331,0.000503082069643328,0.000507116625421528,0.000510224235186721,0.000512444350989717,0.000513816646372651,0.000514379405367851,0.000514168332340777,0.000513215714697266,0.00051154944328294,0.000509191772628352,0.000506159320223609,0.000502462328593622,0.000498104129358146,0.000493081492375191,0.000487383995303865,0.000480994685134369,0.000473889853275996,0.000466039273222076,0.000457406369583628,0.000447948202493523,0.000437615127011906,0.000426350768901415
-7.48813873377289e-07,-4.51011765741379e-07,-1.5712179649607e-07,0.00103129369251587,0.00537156870185392,0.0107789326762623,0.0161908853479203,0.022552131374443,0.0286431064139869,0.0344708952892178,0.04003631740768,0.0457493756277535,0.0516951208346263,0.0573259964747493,0.0626374315206086,0.0676254055292781,0.0722870906905912,0.076621265563422,0.0811734139806111,0.0855961182164232,0.0896786073647099,0.0934243872225831,0.0968376287986156,0.0999228321447164,0.102684495047653,0.105679811115238,0.108442262673381,0.110855393432421,0.112913973833802,0.114611351215751,0.115939538628213,0.116889340106544,0.117450463964189,0.117898433422161,0.117856596666392,0.117295498062763,0.116192419710643,0.11452300383481,0.112260573264108,0.109410738035115,0.106355698944455,0.102757185340879,0.0985822565731355,0.0937901261263926,0.0885660118276645,0.0836718764685434,0.0781925358419347,0.0726628554633002,0.067563731514153,0.0618996776257238,0.0573681831937511,0.0525120896776113,0.0479717602506199,0.0441749558872007,0.0399790641800655,0.0365022274667224,0.0336444343431445,0.030492615285858,0.0269907622522451,0.0250868170154299,0.0232215819592105,0.0211698022564064,0.0188976899796683,0.0163572169013188,0.0146104444524533,0.0138397903244955,0.0129996889816686,0.0120812710486686,0.0110730317762521,0.00995952515981172,0.00871913630779073,0.00731999119146812,0.00571168909374168,0.00380611032937668,0.00142221070910429,0.000485053752318763,0.000492082794176847,0.000498082205311085,0.000503081738429029,0.000507116306708077,0.000510223874689241,0.00051244395297331,0.000513816302885442,0.000514378978399314,0.000514167894818683,0.000513215213914601,0.000511548702200308,0.000509190903474459,0.000506158543302797,0.000502461461303886,0.000498103236303109,0.00049308040400079,0.000487382794829117,0.000480993354605023,0.000473888437915822,0.000466037758396913,0.000457404713250232,0.000447946402780105,0.00043761322505702,0.000426348631475789
-7.48817407960287e-07,-4.51017131170106e-07,-1.57121820380785e-07,0.00107597190982187,0.005604707333353,0.0110588891035736,0.0169235479639562,0.0233569707819642,0.029509204453887,0.035387084509166,0.0410736178632119,0.0473772716004991,0.0533555617440614,0.0590050266661884,0.0643220003355323,0.069303504493018,0.0739478609501938,0.0787833347219183,0.0835171656961241,0.0878975926905936,0.0919283676492699,0.0956141641676898,0.0989602841709197,0.101972322523093,0.105308792925749,0.108328047014037,0.110995228379094,0.113307634791995,0.115261105739181,0.116850059351378,0.118067564603427,0.119261546985917,0.120064774304762,0.12038875508816,0.120214154163679,0.119520633817888,0.118286584605137,0.116488672280957,0.114101154686495,0.11109490806249,0.10744751184329,0.103766331570285,0.0995139981214206,0.0946498735641235,0.0891223638638115,0.0841209431644822,0.0786044564494382,0.0728735364046907,0.0677561872836108,0.0620758545016891,0.057447201391889,0.0525841699497318,0.0479989546516724,0.0441996287041175,0.0400014961670943,0.0365085931217868,0.0336501388148417,0.0304977235992501,0.0269953357763642,0.0250874718001816,0.0232221159224884,0.0211702208858308,0.0188979987504031,0.0163574176339042,0.014610349560456,0.0138396783397498,0.0129995588619738,0.0120811221567172,0.0110728623839341,0.00995933358434899,0.00871891980495006,0.00731974629775658,0.00571140972055544,0.00380578755082785,0.00142182394996872,0.000485053488383229,0.000492082481468245,0.000498081843507208,0.000503081326663039,0.000507116053414855,0.00051022334084655,0.00051244369913477,0.000513815731207703,0.000514378450190533,0.000514167222082704,0.000513214496487521,0.000511548047797902,0.00050919021879451,0.000506157643581165,0.000502460474364748,0.000498102179455085,0.000493079220696789,0.000487381595544398,0.000480991948109168,0.000473886960102779,0.000466036141626578,0.000457402949899842,0.000447944450096099,0.000437611053561072,0.000426346342809705
-7.48816394887739e-07,-4.51012606653189e-07,-1.57121352161218e-07,0.0011174628475714,0.0058245948119458,0.0113231273685974,0.0176272712329528,0.0241296299953543,0.0303399619125661,0.0362649067314989,0.0426090253104779,0.0489556804471175,0.0549624704560028,0.0606267451076896,0.0659458103894144,0.0709178065483754,0.0760217305282401,0.0810870926808989,0.0857851130691438,0.0901196312623656,0.0940956238708941,0.0977189577622723,0.101020148482479,0.104664058125855,0.10794924125238,0.110876788688448,0.113446487065606,0.115656699535105,0.117504330522218,0.119176671573268,0.120759810569088,0.121895952398419,0.122568829533981,0.122761226095401,0.122454986068863,0.121630881187466,0.120268331554389,0.118344940092034,0.115835805840735,0.112712552118034,0.108941966316284,0.10470783078415,0.100382130757839,0.0954499240391617,0.0898596915970468,0.0845366733787676,0.0789854937700707,0.0730678678145928,0.067933606576182,0.0622381736915123,0.0575198378361881,0.05265038772351,0.0480238633575678,0.0442222015600479,0.0400219945475779,0.0365143589108341,0.0336552878326459,0.0305023153024455,0.0269994253816337,0.0250880151653638,0.0232225427840868,0.0211705363054613,0.0188982053366078,0.0163575190069999,0.0146102376115033,0.0138395487955218,0.0129994106531072,0.0120809536942757,0.0110726723465066,0.00995911961864429,0.0087186792234454,0.00731947560337792,0.00571110239176174,0.00380543253739561,0.0014213999665472,0.00048505330894256,0.000492082290307373,0.000498081711283574,0.000503081132497598,0.000507115473206711,0.000510222997505111,0.000512443118029514,0.000513815330463303,0.000514377790180388,0.000514166546915237,0.000513213876380027,0.000511547154583644,0.000509189397436367,0.000506156846787741,0.000502459414952572,0.000498101001949293,0.000493077990275149,0.000487380161858693,0.000480990489864773,0.00047388529665674,0.000466034328958903,0.000457400962069221,0.000447942282277756,0.000437608765244292,0.000426343772665232
-7.48815543232346e-07,-4.51018427562857e-07,-1.57122434772467e-07,0.00115596729475948,0.00603165819457773,0.0115721245735593,0.0183017076282309,0.0248697680447767,0.0311350936827439,0.0373577991730734,0.0440968416341563,0.0504824717265898,0.0565139475026284,0.0621895161857514,0.0675075423526589,0.0728607208980915,0.078279423445892,0.0833161138047396,0.0879746362886436,0.0922601146731725,0.0961787710074059,0.09979773803208,0.103730196301762,0.107293437738818,0.110490757519945,0.113324322581586,0.115794989795458,0.117902187570528,0.120053833681582,0.121947210670458,0.123404718457366,0.124412383214027,0.124955156572938,0.12501699949273,0.124580870519567,0.12362857685903,0.122140483181577,0.120095043674467,0.117468106369722,0.114231947115047,0.110353915831916,0.10579455004341,0.101190216678758,0.0961937546341831,0.0905444380067713,0.0849213064613224,0.0793377603679809,0.0732470367306168,0.0680970897948902,0.062387656197218,0.0575865777501482,0.0527111872647569,0.0480466550185977,0.0442428309896997,0.0400406992813537,0.0365195631697899,0.0336599169792281,0.030506422310172,0.0270030580883799,0.0250884504422476,0.0232228652002102,0.0211707507762682,0.0188983132110747,0.0163575198077617,0.0146101081744193,0.0138394005905081,0.0129992426226878,0.012080764651576,0.0110724601298408,0.00995888215660993,0.00871841340177706,0.00731917675268898,0.00571076430846317,0.00380504349496337,0.00142093576631623,0.000485052992422878,0.000492082177586131,0.000498081195347722,0.000503080700011215,0.000507115082624184,0.000510222531612151,0.000512442479425072,0.000513814645462378,0.000514377239292254,0.0005141658506774,0.000513212985173022,0.00051154651643511,0.000509188540973822,0.000506155633303478,0.000502458301033054,0.000498099769598612,0.000493076670351836,0.00048737863392968,0.000480988874225002,0.000473883504565029,0.000466032385383473,0.000457398800617143,0.000447939955580121,0.000437606185461761,0.000426341070429017
-7.488145181372e-07,-4.51015196929937e-07,-1.57121472229338e-07,0.00119167788449657,0.00622634946692424,0.0119885116100271,0.0189466875848577,0.025577246215743,0.0318945261844918,0.038746153797616,0.0455351327306678,0.0519558935767845,0.0580084806971577,0.063692113691383,0.0692702799951414,0.0750656637696631,0.0804635707881993,0.0854678446317149,0.0900836667268435,0.0943174664384993,0.0982501747170514,0.102488612720732,0.106344959362463,0.109824495776384,0.112931614450018,0.115669573884153,0.118040301521816,0.120632525966959,0.122830403578591,0.124600692894292,0.125931886062605,0.126811218641826,0.127224818153641,0.127157763002152,0.126594054463696,0.125516456983875,0.123906195459278,0.121742485123016,0.119001834707265,0.115657083469263,0.111676055537001,0.107019686412468,0.101941720853893,0.0968847264821678,0.0911798481671486,0.0852769600135993,0.0796632467355709,0.0734121498366292,0.0682476607150359,0.0625252497449249,0.0576478589389776,0.0527669747127314,0.0480674854883544,0.0442616592733423,0.0400577408724729,0.0365242446354627,0.0336640587738727,0.0305100722140835,0.0270062620119195,0.0250887811455865,0.0232230865153783,0.0211708649556409,0.0188983220533388,0.016357421671029,0.014609960040018,0.0138392329038917,0.0129990541421931,0.0120805532409104,0.0110722243524489,0.00995861934861932,0.00871811990761373,0.00731884831688843,0.00571039273715965,0.00380461724922043,0.00142042809261321,0.000485052913751771,0.000492081447285761,0.000498080782259194,0.000503080190318782,0.000507114771988636,0.000510221996906287,0.000512441887706593,0.000513813905582528,0.000514376584158315,0.000514165235205697,0.000513212114317092,0.000511545491765838,0.000509187322881302,0.000506154522212619,0.000502457005603355,0.000498098436659007,0.000493075117445505,0.000487377062063939,0.000480987071751133,0.000473881611797336,0.000466030204634004,0.000457396525019228,0.000447937465596364,0.000437603431070915,0.000426338024941869
-7.48815685157796e-07,-4.51017391758297e-07,-1.57122815637911e-07,0.00122477465255015,0.00640914343789762,0.012534749674316,0.0195622145353974,0.0262520988602159,0.0328663429596422,0.0400872615171424,0.0469223136239393,0.0533745677586021,0.059444935989482,0.0652179801807249,0.0714151435241511,0.0771983937391658,0.0825716942674672,0.0875402697511437,0.0921106638693815,0.0963531426650099,0.100917614583738,0.105084912558208,0.108862066813546,0.112255499755185,0.115270723420665,0.117997614773787,0.120912701846359,0.123412655651213,0.125490268105715,0.127136688632709,0.128341609418781,0.129093437494892,0.129379417983803,0.129220528426272,0.128660483373756,0.127484155488414,0.125664959490948,0.123290977382165,0.120440919466438,0.116992042589452,0.112912564677688,0.108163741136322,0.10269721984047,0.0975260762880821,0.0917690308278164,0.085605629352804,0.0799638239057697,0.0736837997688775,0.0683862708207033,0.0626518342046983,0.0577040920828595,0.0528181195085527,0.048086498203936,0.0442788144166305,0.0400732342190907,0.0365284344744994,0.0336677422025752,0.0305132919612777,0.0270090557935643,0.0250890101869832,0.0232232080468127,0.0211708798162588,0.0188982314367755,0.016357223301617,0.0146097923977376,0.0138390443377833,0.0129988434229481,0.0120803184875853,0.0110719633316603,0.00995832889767372,0.00871779705795799,0.00731848713812429,0.00570998583420322,0.00380415072016036,0.00141987355408216,0.000485052280847882,0.000492081271489743,0.000498080482934942,0.000503079651476669,0.000507113967215977,0.000510221572547104,0.00051244132496703,0.000513813287975046,0.000514375745421402,0.000514164258292935,0.000513211337942604,0.000511544465841847,0.000509186382001212,0.000506153351572028,0.000502455635112598,0.000498096886153,0.000493073443796842,0.000487375285237705,0.000480985105373937,0.000473879460708969,0.000466027919590541,0.000457394002184264,0.000447934755803546,0.000437600480360388,0.000426334829300973
-7.48818599242363e-07,-4.51017457755907e-07,-1.57120933295509e-07,0.00125542945136599,0.00658053615628827,0.0130550068470886,0.0201484355441842,0.02689454280215,0.0341013995591251,0.0413797280750588,0.0482571534156049,0.0547374729701932,0.0608225522013531,0.0672947520068694,0.0734892778406508,0.0792565162388584,0.0846018430220805,0.0895318965893938,0.0940794097557389,0.0989924839161023,0.103491257905003,0.10758428752223,0.11127979556094,0.114585357234334,0.117671383923599,0.120890579674268,0.123693672576854,0.126076461386854,0.128032932455134,0.129555424299003,0.13063479353888,0.131473633028794,0.131927999460322,0.131813067823776,0.131106946075291,0.12978622206451,0.127825434033564,0.125196276018021,0.121866474566828,0.118240959068839,0.114067628105674,0.109230904773342,0.103682636331901,0.098120907367169,0.0923149530546437,0.0859091934152241,0.08024124727871,0.0739377556763002,0.0685138037184017,0.0627682246093312,0.057755653786631,0.0528649712248272,0.0481038248191124,0.0442944152666781,0.0400872893671113,0.0365321628780825,0.0336709932149442,0.0305161027282694,0.0270114617065098,0.0250891387670301,0.0232232299977277,0.0211707963871195,0.0188980402307656,0.0163569227607371,0.0146096040466164,0.0138388339291253,0.0129986090366285,0.0120800586377657,0.0110716751382918,0.00995800971975649,0.00871744229854151,0.00731809144981168,0.00570954040809937,0.00380364069761958,0.0014192676469682,0.000485052037435814,0.000492080843561424,0.000498080311564287,0.000503079460293498,0.000507113646052448,0.000510220938994632,0.000512440679369335,0.000513812462782632,0.000514374770386235,0.000514163300496383,0.000513210269109506,0.00051154335110319,0.000509185054050236,0.000506151970077672,0.000502454221949047,0.000498095220665226,0.00049307170523401,0.000487373323919026,0.000480982964822417,0.000473877112796719,0.000466025403652113,0.000457391314244017,0.000447931756261577,0.000437597257128284,0.000426331301952975
-7.48817220152838e-07,-4.51016530247764e-07,-1.57120783879526e-07,0.00128380632545514,0.00674103433631746,0.0135495357661302,0.0207056591055069,0.0275345816965489,0.0352905278473272,0.0426224994736374,0.0495387686142287,0.05604394972661,0.0626685879524205,0.0693024464973738,0.0754903892120494,0.0812381589048179,0.0865525815092576,0.0914417378898341,0.0966855165154787,0.10153888489822,0.105968790312223,0.109985036003803,0.113597050994174,0.117027019611493,0.120558489646266,0.123669430760469,0.126358739079845,0.1286233945142,0.130458561614213,0.131977402288077,0.133368083977832,0.134227148155133,0.134536324926937,0.134276221789839,0.133426165774419,0.131963871617481,0.129864905789888,0.12710188653468,0.123643358765347,0.119452223359492,0.115145401905133,0.110225303352654,0.104599672815196,0.0986721855645321,0.0928204391083891,0.0862673133518646,0.08049716141596,0.0741718594198986,0.0686310779799061,0.062875175839921,0.0578028888083683,0.052907844065507,0.0481195841113876,0.0443085682870161,0.0401000016722698,0.036535454424096,0.0336738332918666,0.0305185257382729,0.0270134951435758,0.0250891674142039,0.0232231528752229,0.0211706132756468,0.0188977492932935,0.0163565187105758,0.0146093934214893,0.0138385998743277,0.0129983496811164,0.0120797714113368,0.0110713580026146,0.00995765892518104,0.00871705367235709,0.00731765821340072,0.00570905363254829,0.00380308439338682,0.00141860723784181,0.000485051808766881,0.00049208061197954,0.000498079632801939,0.000503078959440889,0.000507113002205487,0.000510220279052136,0.000512439969571411,0.000513811612579618,0.000514373994139989,0.000514162384410052,0.000513209136545372,0.000511542258196014,0.000509183691393852,0.000506150557987629,0.000502452644331635,0.000498093557637029,0.000493069770410961,0.000487371242606252,0.000480980814724705,0.000473874630755158,0.000466022696898326,0.000457388359568071,0.000447928500487137,0.000437593692667922,0.000426327449690232
-7.48815708252642e-07,0,-1.57119535616013e-07,0.00131006873663701,0.00689114392387575,0.0140187315646805,0.0212343141698849,0.0286117575765053,0.0364328574600558,0.0438148330708101,0.0507666019838925,0.0574974595793155,0.064601316978176,0.0712388906531223,0.0774166927981535,0.0831419482648291,0.0884229662558158,0.0939660512294218,0.0991996429212924,0.103990079560044,0.108348532374764,0.112286069683589,0.116049056884183,0.119904766980547,0.123332019717533,0.126332842377478,0.128907308867305,0.131053565534813,0.133119142161031,0.134885574883331,0.136134475470666,0.1368500420466,0.137015299154698,0.136612074308843,0.135620829729347,0.134020316550895,0.131787033603545,0.12889442089999,0.125311740904223,0.121002512147666,0.116149986522674,0.111150975716336,0.105452280134562,0.0991827369415472,0.0932881675646207,0.0866962500008495,0.0807331035804716,0.0743875417856531,0.0687388520898508,0.0629733858084222,0.057846115554137,0.0529470280015145,0.0481338840970173,0.0443213713583755,0.0401114596735865,0.0365383328681936,0.0336762835769641,0.0305205765727585,0.0270151717881841,0.0250890974018587,0.0232229763121269,0.0211703289786413,0.0188973554803299,0.0163560080115698,0.0146091594244444,0.0138383403925588,0.0129980630350857,0.0120794553053481,0.0110710091672953,0.00995727423628358,0.00871662780439403,0.00731718459395048,0.00570852186815775,0.00380247607421949,0.00141788673130773,0.0004850514020746,0.000492079945339686,0.00049807915786709,0.000503078110289783,0.000507112224774357,0.000510219584492558,0.000512439068960226,0.000513810935960273,0.000514373041413485,0.000514161291854386,0.000513207950897642,0.000511540950910534,0.0005091823388811,0.000506148991781596,0.000502450952218959,0.000498091588436208,0.000493067718441627,0.000487368907073998,0.000480978260350164,0.000473871892487874,0.000466019762152093,0.000457385010030813,0.000447924954540548,0.000437589824473881,0.000426323279054793
-7.48818633349182e-07,-4.51016136393646e-07,-1.57121766517903e-07,0.00133435632802102,0.00703137775599036,0.0144630764766968,0.0217349527543777,0.0296453294840823,0.0375278183361623,0.0449563039009912,0.0519404279506569,0.0593460081212663,0.0664647708476852,0.0731024014489114,0.0792668951148675,0.0849669965436399,0.0908004075685041,0.0964423551050488,0.101619572584111,0.106344423673693,0.110629417430844,0.114717942835685,0.1189136722903,0.122669525046525,0.125990627976493,0.128880189167001,0.131339446386256,0.133902231781522,0.136035838859079,0.137662955257745,0.138770387282995,0.139343621538656,0.139366906936485,0.138823214470921,0.137694055313403,0.135959125738783,0.133595757224176,0.130578114849332,0.126876079198874,0.122453691773955,0.11726697705082,0.112011853612036,0.106244279683043,0.0997212567923597,0.0937206744543876,0.0870925560261964,0.0809505078920561,0.0745861346967254,0.068837827397125,0.0630634985363778,0.0578856316243889,0.0529827899438704,0.0481468231870337,0.0443329134963916,0.0401217415114865,0.0365408182733158,0.0336783607989134,0.0305222692698274,0.0270165021959607,0.0250889264346638,0.0232226986352769,0.0211699422941852,0.0188968548568328,0.0163553873962171,0.0146088999242844,0.0138380542547496,0.0129977474463446,0.0120791080871141,0.0110706273536638,0.00995685280128284,0.00871616195255604,0.00731666713033614,0.00570794083520884,0.00380181356037776,0.00141710158897891,0.000485050874962113,0.000492079748843816,0.000498078541580577,0.000503077493713587,0.00050711160817146,0.000510218718651169,0.000512438253809483,0.000513809915255168,0.000514371989942875,0.000514160035171402,0.00051320662572165,0.000511539422992001,0.000509180756945805,0.000506147259718471,0.000502448976932591,0.000498089481569534,0.000493065490897858,0.000487366484228794,0.000480975566938757,0.000473868927889232,0.000466016448242802,0.000457381515889364,0.000447921150301337,0.000437585651160809,0.000426318706926476
-7.48819036170913e-07,-4.51016161636152e-07,-1.57122201075717e-07,0.00135680906527186,0.00716224076923737,0.0148831452013389,0.0222103097860537,0.0306349052247032,0.0385751277655842,0.046046792492312,0.0534927192329855,0.0611274871782941,0.0682573891380719,0.0748917700064481,0.0810401701952782,0.0871517792455709,0.0932327711693965,0.0988255985632272,0.103943706717781,0.108600876291732,0.113010048827375,0.117565357449479,0.121665943837576,0.125319939369443,0.128533665726843,0.131343306061102,0.134329152807247,0.136824931729053,0.138822015226016,0.140310021201263,0.141277037690279,0.141709779348747,0.141593647536054,0.14094273619126,0.139713598343282,0.13778416273451,0.135295240530113,0.132157359345417,0.128340925621308,0.123810412681606,0.118522200358089,0.112811746917175,0.106979353134783,0.100396960190106,0.0941203524694112,0.087458481350288,0.0811507122802327,0.0747688773731052,0.0689286518134832,0.0631461085099172,0.0579216972854199,0.0530153725619526,0.048158491393832,0.0443432769324159,0.0401309198099466,0.0365429288641337,0.0336800784532769,0.0305236169654006,0.027017495590047,0.0250886543053439,0.0232223181792696,0.0211694504313609,0.018896245731417,0.0163546516160993,0.0146086135846442,0.0138377391329619,0.0129974008045534,0.0120787272510841,0.0110702084546349,0.00995639178531075,0.00871565290289554,0.00731610162892686,0.00570730768975096,0.00380109068872491,0.00141624567727784,0.000485050243239391,0.000492078976396248,0.000498077864425244,0.000503077005502268,0.000507110865062595,0.000510217840833877,0.000512437507228108,0.000513808896884093,0.00051437087479673,0.000514158947165922,0.000513205337960048,0.000511537833666018,0.000509179163706194,0.000506145374845704,0.000502446945582773,0.000498087324699071,0.000493063006289734,0.000487363784252912,0.000480972584933614,0.000473865738877329,0.000466012947699914,0.00045737764845183,0.000447916937673354,0.000437581131034583,0.000426313806878868
-7.48820150953555e-07,0,-1.57118595853648e-07,0.00137755779927926,0.00749117398873283,0.0152795971331005,0.0230868187619832,0.0315803513369056,0.0395747699444093,0.0470864405004857,0.0551825879067488,0.0628404683283788,0.0699780641897597,0.0766062523414571,0.0829800259752468,0.0895334477189762,0.0955733547165167,0.101114238810343,0.106171041667541,0.110897663866517,0.115835852181901,0.120301136280252,0.124304518501862,0.127855349678755,0.131052446705849,0.134398282214405,0.137255044204799,0.139617417654063,0.141478075578935,0.142827910717082,0.143675043190341,0.144284413294833,0.144251843221436,0.143554909489301,0.142169397721583,0.140068711709829,0.137222995854929,0.133636650244857,0.129710878339357,0.125077321998712,0.119692637104029,0.113554330574612,0.107661032877022,0.101022939050769,0.0944894553868016,0.0877961391839922,0.0813349603489446,0.0749369207996055,0.0690119231830609,0.0632217634583876,0.0579545627641622,0.0530449975436902,0.0481689687646201,0.0443525301246827,0.0401390566973873,0.036544677041358,0.033681450320576,0.0305246276737172,0.0270181587305416,0.0250882793830539,0.0232218318798366,0.0211688490552803,0.0188955226140856,0.0163537970443768,0.0146082984167236,0.0138373922567231,0.0129970204008814,0.0120783097541558,0.0110697503554061,0.00995588799795426,0.00871509697571666,0.00731548500135045,0.0057066167450249,0.00380030293094112,0.00141531411056821,0.000485049633806554,0.000492078193725169,0.000498077290111144,0.000503076198594157,0.000507110020966374,0.00051021701694053,0.000512436306647555,0.000513807797076783,0.000514369449740326,0.000514157412392184,0.000513203749483312,0.000511536324326638,0.000509177271217135,0.000506143264654622,0.000502444772421864,0.000498084908565806,0.000493060356561269,0.000487360925850617,0.000480969403144119,0.000473862270401065,0.000466009138650834,0.00045737346785983,0.000447912404511769,0.000437576227168279,0.000426308403826721
-7.48818999528428e-07,-4.51015740935686e-07,-1.57118214798766e-07,0.00139672299916079,0.0078100391569647,0.0156531647160755,0.0239230872944945,0.032481782965244,0.0405269912433106,0.0485808871385715,0.0568065706895954,0.0644839693155768,0.0716261377975731,0.0782455365529886,0.0853035478249578,0.0918247814097303,0.0978206794299748,0.103307313371265,0.108349017551405,0.113697066125548,0.11855080928318,0.122923944527073,0.126828732819438,0.130391019841051,0.134103663708402,0.137324273732462,0.140051071920278,0.142280029871415,0.144005086766968,0.145546399262584,0.146619896173229,0.147071430255947,0.146881389252817,0.146028640465039,0.144490156420934,0.142240418876476,0.139250533612325,0.135486989803049,0.130990545410702,0.126259028565585,0.120782856945812,0.114507618937368,0.108292695745791,0.101602413306902,0.0948301014840267,0.0881075093551157,0.0815044087530799,0.0750913318491261,0.0690881919581622,0.0632909664813582,0.057984450330912,0.0530718688423549,0.0481783299345787,0.044360738202902,0.0401462099892767,0.0365460775319375,0.0336824846266338,0.0305253095903846,0.0270184970862886,0.0250877993316498,0.0232212372715005,0.0211681349854996,0.0188946810300828,0.0163528163529638,0.0146079516673806,0.0138370122216823,0.0129966036404749,0.0120778533674357,0.0110692492422574,0.00995533762344661,0.00871449057274441,0.00731481260245812,0.00570586389878096,0.00379944514232327,0.00141429928932626,0.000485049229291212,0.000492078023142578,0.000498076399585005,0.000503075288467918,0.000507109194046216,0.000510216049786817,0.000512435229884161,0.000513806572923976,0.000514368196352978,0.000514155929749535,0.000513201984464982,0.00051153428762381,0.000509175169693808,0.000506141193989939,0.000502442344722281,0.000498082135438462,0.000493057409954491,0.000487357664679688,0.000480965940720181,0.000473858425546251,0.000466005029457309,0.000457369010227969,0.000447907499102937,0.000437570842845151,0.000426302533367419
-7.48817222614163e-07,-4.51018179595526e-07,-1.57121017925985e-07,0.00141442260111675,0.00810991837197641,0.0160046173323785,0.0247193340569855,0.0333395355078281,0.0414322632023672,0.0501059398302669,0.0583638220035867,0.0660574256825514,0.0732013693367886,0.0804985462290711,0.0875383718490388,0.0940243800456994,0.0999738389777606,0.105404421537872,0.111116792256842,0.116386506368573,0.1211536129265,0.125433125028959,0.129344043800303,0.133434784021725,0.137026391084823,0.140120804746216,0.142717522191351,0.1448689412995,0.146981450573052,0.14850423070402,0.149421809770017,0.149717303493228,0.149372395496106,0.14836714926762,0.146679625992682,0.144285278741005,0.141156068719513,0.137259224378962,0.132555514382953,0.127360072936795,0.121797325346566,0.115441953684466,0.108877559717761,0.102138437840148,0.0951442763128034,0.0883944435981664,0.0816601292035101,0.0752330988278106,0.0691579654435924,0.0633541805985861,0.0580115649824537,0.0530961694723997,0.0481866373657011,0.044367957357226,0.0401524292163894,0.0365471395207367,0.0336831882302872,0.0305256661520786,0.0270185129736104,0.0250872092776383,0.0232205295846296,0.021167302644944,0.0188937146973473,0.0163517030696288,0.0146075712829115,0.0138365954235185,0.0129961476642587,0.0120773542622392,0.0110687022241915,0.00995473757533232,0.00871382905813405,0.0073140798442151,0.00570504327409509,0.00379851050436874,0.00141319484710549,0.00048504855602505,0.000492076912359472,0.000498075752807449,0.0005030744409656,0.000507108208219157,0.000510214980766866,0.000512434196964203,0.000513805226494121,0.00051436682693193,0.000514154205107112,0.000513200324325871,0.000511532350932177,0.000509173042164339,0.000506138730080559,0.00050243966308428,0.000498079282216915,0.000493054253730428,0.000487354145317706,0.00048096213941215,0.000473854326878098,0.000466000477402793,0.000457364092156262,0.000447902089387504,0.000437564992138059,0.000426296174804635
-7.48817274586905e-07,-4.51015828754884e-07,-1.57123117077065e-07,0.00147749807755319,0.00839153329379208,0.0163347874774949,0.0254760051657867,0.0341541563685137,0.0426831022631513,0.0515673299775619,0.0598538939754413,0.0675606858476246,0.075069807007494,0.0826688696655739,0.0896831822797559,0.0961314000158272,0.102032474252841,0.108058657279349,0.113775586443751,0.118964703426493,0.123643616903083,0.127891638713912,0.132376370280396,0.136350608128518,0.139820121613296,0.14278812039255,0.145449158208716,0.147989214608423,0.149950083333443,0.151319240984083,0.152082587022899,0.152224536734229,0.151727983064805,0.150574090989381,0.148741909398787,0.14620776004435,0.142944353591625,0.138919552660828,0.134094659253177,0.128422009842049,0.122740386014628,0.116309475616739,0.109418681912972,0.102633904160095,0.0954338387615739,0.0886586709720823,0.0818031156872547,0.0753631359577384,0.0692217083705102,0.0634118293972509,0.0580360901003695,0.0531180663280585,0.0481939498493855,0.0443742396719208,0.0401577569422494,0.0365478684526713,0.0336835674907974,0.0305257025896818,0.0270182056434885,0.0250865063679347,0.0232197033563647,0.0211663458571973,0.0188926169580926,0.0163504494690638,0.0146071546683688,0.0138361397355656,0.0129956493918281,0.0120768089870572,0.0110681055928841,0.00995408254073869,0.00871310815125028,0.00731328099617592,0.00570415022279857,0.00379749304759899,0.00141199192776031,0.000485047963557405,0.000492076275778766,0.000498074809569176,0.000503073453778259,0.000507107136045782,0.000510213777282,0.000512432767411039,0.00051380380533626,0.00051436513419473,0.00051415246170867,0.000513198369050372,0.000511530305145486,0.000509170632662053,0.000506136141726193,0.000502436781327499,0.000498076164984058,0.00049305082510466,0.000487350451763858,0.000480958017778945,0.000473849793768811,0.000465995604687624,0.0004573587921713,0.000447896363765646,0.000437558656159187,0.00042628930507524
-7.48818005494532e-07,-4.51015758657229e-07,-1.57120615380455e-07,0.00154836241077045,0.00865563643348295,0.0168809992548142,0.0261937163618184,0.0349263776536155,0.0440385771656991,0.0529647394377903,0.0612767256749722,0.0689939690074785,0.0771668637006564,0.08475113327866,0.0917372154231981,0.0981455352850311,0.10448206397071,0.110681207588596,0.116324180077813,0.121431051869666,0.126020819012169,0.13090824325575,0.135281375994706,0.139137971254913,0.14248507117971,0.145610651201552,0.14857455942516,0.150966130611899,0.152776044397777,0.153993147359741,0.154604642049192,0.154596162213748,0.154086149132964,0.152834892481645,0.150790437258114,0.148012544011422,0.14462027966759,0.140473008291134,0.135532469052978,0.129751353501929,0.123616241790928,0.117114242740132,0.109918957019431,0.103091540323162,0.0957005247688624,0.0889018027566132,0.081934287233569,0.0754822861892355,0.0692798482390485,0.063464300760911,0.0580581942435254,0.053137707718272,0.0482003163474661,0.0443796274611691,0.0401622304560883,0.0365482717716728,0.0336836245665959,0.0305254157883201,0.0270175733976194,0.025085685358958,0.023218753728252,0.021165258779274,0.0188913799378777,0.016349046194511,0.0146066986602365,0.0138356417094472,0.0129951052028937,0.0120762140958018,0.011067454653303,0.00995336850543456,0.0087123222932204,0.00731241083285569,0.00570317723982422,0.003796386088628,0.00141068359474729,0.000485046914721857,0.000492075371579462,0.000498074024855672,0.000503072355020675,0.000507106074663411,0.000510212252298485,0.000512431263460098,0.000513801991366429,0.000514363298625244,0.000514150459899734,0.000513196317402016,0.000511527893149094,0.000509168125872372,0.000506133235559915,0.000502433653158683,0.000498072735333662,0.000493047128357928,0.000487346354829036,0.000480953542406597,0.000473844938867189,0.00046599022804965,0.000457352888473937,0.000447889940179671,0.00043755175064943,0.000426281786828606
-7.48816906047649e-07,-4.51016155207444e-07,-1.57120328357346e-07,0.00161410542258643,0.00890299013321706,0.0174963436927673,0.0268732331357803,0.0357146876253466,0.0453336400066324,0.0542982137564323,0.0626326143122495,0.0709782266664984,0.079178075821413,0.0867446598869839,0.0937002241928121,0.100342018736017,0.107062209737491,0.113194724105903,0.118761994877875,0.123785559845032,0.129005178283257,0.133798217825316,0.138058534680007,0.141797069316769,0.145349544814425,0.148737961511431,0.151556907788786,0.153800562845145,0.155460970428442,0.156577200017277,0.157377208746839,0.157460553275882,0.156805347679843,0.155387621295158,0.153180688435866,0.15015421280907,0.146272880838158,0.141924653408615,0.13687403012401,0.130989925196952,0.124428941461606,0.11786014294122,0.110446650745572,0.103513915355648,0.0959459533703756,0.0891253373256856,0.0820544925505848,0.0755913278352719,0.0693327754513357,0.0635119493223329,0.0580780328286384,0.053155233513413,0.0482057844348266,0.0443841580419617,0.0401658818669674,0.036548351080365,0.0336833593022282,0.0305248056936376,0.0270166124291826,0.0250847403450065,0.0232176742130872,0.0211640337742439,0.018889996128866,0.0163474847034873,0.0146062001621199,0.0138350975007668,0.0129945111082648,0.0120755651903108,0.0110667451328215,0.00995259093840241,0.00871146645351448,0.00731146382324841,0.00570211813225706,0.00379518057817942,0.00140925977422484,0.000485046483626644,0.000492074278975649,0.000498073073422385,0.000503071287411843,0.000507104683310799,0.000510210748572754,0.000512429714076911,0.000513800425389419,0.000514361460099773,0.00051414849711072,0.00051319395478867,0.000511525385407522,0.000509165223224128,0.000506130211028419,0.000502430258273978,0.000498068956985678,0.00049304301132186,0.000487341855256862,0.000480948625127532,0.000473839594609065,0.000465984430895952,0.000457346560319158,0.000447883058480163,0.000437544257953828,0.000426273630720811
-7.48818290414655e-07,-4.51019145986346e-07,-1.57123362368504e-07,0.00167505851458965,0.00913437950752712,0.0180780656524542,0.0275154765488249,0.03689747223918,0.0465684585109381,0.055568131857607,0.064043386439121,0.0729091081756403,0.0811028651240957,0.0886492734124876,0.0955889051318152,0.102872985790705,0.109534653334557,0.115598684601844,0.121089071782114,0.126636812607915,0.13187559455592,0.136561049534956,0.140708032308937,0.144656976396938,0.148475226663603,0.151722576372095,0.154397019188665,0.156494084019544,0.158323180032228,0.15965112804835,0.160282126943592,0.160197413723204,0.159376423417221,0.157796390270654,0.155431712770246,0.152253012350392,0.148225810718505,0.14330868904418,0.138124366460118,0.132142683174244,0.125275096758232,0.11855088979129,0.111080153768772,0.103903442898337,0.0961991803343449,0.0893306672536602,0.0821645142679651,0.0756909759844961,0.0693808467921719,0.0635550970444336,0.0580957383950758,0.053170760133446,0.0482103903972927,0.0443878637473939,0.0401687344538936,0.0365481070051905,0.0336827701393933,0.0305238673770697,0.0270153158112315,0.0250836652575792,0.0232164558624953,0.0211626613833236,0.0188884549643407,0.0163457534190799,0.0146056556637469,0.0138345035339865,0.0129938629799922,0.0120748578707373,0.0110659718878458,0.00995174333195652,0.00871053460691334,0.00731043247791827,0.00570096563223854,0.00379386899818,0.00140771071675342,0.000485045546979512,0.000492073526360185,0.000498071779624869,0.000503070157387485,0.000507103323204167,0.000510209530888486,0.000512428082966636,0.00051379850561503,0.000514359381431585,0.000514146278355775,0.000513191479587973,0.000511522672126299,0.000509162304897804,0.00050612689792694,0.000502426647832801,0.00049806495189014,0.000493038549445578,0.000487337013928862,0.000480943412389422,0.000473833771242411,0.000465978100139494,0.000457339680218254,0.000447875564790617,0.000437536083819865,0.000426264779710452
-7.48818003613269e-07,-4.51020145716591e-07,-1.57121135490619e-07,0.00173153477560272,0.00935057135564772,0.0186270908510132,0.0281214734838698,0.0380241257290798,0.0477434978636647,0.0567751782235881,0.0658838679316784,0.0747561842503888,0.0829411349037334,0.0904652791272852,0.0980632256071338,0.105297764196784,0.111898931934841,0.117893168390553,0.123767563882107,0.129482788956599,0.134619669192805,0.139196924849489,0.143518795944795,0.147777184824976,0.15145863648095,0.154565264428262,0.15709640202025,0.159567789155149,0.161409701776457,0.16257080428989,0.163035376179746,0.162785985399585,0.161803284656949,0.160065608041906,0.157548327164956,0.154222908053932,0.150055593738807,0.145005576007843,0.139288410546958,0.133214461318079,0.126261504208034,0.119190018425766,0.111665692400555,0.104262384158059,0.0965269263054031,0.0895190820389537,0.0822650728150583,0.075781888045408,0.0694243872895921,0.0635940368569965,0.0581114337275905,0.0531843973225228,0.0482141650247007,0.0443907699087935,0.040170810233169,0.0365475387516026,0.0336818529385881,0.0305225948224751,0.0270136729722021,0.025082451537572,0.0232150912482216,0.0211611319369758,0.0188867450221254,0.0163438397327896,0.0146050615019276,0.0138338555268568,0.0129931565443126,0.0120740869125049,0.0110651292597427,0.00995082075880223,0.00870952020511139,0.00730931016790387,0.00569971151471838,0.00379244216553429,0.00140602572736048,0.000485044634760694,0.000492072605247711,0.000498070639305348,0.000503068831854036,0.000507102016296604,0.000510207849392671,0.000512426227685378,0.000513796610214207,0.000514357112235205,0.000514143591846416,0.000513188626368977,0.000511519427300848,0.000509158855714931,0.000506123166477401,0.000502422624206337,0.000498060583710134,0.000493033705340535,0.000487331776642881,0.000480937590280124,0.000473827524534185,0.000465971263108677,0.000457332278738045,0.000447867388670292,0.000437527214999683,0.00042625509953423
-7.48816145311343e-07,-4.51019747428611e-07,0,0.00178383176023507,0.00955234775143958,0.0191443979513696,0.0286923534201883,0.0390952049131385,0.0488595077264856,0.0580356019677016,0.067643510525884,0.0765194568595863,0.0846932524839411,0.0925775677610057,0.100433082436694,0.107615958254308,0.11415516983263,0.120356517451228,0.126583815557043,0.132203333932964,0.137237599022242,0.141915286531788,0.146629377448928,0.150755617238808,0.154300504760126,0.157314800885363,0.160318417088681,0.16266439745385,0.164342046190094,0.165338765625766,0.165640176582321,0.165230080723283,0.164090248197561,0.162200007378967,0.159535590025485,0.15606919952629,0.151767695271373,0.146590774654886,0.140488426765729,0.134209944836878,0.127176555499128,0.11978088106711,0.112206435485984,0.104592854324485,0.096828344759977,0.0896917764454633,0.0823568298100977,0.0758646662576375,0.0694636919177813,0.0636290337367059,0.0581252271628033,0.0531962364923755,0.0482171361320177,0.0443928962210749,0.0401721210908559,0.0365466408560591,0.0336806007808809,0.0305209789081271,0.0270116744813035,0.0250810914190389,0.0232135704218181,0.0211594362786324,0.0188848552150541,0.016341730340863,0.0146044136116392,0.0138331488598157,0.0129923865679792,0.0120732470746936,0.0110642120423287,0.00994981617594518,0.00870841556773575,0.00730808862050148,0.00569834684432511,0.00379088976977326,0.00140419282367876,0.000485043247770619,0.000492071290309318,0.00049806913922782,0.000503067207188649,0.000507100279457713,0.000510205927230088,0.000512424311381685,0.00051379443161368,0.000514354684047698,0.000514141029058881,0.00051318565528054,0.000511516123018395,0.000509155288977683,0.000506119348793494,0.000502418275356079,0.000498055823453707,0.000493028444862443,0.000487326103483794,0.000480931288177703,0.000473820659086803,0.000465963842839609,0.000457324041926906,0.000447858542151858,0.000437517578395358,0.000426244635581755
-7.48816815837182e-07,0,-1.57121853286672e-07,0.00183223780103419,0.00974047554087578,0.0196310933445966,0.0295517755933592,0.0401115385516414,0.0499174979474242,0.0596973507951525,0.06932241838453,0.0781993653966533,0.0863600086443296,0.0948845127370438,0.102698159877235,0.109827756000965,0.116357305149627,0.123137311001361,0.129275676669842,0.134798671601105,0.139820910439269,0.145011774090022,0.149598761159014,0.153592978556755,0.157080732107345,0.160577802756629,0.16342223048885,0.165606943110423,0.167122664905751,0.167958145995272,0.168330425959182,0.16794059683827,0.166710496441947,0.164613216311115,0.161617959812722,0.157797292792335,0.153367618834427,0.148069822689549,0.141854219675132,0.135133653057076,0.12802460167758,0.120326650443129,0.112705369116028,0.104896827763299,0.0971052670920767,0.0898498528794674,0.0824403921369782,0.075939861382405,0.0694990273137414,0.0636603257790652,0.0581372127695045,0.0532063618301715,0.0482193231827329,0.0443942572185025,0.0401726787877877,0.0365454084011024,0.0336790057712753,0.0305190079644631,0.0270093035961801,0.0250795754830907,0.0232118824606687,0.0211575609360212,0.0188827715106607,0.0163394108281592,0.0146037065034367,0.013832379155459,0.0129915480363476,0.0120723325510298,0.0110632129133589,0.00994872242003286,0.00870721369426987,0.0073067596249172,0.00569686198136432,0.00378920100230652,0.00140219901109221,0.000485042308640747,0.000492070333267452,0.000498067924767243,0.000503065574805741,0.000507098375346847,0.000510203940299282,0.000512421939388269,0.000513792110032719,0.000514351994793196,0.000514138065395068,0.0005131823444517,0.000511512659994644,0.000509151384031727,0.000506114787806155,0.00050241355091505,0.00049805052509179,0.000493022819542239,0.000487319826714963,0.000480924529268392,0.000473813242514911,0.000465955708671393,0.000457315206511356,0.000447848912515435,0.000437507065987886,0.000426233224625523
-7.48814860246253e-07,-4.51016842585388e-07,-1.57120432061011e-07,0.00187701211546826,0.00991570559701931,0.0200883086151949,0.0304598861336557,0.0410741507144431,0.0509186992709754,0.0612818419947534,0.0709211108626591,0.0797967485586068,0.0885903656333768,0.0970887436937938,0.104858712920315,0.111933877556146,0.119096382933036,0.125794892348067,0.13184340403585,0.137269668498148,0.142898507185272,0.147967733012882,0.152427640791046,0.156349735262518,0.160343743713409,0.163685578114114,0.166372150478757,0.168397804536914,0.16998802559561,0.17102820085644,0.171274654435909,0.170707098926811,0.169302846779955,0.167036156368289,0.16387726569114,0.159791028624584,0.154860857737998,0.149448196990719,0.143125221705007,0.135989932057464,0.128809803414574,0.120830318292257,0.113165301493615,0.105176141836681,0.0973593949212714,0.0899943279311445,0.0825163142518067,0.076007974942004,0.0695306347740736,0.0636881269707188,0.0581474753364457,0.0532148424777574,0.0482207409895338,0.044394863057012,0.040172486203003,0.0365438319686258,0.033677056651221,0.0305166677794772,0.0270065474822879,0.025077892434118,0.0232100161628991,0.0211554938222576,0.0188804807212457,0.0163368648989493,0.0146029364550272,0.0138315407304723,0.0129906344379618,0.0120713366410285,0.0110621259459208,0.00994753213322858,0.00870590595241768,0.00730531337404932,0.0056952469862455,0.0037873643644468,0.00140003105354396,0.000485041051635014,0.000492068735647986,0.000498066284199856,0.000503063990390195,0.000507096605752124,0.000510201982582249,0.000512419712096493,0.00051378915408391,0.000514349030963408,0.000514134745385101,0.000513178907621022,0.00051150876879146,0.000509147153954357,0.000506110213819427,0.000502408393358672,0.000498044895745297,0.000493016628052139,0.000487313049340739,0.000480917089627071,0.000473805168364148,0.000465946865052769,0.000457305602224316,0.000447838406401931,0.000437495681759316,0.000426220756969151
-7.48819195258221e-07,-4.51017195870169e-07,-1.57118312323782e-07,0.00191841273264176,0.0101309135124096,0.0205172336953531,0.0313190521162044,0.0419843027943933,0.0523220850580461,0.0627896833844067,0.0724405026396689,0.0814827100357178,0.0907252582333447,0.0991905873231539,0.106915514855734,0.114408429423198,0.121713599936663,0.128329575887997,0.13428789236583,0.140257658273345,0.145836351524043,0.150783861008739,0.155117399838469,0.159608747904666,0.16345189218758,0.166639702067415,0.16917049622711,0.171489038372474,0.173126341741352,0.173988485063119,0.174058613823549,0.173317749717975,0.171744389538281,0.169313839917775,0.165997253048212,0.161760265401183,0.156561106674661,0.150731278804817,0.144306710827722,0.136916379749677,0.129536121789008,0.121358388505373,0.113588865032442,0.105432505515222,0.0975923056995355,0.0901261370526126,0.0825851030300241,0.076069463944179,0.0695587291393683,0.0637126271120815,0.0581560855716496,0.053221736201349,0.0482214026344473,0.0443947172044803,0.0401715411190721,0.0365418997146213,0.0336747384760463,0.0305139432383721,0.0270033843641229,0.0250760315740278,0.0232079580897266,0.0211532191968125,0.0188779649945557,0.0163340748947725,0.014602097189879,0.0138306275183975,0.0129896402688829,0.0120702525888385,0.0110609424152056,0.00994623729576304,0.0087044829895093,0.00730374033025891,0.00569349014612531,0.0037853668514923,0.00139767309876111,0.000485039858901107,0.000492067368226777,0.000498064750365163,0.000503062186759926,0.00050709448261245,0.000510199581590893,0.000512417100244559,0.000513786446973309,0.000514345968828299,0.000514131453370544,0.000513174990305632,0.000511504529100171,0.000509142451212462,0.000506105110729481,0.000502402764154081,0.000498038807043867,0.000493009866111609,0.000487305687518944,0.000480909044556369,0.000473796334181802,0.000465937279110337,0.000457295186551563,0.000447827072520003,0.000437483234029746,0.000426207309514615
-7.48817076753308e-07,-4.51014113528572e-07,-1.57121420006841e-07,0.00195668407777234,0.0104820823013199,0.0209190839723767,0.0321305338665129,0.0428434022402742,0.0537288434291258,0.0642218424931379,0.0738818310952244,0.0835389676924173,0.0927602015779288,0.101190876586238,0.109014832793505,0.116978628860237,0.124209326013247,0.130742285986799,0.137051039925696,0.143172354294704,0.148635152523206,0.153461535349275,0.15835964845348,0.162713342485889,0.166406710533249,0.169445370680119,0.172416728984841,0.174638979484945,0.176100683553854,0.176788357083533,0.17668647016757,0.175777249273143,0.174040258544751,0.171451742232964,0.167983649995245,0.16360228978918,0.158266442323258,0.151924740877577,0.145403803350145,0.137924706661436,0.130207320060058,0.121972532240426,0.11397852330761,0.105667503443973,0.097805456998551,0.0902461383658424,0.0826472177645591,0.0761247412225356,0.0695835026983634,0.063733993709043,0.0581631016088928,0.0532270926017549,0.0482213091688494,0.0443938212677384,0.0401698385987423,0.036539600508144,0.033672037445074,0.0305108154658056,0.0269997926042197,0.0250739791749756,0.023205694148147,0.0211507227940192,0.0188752083402114,0.0163310217539829,0.0146011836683684,0.013829633267506,0.0129885574459143,0.012069073161205,0.0110596550589493,0.00994482824504188,0.00870293511090451,0.00730202956338072,0.00569157934101514,0.00378319460291336,0.00139510915127944,0.000485038180138668,0.000492065615619532,0.000498062849780996,0.000503060063193571,0.000507092491211588,0.000510197198737524,0.000512414418652493,0.000513783307717622,0.000514342649360629,0.000514127657110411,0.000513170845482346,0.000511499950938258,0.000509137458692988,0.000506099540460992,0.000502396669801417,0.000498032185006185,0.00049300258743099,0.000487297644207639,0.000480900310988799,0.000473786816009183,0.000465926827184363,0.000457283829277308,0.000447814615772416,0.000437469775901721,0.000426192646972284
0,-4.51017223474801e-07,-1.57118046353798e-07,0.00200149163397287,0.010906126663822,0.0216654766856061,0.0328966741304924,0.0441191439518795,0.0550869844377671,0.065686462477545,0.0758417112798443,0.0855376423279294,0.0947365763254379,0.103447353386443,0.111677189526584,0.11942852328109,0.126716044077912,0.133561020313816,0.139978735814964,0.145972859841299,0.151549335330102,0.156716505686615,0.161457495479362,0.165749153355447,0.169530075173088,0.172640285949865,0.17506277632258,0.176793730985428,0.177826897036676,0.17815373332025,0.177763434282803,0.176642802820573,0.174775948694182,0.172143791614509,0.168723322392485,0.164486551010062,0.159399057750686,0.153417967370329,0.146497698370519,0.138904070016613,0.130905828517173,0.122658585005576,0.114337972640736,0.106097410567949,0.0980765504232995,0.0903741567357322,0.083065141650787,0.0761945156888016,0.0697827635963187,0.0638365799921513,0.0583437085141479,0.0532916015790505,0.0486450409088243,0.0443909650818294,0.04048891433793,0.0369328440219026,0.033666896468946,0.0307001192491849,0.027984920109697,0.0254970613497642,0.023252153263951,0.0211855152440956,0.0193152792878922,0.017591944687367,0.016016120658433,0.0145853429984991,0.0132914194151131,0.0121225379776982,0.0110587913669757,0.0100725957773778,0.00913566301414333,0.00836686827948801,0.00758859301617601,0.00694419326969453,0.00627412540101359,0.00576819415918567,0.00521027346095495,0.0047519392498503,0.00436371538380151,0.00393538300276894,0.0035165107545024,0.00327391208169717,0.00300781911274377,0.00271429583974074,0.0023878757168727,0.00209715468998144,0.00198143486445026,0.00185520307662445,0.00171705752002442,0.00156516027629595,0.00139701485592336,0.00120907389256406,0.000996002684987263,0.000749129345051642,0.00047377636166299,0.000465915488788823,0.000457271397373294,0.000447801164171892,0.000437455133635505,0.0004261766814031
0,-4.51016353963324e-07,-1.5712314250897e-07,0.00204198063399363,0.0111577976965958,0.0221765503777479,0.0336629780452581,0.0451316527328953,0.0563272267776969,0.0671388997534544,0.0774931830209368,0.0873594128416168,0.096722516734081,0.105585074902974,0.113943396800335,0.121819054693081,0.129227943800896,0.136177482135939,0.142686351329763,0.148773928854827,0.154432916952066,0.159665390214202,0.164465770974147,0.168774244640765,0.17241816632218,0.175373992202043,0.177641928156965,0.179219400468561,0.180101295443407,0.180280095188515,0.179745895678789,0.17848626946846,0.176485969414576,0.173726433867042,0.170185053985399,0.165834135920628,0.160639462457292,0.154558282069241,0.147536485031307,0.139730361746058,0.131541097936971,0.123132955902389,0.11468052861257,0.106337187738166,0.0982338751728147,0.0904786078017417,0.083131759080839,0.0762347638099231,0.0698074234710921,0.0638488863974739,0.0583492369987172,0.0532933544098993,0.0486439996788515,0.0443885369092266,0.0404857556300219,0.036929288960116,0.0336633754209246,0.030696640769132,0.0279816082465805,0.0254940112000314,0.0232491195434855,0.0211828651881599,0.0193127237237103,0.0175895083719227,0.016013827044668,0.0145835658922761,0.0132894771895305,0.0121208001562807,0.0110572724486725,0.0100713065209285,0.00913425448741418,0.0083657182556096,0.00758769995153312,0.00694321912230277,0.00627342201813515,0.00576742729379939,0.00520943522853567,0.00475139956018495,0.00436312751650346,0.00393473977557245,0.00351617110219183,0.00327354216332108,0.00300741551298011,0.00271385520464122,0.00238739208616726,0.00209699142185843,0.00198125749010371,0.00185501037118795,0.00171684733916313,0.00156493092152411,0.00139676374663967,0.00120879797766402,0.000995696801223162,0.0007487864207535,0.000473765104203383,0.000465903149628852,0.000457257964210283,0.000447786532374626,0.000437439179319677,0.000426159329181565
0,-4.51018835552075e-07,-1.57121027241536e-07,0.00208331111003967,0.0114161729864549,0.0226874090676201,0.0344325808352894,0.0461462447645411,0.057569483285798,0.0685928017838783,0.079145161295229,0.089184059150947,0.0987160534124674,0.107718726016278,0.116221165099078,0.124222701370042,0.131739424996493,0.138802971984236,0.145411206337645,0.151585012896191,0.157328231560094,0.162628394631774,0.167472830420832,0.171659886872446,0.175153462963237,0.177958192849882,0.180075535404045,0.181504076844414,0.182239753513071,0.182275981428054,0.181603659609408,0.180211039905619,0.178083430407495,0.175202700936509,0.171546569193338,0.167087564790126,0.161791609511599,0.155616022561808,0.148506707252529,0.140520968114464,0.132141565353063,0.123576509837487,0.114994519948499,0.106558197741187,0.098382618677106,0.0905729041999743,0.0831913065125593,0.0762701593689652,0.0698285611576681,0.0638588185856007,0.0583530497369449,0.0532937643641001,0.0486419755989163,0.0443853236871761,0.0404819673251758,0.0369251796733066,0.0336594072833288,0.0306927674991212,0.0279779491946975,0.0254906606392225,0.023245794815537,0.0211799698749449,0.0193099348774724,0.0175868520666964,0.0160113282966778,0.0145816312995008,0.0132873641899922,0.0121189091620327,0.0110556201172041,0.0100699039717176,0.00913272252917938,0.00836446786885345,0.00758672887516709,0.00694215972820006,0.00627265711034314,0.00576659336025784,0.00520852431200199,0.00475081296100347,0.00436248797151808,0.00393404097491025,0.00351580156078778,0.00327313977481075,0.003006977012218,0.00271337604154549,0.00238686658789318,0.00209681420311907,0.00198106465537124,0.00185480044425398,0.00171661878416835,0.00156468172632129,0.00139649085780321,0.00120849763569548,0.00099536443641058,0.000748413676073393,0.000473752783348581,0.000465889741274858,0.000457243323020844,0.000447770584549331,0.000437421831517287,0.000426140471964813
0,-4.51018047019404e-07,-1.57121280972226e-07,0.00212188271992764,0.011671772470122,0.023197542726158,0.0352034376182636,0.0471617896615196,0.0588140454128395,0.0700465722215989,0.0807958409739793,0.0910197211813399,0.100705133453557,0.10986643526869,0.118499647989659,0.126628198321506,0.134267882604464,0.141431082858135,0.148145388969985,0.154405117985545,0.160234050385666,0.165606407582963,0.170351894356992,0.174393079691915,0.177739444564836,0.180396886943832,0.182368041129737,0.183652568244329,0.184247367687563,0.184146695924489,0.183342166697398,0.181822625712241,0.179573848558982,0.176578064938843,0.172813244366625,0.168252079803999,0.162860576821497,0.156596074767302,0.149404450079306,0.141275312332709,0.132711511581204,0.123995281605555,0.115294233136214,0.106759636717433,0.0985199578489396,0.0906576702322032,0.0832441829287247,0.0763009430760694,0.0698463210523698,0.0638664450052187,0.0583551735315275,0.0532928318225366,0.0486389558718753,0.0443813049155278,0.0404775254192069,0.0369204872984242,0.033654963572163,0.0306884724250026,0.0279739183298376,0.0254869848368233,0.0232421572616569,0.021176808455059,0.0193068931106343,0.0175839573586469,0.0160086079362737,0.0145795257238842,0.0132850642953048,0.0121168523479034,0.0110538227387687,0.0100683789004614,0.00913105651154108,0.00836310784150957,0.0075856729243437,0.00694100790184444,0.00627182550919467,0.00576568671469681,0.00520753327834256,0.00475017512538629,0.00436179268022316,0.00393328105511769,0.00351539969680368,0.00327270258661088,0.00300650044183334,0.0027128551002315,0.00238629512209565,0.00209662127622378,0.00198085510017225,0.00185457255684417,0.0017163702948302,0.00156441053714431,0.00139619418634431,0.00120817146522206,0.000995002966357991,0.000748008621892788,0.00047373941442257,0.000465875125080948,0.000457227422749642,0.000447753267323917,0.000437402975809994,0.000426119932423575
0,-4.51016321587285e-07,-1.5711906405013e-07,0.00216302620803998,0.0119238695390483,0.0237063894290726,0.0359738706253297,0.0481771375068625,0.0600628516940973,0.071508992909634,0.0824436183587794,0.0928506200279277,0.102702856087811,0.112009124219576,0.120783891526829,0.129038154673721,0.136795903872079,0.144071014912644,0.150884032040814,0.157239654177618,0.163148921018401,0.168474446108926,0.173078981515944,0.176977274947341,0.180180078481962,0.182694480287673,0.184524213034011,0.185669932126349,0.186129408318959,0.185897652441569,0.184966909469776,0.183326530930954,0.180962688621242,0.177857898802505,0.173990322915992,0.169332761030552,0.163851254191628,0.157503119283284,0.150234172045978,0.141993081410141,0.133253269282858,0.12438699463127,0.11556982638697,0.106946031132715,0.0986440416425464,0.0907365309776666,0.0832907449800944,0.0763273236605986,0.0698608243334524,0.0638718178778643,0.0583556254433168,0.0532905535559514,0.048634918218494,0.0443764521011748,0.0404723949762015,0.036915180090025,0.0336500131299693,0.0306837237338646,0.0279694871541348,0.0254829580654864,0.0232381802790057,0.0211733585609564,0.0193035763157608,0.0175808043980193,0.016005645818982,0.0145772345612443,0.0132825622386398,0.0121146145085043,0.0110518683127634,0.0100667204536177,0.00912924489998896,0.00836162928930157,0.00758452478571466,0.00693975546701922,0.00627092107828947,0.00576470131063491,0.00520645611244527,0.00474948195804042,0.0043610363779347,0.00393245484201439,0.00351496270496431,0.00327222696092089,0.00300598191732117,0.00271228825392572,0.00238567339995685,0.00209641152578308,0.00198062713542041,0.00185432432378793,0.00171610046238391,0.00156411598102759,0.00139587167820259,0.00120781669858247,0.000994610187046478,0.000747568010535788,0.000473724878567819,0.000465859247764085,0.000457210161766794,0.000447734433961495,0.000437382466084331,0.000426097666781032
0,0,-1.57121842386428e-07,0.00220102159023732,0.0121765959487801,0.0242180127149735,0.036742990246938,0.049191104382424,0.0613095775903482,0.0729683464918819,0.0841008825552424,0.0946752888203159,0.104697799906771,0.114154796229292,0.123065763470341,0.131452152685099,0.139323642470255,0.146715396618552,0.153626016828432,0.160080174518522,0.166001170096181,0.171191117543264,0.175657520741044,0.179416403671902,0.182479729548142,0.184855701983672,0.186549075351397,0.187561408734525,0.187891265318162,0.187534323375835,0.186483377002663,0.184728211359895,0.18225532129921,0.179047449366528,0.175082890518633,0.17033450494014,0.164768327844288,0.158341620605193,0.151000106516358,0.142673974365772,0.133759770711911,0.124754696291514,0.11582249671042,0.10712121460461,0.098755681635926,0.0908085491252601,0.0833313064437489,0.0763494811287511,0.0698721706346201,0.0638749741177133,0.0583544040831879,0.0532869106443191,0.0486298361118145,0.0443707331290006,0.0404665409586118,0.0369092190054414,0.0336445213213472,0.0306784919640222,0.0279646241178933,0.025478553400962,0.0232338364214699,0.0211695966665413,0.0192999636754134,0.0175773706441937,0.0160024212965,0.0145747420683891,0.0132798397269175,0.0121121808925637,0.0110497425633626,0.0100649167849089,0.00912727501089351,0.00836002151765952,0.00758327619410445,0.00693839362469739,0.00626993782700733,0.00576362934601703,0.00520528499466255,0.00474872777651928,0.00436021467545488,0.00393155624698603,0.0035144876491398,0.00327170989070776,0.00300541843696006,0.00271167257032575,0.00238499790205351,0.00209618341638938,0.00198037915718958,0.00185405480658879,0.00171580691927661,0.00156379543195378,0.00139552087315921,0.00120743112501133,0.00099418293522229,0.000747089027893575,0.000473709130700672,0.000465841998466829,0.000457191351652617,0.000447713974494248,0.000437360163001668,0.000426073396348825
0,-4.51019247924357e-07,-1.57120038136745e-07,0.002240027784382,0.0124302143198793,0.0247283740742215,0.0375098916443679,0.0502024968309747,0.0625527599718106,0.0744226814811569,0.0857513427397686,0.0965089866241507,0.106685074987969,0.116297986541095,0.12535033740878,0.133858818881003,0.141860470856166,0.149358332970957,0.156373928437643,0.162898652694786,0.168702814828268,0.173759840364303,0.178091421899262,0.1817148070348,0.184643098593334,0.186885547221041,0.188447840379981,0.189332364577033,0.189538391147324,0.189062186659065,0.18789701867169,0.186033035703574,0.183456995337444,0.1801518068018,0.176095852939283,0.171262010940459,0.16561627512486,0.159115821653477,0.15170625837964,0.14331764022859,0.134239804182643,0.125095247899356,0.116062524112759,0.107279563962716,0.0988556104596735,0.0908721067661183,0.0833661414879236,0.0763675665802282,0.0698804374924326,0.0638759354321986,0.0583515021850427,0.0532818799661821,0.0486236729906434,0.04436410560152,0.0404599236767695,0.0369025649744436,0.033638450468984,0.0306727385604233,0.0279592963408751,0.025473739119974,0.0232290952292402,0.0211654963698141,0.0192960283827259,0.0175736329732554,0.0159989130667785,0.0145720304035878,0.0132768793814732,0.0121095343093629,0.0110474309367053,0.0100629554390209,0.0091251329663885,0.00835827324733632,0.00758191872716839,0.00693691309169562,0.00626886885393921,0.00576246407035873,0.00520401173918786,0.00474790792286328,0.00435932097020854,0.0039305796461436,0.00351397134523719,0.00327114806625511,0.00300480584382127,0.00271100295730602,0.00238426366642583,0.00209593539226631,0.00198010969967892,0.00185376167932398,0.00171548755338681,0.00156344715377206,0.00139513955258783,0.00120701183450728,0.000993718588567526,0.000746568606434286,0.000473691912018211,0.000465823279709608,0.000457170856560029,0.000447691675463466,0.00043733595588893,0.000426047061450667
-7.48817514172888e-07,-4.51016439215637e-07,-1.57119814602874e-07,0.0022776492590405,0.0126792887256062,0.0252353949197958,0.0382736488051206,0.0512101075202485,0.0637909209311891,0.0758703441000882,0.0873931864154971,0.0983318903892955,0.108677733438162,0.118435824306622,0.127626337610009,0.136273908239171,0.144390827878181,0.151998583416009,0.159126048386758,0.165580346931158,0.171257267267537,0.17618450621858,0.180384999052421,0.183877158556705,0.186675152104899,0.188789200773068,0.190225850869415,0.190988233888778,0.191076250139793,0.19048668275886,0.189213201712365,0.187246257293527,0.184572810296238,0.181175890421264,0.177033924294395,0.172119770761499,0.166399353643241,0.159829741592822,0.152356403847908,0.143909249846602,0.134688916280163,0.125415891030478,0.116280288368134,0.107422100450713,0.0989444875202664,0.0909276294770758,0.0833973866473636,0.0763830075712304,0.0698856812872407,0.0638747083216208,0.0583469002313583,0.0532754240584243,0.0486163854681053,0.0443565244984092,0.0404524969011976,0.0368951689766658,0.0336317577211938,0.0306664222196633,0.027953465447047,0.0254684821600007,0.0232239237981777,0.0211610291028237,0.0192917427662037,0.0175695640350413,0.0159950945244599,0.0145690807020262,0.0132736590255829,0.0121066558276444,0.0110449170055288,0.0100608228654518,0.00912280419453721,0.00835637235762743,0.0075804428508586,0.00693530342468761,0.00626770653717405,0.00576119749316234,0.0052026273407826,0.00474701684252672,0.00435834958673108,0.0039295174054654,0.00351340982729764,0.00327053702049576,0.00300413990473864,0.00271027537507967,0.00238346504380039,0.00209566577890839,0.00197981664186618,0.00185344291499833,0.00171514053882154,0.0015630684854658,0.00139472527429139,0.00120655604424953,0.000993213730603415,0.000746002771649537,0.000473673221868446,0.000465802973369472,0.000457148653123074,0.000447667479956344,0.000437309600782025,0.00042601835272732
-7.48817910485457e-07,-4.5101725731209e-07,-1.57119871877472e-07,0.00231370182501191,0.0129237798464159,0.0257384164294542,0.0390332961811662,0.0522131109923193,0.0650226084123709,0.0773097152053809,0.0890293703930867,0.100143811826039,0.110655221238101,0.120570611400386,0.129904165663568,0.138677339920888,0.146914507181043,0.15464498522902,0.161782548953231,0.168115779017348,0.173668410088565,0.17846941185182,0.182542902639951,0.185908392851814,0.188581049017135,0.190571980815327,0.191888519173077,0.192534465981288,0.192510275256099,0.191813176318368,0.190437182755374,0.188372984537235,0.185607698586468,0.182124430333268,0.177901614068448,0.17291206034445,0.167121600037432,0.16048717018371,0.152954093112251,0.144452113989634,0.135108000231551,0.125707684864056,0.11647716550013,0.107549749251387,0.0990263508244367,0.0909754891596227,0.0834237395190341,0.076394735304239,0.0698879378919519,0.0638712836216489,0.0583405675761239,0.0532674972043305,0.0486079205060821,0.0443479354743501,0.0404442077119626,0.036886981091029,0.033624395740842,0.0306595000410936,0.027947091777021,0.0254627459106802,0.0232182861801823,0.021156162719825,0.0192870778595339,0.0175651363408801,0.0159909410104367,0.0145658723738723,0.0132701569639446,0.0121035255711839,0.0110421834943471,0.0100585042495068,0.00912027171468806,0.00835430577196922,0.00757883827890032,0.00693355319273574,0.00626644295276005,0.00575981965403148,0.00520112270771946,0.00474604773950568,0.00435729289577929,0.00392836368437498,0.00351279962008219,0.00326987270484085,0.0030034155845862,0.0027094837843582,0.00238259714547662,0.00209537260051629,0.00197949828880689,0.00185309667177754,0.00171476328260632,0.00156265676168104,0.00139427459906855,0.00120606053567658,0.000992665042105563,0.000745387578212914,0.00047365289410044,0.000465780768936174,0.000457124572951355,0.000447641162416386,0.000437280952368741,0.0004259871721126
-7.48816267054781e-07,-4.51016213317137e-07,-1.57120513877299e-07,0.00235076735022418,0.0131719516100652,0.0262367721495271,0.0397878946390037,0.0532125637164101,0.0662463817373724,0.0787502716798156,0.0906633988384634,0.101957625801777,0.112630982539198,0.122693884791327,0.13216508986443,0.141075490800787,0.149441469748179,0.157260425591359,0.164293904935464,0.170508830993689,0.175940529063365,0.180619186328491,0.184570045765321,0.187813649375066,0.190366083673527,0.192239281746554,0.193441284265283,0.193976485788538,0.19384582979028,0.193046929342298,0.191574077838602,0.189418161581884,0.186566405635137,0.183001952989194,0.178703217664608,0.173642935342269,0.167786823117833,0.161091675893964,0.153502650815815,0.144949323335299,0.135500852438534,0.125982800194605,0.116661340513194,0.107667926319253,0.0990994050295625,0.0910160070281757,0.0834446773548039,0.0764024610735657,0.0698872223323003,0.0638658916578279,0.0583324582232466,0.0532580505278892,0.0485982252601416,0.0443382808442195,0.0404349997014777,0.0368779441977854,0.0336163154321275,0.0306519236614262,0.0279401305487819,0.0254564901151143,0.0232121431436368,0.0211508649901703,0.0192820003512015,0.0175603192379174,0.0159864226139246,0.0145623830348247,0.0132663480892993,0.0121001220917706,0.0110392115701476,0.0100559829530563,0.00911751887096052,0.00835205888711483,0.00757709369749327,0.00693165066242563,0.00626506905030643,0.00575832256418017,0.00519948649335969,0.00474499418630051,0.0043561445338628,0.00392710850810682,0.00351213578382466,0.00326915040020087,0.00300262816059698,0.0027086236250184,0.00238165356110789,0.00209505433010394,0.00197915194136252,0.00185272002308883,0.00171435299307068,0.00156220919240428,0.00139378467398624,0.00120552196802926,0.000992068420140537,0.000744718849268283,0.000473630860265769,0.000465756698343861,0.000457098226652474,0.000447612551160315,0.000437249790387864,0.000425953267148111
0,-4.51017206014879e-07,-1.57120415544507e-07,0.00238496237592268,0.0134144197143375,0.0267298046648889,0.0405364657676826,0.0542045129300492,0.0674608045048201,0.0801791215595043,0.0922832233468146,0.1037546348089,0.114593288004813,0.124811124600759,0.134428056469633,0.143468300124731,0.151956795274206,0.159742321312566,0.166664002314187,0.172763780669314,0.178078236187069,0.182638720192324,0.186471539570814,0.189598196476792,0.192035631983892,0.193796527358199,0.194889558545152,0.195319650722591,0.195088173287432,0.19419306182635,0.192628843695953,0.190386549205205,0.187453477001214,0.183812777079561,0.179442813863027,0.174316229625561,0.168398611807533,0.161646600390572,0.154005180948529,0.145403750960691,0.13586375093179,0.126233422309425,0.11682840716282,0.107774169864768,0.0991625001656859,0.0910494552279546,0.0834603419440745,0.0764062371303448,0.0698835292764256,0.0638581041930875,0.0583225130779249,0.053247011657534,0.0485872278399946,0.0443274929542058,0.0404248075505272,0.0368679945597898,0.0336074579178864,0.0306436407839309,0.0279325328811195,0.0254496712501837,0.0232054511657699,0.0211450980002797,0.0192764755057466,0.0175550782618123,0.0159815081668203,0.0145585888583534,0.0132622067037452,0.0120964206753445,0.0110359802611765,0.0100532418907136,0.00911452567711431,0.00834961617913766,0.00757519689032531,0.00692958211914014,0.00626357535845912,0.00575669470888761,0.00519770771552902,0.00474384923147332,0.00435489611860298,0.00392574413247885,0.00351141434986677,0.00326836519995966,0.00300177246075464,0.00270768831856837,0.00238062786898085,0.00209470765950855,0.00197877534578361,0.00185231038853783,0.00171390715962876,0.0015617225769964,0.00139325227788202,0.00120493633078698,0.000991420033353701,0.000743992127453974,0.000473606776268652,0.000465730467921717,0.00045706973870136,0.000447581425512847,0.000437215914270645,0.000425916454048373
0,-4.51014762205637e-07,-1.57123118004846e-07,0.00241975516671818,0.0136507970603728,0.0272167926785803,0.0412780365599216,0.0551877173119678,0.0686699058970879,0.0815946166264684,0.093887144059771,0.10553855684962,0.116542412956648,0.126912337839093,0.136671008258365,0.145844527973791,0.154403505530354,0.162084294744135,0.168897115505471,0.174885220732369,0.180086399075977,0.184533101728262,0.188252634759825,0.191267389042794,0.19359509830242,0.19524911630812,0.196238694675114,0.196569220995903,0.196242434224267,0.195256541087012,0.193606254035806,0.191282712422856,0.18827325170729,0.184561002961895,0.180124258822517,0.174935552456853,0.168960330334854,0.162155067180574,0.154464572302274,0.145818059233767,0.136201137894043,0.126459169577835,0.116977237243579,0.107867174690926,0.0992160563834933,0.0910760590200288,0.0834708387620575,0.0764060883970539,0.0698768331263599,0.0638478673481129,0.0583106698223637,0.0532343054837565,0.0485748532361868,0.0443154957520884,0.0404135621425181,0.0368570628934799,0.0335977632732445,0.0306345930643553,0.0279242469407176,0.0254422414202414,0.0231981645309027,0.021138821168514,0.0192704640680856,0.0175493778637527,0.0159761634901224,0.0145544626697425,0.0132577037688508,0.0120923972772739,0.0110324671717406,0.0100502620028032,0.00911127184119085,0.00834696047315352,0.00757313484873644,0.00692733323543864,0.00626195146639546,0.00575492465754185,0.00519577460623422,0.00474260400055888,0.00435353906234839,0.00392426138187293,0.00351062973358484,0.0032675115374467,0.00300084178292758,0.0027066720394433,0.00237951293202037,0.00209433072617401,0.0019783659077737,0.00185186526840242,0.00171342229863752,0.00156119364479682,0.00139267330899876,0.00120429994398723,0.000990714970274749,0.000743202012879997,0.000473580714057694,0.000465701933526978,0.000457038629646097,0.000447547588177159,0.000437179083704934,0.00042587637789926
0,-4.51016157222179e-07,-1.57121951072693e-07,0.00245327578257721,0.0138876638238048,0.0277013685426837,0.0420116358732384,0.0561609455506563,0.0698682692871123,0.0829952076061865,0.0954859170334942,0.107314273395684,0.118480845172264,0.129002824289006,0.138904039583274,0.148211333082373,0.156711848906276,0.16429061344415,0.170997828938991,0.176878010160766,0.181970086811651,0.186307557692262,0.189918659751513,0.192826612955825,0.195049868287296,0.196602392311919,0.197493945083074,0.197730325840454,0.197313585075133,0.196242153442002,0.194510891598499,0.192111009488814,0.1890298530451,0.185250510299096,0.18075118728674,0.175504293003138,0.169475123608733,0.162619984818968,0.154883502825978,0.146194705655445,0.136511934034621,0.126670550822481,0.11710879097308,0.107947552965464,0.0992604294563246,0.0910959971424969,0.0834762391760243,0.0764020136225127,0.0698670867698554,0.0638351095227138,0.0582968396698941,0.0532198464259489,0.0485610146356308,0.0443022065049566,0.0404011834834581,0.0368450736911772,0.03358716345357,0.0306247183450065,0.0279152132829354,0.0254341497626899,0.0231902315813057,0.0211319918972881,0.0192639249751231,0.0175431775944002,0.015970351558641,0.0145499761758414,0.0132528076679193,0.0120880223576026,0.0110286477617075,0.0100470221817765,0.00910773421189037,0.00834407378230833,0.00757089323089314,0.00692488863813199,0.00626018621668235,0.00575300102354678,0.00519367297459796,0.00474125026352839,0.00435206396153327,0.00392264883242376,0.00350977685186632,0.00326658354564107,0.00299983055574611,0.00270556670232894,0.00237830067201624,0.00209392140289054,0.00197792095696859,0.00185138129289411,0.00171289531877238,0.00156061863775936,0.00139204397218315,0.00120360820899485,0.000989949043215889,0.000742343360605657,0.00047355233989765,0.000465670952672425,0.000457004759889579,0.000447510819214409,0.00043713900823542,0.000425832775062119
0,-4.51015476768375e-07,-1.57120385195329e-07,0.00248417580302744,0.0141199086451907,0.0281799801466694,0.0427362966569783,0.0571229920983018,0.0710528216137123,0.0843840413012575,0.0970670359965063,0.109067409823428,0.120396043611988,0.131073881544393,0.141120203847215,0.15048018941272,0.158886108649932,0.166365861770631,0.172970981220577,0.178747186704172,0.18373449962706,0.187967392957635,0.191474978808692,0.194281237176241,0.196405272472517,0.197861604013087,0.19866044197344,0.198807942649271,0.198306423290467,0.197154496357621,0.195347131903348,0.192875584212569,0.18972718476627,0.185884959246912,0.181327012706344,0.176025620885045,0.169945922690392,0.163044050544444,0.155264446682829,0.14653595065179,0.136794260649785,0.126859515015761,0.117225757945401,0.108015833787485,0.0992959166161987,0.0911094035602055,0.0834765785511429,0.0763939840848916,0.0698542231575748,0.0638198191550677,0.0582809308656062,0.0532035308695005,0.0485456167459108,0.0442875332918195,0.0403875864853739,0.0368319446583507,0.0335755840130623,0.0306139471758694,0.0279053718596737,0.0254253397854586,0.0231815984955706,0.0211245618861509,0.0192568122776568,0.0175364353185738,0.0159640311073012,0.0145450984236291,0.0132474845592494,0.0120832662777991,0.0110244953048266,0.010043499890025,0.00910388869634089,0.00834093521799686,0.00756845629428898,0.00692223135643871,0.00625826718569098,0.00575090921580157,0.00519138813099374,0.00473977883169626,0.0043504598094893,0.00392089625656642,0.00350884995332988,0.00326557481939049,0.00299873113246777,0.0027043651317508,0.00237698352956766,0.0020934761598376,0.00197743718636358,0.00185085513810862,0.00171232226028326,0.00155999345905434,0.00139135984503537,0.0012028561838987,0.00098911641651717,0.000741410150380119,0.000473521458603968,0.000465637289718328,0.000456968138142358,0.000447470814426506,0.000437095462270841,0.000425785468366877
0,-4.51015932814304e-07,-1.57121166790767e-07,0.00251671129885437,0.0143448325019054,0.0286504446586573,0.0434510494059388,0.0580726669130394,0.0722222163115735,0.0857605698872427,0.0986269304077355,0.110806403228387,0.122301887101526,0.133128479467318,0.143313800329221,0.152616781670444,0.160930857123563,0.168314861193345,0.174821598992016,0.180497932246992,0.185384918364757,0.189517948878121,0.192926940795674,0.195636572807531,0.197666546051013,0.199031874545797,0.199743163271187,0.199806878423125,0.199225556956809,0.197997963538218,0.196119142020318,0.193580364439775,0.190368930869948,0.186467788375983,0.181854929608277,0.176502490075511,0.17037544762375,0.163429758491204,0.155609678662557,0.146843862881505,0.137056336942693,0.127026627474758,0.117330986547797,0.108072468142843,0.0993227540329951,0.0911163678813229,0.0834718583454055,0.0763819438640844,0.0698381531510501,0.063802158616396,0.0582628322207684,0.0531852472839232,0.0485285518971602,0.0442713733714983,0.0403726767636996,0.036817583094383,0.0335629462792329,0.0306022054387924,0.0278946515497846,0.0254157496227285,0.0231722050546785,0.0211164803415934,0.0192490770464712,0.0175291035520767,0.0159571596434091,0.0145397948741335,0.0132416978223094,0.0120780961057911,0.0110199813691169,0.0100396713136074,0.00910027078208891,0.00833752353526815,0.00756580710059003,0.00691934234942381,0.00625618090104008,0.00574863627640478,0.00518890427067103,0.00473817898083933,0.00434871646410949,0.00391899155674163,0.00350784163208311,0.00326447779555826,0.00299753589363819,0.00270305930118274,0.00237555158453699,0.0020929920499268,0.00197691094291218,0.00185028321616834,0.00171169971357213,0.00155931398293419,0.00139061652649758,0.00120203884547417,0.000988211315126433,0.000740395946593202,0.000473487831455486,0.000465600627410425,0.000456928198405574,0.000447427341224309,0.000437048135960454,0.000425733969046385
-7.48817749273757e-07,0,-1.57121080742436e-07,0.00254685071276908,0.0145684431289861,0.0291120465422664,0.0441549537637642,0.0590088105945733,0.073375142867005,0.0871173344024952,0.100170467044618,0.112526153672244,0.124178173539371,0.135160865353279,0.145406754758821,0.154625678751073,0.162850901736886,0.170142609982339,0.176554822740397,0.182135494958667,0.186926653784355,0.190964548676566,0.194279840591468,0.196897846791732,0.198838809723656,0.200118181044924,0.200746918564139,0.200731747702561,0.20007539565437,0.19877673663462,0.196830866940105,0.194229057897709,0.190958554496322,0.187002217854802,0.182337917746987,0.176937644875838,0.170766213747712,0.16377940254162,0.155921284549992,0.147120324141311,0.137289911459208,0.127174546321109,0.117420573205439,0.108117830314864,0.099341119892283,0.0911169360666482,0.0834620453068432,0.0763658100223656,0.0698187654345202,0.0637817976814256,0.0582424184121145,0.0531648701509778,0.0485097034865611,0.0442536175642284,0.0403563500214048,0.0368018903174533,0.0335491618748989,0.0305894109235039,0.027882979070793,0.0254053133408412,0.0231619851042189,0.0211076898288112,0.0192406653960577,0.0175211311202321,0.015950084807478,0.014534029545394,0.0132354067370693,0.0120724753602194,0.0110150743368561,0.0100355091061427,0.00909686907163132,0.00833381492938664,0.00756292729802544,0.00691620235009419,0.0062539130824426,0.00574616483892451,0.00518620539772523,0.00473644073649945,0.00434682125480567,0.00391692094688826,0.00350674612112487,0.00326328571874779,0.00299623660817639,0.00270164041341316,0.00237399492229568,0.00209246598479697,0.00197633941893665,0.00184966142211293,0.0017110226070272,0.00155857561461149,0.00138980826998188,0.0012011505031881,0.000987227685287426,0.000739293607134976,0.000473451344608916,0.000465560890496451,0.00045688476639475,0.000447379995084557,0.000436996658255548,0.000425677983804013
0,-4.51013816353732e-07,-1.57122272009597e-07,0.00257466135337648,0.0147869266500414,0.029564102621702,0.0448470683729636,0.0599303020183046,0.074510343586191,0.0884529626112693,0.101696410293594,0.114217975980066,0.126039985487658,0.137170620769331,0.147374108725683,0.156511674986816,0.164651223480845,0.171854233804814,0.1781758838257,0.18366516093571,0.188365007174584,0.192312464803734,0.195538882403601,0.198070164027609,0.19992703289261,0.201125334938936,0.201676329480326,0.20158697046099,0.200860134129271,0.199494781867306,0.197486038482487,0.194825149849046,0.19149930100964,0.187491251174935,0.182778745459895,0.17733362392932,0.171120536730164,0.164095086416966,0.156201161633896,0.147367040561439,0.137499572437605,0.127307765917366,0.117495102476199,0.10815221993835,0.0993511368007175,0.0911111103345903,0.0834470716272276,0.0763454706371559,0.0697959261382887,0.0637585954760101,0.0582195461271748,0.0531422563155471,0.0484889397470086,0.0442341385521793,0.0403384942007994,0.0367847571008782,0.0335341340734222,0.0305754753298748,0.027870273794873,0.0253939596386043,0.0231508683608509,0.0210981309551205,0.0192315192085333,0.0175124639840381,0.0159432006620333,0.0145277610783665,0.0132285681795227,0.0120663658893765,0.0110097406083632,0.0100309847940828,0.00909317107688345,0.00832978394505954,0.00755979698413105,0.00691278916933128,0.00625144795253789,0.00574347878357669,0.00518327093988577,0.00473455012476836,0.00434476137971226,0.00391467046028147,0.00350555528476124,0.00326199017665904,0.00299482456214544,0.00270009736546253,0.0023723032242266,0.0020918939620107,0.00197571772704142,0.00184898558866329,0.00171028667837953,0.00155777258987166,0.00138892993164389,0.00120018502232808,0.000986158781587898,0.000738095968270453,0.000473411635515229,0.000465517553620512,0.000456837581219859,0.000447328584016391,0.000436940713898783,0.00042561708491262
0,-4.51017849775941e-07,0,0.00260392619465865,0.014996843639542,0.0300059150994028,0.0455264704285799,0.0608360294939112,0.0756266111048687,0.0897661569744567,0.103196157044725,0.115894141920054,0.127871266982017,0.139090370748755,0.149220638948614,0.158279722414372,0.166336910090345,0.173454917337489,0.179690024448872,0.18509219493926,0.189705218771909,0.193566878125822,0.196709155698772,0.199158483397808,0.200936019426161,0.202057957287472,0.202535822116126,0.202376756890842,0.201583757389977,0.200155848212171,0.198088161839697,0.195371909203235,0.191994197900473,0.187937681708614,0.18317997509148,0.177692766547821,0.171440541459311,0.164378727059864,0.156451030509646,0.147585543400919,0.137688927443353,0.127421237935454,0.117555060663568,0.108177664989881,0.0993528697679268,0.0910988495313917,0.0834268335374424,0.0763207858291387,0.069769477807354,0.0637323917057331,0.0581940613987459,0.053117251622794,0.0484661162414668,0.0442128033922673,0.0403189855823369,0.0367660658278879,0.0335177607076416,0.0305603025511674,0.0278564482550227,0.0253816071648859,0.0231387789306796,0.0210877369465015,0.0192215748488022,0.0175030403617314,0.0159357166501791,0.0145209476184398,0.0132211345381898,0.0120597248197811,0.011003942560356,0.0100260670142506,0.00908915161483233,0.00832540265409905,0.00755639430606305,0.00690907955062981,0.00624876845535506,0.00574055885905353,0.00518008204888913,0.00473249573363449,0.00434252210945091,0.003912224592259,0.00350426057345101,0.00326058135303988,0.00299328961275061,0.00269842037237577,0.00237046489223255,0.00209127216135221,0.00197504224747816,0.00184825086291922,0.00170948676943153,0.0015569001905592,0.0013879752343077,0.00119913569036393,0.00098499706360715,0.000736794305355589,0.000473368526100941,0.000465470464587462,0.000456786228843634,0.00044727273212309,0.000436879860437162,0.00042555090242755
0,0,-1.57122034985119e-07,0.00263088029246164,0.0152060046077426,0.0304425727043605,0.0461922613309544,0.0617249448045421,0.0767248990703928,0.091062291150153,0.104668409009062,0.117540974777766,0.12967857950162,0.140891683488959,0.150951276309882,0.15993488547223,0.167913119903359,0.174949876077808,0.181102478824275,0.186421806757236,0.190952445028351,0.194732856395405,0.197795604831525,0.20016759917246,0.201870389640293,0.202920477417263,0.203329613381263,0.203105099513105,0.202250028246664,0.200763463354638,0.198640529874687,0.195872387917749,0.192446062953453,0.18834409659462,0.183543968917259,0.178017217867212,0.171728164394047,0.164632062129699,0.156672437667699,0.147777197820828,0.137852817452651,0.127515692705762,0.117600839895024,0.108192913307573,0.0993463280911065,0.0910800689968455,0.0834011921337559,0.076291585489045,0.0697392379659422,0.0637030057578689,0.0581657828301994,0.0530896800820091,0.0484410774753874,0.0441894659965963,0.0402976881245187,0.0367456853878416,0.0334999285182219,0.0305437870647346,0.0278414050383614,0.0253681732318717,0.0231256309828174,0.0210764357663746,0.0192107638838913,0.0174927974340503,0.0159275814721436,0.0145135412272718,0.0132131276313796,0.0120525066634205,0.0109976411084009,0.0100207218650387,0.00908478252280159,0.00832064015614535,0.00755269592585643,0.00690504722748151,0.00624585579766388,0.0057373855658208,0.00517661563232355,0.00473026249823252,0.0043400886127096,0.00390956575665196,0.00350285334928066,0.00325905047557208,0.00299162112010158,0.00269659854272738,0.00236846694141631,0.00209059614432656,0.00197430794602591,0.00184745224308015,0.0017086175989016,0.00155595178822859,0.00138693783355457,0.0011979952651122,0.000983734785760577,0.000735380133144849,0.000473321565537265,0.000465419294445009,0.000456730456336606,0.00044721186650066,0.000436813714649892,0.000425478955208473
-7.48816437305133e-07,0,-1.57121474113796e-07,0.00265568392714901,0.0154073305550743,0.0308687151307803,0.0468435586969325,0.0625960168976334,0.0778043464965187,0.0923349258297961,0.10612318042376,0.119156007568162,0.131428549561482,0.142579443793562,0.152571037230254,0.16148226647695,0.169385013490308,0.17634429604422,0.182418418731117,0.18765911839128,0.192111721333323,0.195815320543031,0.198803007246821,0.201102124627094,0.202734571359819,0.203717117104937,0.204061706925766,0.203775777850514,0.202862492619916,0.201320937862538,0.199146214416758,0.196329426039573,0.192857505826228,0.188712881320572,0.183872895075108,0.1783089359781,0.171985161608385,0.164856653492911,0.156866761210339,0.147943208365247,0.137992278382333,0.127591739076247,0.117632738051694,0.108197247139138,0.0993314655526367,0.0910546395467964,0.0833699705528239,0.0762576690216435,0.0697049990432154,0.0636702349958428,0.0581345204164187,0.0530593547490929,0.0484136471823801,0.0441639631894467,0.0402744563655912,0.0367234784379046,0.0334805118814419,0.03052581630509,0.0278250428798008,0.025353562822261,0.0231113362708007,0.0210641496457781,0.0191990112813118,0.0174816629148224,0.015918738486822,0.0145054907937906,0.0132059337143378,0.0120446612644476,0.0109907920660777,0.0100149124884103,0.00908003365558908,0.00831546450164337,0.00754867605942599,0.0069006648284148,0.00624269019770925,0.00573393628050559,0.00517284907516255,0.0047278353328148,0.00433744369477714,0.00390667699224187,0.00350132390541374,0.00325738625208895,0.00298980764523738,0.00269461793323741,0.00236629556563381,0.00208986132983079,0.00197350950704567,0.00184658423904878,0.00170767264161885,0.00155492119458196,0.00138581020718213,0.00119675625466811,0.000982363191376675,0.000733843472408557,0.00047327057541124,0.000465363635029213,0.000456669827820165,0.000447145922049494,0.000436741772613076,0.000425400726413223
-7.48816507127502e-07,-4.51018780884223e-07,-1.57122629548516e-07,0.00268086367589423,0.0156012454095367,0.0312827176576285,0.0474795059143883,0.0634482605399501,0.0788609143681752,0.0935808668477761,0.107547515221179,0.120750220336824,0.133067647787695,0.144158642589571,0.154084992590432,0.162926995320925,0.170757741411382,0.177643308548186,0.18364292666387,0.188809137594989,0.193187947308092,0.196819031836467,0.199735963091431,0.201966476699278,0.203532784407813,0.204451882434442,0.204735891840347,0.204392350122745,0.203424476216286,0.201831362541063,0.199608077850142,0.196745655731556,0.193230935634702,0.189046225313466,0.184168733242473,0.178569697104769,0.172213113581568,0.16505389669965,0.157035218536685,0.148084620064835,0.138108195882076,0.127649867940866,0.117650962293882,0.108190693467206,0.0993081788128176,0.0910223862819819,0.0833329554603224,0.0762188033639868,0.0696665251673597,0.0636338539153905,0.0581000571443669,0.0530260653496908,0.0483836417722821,0.0441361214512142,0.0402491284542121,0.0366992885453662,0.0334593799539178,0.0305062639926471,0.0278072465826873,0.0253376769493287,0.0230957953274906,0.0210507936194896,0.0191862366737869,0.0174695605024116,0.0159091270877499,0.0144967409175478,0.0131981148428329,0.0120361349927544,0.010983348434418,0.0100085983542887,0.00907487250770811,0.00830983924696738,0.0075443071929964,0.00689590213764466,0.00623924941915905,0.00573018754213889,0.00516875532957279,0.00472519728094495,0.00433456942236763,0.0039035367296856,0.00349966118996463,0.00325557798054364,0.00298783728557207,0.00269246545892474,0.00236393609628978,0.00208906276881248,0.00197264174891296,0.00184564088985452,0.00170664556681113,0.00155380110462786,0.00138458495054237,0.00119540983307691,0.000980872893480176,0.000732174206549733,0.000473215086650946,0.00046530316928877,0.000456603882557146,0.000447073989950982,0.000436663611866568,0.000425315669253941
-7.48815865321319e-07,-4.51017111303452e-07,-1.57119699328116e-07,0.00270482145871255,0.0157927513943728,0.0316839322132505,0.0480992685177567,0.0642807262367756,0.079893567764388,0.0947990504915801,0.108940064178198,0.122308492016508,0.134600800684939,0.145634284799653,0.155498202593749,0.164274159416139,0.172036381740014,0.178851952781626,0.184780968606212,0.189876720751297,0.194185852251113,0.197748569268785,0.200598879405775,0.202764873826261,0.204269034391276,0.205128568626136,0.205355734133686,0.204958156666709,0.203939090113053,0.202297620026,0.200028772173727,0.197123505354854,0.193568562414074,0.189346129281675,0.184433278809252,0.178801100774908,0.172413433339552,0.165225023123539,0.157178868362719,0.148202328813599,0.138201305550405,0.127691901860671,0.117655628281913,0.108173203024047,0.0992763088721348,0.0909830880415318,0.0832898927267437,0.0761747222948705,0.0696235521907261,0.0635936126052186,0.0580621555382718,0.0529895844534316,0.0483508503593865,0.0441057474590678,0.0402215329421894,0.0366729495685232,0.0334363846763242,0.0304849971883163,0.0277878944260403,0.02532040573413,0.0230788995149435,0.0210362752519853,0.0191723517034323,0.0174564077847852,0.0158986806805082,0.0144872313688269,0.0131896171247812,0.0120268690465578,0.010975259224587,0.0100017364757869,0.00906926300804058,0.00830372633332142,0.00753955886225793,0.00689072638870287,0.00623551011652542,0.00572611389504214,0.00516430749924991,0.00472233024766258,0.00433144560498752,0.0039001248570615,0.00349785403514753,0.00325361198875899,0.00298569572272479,0.00269012660239562,0.00236137246127924,0.00208819444981955,0.00197169858248206,0.00184461548286154,0.00170552947404097,0.00155258394085478,0.00138325345093591,0.00119394678835213,0.00097925382566518,0.000730360784770039,0.000473154794450561,0.000465237362904049,0.000456532157734889,0.000446995902429962,0.000436578598691503,0.000425223275156837
0,0,-1.57121353494143e-07,0.0027268409546216,0.0159737014216434,0.0320743845122566,0.0487057693099823,0.065092505978878,0.0809013377748166,0.0959884659306565,0.110300742521354,0.123789814024275,0.136032972638345,0.147011381036604,0.156815706030879,0.165528781003535,0.173225917543291,0.179975141843803,0.185837366709079,0.190866572202889,0.195109992964069,0.198608318803673,0.201395956783603,0.203501315744302,0.204947117919777,0.205750749111277,0.205924586310998,0.205476321869455,0.204409230344664,0.202722380606626,0.200410746204336,0.197465209156445,0.193872407268207,0.18961440883527,0.184668151183151,0.179004576822309,0.1725873673515,0.165371105435495,0.157298616693339,0.148297079006561,0.138272200470386,0.127718278047857,0.117648025697449,0.108144656588307,0.0992356366360282,0.0909364767491889,0.0832404879931424,0.076125123586049,0.0695757859556089,0.063549234927681,0.0580205557258765,0.0529496605806055,0.0483150479719046,0.0440726326301068,0.0401914781723806,0.0366442843109856,0.0334113704027537,0.0304618699344464,0.027766854685574,0.0253016302082928,0.0230605366490412,0.0210204962786829,0.0191572612626662,0.0174421127004515,0.0158873279043285,0.0144768963035194,0.0131803818358976,0.0120167998884682,0.0109664683466085,0.00999427927033789,0.00906316720869791,0.00829708333539248,0.00753439891207458,0.00688510196801739,0.00623144628194598,0.00572168728580825,0.0051594735376091,0.00471921435400857,0.00432805069250521,0.00389641778734968,0.00349589010744795,0.00325147605945762,0.00298336825082753,0.00268758528572238,0.00235858681337592,0.00208725092753966,0.00197067339053683,0.001843501171125,0.00170431673428182,0.00155126122804277,0.00138180679892438,0.00119235736691839,0.000977494915415858,0.000728390909189659,0.000473089254768946,0.00046516580147502,0.000456454181594653,0.000446911022636728,0.000436486194534668,0.000425122726566577
-7.48815185024599e-07,-4.51015628823183e-07,-1.57120924453608e-07,0.0027470881743134,0.0161525734179884,0.0324562353303905,0.0492954585147596,0.0658827416127611,0.0818833015993623,0.0971483574510752,0.111635593237689,0.125173042489461,0.137369080459665,0.148294887562544,0.158042454903776,0.166695785439859,0.174331213189415,0.181017650482988,0.186816776849758,0.191783211223456,0.195964728705326,0.199402466598238,0.202131188715148,0.204179591327652,0.20557061006636,0.206321781160049,0.206445582523611,0.205949755488589,0.204837584656303,0.203108111451842,0.200756253312914,0.197772806574306,0.194144308174492,0.189852703994214,0.184874798650599,0.179181388980201,0.1727360040034,0.165493062271328,0.157395219283857,0.148369471123145,0.13832132767982,0.127726954063024,0.117626794766194,0.108104857031889,0.099185885976721,0.0908822344225922,0.083184403791072,0.0760696690346514,0.069522899571022,0.0635004171461066,0.0579749741299048,0.0529060197246402,0.0482759923130824,0.0440365508292575,0.0401587577090393,0.0366130933500334,0.0333841644148499,0.0304367229708072,0.0277439815738567,0.0252812220183473,0.0230405776540999,0.0210033470550673,0.0191408620022501,0.0174265788186732,0.015874990508695,0.0144656650724394,0.0131703459863355,0.0120058586628932,0.0109569161664535,0.00998617635523809,0.00905654275863594,0.00828986486939796,0.00752879143921384,0.00687899070044653,0.00622703005529034,0.00571687710863718,0.00515422103925587,0.00471582871386338,0.00432436217402735,0.00389238933712267,0.00349375574371393,0.00324915449346024,0.00298083974243835,0.00268482388987193,0.00235556011272539,0.00208622551487596,0.00196955952633288,0.00184229014716601,0.00170299857828398,0.00154982394814293,0.00138023481051035,0.00119063048925918,0.000975584156545494,0.000726251166044523,0.000473017998644694,0.000465088062043983,0.000456369409925477,0.000446818707938702,0.000436385696736783,0.000425013442823553
0,-4.51018599460593e-07,-1.57120160790191e-07,0.00276819082090414,0.0163218572072396,0.032823623392437,0.0498669906795886,0.0666505958540202,0.0828385705407851,0.0982824187339028,0.112934921681637,0.126463037492115,0.138614019793734,0.149489693627341,0.159183307999747,0.167779969846174,0.175356987481027,0.181984097906571,0.187723684066559,0.192630968865358,0.196754221799386,0.200134988559983,0.202808356816182,0.20480327406425,0.206142866761733,0.206844803981014,0.206921641914489,0.206381158072647,0.205226636690815,0.20345708274824,0.201067349762676,0.198048151938146,0.194385919433988,0.190062478508715,0.18505450007166,0.179332640534665,0.172860274448883,0.165591661747149,0.157469286310973,0.148419961347663,0.138348996814686,0.127717979133547,0.117591363101322,0.10805353435156,0.0991267179606009,0.0908199915873206,0.0831212580799877,0.076009521576367,0.0694645320088163,0.0634468252487755,0.0579250962772169,0.0528583661206974,0.0482334137933939,0.0439972561809251,0.0401231494191378,0.0365791630591041,0.0333545802885197,0.0304093847599445,0.0277191183311021,0.0252590406853592,0.0230188867498333,0.0209847103163915,0.0191230418566121,0.0174096996092067,0.0158615836424996,0.0144534612324795,0.0131594406282977,0.0119939701023248,0.0109465365707585,0.00997737106421636,0.00904934422930356,0.00828202164744246,0.00752269830199654,0.00687235032423201,0.00622223125045593,0.00571165059401429,0.00514851533945048,0.00471214925479108,0.00432035430642448,0.00388801283329656,0.00349143642632567,0.0032466316469074,0.00297809200864088,0.00268182373315594,0.00235227257831374,0.00208511095462925,0.00196834893316897,0.00184097421482172,0.00170156637218321,0.00154826249581878,0.00137852725711117,0.00118875464619846,0.000973508983139743,0.000723927728475022,0.000472940447019646,0.000465003538623158,0.000456277290891786,0.000446718366401685,0.000436276521869245,0.000424894718796733
0,-4.51018486871437e-07,-1.57121428197167e-07,0.00278761286403169,0.0164863565154213,0.0331759742954097,0.0504196539021538,0.0673952709366857,0.0837663405767378,0.0993842660181607,0.114173398270965,0.127664585580507,0.139772583814554,0.150600569482046,0.160242990046772,0.16878599491596,0.176307797928344,0.182878908097109,0.188562376744139,0.193413973738255,0.197482424689866,0.200809646156786,0.203431019268839,0.205375718206982,0.206667034952813,0.207322745889478,0.20735547608849,0.206773027189768,0.205578668603557,0.203771367433255,0.201345908651648,0.198292920462296,0.194598723785923,0.19024502965992,0.185208375784072,0.179459277797109,0.17296096024695,0.165667524161008,0.157521282879147,0.14844886495866,0.13835537551912,0.127691285167192,0.117541489227217,0.107990340675224,0.0990577308383988,0.0907493252104135,0.0830506213204732,0.0759432455068248,0.0694002855464598,0.0633880940396137,0.0578705831018205,0.0528069503343664,0.0481870219749843,0.0439544779674834,0.0400844090738313,0.0365422636935848,0.0333224175592071,0.0303796675321282,0.0276920969606948,0.0252349361966212,0.0229953171640882,0.0209644596392739,0.0191036784665158,0.0173913600161476,0.0158470169660479,0.0144402005374841,0.0131475911808793,0.0119810539455338,0.0109352602480882,0.00996780447860829,0.00904152246261869,0.0082735003196698,0.00751607768153381,0.00686513576626585,0.00621701678390412,0.00570597109194935,0.00514231614645948,0.00470815108263588,0.00431599985340243,0.00388325796526213,0.00348891597170561,0.00324389108184086,0.0029751067345827,0.0026785644869078,0.00234870171748071,0.00208389960768497,0.00196703325725985,0.00183954431773798,0.00170001039498595,0.00154656587235688,0.00137667231070553,0.00118671707053884,0.000971254859759885,0.000721404330200362,0.000472856244449314,0.00046491166547903,0.000456177145507956,0.000446609277761909,0.000436157828401717,0.000424765619824161
0,-4.51018514218601e-07,-1.57120445636614e-07,0.00280543068092458,0.0166429746888415,0.0335197519786621,0.0509527567341058,0.068116031853209,0.0846658370097595,0.100453108065364,0.11532649154947,0.12878238557276,0.140849460423904,0.151632169718151,0.161226086666726,0.16971834746455,0.177188017104441,0.183706332308437,0.189336948862303,0.194136149616409,0.198153079347441,0.201429987819567,0.204002526573371,0.205900065482934,0.207146040028339,0.207758325391213,0.207749592155014,0.207127656812337,0.205895771964062,0.204052854685563,0.201593622037049,0.198508609239407,0.194784036459605,0.190401491997274,0.185337386279613,0.179562095321741,0.173038693869568,0.165721124921019,0.157551532539461,0.148456357400385,0.138340494622889,0.127646688082592,0.117476836158733,0.107914848884153,0.0989784577691049,0.0906697560088318,0.0829720145087382,0.0758701114258744,0.0693297234772208,0.0633238238315621,0.0578110638399653,0.0527529596209862,0.0481365009778502,0.0439079279020413,0.0400422724324307,0.0365021429013303,0.033287454505587,0.0303473700102054,0.0276627319402448,0.0252087419438131,0.0229697074162894,0.0209424568268861,0.0190826409893627,0.0173714348395118,0.015831189930302,0.0144257934303923,0.0131347169307508,0.0119670221466878,0.0109230088494623,0.00995741046236639,0.00903302424671058,0.00826424260624174,0.00750888446303284,0.00685729798991748,0.00621135126374082,0.00569980191157024,0.00513558215342963,0.00470380758355328,0.00431126859575333,0.00387809362682833,0.00348617735489385,0.00324091291453323,0.00297186320377717,0.00267502407530025,0.00234482238704191,0.00208258326479676,0.0019656036396933,0.00183799050641851,0.00169831984111034,0.00154472278160334,0.00137465721654721,0.00118450419447095,0.000968807173092289,0.000718664616666248,0.000472764688102133,0.00046481167723544,0.000456068215566682,0.000446490681289342,0.000436028758703428,0.000424625306337305
-7.4881573707251e-07,-4.51015766944029e-07,-1.57121448612954e-07,0.00282177330784158,0.0167937569028817,0.0338497686996511,0.0514656407248518,0.0688121527742957,0.0855363355869919,0.10148825403366,0.116398790971047,0.129821023540296,0.141849197538197,0.152588978917682,0.162137008749983,0.170581342918131,0.178001840592028,0.184470411358881,0.190051284207903,0.19480120866716,0.198769711610385,0.201999349247163,0.204526011890879,0.206379242530085,0.207582604933724,0.208154051484241,0.208106294363538,0.207447150898834,0.206179846712688,0.204303249397204,0.201812001470598,0.198696548692524,0.194943004348627,0.190532840540915,0.18544233868585,0.179641735544346,0.173093960806987,0.165752797011395,0.157560218622146,0.148442474875854,0.138304244474526,0.127583884994572,0.117396967166006,0.10782654923776,0.0988883632119394,0.0905807457931249,0.0828849048243392,0.0757896238351155,0.0692523674850856,0.0632535785115702,0.0577461359178018,0.0526941409020267,0.0480815091826804,0.0438572865651168,0.0399964548503495,0.036458529746416,0.0332494561175017,0.0303122729888966,0.0276308246988315,0.0251802824091152,0.0229418835627326,0.0209185520530689,0.0190597861486547,0.0173497901798239,0.0158139950595276,0.0144101412982082,0.0131207302512505,0.0119517792297213,0.0109097000618638,0.00994611907926814,0.00902379133724735,0.00825418573271948,0.00750106962827012,0.00684878373352629,0.00620519595147581,0.0056930995149454,0.00512826790852144,0.00469908850197451,0.00430612963704755,0.00387248333289051,0.00348320168524924,0.00323767750653387,0.00296834005189631,0.00267117829654555,0.00234060965014634,0.00208115301366936,0.00196405001623,0.00183630247534808,0.00169648303891397,0.00154272071416114,0.00137246864821921,0.00118210085264318,0.000966149568934391,0.000715690284516929,0.000472665102194321,0.000464703052729975,0.000455949871014996,0.000446361755884832,0.000435888502864969,0.000424472722480131
-7.48818798307921e-07,-4.51015698362074e-07,-1.57121944320546e-07,0.00283751933931961,0.0169367815415207,0.0341632939778979,0.0519635869343476,0.0694829655969457,0.0863771494515495,0.102489044672927,0.117394753759972,0.130784938515242,0.142776199023458,0.153475338061144,0.162979993864491,0.171379101951809,0.178753252382344,0.185174990304796,0.190709061611306,0.19541265136126,0.199335635298022,0.20252084982972,0.205004391122042,0.206815966898776,0.207979244555891,0.208512239822617,0.208427693833613,0.207733420238905,0.206432611859324,0.204524079375214,0.202002391747961,0.198857901636182,0.195076618472274,0.190639895840081,0.185523888715303,0.179698696674628,0.173127101774507,0.165762730468639,0.157547381849407,0.148407112155903,0.138246375940057,0.127502452973878,0.117301346086957,0.107724848204047,0.0987868400788844,0.0904816940034999,0.0827904845193616,0.0757012384032068,0.0691682054338482,0.0631768827431455,0.0576753586574298,0.052630093452047,0.0480216727551875,0.043802214045043,0.0399466446177562,0.0364124575834765,0.0332081640719541,0.0302741385891003,0.0275961583683271,0.0251493624807981,0.0229116582535203,0.0208925841719566,0.0190349595214449,0.0173262783324088,0.0157953161020185,0.0143931379885763,0.0131055359261832,0.0119352225927016,0.0108952439275367,0.00993385368680225,0.00901376155168152,0.00824326201505802,0.00749258025451573,0.00683953564277762,0.0061985091853703,0.00568581902891517,0.00512032332383369,0.00469396211454381,0.00430054734006549,0.00386639069081735,0.00347996866441681,0.00323416220680707,0.00296451287777496,0.00266700146429809,0.00233603474216474,0.00207959867276711,0.00196236254657367,0.00183446852270841,0.00169448811208351,0.00154054617816058,0.00137009173193682,0.00117949120823558,0.000963264030611361,0.000712461701565692,0.000472556864438821,0.000464585046746646,0.000455821183108758,0.000446221681222639,0.000435736062662536,0.000424306967274481
0,-4.51016988056026e-07,-1.57121064059378e-07,0.00285306249845813,0.0170745359312914,0.0344681453716935,0.052441769279225,0.0701301933452634,0.0871876531482216,0.103437726399643,0.118318712559786,0.131678432658834,0.143634696001587,0.154295393669042,0.16375909883739,0.172115553071056,0.179446044269582,0.185823697225843,0.191313741821221,0.195973763456527,0.199853951644374,0.202997394751505,0.205440379283164,0.207212751602225,0.20833827158026,0.208835006531607,0.208715713542762,0.207988195027605,0.206655607236764,0.204716700940516,0.202165969346149,0.198993670531063,0.195185710128502,0.190723325341323,0.18558254306269,0.179733328631926,0.173138317111118,0.165750973926192,0.157512924351512,0.148350025791026,0.138166498236868,0.127401846918402,0.117189332876645,0.107609063909338,0.0986732052418543,0.0903719341576107,0.082687585385266,0.075604359284702,0.0690789597925937,0.063093219179761,0.0575982534812321,0.0525603889117576,0.047956588529364,0.0437423370630412,0.0398925066704453,0.0363645147349946,0.0331632990336675,0.0302327091853534,0.02755850017692,0.0251157762106648,0.0228788272939473,0.0208643768627703,0.019007993452924,0.017301846883826,0.0157750264023067,0.0143746694771802,0.0130890321698254,0.0119172404818972,0.0108795429398877,0.009920531378779,0.00900286669353486,0.0082313976859791,0.00748335891809642,0.00682949142486368,0.00619124552689219,0.00567791189460001,0.0051116955692049,0.00468839280176103,0.00429448387317146,0.00385977366009517,0.003476456562957,0.00323034453769282,0.00296035633618952,0.00266246535786003,0.00233106697427185,0.00207790993964797,0.00196052877472022,0.00183247617774211,0.00169232090909408,0.00153818451195745,0.00136751051612765,0.00117665792168427,0.000960131614185685,0.000708957655525385,0.000472439189479323,0.000464456689160123,0.000455681304384504,0.000446069291990382,0.00043557031571846,0.000424126742942819
0,-4.51017102216533e-07,-1.57120541232687e-07,0.00286727088265759,0.0172030981251325,0.0347577212074509,0.0528982958936447,0.0707539028643414,0.0879672350480351,0.104317419064795,0.119174827234514,0.13250561712237,0.144428747548799,0.155053113258944,0.164478170400266,0.172794420958728,0.18008379417162,0.186419956565962,0.191868582855337,0.196487618968785,0.200327549577687,0.203431685402712,0.205836486571795,0.207571914028923,0.208661808488765,0.209124277982741,0.208972089767562,0.208213025446792,0.206850200188617,0.204882303643274,0.202303747397836,0.199104700418847,0.195270959004157,0.190783646855055,0.185618663855974,0.179745839446073,0.17312766108462,0.165717434994976,0.15745660604893,0.148270827588672,0.138064077209508,0.127281395670436,0.117061524296907,0.107478422182278,0.0985466987356665,0.0902507297141734,0.0825745806250319,0.0754983355395846,0.0689815282381909,0.0630020250913292,0.0575143044878569,0.0524845551303491,0.047885819980183,0.0436772534814296,0.0398336745152277,0.0363124251080374,0.0331145611645654,0.0301877067453301,0.0275175959231626,0.0250792956423777,0.0228431703968347,0.0208337405204801,0.0189787070906871,0.0172780059714037,0.0157529900461718,0.0143546101142309,0.0130711067185154,0.0118977129996053,0.010862491612868,0.0099060624565448,0.00899103317975478,0.00821851279442873,0.00747334303535564,0.00681858335436847,0.00618335592696393,0.00566932419910588,0.00510232737695467,0.00468234428390989,0.00428789928323972,0.00385258838483347,0.00347264143161303,0.00322619742566228,0.00295584180518478,0.00265753974575046,0.00232567403089601,0.00207607512934715,0.0019585369551109,0.00183031207520208,0.00168996706771832,0.00153561990393715,0.00136470815374898,0.00117358204852721,0.000956732039320051,0.000705155033595668,0.000472311342307051,0.000464317211219216,0.000455529317310427,0.000445903793556358,0.000435390184714847,0.000423930909810973
-7.48814747267935e-07,-4.51018191329866e-07,-1.57122462274969e-07,0.00288024398161912,0.0173284687739993,0.0350324615075042,0.0533325920946783,0.071351020499083,0.0887153284866415,0.105132150430828,0.119967098334714,0.133270439782482,0.145162214584269,0.155752263216557,0.165140863957936,0.173419227463875,0.180669876681692,0.186966980265997,0.19237662442143,0.196957084885694,0.200759113012955,0.203826219277715,0.206195017100511,0.207895570362401,0.208951783296715,0.209381798822894,0.209198380565221,0.208409288535869,0.207017589814508,0.205021910401132,0.202416583319199,0.19919168034409,0.195332893129921,0.190821230171339,0.185632465610952,0.179736291686481,0.173095048557926,0.165661878534479,0.157378043449204,0.148168986829828,0.137938430840218,0.12714029914416,0.116916740421427,0.107334795356494,0.0984064748824541,0.0901172708270149,0.0824507137852309,0.0753824573316382,0.0688752584668342,0.0629026899990412,0.0574229445121489,0.0524020848540213,0.0478088886712208,0.0436065283631978,0.0397697574271184,0.0362558399295364,0.0330616220559373,0.0301388287571796,0.0274731712074339,0.0250396768961297,0.0228044494035562,0.020800470891113,0.0189469046319158,0.0172521142740681,0.0157290588127898,0.0143328259073397,0.0130516397964944,0.0118765087567728,0.0108439759628344,0.00989035009072009,0.00897818173454792,0.00820452151448077,0.00746246606613146,0.00680673899233754,0.00617478729051844,0.00565999910386452,0.0050921557104407,0.00467577516351719,0.00428074876165822,0.00384478734226108,0.00346849713437,0.00322169312454884,0.002950939836481,0.00265219231327829,0.00231981936083705,0.00207408195350398,0.00195637315249736,0.00182796173142147,0.00168741104138789,0.00153283509382294,0.00136166577658327,0.00117024348625808,0.000953042581154197,0.000701029774307831,0.000472172233780886,0.000464165543141177,0.000455364029143546,0.000445723797629135,0.000435194404407586,0.000423718042169272
-7.48816277396156e-07,-4.51019063097682e-07,-1.57119679384459e-07,0.00289206632471518,0.0174436459698734,0.0352974446814754,0.0537534599168339,0.0719209889791342,0.089431385554431,0.105885767813457,0.120699338691413,0.133976655564087,0.145838771098472,0.156396413876651,0.165750627316285,0.173993284650609,0.181207455463987,0.187467773589742,0.192840703996408,0.197384824942926,0.201151124080122,0.20418329534761,0.206518085720001,0.208185648411402,0.209209943800816,0.209609129703041,0.20939597026776,0.208578191965393,0.207158812281745,0.205136390674918,0.202505176842636,0.199255148758298,0.195371892985269,0.190836300499491,0.185624019975515,0.179704605245652,0.173040247918891,0.165583924132745,0.157276707927703,0.148043823957874,0.13778872772102,0.126977623475465,0.116753468244497,0.107175065417547,0.098251601310087,0.089970668731327,0.082315159431084,0.0752559520268518,0.0687594413285261,0.0627945514416561,0.0573235697772718,0.0523124273783884,0.0477252873317203,0.0435296888017545,0.0397003280705915,0.0361943797147484,0.0330041282368924,0.030085750614424,0.0274249316370358,0.0249966540227743,0.022762913687841,0.0207643450111074,0.018912373464734,0.0172239993144838,0.0157030723033873,0.0143091715712163,0.0130305009839408,0.0118534876378343,0.0108238724335753,0.00987328952223657,0.00896422629525165,0.00818933036610689,0.00745065460483641,0.00679387911330648,0.00616548250064356,0.00564987381959444,0.00508111334705368,0.00466864116987093,0.00427298517533423,0.00383631876632868,0.00346399662812433,0.00321680251364985,0.00294561726122195,0.00264638696500667,0.00231346530005168,0.00207191683429023,0.00195402289353638,0.00182540920366636,0.00168463547846809,0.00152981163431824,0.00135836306133262,0.00116661998686905,0.000949039779109889,0.000696554744907033,0.000472021138010904,0.00046400070007318,0.000455184422857408,0.000445528294808363,0.000434981610270068,0.000423486723435334
-7.4881740422797e-07,0,-1.57120609947064e-07,0.00290282171733907,0.0175553755971949,0.0355440842060189,0.0541514380984998,0.0724632534364227,0.0901152329262328,0.106581953231891,0.121375182456818,0.134627835170604,0.146461898328117,0.156988937842481,0.166310710882491,0.174519696572314,0.181699487555172,0.187925137341136,0.193263451936746,0.197773293805695,0.201505862264649,0.204505016854263,0.206807617492777,0.208443896340452,0.209437852600445,0.209807662820556,0.2095660730821,0.208720778393153,0.207274741011737,0.205226451614694,0.202570074165029,0.199295493492768,0.195388189617,0.190828934515146,0.185593250779198,0.179650554308005,0.172962883526635,0.165483046360557,0.157151922739113,0.147894508156489,0.137613980038129,0.126792296333643,0.116570628437799,0.106998026100576,0.0980810518477983,0.089809951481659,0.0821670175587049,0.0751179797896352,0.0686333073202429,0.0626768911203316,0.0572155170988517,0.052214987454728,0.0476344577550127,0.0434462254669487,0.039624923442149,0.0361276375538609,0.0329416997811563,0.0300281189409955,0.0273725542201812,0.0249499436098615,0.0227222102383177,0.0207251225575145,0.0188748855066534,0.0171934730261985,0.0156748582612278,0.0142834892256187,0.0130075492479909,0.0118291585413449,0.0108020482760775,0.00985476694852404,0.00894907329475778,0.00817283902122239,0.00743783001008983,0.00677991860165197,0.00615537902785435,0.00563888122311112,0.00506912740238629,0.00466089577898602,0.00426455689046815,0.00382712714436651,0.00345910891998357,0.00321149214163899,0.00293983892401888,0.00264008576308041,0.00230656966145862,0.00206956494471227,0.00195147062256906,0.00182263718308633,0.00168162183524405,0.00152652970722264,0.00135477867517881,0.00116268870613299,0.000944697285657051,0.000691701795631925,0.000471856860697045,0.000463821543351329,0.000454989209049431,0.000445315747423425,0.000434750410147988,0.000423235379849961
-7.48821008134191e-07,-4.51016592069417e-07,-1.57121949330148e-07,0.00291274178669226,0.0176595203333132,0.0357838608614935,0.054526668665932,0.072982323367891,0.0907714756784941,0.107224200609271,0.121998072230808,0.135227339427159,0.147034864490621,0.15753299268317,0.166824145595259,0.175001370912122,0.182148730210562,0.18834166529449,0.193647305428321,0.198124759457219,0.20182542444265,0.204793301295303,0.207065351367943,0.208671875964054,0.2096369054449,0.209978616007478,0.209709739202842,0.208837929136253,0.207366093932694,0.20529264811419,0.202611673635769,0.199312956133141,0.195381867342081,0.190799063785724,0.185539938453596,0.179573766820639,0.172862432649325,0.165358569065193,0.157002856494122,0.14772005334735,0.137413041192688,0.126583117071006,0.11636701865963,0.106802510273929,0.0978937016908071,0.089634058238534,0.0820053100597605,0.0749676291618979,0.0684960228409219,0.0625489316996773,0.0570980745116635,0.0521091205392285,0.0475357997041058,0.043355585735449,0.0395430468721611,0.03605517183047,0.0328739215135987,0.0299655533947293,0.0273156952695727,0.0248992350782852,0.0226780218672602,0.0206825457697416,0.0188341926455493,0.0171603337994037,0.015644229118946,0.0142556085600191,0.0129826333883361,0.0118073885756299,0.0107783588989612,0.00983466026070076,0.00893262288801289,0.00815493847742927,0.00742390735234734,0.00676476577370058,0.00614440990404193,0.00562694963895789,0.00505612028713875,0.00465248662485796,0.00425540832478327,0.00381715164046141,0.00345380151859382,0.00320572637281566,0.0029335666689896,0.00263324712597915,0.00229908792474605,0.00206701082899259,0.00194869883461964,0.00181962751139276,0.00167835043225598,0.00152296753309247,0.0013508892529803,0.00115842348256115,0.000939987661278192,0.000686439825373466,0.000471678303814405,0.00046362678048549,0.000454777030826791,0.000445084823905315,0.000434499150162899,0.000422962255333954
-7.48816506931482e-07,-4.51017895570093e-07,-1.57121086339694e-07,0.00292276170764302,0.0177550183165643,0.0360044509526217,0.0548882554640017,0.0734764180370508,0.091376816548202,0.107815809456235,0.122571257864194,0.135778342401376,0.147560758747905,0.158031556439875,0.167293787483617,0.175441010953189,0.182557733122995,0.18871975725998,0.193994496549167,0.198441290462246,0.202111705985595,0.205049877769643,0.207292851522466,0.208870981056631,0.209808318342382,0.21012304220811,0.209827856225854,0.208930371784918,0.207433434767198,0.205335385547664,0.202630220290917,0.199307625350006,0.195352864723423,0.190746472986102,0.185463715153641,0.179473722197769,0.172738220724314,0.165209663804207,0.156828525491,0.147519312577406,0.137184598325008,0.126352580962972,0.116141303792163,0.106587235104319,0.0976901128642062,0.0894455251298779,0.0818289733329499,0.0748039118503904,0.0683466853119004,0.0624098321056535,0.056970467080542,0.051994130449632,0.0474286669849864,0.0432571769776567,0.0394541601925098,0.035976505109838,0.0328003500935354,0.0298976429192506,0.027253979629074,0.0248441954968183,0.0226300572096146,0.020636333830271,0.0187900287316514,0.017124363013573,0.0156109843362888,0.0142253467562376,0.0129555883973837,0.0117837571897568,0.0107526500210659,0.0098128373453341,0.00891476592577656,0.00813551157238036,0.00740879494527884,0.00674832109285117,0.00613250270253053,0.00561400017119109,0.00504200648041402,0.00464335791742432,0.00424547933470588,0.00380632763815771,0.00344803950411863,0.00319946776284221,0.00292675950147369,0.00262582712929328,0.00229097155439398,0.00206423716854357,0.0019456894357171,0.00181636030444378,0.00167479972061975,0.00151910178836898,0.00134666942780829,0.00115379703412796,0.000934880946322014,0.000680736191336797,0.000471484250668736,0.00046341522448183,0.000454546470105349,0.000444833723495339,0.00043422613013273,0.0004226654839207
0,-4.51014441918225e-07,-1.57121984936819e-07,0.0029318001318449,0.0178486487397667,0.0362182725772555,0.0552257924757053,0.0739418241754883,0.091934077877764,0.108359899927827,0.123097799053676,0.136283830761518,0.148042453432092,0.158487391941254,0.167722263024195,0.175841117837065,0.182928857450834,0.189061616743031,0.194307075009995,0.198724771279717,0.202366431710458,0.2052763024537,0.207491504413112,0.20904243024901,0.209953151760154,0.210241834920837,0.209921153883295,0.208998671843473,0.207477171391336,0.205354916238652,0.202625812061401,0.199279445749233,0.1953009695801,0.190670797193492,0.185364061388316,0.179349748137137,0.172589419260971,0.165035343772576,0.156627778579599,0.147290970618323,0.136927164931776,0.126095893131844,0.115892013158352,0.106350796278225,0.0974709674173243,0.0892415104787406,0.0816368559767914,0.0746257583046412,0.0681843180518802,0.0622600717336922,0.0568322788579201,0.051869266850316,0.0473123576773318,0.0431541876904353,0.0393576814162304,0.0358911232339492,0.032720504827767,0.029823944249643,0.0271870056973903,0.0247844648174967,0.0225780034799627,0.0205861847970276,0.0187421049895332,0.0170853253348055,0.0155749048705318,0.0141925052485864,0.0129262371702367,0.0117581099236101,0.010724753806419,0.00978915543132199,0.00889538547198887,0.00811443165927492,0.00739239335105841,0.00673047759017505,0.00611957910865795,0.00559994721228468,0.00502669421969982,0.00463345035889468,0.00423470517689766,0.00379458542104179,0.00344178438930225,0.00319267485204351,0.00291937295665163,0.00261777729248259,0.0022821693236321,0.00206122535804399,0.00194242194697522,0.00181281370040455,0.00167094612266179,0.00151490766506689,0.0013420920231147,0.00114878066978618,0.000929345022558987,0.000674555497948422,0.000471273289089335,0.000463185219952076,0.000454295890938412,0.000444560982049468,0.000433929457326451,0.000422343036441847
0,-4.51019284058897e-07,-1.57121619345204e-07,0.00293992325091725,0.0179340825160895,0.0364141125283733,0.0555463112357041,0.0743821656917952,0.092446224583632,0.10885939123264,0.123580559780597,0.136746586216141,0.148482642076563,0.158903071760112,0.168112028711249,0.176204001745245,0.183264271516702,0.189369265707699,0.19458690127525,0.19897690547996,0.202591142391235,0.205473952763201,0.207662523053857,0.209187277962431,0.210072294980351,0.210335724208442,0.209990203727144,0.209043245543496,0.207497563675601,0.205351342924481,0.20259839681343,0.19922820935047,0.195225820847318,0.190571521910454,0.185240307729241,0.179201015198027,0.172415039641488,0.164834457919696,0.156399300087868,0.147033540160359,0.136639076135887,0.125811391368564,0.115617531553337,0.106091660278346,0.0972315549848582,0.0890190979330533,0.0814277099427325,0.0744358875912099,0.0680078667082257,0.0621025439716673,0.0566884623348983,0.0517337162598729,0.0471922067661916,0.0430450034205411,0.0392529873271992,0.0357984707322114,0.0326338660002091,0.0297439788918175,0.0271143375639768,0.0247196551753133,0.0225215201763569,0.0205317733958883,0.0186901128703258,0.0170429661027071,0.0155357566361887,0.0141568701728213,0.0128943889341814,0.0117302788124631,0.010694489145736,0.00976346097245222,0.00887435473624427,0.00809156242908275,0.0073745957072689,0.00671112020290505,0.00610555445413158,0.00558470169293298,0.00501008640079851,0.00462269925366083,0.00422301646498612,0.00378184968391917,0.00343499490876832,0.00318530365824297,0.00291135890761093,0.00260904644112938,0.00227262499021757,0.00205795564340725,0.00193887529539727,0.00180896482034694,0.00166676478315425,0.00151035771583182,0.00133712809630292,0.00114334186764875,0.000923345631085929,0.000667859799222387,0.000471044102781034,0.000462935235041933,0.000454023573608037,0.000444264631995695,0.000433607126082671,0.000421992730100132
0,-4.51016497686143e-07,-1.57121814484797e-07,0.00294718337375376,0.0180118800379566,0.0366017815827325,0.0558467725365028,0.0747995123415842,0.0929160333089429,0.109317030393013,0.12402221808653,0.137169199276882,0.148883813726257,0.159280978583682,0.168465336849226,0.176531790405858,0.18356595474544,0.189644532673363,0.194835657360386,0.199199215718678,0.202787204359463,0.205644040990804,0.207806963669475,0.209306419591609,0.210166484040554,0.210405287338311,0.210035427230671,0.209064355825415,0.207494719484829,0.20532461783191,0.20254777182386,0.199153560002185,0.195126906599686,0.190447975840385,0.185091624471036,0.179026535612899,0.17221393063013,0.164605686011945,0.156141598688391,0.146745352563121,0.136318479088929,0.125497245409342,0.115318756045746,0.105809674892573,0.0969703299736838,0.0887768517650329,0.0812046024153062,0.0742324029372826,0.0678161930293327,0.0619314960052502,0.0565323445087872,0.0515866061057915,0.0470625069705871,0.0429265294192676,0.0391393999671678,0.0356979498146602,0.0325398765389791,0.0296572337601981,0.0270355086282579,0.0246493502975667,0.0224602436653476,0.0204727497195073,0.0186363119429528,0.0169970117485606,0.0154932868762588,0.0141182113889454,0.0128598373792313,0.0117000835366669,0.0106616622627161,0.00973558813954806,0.00885153799019149,0.0080667571429683,0.00735528682743676,0.00669012459256268,0.00609033788495444,0.00556816403757427,0.00499207637884938,0.00461103421758182,0.0042103369180101,0.00376803939227217,0.00342762690384003,0.00317730569314614,0.00290266615331548,0.00259957851200132,0.0022622783870486,0.00205440611799703,0.00193502591386246,0.00180478808264709,0.00166222885435704,0.00150542319786484,0.0013317459108832,0.00113744707677896,0.000916845527590275,0.000660608502588687,0.000470794954421293,0.00046266363332185,0.000453727709712917,0.000443942584350081,0.000433256950858426,0.00042161214614856
0,0,-1.57121248018401e-07,0.00295363455808361,0.0180866265589991,0.036774598600904,0.0561284801880355,0.0751871817984825,0.0933461204902403,0.109735374093691,0.124425258930899,0.137554070484834,0.149248274154274,0.159623303905398,0.168784261092026,0.176826418842655,0.183835708418146,0.189889072971104,0.195054846888289,0.199393064931874,0.202955821772447,0.205787610156162,0.207925711287402,0.209400584720563,0.210236296121714,0.210450948068341,0.210057088395416,0.209062114216048,0.2074685941363,0.205274543281152,0.202473583192609,0.199054985858989,0.195003556842981,0.190299331289734,0.184917022479943,0.178825154156929,0.171984768114838,0.164347534280048,0.155853000643792,0.146424549902357,0.13596332485297,0.12515144651705,0.11499530075852,0.105507142241879,0.0966856194118046,0.08851322028671,0.080964869348572,0.0740113441515767,0.0676117643281038,0.0617458308926851,0.0563629264854714,0.0514269949095521,0.0469217967074213,0.0427980065421384,0.0390219414319391,0.0355889188727915,0.0324379347942235,0.0295631515608482,0.0269500138845668,0.0245730984132948,0.0223937792523233,0.0204087346233012,0.0185830584913664,0.0169471674468528,0.015447223315383,0.0140762812968593,0.0128223605890333,0.0116673301601473,0.010626064645146,0.00970535878334103,0.00882678770247393,0.00803985784831667,0.00733434281961424,0.0066673574475112,0.00607383127100738,0.00555022983025692,0.00497255085919509,0.00459838117748222,0.00419658762176309,0.00375306681283225,0.00341963260245332,0.00316862974707165,0.00289323910368924,0.00258931389622753,0.00225106540061966,0.00205055349759067,0.00193084878172596,0.00180025697334038,0.0016573087532616,0.00150007269757923,0.00132591201193744,0.00113105979975687,0.000909805342394869,0.000652758379690745,0.000470524278770449,0.000462368557970363,0.000453406221671815,0.000443592794045126,0.00043287656897028,0.000421198857066721
-7.48820257697887e-07,-4.51014546098678e-07,-1.57118196921162e-07,0.0029593208725935,0.0181554026189433,0.0369352703221822,0.056391687767839,0.0755551548978753,0.0937388910733344,0.110116792294586,0.124791989932207,0.137903438896243,0.149578147093333,0.159932062191743,0.169070684275039,0.177089646946038,0.184075150333547,0.190104370493935,0.195245809308744,0.199559632217182,0.203098026744527,0.205905548169755,0.208019499447314,0.209470352917847,0.210282153974029,0.210472971735731,0.21005530437825,0.209036480892734,0.207418992409496,0.205200766247431,0.202375321122532,0.19893182020393,0.194854945472044,0.190124597884405,0.184715344312268,0.178595543639586,0.171726051234045,0.164058320859974,0.155531642186464,0.146069078031456,0.135571360081972,0.124775053233568,0.114641571759865,0.105177152309217,0.09637561388935,0.0882265280804911,0.0807043965558283,0.0737713055398983,0.0673942612882871,0.0615443686738894,0.0561791291382006,0.0512588651901957,0.0467691797400458,0.0426586204566833,0.0388968588008895,0.0354706830330525,0.0323273953514591,0.0294693465193802,0.0268573133776264,0.0244904164063229,0.0223217056595733,0.0203393239429061,0.0185253075356077,0.0168931160101527,0.0153972727506752,0.0140308128500875,0.0127817203032426,0.011631809337915,0.0105874710614376,0.00967258141483355,0.00879994637119547,0.00801069463650883,0.00731162967173606,0.00664267488898234,0.00605592906185384,0.00553078506935376,0.00495188857729583,0.00458465829736038,0.00418168036890541,0.00373683937903857,0.00341095993021573,0.00315922082107239,0.00288301811522089,0.00257818899638285,0.00223891700691661,0.0020463724030058,0.00192631662922592,0.00179534202684245,0.00165197374033277,0.00149427227172671,0.00131958995833566,0.00112414119795964,0.000902183071090687,0.000644263764044008,0.000470230153907713,0.000462047841041442,0.000453057056802033,0.000443212662566469,0.000432463268774922,0.00042074986925204
-7.48817019108577e-07,0,-1.57119430424585e-07,0.00296427517943731,0.0182174734509698,0.0370863740536957,0.0566371737712634,0.0758946106855526,0.0940965963287412,0.110463470337463,0.125124541978625,0.138219322401378,0.149875375922739,0.160209083641037,0.169326327880735,0.177323062039602,0.184285738408257,0.19029173359551,0.195409706607837,0.199699941513087,0.203214696650184,0.205998574741764,0.208088902352028,0.20951614391584,0.210304327803756,0.210471475508409,0.210030034353865,0.208987260424177,0.207345566144154,0.205102779666095,0.202252322207617,0.198783234709943,0.194680078439737,0.189922615936555,0.18448525930517,0.178336199212828,0.171436095564245,0.163736176907354,0.155175461530324,0.145676675862937,0.13514011748157,0.124367133344579,0.11425534011253,0.10481762567336,0.0960441167263716,0.0879199545718082,0.0804215414358976,0.0735107742996043,0.0671582714482167,0.0613258400992788,0.0559797983969326,0.0510802926234004,0.0466036958878322,0.0425074906704344,0.0387612386638705,0.0353425002027751,0.032212752995355,0.0293679780589696,0.0267630247479706,0.0244007853966229,0.0222435680108311,0.0202640818215253,0.0184626938968918,0.016834516312427,0.0153431205248899,0.0139815199179646,0.0127376600857942,0.0115932963680204,0.0105456402739827,0.00963704984161437,0.00877084399482081,0.00797908547920706,0.00728700424134315,0.00661592326296544,0.00603651769023734,0.00550970734147779,0.00493817028641222,0.00456977887097967,0.00416552170981676,0.00371925730479649,0.00340155380966547,0.00314901836012892,0.00287193974731766,0.00256613506609229,0.00222575956000855,0.00204183609801958,0.00192140061752167,0.00179001184381211,0.00164618967755392,0.00148798650561178,0.00131274137048813,0.00111664951070875,0.000893933573767966,0.000635074951259902,0.000469910612885018,0.000461699484522137,0.000452677594154661,0.000442799875636716,0.000432014460938994,0.000420262347704041
0,-4.51017810476063e-07,-1.57119691816864e-07,0.00296853519334159,0.0182732680498233,0.0372231463817461,0.0568627813115135,0.0762127717647582,0.0944213012335249,0.110777451643368,0.12542485603047,0.138503608088202,0.150141729299619,0.160456026183177,0.169552731585289,0.177528078817709,0.184468754486908,0.190452310697328,0.195547553769875,0.19981485412292,0.20330654521451,0.206067259595454,0.208134335004213,0.209538227123577,0.210302930404843,0.210446423695751,0.209981087419659,0.208914107363135,0.207247808035878,0.204979920813808,0.202103755002019,0.19860823677465,0.194477794942515,0.189692050660654,0.184225256936361,0.178045427329266,0.171113020885167,0.163379029641036,0.154782187839122,0.145244867309575,0.134666906212708,0.123921201792391,0.113836145158845,0.104426316593108,0.095686986883262,0.0875911803971986,0.0801145390837435,0.0732281253486631,0.0669023213844652,0.0610888823315482,0.0557636867612776,0.0508867019003035,0.0464243113255529,0.0423436756804342,0.0386142378591882,0.035203570946292,0.0320928057020338,0.0292581033144579,0.0266640540207334,0.0243036481297801,0.0221588797149492,0.02018254056837,0.0183948256654215,0.0167710025753462,0.0152844290568295,0.0139280950710982,0.0126899046803285,0.0115515504497096,0.01050031449229,0.00959854341760512,0.00873929817284172,0.00794483484192194,0.00726031225312493,0.00658693737754648,0.00601547528539356,0.00548686709855707,0.00492329470257931,0.00455364946673115,0.00414801259910133,0.00370021217194688,0.00339135385454254,0.00313795905380199,0.00285993470534944,0.0025530783377961,0.00221151405973311,0.00203691512005325,0.00191606904451917,0.00178423312744085,0.00163992095552359,0.00148117610892183,0.00130532469768659,0.00110854026959216,0.000885009234391307,0.000625140482473853,0.000469563375125048,0.000461321026362651,0.000452265457077275,0.000442351495047914,0.000431527034804002,0.000419732878015359
0,-4.51020802405588e-07,-1.57120329559689e-07,0.00297213198059278,0.018325616340087,0.0373497994254138,0.0570742533869307,0.0765040680068231,0.0947149199255623,0.111060571790326,0.125694728153594,0.138757982212199,0.150378807529332,0.160674386518367,0.169751266918079,0.177705943387753,0.184625312200929,0.190587087672572,0.195660188811642,0.19990507760841,0.203374132711564,0.206112016746623,0.208156064789754,0.209536715613317,0.210277926547381,0.210397621209252,0.209908117264397,0.208816517004616,0.207125053178635,0.204831357278564,0.201928626384258,0.198405662184801,0.194246757683529,0.189431386152632,0.183933638460469,0.17772134258721,0.170754747633615,0.162984599233363,0.154349333596939,0.144770950662188,0.134152699689315,0.123434500517146,0.113387366354418,0.104009743801507,0.0952990660702151,0.087234325905675,0.0797844005186368,0.0729270513878266,0.0666248304703471,0.0608320337694615,0.0555294659960389,0.0506768994473739,0.0462299223030385,0.0421661650949296,0.0384549452608173,0.035053041509635,0.0319628289815015,0.0291390452383681,0.0265568086668835,0.0241984064044373,0.0220671169272486,0.0200941990862584,0.0183212836473007,0.0167021824570719,0.0152208366400323,0.0138702088270054,0.0126381586979044,0.0115063117171533,0.0104512163281263,0.00955682586818014,0.00870511378345503,0.00790773387088634,0.00723138865296223,0.00655554065014361,0.00599267102912175,0.00546212385531057,0.00490716859180022,0.00453616980594382,0.00412904494491709,0.00367959031009422,0.00338029665565252,0.00312597403962985,0.00284692977939499,0.00253894024002906,0.00219609682207995,0.00203157800983648,0.00191028791390671,0.0017779693358126,0.00163312882741189,0.00147380007302363,0.00129729573619788,0.00109976633924073,0.000875358937299786,0.000614405201573674,0.000469186098883917,0.0004609098397221,0.000451817773092518,0.000441864457544872,0.000430997737716303,0.000419158044728291
0,-4.5101743399031e-07,-1.57120370077476e-07,0.00297508451586388,0.0183732885333447,0.0374668979096926,0.0572647590076563,0.0767755381938525,0.0949791820616982,0.111314523570194,0.125935767750505,0.138983979658863,0.150588044448644,0.160865486378547,0.169923146630368,0.17785775052566,0.184756378982476,0.190696893216288,0.195748308054887,0.199971159185462,0.203417866971972,0.206133104404265,0.208154204740238,0.209511572326346,0.210229124680281,0.210324724833729,0.209810619224691,0.208693821979248,0.206976473594679,0.204656097023766,0.201725769926611,0.198174167925957,0.193985445085361,0.189138917718912,0.183608508048994,0.177361852786458,0.170358983228543,0.162550384850599,0.153874183916988,0.144251987404885,0.133596648130299,0.122914176472,0.112899164926161,0.103558404597375,0.0948779827440915,0.0868472093876186,0.0794345600286429,0.0726061571034468,0.066324105755384,0.0605650475540355,0.0552803210480076,0.0504496011709482,0.0460193420086941,0.0419738784358485,0.0382823904565621,0.0348956061910336,0.0318220283695307,0.0290100749410245,0.0264406327496612,0.0240844223101139,0.0219677210549558,0.0199985221210985,0.018241617217754,0.0166276367059096,0.01515195501681,0.0138075079414463,0.012582107268676,0.0114573037867017,0.0104071892657387,0.00951164363270297,0.00866808041094251,0.00786755872920771,0.00720005621581472,0.00652154410374562,0.00596796470114413,0.00543532883213461,0.00488969165585436,0.00451723353028308,0.00410850498245042,0.00365727025366863,0.0033683126242328,0.00311298949341203,0.00283284661098496,0.00252363719865517,0.00217941830938596,0.00202579082040918,0.00190402161354473,0.00177118197597421,0.00162577147652701,0.00146581417809533,0.00128860716119879,0.00109027733292957,0.000864928926055048,0.000602810988147663,0.000468776311878112,0.000460463281631396,0.000451331588252362,0.000441335698644002,0.000430423087928007,0.000418534032271947
0,-4.51018350166414e-07,-1.57122383254586e-07,0.00297742399484273,0.0184153138337135,0.0375713924879325,0.0574409416222893,0.0770192926166013,0.0952156882201107,0.111540830958809,0.126149426209435,0.139182970904111,0.150770716558008,0.161030498101265,0.170069423879115,0.177984428054634,0.184862756869335,0.190782391459399,0.195812444110799,0.200013497445612,0.203438001957516,0.206130635029526,0.208128711402416,0.209462604584706,0.210156178660683,0.210227231098986,0.209687927466681,0.208545197041201,0.206801073729635,0.204452969672186,0.201493843124568,0.197912231592069,0.193692145333969,0.188812741332271,0.18324776504732,0.176964654931516,0.16992321221743,0.162073656309516,0.153353784898732,0.143684796446283,0.13299010178813,0.122348209549324,0.112370095761967,0.103068420611772,0.0944307660275643,0.0864330522920577,0.0790553946828273,0.0722584565321753,0.0660075211724905,0.060275935155189,0.0550178110137098,0.0502034405345837,0.0457937651184886,0.0417656581980278,0.0380955347064368,0.0347314412980649,0.0316695560809716,0.0288704166708796,0.0263148255817103,0.0239720776824748,0.0218600940829899,0.0199056512320122,0.0181553458676423,0.0165469160202753,0.0150773708524203,0.0137396159074968,0.0125214116500388,0.0114042301277733,0.0103620536979252,0.00946272638738811,0.00862797504238172,0.00782407100918853,0.00716612623234173,0.0064847464654181,0.00594120650693173,0.00540632109084109,0.00487075617958017,0.00449672469279176,0.00408627003284539,0.00363312051889214,0.00335532836968063,0.00309892717379689,0.00281760057311882,0.00250707978864556,0.00216138312394504,0.00201951715535311,0.0018972306717334,0.00176382922958526,0.00161780506887403,0.00145717127144238,0.0012792092077591,0.00108001967977509,0.000853662332386256,0.000590296632223666,0.000468331193320691,0.000459978307557121,0.000450803628936871,0.000440761462389075,0.000429799100771428,0.00041785660120491
0,-4.51017376391351e-07,-1.57119746052776e-07,0.00297915305994197,0.0184519484420538,0.0376639407151932,0.0576006349013304,0.0772368176743375,0.0954258441873368,0.111740862001731,0.12633701238282,0.139356167828649,0.150927934215944,0.1611704323482,0.17019099555281,0.178086758074339,0.1849450972436,0.190844111913066,0.195852981217788,0.200032333406362,0.203434633964088,0.206104558465307,0.208079390672084,0.209389463118771,0.210058580196351,0.210104470497062,0.209539212809605,0.208369640000321,0.206597680600223,0.204220628602413,0.201231311898972,0.197618132005602,0.193364946410689,0.18845074647477,0.182849093900128,0.176527219613268,0.169444690309899,0.161551442931477,0.15278493630091,0.143065938397917,0.132338952240321,0.121736697091991,0.111806596985821,0.102545612546828,0.093948510237579,0.085991276499385,0.0786446468312252,0.0718818796571479,0.0656679845849835,0.0599628923154624,0.0547335910847991,0.0499369559228786,0.0455601846350695,0.0415527590652734,0.0378932695940277,0.0345537238640528,0.0315045053313008,0.0287192389041554,0.0261786387296677,0.0238518554709804,0.0217435973880421,0.019806891190953,0.0180619565288326,0.0164595419539095,0.0149966423044747,0.0136661309912592,0.0124557121180097,0.0113467744430914,0.0103131821080411,0.00940978608873293,0.00858455809643493,0.00777701654932344,0.00712939626564307,0.00644493332470027,0.00591223636184662,0.00537493142025868,0.00485024634953949,0.00447452130095072,0.00406220983070993,0.00360700353506212,0.00334126473887197,0.00308370235619322,0.00280110361268044,0.00248917320946137,0.00214189120523355,0.0020127178191102,0.00188987384004197,0.00175586716447366,0.00160918230956109,0.00144782128338654,0.00126904844510178,0.00106893732442745,0.000841499110996038,0.000576798130213557,0.000467847745067767,0.000459451583938711,0.000450230317730162,0.000440138087916973,0.000429121824085602,0.000417121498795524
0,-4.51014938164608e-07,-1.57121059915867e-07,0.00298029162303584,0.018483448691061,0.0377490531781471,0.0577417621570044,0.0774294150013062,0.0956109442093183,0.111915845050249,0.12649965917139,0.13950463354041,0.151060671562384,0.161286145162111,0.17028861101056,0.178165355222142,0.185003900367226,0.190882418291319,0.195870153242436,0.200027763189122,0.203407717090653,0.206054673717523,0.208005887867279,0.209291638583007,0.209935663735002,0.209955613503441,0.20936347573647,0.208165981337987,0.206364944960394,0.203957538421642,0.200936454613596,0.197289952681617,0.19300172921082,0.18805060589748,0.182409952765417,0.176046786691593,0.16892042817532,0.160980524024128,0.152164178108976,0.142391709852142,0.131633424261758,0.121081795460382,0.111195244525319,0.10198320281809,0.0934259881924455,0.0855127967296961,0.0782064392728001,0.0714790263585253,0.0653004591870654,0.059624085926404,0.0544259939600157,0.0496604930612003,0.0453074044359519,0.0413231977282466,0.0376744149583343,0.034361409518738,0.0313259113473071,0.0285556611882866,0.0260312749501239,0.0237217545332839,0.0216175530389074,0.0197000125725107,0.0179609019235423,0.0163650039892568,0.0149092987082203,0.013586624243371,0.012384624625266,0.0112845987383302,0.0102602853863504,0.00935251598290892,0.00853757454579682,0.00772612513052401,0.00708965141630679,0.00640187646775462,0.0058808831272682,0.00534097825363991,0.00482804025232199,0.00445049242925856,0.00403618601073849,0.00357877287393313,0.00332603738633959,0.00306722569323664,0.00278325978884491,0.0024698171784654,0.00212083641580142,0.00200535124532457,0.00188190613385712,0.00174724799723582,0.00159985279189638,0.00143771093894173,0.00125806864010497,0.00105697072655109,0.000828376606501334,0.000562248752999787,0.00046732281909902,0.000458879644489799,0.000449607888281136,0.000439461397535643,0.000428386859450088,0.000416323762457309
0,0,-1.57121184489467e-07,0.00298085054241887,0.0185100162577747,0.0378238318701373,0.0578676404859561,0.0775982781508591,0.095772115088037,0.112066846024146,0.12663837637469,0.139629280287298,0.15116973522474,0.161378352488411,0.170362860077696,0.17822070707794,0.185039511560519,0.19089752983026,0.195864037973593,0.199999720823474,0.203357038572868,0.205980626615014,0.207907694008318,0.2091684613205,0.209786594430512,0.209779656754165,0.209159540139851,0.207932864903841,0.206101326961504,0.203661969436901,0.200607345187172,0.196925562637316,0.192600154738036,0.187609763604706,0.18192756240775,0.175520348425741,0.168347183859042,0.160357416333145,0.151487782227399,0.141658134186824,0.130875959828459,0.120372625957534,0.110541976106561,0.101375244078539,0.0928722381061644,0.0849994020587578,0.0777402905395344,0.071053120962561,0.0649028253410586,0.0592618525242534,0.0540932505820649,0.0493639136859283,0.0450339647527518,0.041074878563796,0.0374506777955276,0.0341533917283494,0.0311327470223095,0.0283787409498633,0.0258718878712089,0.0235810243561103,0.0214812389713884,0.0195843981987168,0.0178516008796742,0.0162627605647938,0.0148148407008317,0.0135006412041436,0.0123077415968546,0.0112173451721422,0.0102030555228366,0.00929059065263785,0.00848675331726336,0.00767592299362322,0.00704666320759185,0.00635533455270029,0.00584696560081638,0.00530426973666132,0.00480400567172682,0.00442449953334806,0.00400805231293417,0.00354827359552879,0.00330955624593884,0.00304940172792839,0.00276396832097611,0.00244890512963781,0.00211139780043917,0.00199737267870961,0.00187328035046791,0.00173792154119127,0.00158976345022435,0.00142678393531361,0.00124621050383462,0.00104405717671063,0.000814228963494425,0.000546579002332176,0.000466752703397404,0.00045825870612523,0.000448932265910284,0.000438726927347134,0.000427589219987915,0.000415458423576943
0,0,-1.57119743039858e-07,0.00298095690912377,0.0185323310127251,0.0378877249240814,0.0579799067925063,0.0777444259612053,0.0959103415999414,0.112194790088214,0.126754013474706,0.13973087011431,0.151255794022771,0.161447601154856,0.170414196178556,0.178253136234732,0.185052133982536,0.190889506854512,0.195834566536622,0.199947994166146,0.203282238101452,0.205881900460261,0.207784134241475,0.209019097011791,0.209610369420525,0.209575423999833,0.208926047294527,0.207668745946607,0.205805091253891,0.203331987321979,0.200241844854694,0.196522612290633,0.192157653240493,0.187125425709354,0.181398899174063,0.174944640730262,0.167721451442076,0.159678366613104,0.150751743488192,0.140860951759865,0.130059446672327,0.119617881037166,0.109839928977215,0.10073157362192,0.0922760722079964,0.0844552274723255,0.0772360530299424,0.0705924781024329,0.0644842039521482,0.0588818931272989,0.0537413772186985,0.0490432320474721,0.0447383227997117,0.0408063953426964,0.03721125991409,0.0339284954675993,0.0309239243567789,0.0281874845590546,0.0256995772761945,0.0234288658108896,0.0213338886664648,0.0194593913569528,0.0177334364805479,0.0161522374410971,0.0147127384865251,0.0134076994921155,0.0122246306919607,0.0111446325477078,0.010141165207119,0.00922366474449321,0.00843180679318352,0.00763292986551822,0.00700018837945801,0.00630777088698327,0.00581029046933183,0.00526460293699405,0.00477800352012525,0.00439639498912503,0.00397765276279192,0.00353116534785878,0.0032917254632215,0.00303012911222169,0.00274312227666882,0.00242632495842659,0.00210340533716656,0.00198873419531167,0.0018639457631729,0.00172783390083396,0.00157885724951256,0.00141498060914378,0.0012334115444187,0.00103013155989378,0.000798987856255734,0.00052971710132618,0.0004661337763892,0.000457584688054038,0.000448198873310375,0.000437929931956431,0.000426723844255586,0.000414519676882413
-7.48817259588661e-07,-4.51013929037193e-07,-1.57120929100213e-07,0.00298045435222755,0.0185512115975932,0.0379411356478888,0.0580752734367688,0.0778687633530655,0.0960264854421902,0.112300466939935,0.126847278128859,0.139810030852424,0.151319378115169,0.161494325348513,0.170442915998915,0.178262816179362,0.185041816569302,0.19085827368691,0.195781513492694,0.19987221401279,0.203182797280842,0.205757817450511,0.207634371200537,0.208842535871175,0.209405805277426,0.209341551911433,0.208661451156388,0.207371886908395,0.205474297462411,0.202965447156634,0.199837592428501,0.196078519322921,0.191671416130153,0.186594548612631,0.18082067781891,0.174316134343573,0.167039448254827,0.158939338476258,0.149951769347862,0.139995614255809,0.129187280817521,0.118803751222131,0.109089084839957,0.100035143028568,0.0916369804916684,0.0838667948223269,0.0766987001000786,0.070096159371009,0.0640369945770322,0.0584712124507618,0.0533701355163707,0.0486966638698118,0.0444188379037749,0.0405162605573717,0.0369525172101503,0.0336854753176814,0.0307063831569409,0.0279898599100762,0.02551339335589,0.0232644366368601,0.0211882624295701,0.0193242978652741,0.0176057559845139,0.0160328261590001,0.0146024322255194,0.0133072890332558,0.0121348344218918,0.0110660577943072,0.0100742679777235,0.00915137417785904,0.00837243041850233,0.00758644405401221,0.00694997070592774,0.00627107510496736,0.00577065367172252,0.00522176276039558,0.00474988490680761,0.00436602209811133,0.0039448226215182,0.00351331083412192,0.00327244330523696,0.00300930109525765,0.0027206100300401,0.00240195903302817,0.0020947510852264,0.00197938482608386,0.00185384834768639,0.00171692837204388,0.00156707468241717,0.00140223829326464,0.00121960607785279,0.00101512557330572,0.000782582411097914,0.000511589398619576,0.000465461828696145,0.000456852956653124,0.000447403103982698,0.000437065165011075,0.000425785232187777,0.000413501726511877
0,-4.51015777579424e-07,-1.57121583646136e-07,0.00297930355815573,0.0185653328780502,0.0379844068597295,0.0581543132266982,0.077972064971499,0.096121253238932,0.112384531696012,0.12691874121966,0.139867232402908,0.15136085894311,0.161518786089218,0.170449179749109,0.178249787271278,0.185008463312625,0.190803589530571,0.19570449902791,0.199771851072906,0.20305803083832,0.205607534777777,0.20745739128034,0.208637592015465,0.209171535878889,0.209076489838083,0.20836400539297,0.207040339828377,0.205106791334694,0.202559977200854,0.199391995639756,0.195590461256857,0.191138382475104,0.186013828701086,0.180189343273379,0.17363101839643,0.166297108769389,0.158136005682481,0.149083275475647,0.139057281264496,0.128249167133775,0.117937029828805,0.108285386518265,0.099298611372115,0.090958539050562,0.0832439732743128,0.0761283600532059,0.0695768684653127,0.0635538611879246,0.0580275773804501,0.0529691063918145,0.0483268908514714,0.0440894265411117,0.0402072518864346,0.0366730420615511,0.0334280403782218,0.0304815514253717,0.0277855454473457,0.0253157897640006,0.0230868449400512,0.0210352400571318,0.0191783844878319,0.0174678706770144,0.0159038866847097,0.0144833309679526,0.0131988725805726,0.0120378700960993,0.0109811961137226,0.0100019974192451,0.00907333577333072,0.0083083027782904,0.00753620709096008,0.00689573899099168,0.00623141054308646,0.00572783939102669,0.0051755239679575,0.00471949286571306,0.00433321617704572,0.00390939035417735,0.00349400084852953,0.00325160150233481,0.00298680444002154,0.00269631269251578,0.00237568430654364,0.00208538395501433,0.00196927024004648,0.00184293055450312,0.00170514471594521,0.00155435241657239,0.00138849112806087,0.00120472604375236,0.00099896843971764,0.00076493973362127,0.000492120885756713,0.000464732449984713,0.000456059050163214,0.000446539604777698,0.000436127154506765,0.000424767222642541,0.000412398059498484
0,0,-1.57122151849473e-07,0.0029774928297906,0.018574772549584,0.0380178119588662,0.0582175378853877,0.0780549612322595,0.0961952252023721,0.112447491929467,0.126968833357413,0.139902824606658,0.151380485573078,0.161521115428756,0.170432988074777,0.178213927204323,0.184951816732496,0.190725062681942,0.195602983087311,0.19964621460597,0.202907088112435,0.205430035540999,0.20725200594276,0.208402900005217,0.208906011885646,0.208778487295801,0.208031758142139,0.206671942131169,0.204700192879909,0.202112973016003,0.198902213812691,0.1950553581815,0.190555225682582,0.185379684851654,0.179501059529679,0.172885196536373,0.165490070601341,0.157263744316093,0.148141377729951,0.138040817434172,0.127250087965708,0.11700987935816,0.107430094727147,0.0985048005143367,0.0902295614390373,0.0825771418404114,0.0755124448697404,0.0690161246496721,0.0630423186532701,0.0575626113961652,0.0525361585616816,0.0479428663704588,0.0437371111057977,0.0398890880955847,0.0363713569496833,0.0331648494199768,0.0302388180681479,0.0275649615597108,0.0251188817505021,0.0228951540240997,0.0208700263669727,0.0190208787469632,0.0173190579547172,0.0157749968380823,0.01437476078781,0.0130877699660404,0.0119332313881271,0.0108896004766613,0.00992396695719136,0.0090002140880227,0.0082390859866698,0.00748194620293652,0.00683720854701639,0.00618855984576364,0.00568162034370191,0.00512564990925721,0.00468666171498464,0.00429780365627031,0.00387117493258061,0.00347312709486116,0.00322908661462616,0.00296251924103087,0.00267010591498322,0.0023473717687041,0.00207524912971894,0.00195833315244965,0.0018311319443042,0.00169241916445762,0.00154062440254764,0.00137367044375971,0.00118870012106729,0.000981587276786908,0.00074598545372827,0.000471874441758916,0.000463940929132088,0.000455197490808728,0.000445603000175563,0.000435109888242542,0.000423663569300905,0.000411201894374921
0,-4.51016044922626e-07,-1.57120837766474e-07,0.00297502574109122,0.0185795967401655,0.0380436969083249,0.0582668590718038,0.0781179527701602,0.096248850605969,0.112489720581479,0.126997851874512,0.139917004920426,0.151378338871335,0.161501294523972,0.170394209817511,0.178154967051492,0.184871479703949,0.190622149835863,0.195476275766973,0.199494450116117,0.202728948334185,0.205224125394825,0.207016842516318,0.208136894900223,0.208607470102846,0.208445585508804,0.207662538654768,0.206264305130603,0.204251886317288,0.20162158298157,0.198365155682763,0.194469866862574,0.189918345377312,0.18468825555486,0.178751697276432,0.172074270832585,0.164613670421064,0.156317625619842,0.147120891876049,0.136940792366389,0.126184131553584,0.116017901921533,0.106513436927567,0.0976681780655866,0.0894595476964199,0.081867543412866,0.0748672859361452,0.068419815107683,0.062500881754111,0.0570673128165627,0.0520854269157093,0.0475285033297829,0.0433569789432062,0.039545793129431,0.0360531393328614,0.032880867843604,0.0299769271579122,0.0273269654502051,0.0249064079718802,0.0226883800154213,0.0206917629813742,0.018850971591802,0.017160834086773,0.0156464259798384,0.0142577236219691,0.0129830723990603,0.0118203874578127,0.0107908013114813,0.00983977134655235,0.00893094030549531,0.00816442540876656,0.00742337440958742,0.00677408082042776,0.00614229418300432,0.0056317581768888,0.00507189415921729,0.00465121568216038,0.00425960181863183,0.00382998830738745,0.00345057334879099,0.00320477781075295,0.00293632051906154,0.00264186101469465,0.00231688898171722,0.00206428862655745,0.00194651184564206,0.00181838872061502,0.00167868526817782,0.00152582120429871,0.00135770464299575,0.00117145510796042,0.000962907493780845,0.000725644083864296,0.000471086119846387,0.000463082068324599,0.000454262881737854,0.000444587064115691,0.000434006938144004,0.000422467186468573,0.000409905668706875
0,-4.51014170325375e-07,-1.57120741309309e-07,0.00297188044312093,0.0185798310306414,0.0380597094851061,0.0583022786563452,0.0781614414243964,0.0962824586316987,0.112511471170165,0.127005953688071,0.139909825347281,0.151354388170331,0.161459158764244,0.170332554669126,0.178072489536393,0.184766885623186,0.190494135730265,0.195323505555914,0.199315528253821,0.202522410228982,0.204988424504809,0.206750333520866,0.207837822012678,0.208273949782355,0.208075606704613,0.207253949551647,0.205814801685445,0.203759006688051,0.201082694767362,0.197777454833598,0.193830362343252,0.189223852214028,0.183935380853016,0.177936824678094,0.171193537755841,0.163662934315281,0.155292415228517,0.146016333011935,0.135751487260542,0.125047110043095,0.114969011399595,0.105545739099047,0.0967719301098058,0.0886359751522646,0.0811139042770683,0.0741732592381046,0.0677900406917234,0.0619170003772983,0.0565332146567354,0.0516046935794514,0.0470817155362822,0.0429471218622239,0.0391756392219778,0.0357251384495124,0.0325746655394608,0.029694564019182,0.0270703612572133,0.024677298209239,0.0224780858651682,0.0204995533991027,0.018667818193389,0.0170106778554585,0.0155077613624422,0.0141314971804598,0.012870143576396,0.011706100137832,0.010684309021948,0.0097489860968524,0.00885620465428406,0.00808395115105007,0.00736019062462868,0.00670604456938631,0.00609237302231265,0.00557800366082181,0.00501399980366253,0.00461297237055911,0.00421842124659258,0.00378563427343194,0.0034262198519141,0.00317854940511369,0.00290807820968443,0.00261144284155863,0.00228409845176998,0.00205244129176822,0.0019337424670292,0.00180463326252206,0.00166387266859237,0.00150987049589641,0.00134051939106563,0.00115291535651052,0.000942853031097242,0.000703839498488835,0.000470230672512137,0.000462150360873207,0.000453249195958264,0.000443485558475884,0.000432811207334866,0.000421170830742606,0.000408501622923879
