-7.488267555148e-07,-4.51031910918232e-07,-1.57128907824818e-07,0.00287570534726199,0.0178150404039597,0.0362329444291669,0.0552593218110816,0.0738864448752012,0.0916650464056974,0.108921774744032,0.125084578407252,0.14009619223409,0.154633305232286,0.168052918240415,0.180686994675011,0.192707863387755,0.203771414240265,0.214231071057033,0.223919005605173,0.232555936577908,0.2404614254697,0.247115363135318,0.252578872906662,0.25653651491784,0.259119459895951,0.259962191073193,0.259065198169986,0.256420349431632,0.252008938423375,0.245849464999515,0.238356351738705,0.229354400493961,0.219180441768221,0.208278251838374,0.196730202884677,0.184834098633938,0.172869611716511,0.160976412854825,0.149329419611454,0.1382076600354,0.12752835688238,0.117393584665792,0.107867924778113,0.0990255968494022,0.0907837323928769,0.0831358453974532,0.0760639635313436,0.0695428205548247,0.0736422735945829,0.0928249882928589,0.110576430075786,0.126691723877972,0.140982278260811,0.153282697834928,0.163672517330322,0.172042605238964,0.178458133261485,0.183018395390122,0.185835588016685,0.186991892436058,0.18662300557764,0.184874232794267,0.181897021968222,0.177845536114436,0.172873408257078,0.167131370644574,0.160788580316299,0.153956411284975,0.146761019540067,0.139318410617078,0.131733879876938,0.124101777545618,0.116505491464348,0.109017564202301,0.101699901077044,0.0946040651118329,0.0877716797591495,0.0812349639785229,0.075017410079759,0.0691345921306217,0.0635950718151299,0.058401356545067,0.0535542381942716,0.0490694266388171,0.0449083285575091,0.0410582368339079,0.0375046810235008,0.0342320129447926,0.031223897196468,0.0284637131777473,0.0259348772139977,0.0236210944076691,0.0215065500427434,0.0195760500158191,0.0178253975360557,0.0162304594020976,0.0147764620433466,0.0134516029753034,0.0122448992115402,0.0111461684929184
-7.48830183530128e-07,-4.51021476510798e-07,-1.57124421977304e-07,0.00287999623390603,0.0178795835780183,0.0364300916676786,0.0555678524428953,0.0743323384033584,0.0922722589612433,0.109522990967886,0.125858929768309,0.141032449146315,0.155567401592364,0.169178683954591,0.181767675664991,0.193976421049477,0.205232784467903,0.215618211798541,0.225485220009581,0.234298384900383,0.242098094194664,0.248905775497166,0.254247524109915,0.258332523524193,0.26077782644636,0.261483913653661,0.260451247019798,0.257671607962178,0.253126143614972,0.24678288676223,0.239076093507119,0.229854593553937,0.219577914401658,0.208508318794571,0.196825991436033,0.184811466824689,0.172777890927569,0.160830066011238,0.149141184004867,0.138000317443744,0.127314254220998,0.117180702854108,0.107652294491878,0.0988098591612443,0.0905797692152931,0.0829446578462498,0.0758858695203803,0.0693776947499946,0.0668351699825442,0.0861425886861413,0.104112966718586,0.120378572292665,0.134762891522501,0.147147136733548,0.157549894704722,0.165894537827643,0.172226890347827,0.176708886671859,0.179390555664585,0.180392258029973,0.179861323675099,0.177953707483614,0.17483033396393,0.170653521058674,0.165583636814629,0.159776127798797,0.153379032474677,0.146531050568385,0.13936018301877,0.131982897033454,0.124503723071222,0.117015168765656,0.109597844011287,0.102320724460785,0.0952415222305865,0.0884192305926653,0.0818939681920927,0.0756770966991024,0.0697869509258971,0.0642342900698546,0.0590233376667535,0.0541528252083316,0.0496169958054206,0.0454065351457906,0.0415094091665007,0.0379115985391576,0.0345977281338253,0.0315614035645523,0.0287851379818418,0.0262404578349433,0.0239111262375907,0.0217813696575836,0.0198360243567139,0.0180606386820588,0.0164415394545311,0.0149658696066409,0.0136216031408358,0.0123975425073454,0.0112833026104026,0.0102692849013035
-7.48821855669586e-07,-4.51026522932729e-07,-1.57126149039441e-07,0.00288376433518364,0.0179380903291888,0.0366100480146912,0.0558501064558303,0.0747409868731609,0.0928295959943449,0.110074285044831,0.12656983355156,0.14191871541413,0.156424635164381,0.170212603076578,0.182978995563952,0.195139939626189,0.206573532383513,0.217083649392803,0.226918549092682,0.235892451813707,0.243678452406531,0.250536848805069,0.255900684501361,0.259959038815356,0.262271458704082,0.262845489589658,0.261683845254726,0.258771310577399,0.254095766196754,0.247622726276121,0.239670540670323,0.230245809317995,0.219868392027174,0.208644959140082,0.196840100763435,0.18472293623798,0.172625047429268,0.160633012891239,0.14890538996458,0.13775258658086,0.127065454404112,0.11693771253454,0.107419310561083,0.0985685943384647,0.0903531880856712,0.0827333268354856,0.075689760071319,0.0691964010113413,0.06322314246978,0.0787746894686645,0.0967957462496252,0.113127698048159,0.12758794983149,0.140053809414935,0.150411115700251,0.158724630839354,0.164971477196649,0.169346955074381,0.171898496709173,0.172756613285221,0.172080831046126,0.170038119169745,0.166799024035623,0.162533932313119,0.157409629151989,0.151586298214679,0.14521507513641,0.138436212791249,0.131377852407259,0.124155333930858,0.116870938467834,0.109613945638547,0.10246090818367,0.0954760829295252,0.088711994147415,0.0822101283041396,0.0760017627969354,0.07010891936345,0.0645454147029044,0.0593179658423665,0.0544296412379446,0.0498975182617455,0.0456874530530646,0.0417881580359107,0.0381861904089458,0.0348666207052448,0.0318135919700039,0.0290107779918099,0.0264417509889292,0.0240902700075094,0.0219405012801367,0.0199783738294677,0.0181972740922409,0.0165722202272845,0.0150904315864934,0.0137399498567599,0.0125096376990769,0.011389163578156,0.0103689763890102,0.00944027277878602
-7.4883222541887e-07,-4.51032529700765e-07,-1.57131581938756e-07,0.00288703560427178,0.0179909392250929,0.0367738972844935,0.0561077087149696,0.0751146295039545,0.0933399536584943,0.110578527596853,0.127220794643857,0.142731011815962,0.157209022345671,0.171159246040908,0.184095984649969,0.196203314099935,0.207798967493482,0.218471988279968,0.228224405678784,0.237343795134945,0.245269139762196,0.252014111999026,0.257492096795608,0.261421324702043,0.263605257576347,0.264215298733852,0.262941953213674,0.259769346556306,0.254921015099703,0.248321454128896,0.240141652154344,0.230561199608428,0.220052648588501,0.208688331008571,0.196772162436703,0.184567700669694,0.172409946976147,0.160383915402903,0.14862049022019,0.13746286918141,0.126780363723833,0.116663061543518,0.107158488457145,0.0983002713058661,0.0901025502142214,0.0825005093493566,0.07547438788354,0.0689977853846598,0.0630404125932662,0.0707672482988516,0.0887282485546167,0.105106263670895,0.119566764036952,0.131983337256146,0.142280001222523,0.150547283457688,0.156713551214196,0.160960776551799,0.163396978061083,0.164132899325099,0.163340657374694,0.161198365221451,0.157886038863586,0.153581698282583,0.148465414199271,0.142696356089439,0.136419098126478,0.129774914998587,0.122891365398659,0.115881846703624,0.108849232186564,0.10188628928275,0.0950560355369428,0.0884170932774219,0.0820161325922571,0.0758888021628121,0.0700607778541603,0.0645489018532673,0.0593623717025949,0.0545039314676133,0.0499710188974207,0.0457568313014966,0.0418512852547653,0.038241857671009,0.0349238548952017,0.031880298571779,0.029084649657467,0.0265208355934779,0.0241729123125323,0.0220252970813406,0.0200629411511371,0.0182714526528484,0.016637178984388,0.015147256693855,0.0137896356561165,0.0125530832533638,0.0114271732782222,0.0104043213938117,0.00947463181351585,0.00862810310265179
-7.48825673625175e-07,-4.51042390059467e-07,-1.57130095959112e-07,0.00288983258862884,0.0180384739390225,0.0369226365248133,0.0563421624722771,0.0754553490001155,0.0938060396212902,0.111137785067522,0.127815100336244,0.143473225544882,0.158027481389453,0.17202292643304,0.18511534106789,0.197274350863349,0.208914119001421,0.219734841145742,0.229600502776233,0.238657771210756,0.246707247917209,0.253357449915578,0.258919972788905,0.262724277639404,0.26497317680142,0.2654480581625,0.26403448386745,0.260722006389565,0.255604603706626,0.248881283630978,0.240490880392234,0.230799983875661,0.220130963934134,0.20863812984293,0.196621380328213,0.184344587071084,0.172131107760514,0.160081137131117,0.148284655504667,0.137129323130714,0.126457176413552,0.116355012202752,0.10686817782171,0.0980132170597429,0.0898262776750212,0.0822447382995455,0.075238394621248,0.0687805942400565,0.0628409131818786,0.0622733664483481,0.0800295486380646,0.096290881928748,0.110656013911296,0.123006795548455,0.133265886517483,0.141390501521341,0.147489242842225,0.15159473603911,0.153940476358514,0.154586411874111,0.153717377281278,0.151522427738508,0.148213345966887,0.143965983483476,0.138933939165473,0.133284744261323,0.127172958864854,0.120738741613376,0.114107099049455,0.10738769614131,0.100675090068982,0.0940492630911668,0.0875763643382433,0.0813096071345434,0.0752902936488018,0.0695489469073895,0.064124747022298,0.0590149523274787,0.0542211999905944,0.0497428955991993,0.0455748520126752,0.0417083111770681,0.0381318391540303,0.034832091682794,0.031794455345221,0.0290035741220362,0.0264437734967553,0.0241042398466985,0.0219706416919638,0.0200201575532743,0.0182386723341614,0.0166127758452215,0.0151298181450778,0.0137779379620275,0.0125460701829588,0.0114239373549211,0.0104020292641526,0.00947157388054089,0.00862450232848867,0.00785340999430656
-7.48836109553981e-07,-4.51034000132961e-07,-1.57133202387393e-07,0.00289217453628216,0.0180810050625078,0.0370571793903689,0.0565548527381198,0.0757650740787524,0.0942303735373021,0.111692548310844,0.128355817341118,0.144148998255814,0.158848475561791,0.172807688368811,0.1860415885615,0.198345938605814,0.209923710280359,0.220877263545693,0.230872801721532,0.239839395827982,0.247997949408999,0.254747997377674,0.260189189951577,0.263951492969781,0.266177075942353,0.266515112869116,0.264964929589829,0.261515919900127,0.256148716332786,0.249303881500681,0.240719147782016,0.230919018118121,0.22010310681124,0.208493574839139,0.196386519354194,0.18405204642888,0.171786691684131,0.15972273532023,0.147922896219452,0.136749854871638,0.126093867350567,0.116011634329413,0.106546558410181,0.097713923742294,0.0895226472593864,0.081964416777417,0.0749803055507496,0.0685434692944439,0.062623395775333,0.0571877666791127,0.0708169291158546,0.0868133443768628,0.100996910315837,0.113219567956279,0.123326925295791,0.131358112031921,0.137348081468916,0.141363998799223,0.143598421136375,0.14419721270801,0.143301692079148,0.14111125257427,0.13785939981775,0.133709927586067,0.128821690370784,0.123363170473848,0.117487924740794,0.111333455544927,0.105020781412792,0.0986545641630845,0.0923236430197536,0.0861018497390561,0.0800490159448991,0.0742121174121057,0.0686265197709714,0.0633172947516277,0.0583005715090157,0.0535848815765938,0.0491783307765575,0.0450845884671047,0.0412825980827713,0.0377622951178081,0.0345114820294504,0.031516510018067,0.0287628390125778,0.0262354889640062,0.0239193964214145,0.0217996900973597,0.0198618982707519,0.0180920997272972,0.0164793209316257,0.0150121369240797,0.0136741072378671,0.0124543944985724,0.0113429236403301,0.010330364437553,0.00940810490473263,0.00856821833544896,0.00780342620056968,0.00710705864276903
-7.48831276606127e-07,-4.51033916559599e-07,-1.57131728951063e-07,0.00289407761797531,0.0181188115712025,0.037178359227999,0.0567470499087934,0.0760455824305656,0.0946152884073201,0.112196347735936,0.128845790413863,0.144761720693472,0.159593097624509,0.173517296308007,0.18687894990241,0.199314192374759,0.210869924162763,0.221903966925306,0.232014386155336,0.241062375556131,0.249146024912506,0.25598072201745,0.261304191110252,0.265123249140441,0.267215322179892,0.26741991845875,0.265736241824704,0.262153512267662,0.256648545928075,0.249590339469607,0.240826825021561,0.230918150464203,0.219968318849519,0.208253395900945,0.196065894371814,0.183688144439471,0.171374495370563,0.159306452528086,0.147515419554389,0.136322111523025,0.125688184491911,0.115630798010073,0.106191633233239,0.0973848772625374,0.0892058733281363,0.0816578122098562,0.0746985241090568,0.0682849425731135,0.0623865129394033,0.0569709322799054,0.061201176318337,0.07680288285809,0.0907084845242279,0.102722639737159,0.112667853687648,0.120535629997503,0.126364817673817,0.13033919384407,0.132470571069004,0.133056786444804,0.132194407676354,0.13007404396913,0.126909206258276,0.122929317219242,0.118258046771023,0.113063124751775,0.107495466681798,0.10168842926171,0.0957577660190916,0.0898021158737432,0.0839038651737947,0.078130256175972,0.072534653875964,0.0671579137431165,0.0620298090701068,0.0571704804858228,0.0525918683929665,0.048299088228103,0.0442917122226423,0.0405649298276074,0.0371241845226818,0.0339448052088118,0.0310129698761671,0.0283151669369103,0.0258372977602176,0.0235650583882632,0.0214842355882886,0.019580930917188,0.0178417251576889,0.0162537940498339,0.0148049847827086,0.0134838613057301,0.0122797252329416,0.0111828267422106,0.0101862233041345,0.00927823221929253,0.00845111232885822,0.00769775047880107,0.00701162410577034,0.00638676254373296
-7.48827508989888e-07,-4.51029275386118e-07,-1.57131696341609e-07,0.00289555492944064,0.0181521422094213,0.0372869320903425,0.0569199132366299,0.0762985042133274,0.0949629326731359,0.112651876501533,0.129287642167818,0.145314528923511,0.160264983008405,0.174198170524339,0.187631333615844,0.200183407214279,0.211855768119127,0.222819293602458,0.233029824131804,0.242171410370419,0.250155825637135,0.257060013758419,0.262273024696108,0.266129565112375,0.268091319262503,0.268165372902925,0.266350791652755,0.262636607426139,0.256999393955095,0.249741148261313,0.240813710959403,0.230796648886014,0.219725299384306,0.207915820980961,0.195657359221162,0.183250551994413,0.170891941043853,0.158829708013917,0.147055433366366,0.135843472834419,0.125237641161956,0.115210166244247,0.105801221588851,0.0970240535139851,0.0888734389265068,0.0813317830740363,0.0743913264913518,0.0680034314017286,0.0621288136447921,0.0567352219961047,0.0517899640560705,0.0663914216773596,0.0799099484773461,0.0916203774087349,0.101331269974216,0.109029346898262,0.114754587058111,0.118577005668518,0.120738715556938,0.121271369190109,0.120502124278722,0.11852347675298,0.115536782910489,0.111748177018855,0.107367986770225,0.10250845114877,0.0973163047525556,0.0919194729524935,0.0864274538598785,0.0809321864783419,0.0755092397559278,0.0702191972004918,0.0651091514132879,0.0602142510147109,0.0555592566150829,0.0511600670825407,0.0470251788753013,0.0431570445988534,0.0395533041153093,0.036207871470913,0.0331186125232327,0.0302720264305398,0.0276502084897514,0.0252401476934312,0.0230284809358811,0.0210018127592452,0.0191469588835499,0.0174511265892917,0.0159020435112392,0.0144880448172894,0.0131981272884107,0.0120219774383746,0.0109499795986382,0.0099732088400233,0.00908341270218967,0.00827298491959514,0.00753493371329584,0.0068633657116408,0.00625223526492867,0.00569558975908875
-7.48813492344439e-07,-4.51037782565154e-07,-1.57126835279341e-07,0.00289661664053258,0.0181825733206093,0.0373835798102954,0.0570744943988565,0.0765253253555856,0.0952752728335545,0.113061608648107,0.129764102270995,0.145810302114589,0.160867477124003,0.174912406571967,0.188302323159453,0.200957524029796,0.212732122444342,0.223627194930321,0.233923264886511,0.243143394784886,0.251115813097363,0.257989768478771,0.263244443494752,0.266973777424368,0.268807896479906,0.268753777947553,0.266810333824169,0.262966394619993,0.257198280085012,0.249756173594934,0.240702592807668,0.230553183494736,0.219372190991311,0.20747856384881,0.195158295915477,0.182736535583485,0.17033606735901,0.158289589031387,0.146540129835645,0.135311043130729,0.124739508333002,0.114747187605275,0.105372952126823,0.096629258165487,0.0885104284789056,0.0809986329455381,0.0740681947186062,0.0676972335141384,0.061848738753419,0.0564792090914066,0.0515560628502439,0.0558049604235366,0.0687799705987173,0.0800654860029827,0.0894889794294819,0.0969678753280315,0.102556724185846,0.106337950322009,0.108417926341694,0.109073888796378,0.108358724264601,0.106571277194632,0.103848738524327,0.100361883749231,0.0962895037372868,0.0918113528248986,0.0870571091202568,0.0821263725033999,0.0771217513336793,0.0721281788855992,0.0672144015367143,0.0624345995723294,0.0578300604815934,0.053430850383148,0.049257442348232,0.045322266233427,0.0416311490076913,0.0381846207194729,0.0349790699774756,0.0320136681164974,0.0292765283265454,0.0267526784159718,0.0244304238503666,0.0222975437322855,0.0203416378497188,0.0185503927896533,0.01691178100483,0.0154142050259657,0.014046597374663,0.0127984851811633,0.0116600270440063,0.0106220284148169,0.00967594064505068,0.00881384790603891,0.0080284453554198,0.00731301125956027,0.00666137521289478,0.00606788412536114,0.00552736726665454,0.00503510134244331
-7.48824492210961e-07,-4.51034388771463e-07,-1.57133824245186e-07,0.00289727003900958,0.0182293170686325,0.0374689125974352,0.0572117408730927,0.0767273911413696,0.095554096342395,0.113427800342759,0.130226689251831,0.146251661267728,0.161403630781251,0.175547412748269,0.1888951682964,0.201640115700458,0.213502830031868,0.224478809059741,0.234698413836088,0.243982125765143,0.252008168537903,0.258773351738983,0.264054032555763,0.26765863129722,0.26936727103992,0.269186803910357,0.267115973888033,0.263143397731111,0.2572451307535,0.249634633915087,0.24046085885781,0.230185809912221,0.218906565690762,0.206938812233204,0.194565604117938,0.182142947722473,0.169703520382983,0.15768284218835,0.14596640372367,0.134721643461918,0.12419080711287,0.114239089087434,0.104904256094127,0.0961981203314086,0.0881146597150376,0.0806358919443405,0.0737361103992106,0.0673849242134648,0.0615494247975764,0.0562013650118343,0.0513023267701892,0.0468155026989521,0.0574501928156224,0.0682329469436811,0.0773018902249789,0.0845317533620594,0.0899579503600714,0.0936745415106153,0.0957965666754239,0.096488976681675,0.0959785515098468,0.0943978678453464,0.0919411372291346,0.0888378298173741,0.0851893892737253,0.0811497451693127,0.0768518950152664,0.072408620194295,0.067915149304149,0.0634559122563525,0.059076656430029,0.0548256670892873,0.0507390841280842,0.046842642009365,0.0431533184843319,0.0396831398261027,0.0364386820237379,0.0334141260671167,0.0306049211997262,0.0280039680610773,0.0256023553735313,0.0233899601332415,0.0213559282905896,0.0194890530719594,0.0177780671746505,0.0162118635179707,0.0147796574787453,0.0134711017908941,0.012276363636688,0.0111861719237689,0.0101918414003548,0.00928527907262502,0.00845897738021484,0.00770599772168678,0.0070199472009106,0.00639495086949485,0.00582562124520395,0.00530741310872152,0.00483543149421978,0.00440544220411261
-7.48829176064245e-07,-4.51028180563848e-07,-1.57134774070033e-07,0.00289751957744625,0.0182696450141885,0.0375434716810195,0.0573324990525214,0.0769059097297086,0.095801014732163,0.113752491887133,0.130637013638607,0.146640969004652,0.161876196800462,0.176106307498387,0.189412777881966,0.202234375334867,0.21417131595926,0.225216710914198,0.235358510350876,0.244690894506602,0.252755084901433,0.259413565813522,0.264704437318736,0.268186244021944,0.269771013666056,0.269539473338733,0.267268137958277,0.263167447045704,0.257139166424359,0.249375079693092,0.24008020185887,0.229691953696235,0.218325411919315,0.206293216519174,0.193875691064419,0.18146621762564,0.168990544948616,0.157005865123875,0.145330844334936,0.134128360690954,0.123588301635852,0.113682869352723,0.104392360960829,0.0957280865893405,0.0876837863492955,0.0802414078291972,0.0733752786993834,0.0670551053885302,0.0612481126766223,0.0559205545783581,0.0510387655285069,0.0465698760219219,0.0461551670414081,0.0563131887779419,0.0649184010787769,0.0718862245535,0.0771415624544499,0.0807873891993404,0.0829459602325643,0.0837522752246517,0.0834487106803074,0.0821277121884083,0.0800564622775478,0.0773242872542772,0.07409841591319,0.0705669516972863,0.0668022500206643,0.0629053075671056,0.0589628016388663,0.0550445148553959,0.0512052792996416,0.0474869125346869,0.0439200843181256,0.0405260740977161,0.0373183914930642,0.0343042401260382,0.0314858126970147,0.0288614131201464,0.0264264094010928,0.0241740274726108,0.0220960009240722,0.0201830939317082,0.0184255152413742,0.0168132402739138,0.015336256886076,0.0139847485020643,0.0127492264725052,0.0116206217731848,0.0105903445302322,0.00965103152147649,0.00879505895224129,0.00801442716940664,0.00730269536045336,0.00665391774711236,0.00606262058615181,0.00552377608382303,0.00503277462928957,0.00458539638812315,0.00417778304566378,0.00380641025797034
-7.48832024316315e-07,-4.51032169493459e-07,-1.57130455339293e-07,0.00289736690291693,0.0183038197948335,0.0376077314965319,0.0574375174452967,0.0770619555466218,0.0960174667426428,0.114037509865162,0.130997297801689,0.146980329745844,0.162287627606504,0.176591866769676,0.189965211297059,0.202743106122031,0.214740572484322,0.225840919955835,0.23597465754849,0.245272460883071,0.253359248975307,0.259925820252537,0.265197659447947,0.268558071391952,0.270098417842004,0.269734028409679,0.267318806858394,0.263037653142034,0.256878877364469,0.248975374090656,0.239557892077426,0.229068395865983,0.217625122332135,0.205537879217138,0.19308446218879,0.180702342378869,0.168219545704696,0.156254698793715,0.144629728043188,0.133478072326924,0.122928492666844,0.113075292630358,0.103834284656895,0.0952164155780395,0.0872152930417024,0.079812875932292,0.0729835902556956,0.0666972910428651,0.0609213782418911,0.0556222924472106,0.0507665565221652,0.0463214853415733,0.0422556537624623,0.0445024373847876,0.0526035637537831,0.059191377739837,0.0642707264728523,0.0678541868545049,0.07005695078719,0.0710159612686412,0.0709471614562615,0.069957478245508,0.0682548207988589,0.0659457426100869,0.0632414739470081,0.0602175128682512,0.0569813420755772,0.0536291318959066,0.0502389445653877,0.0468738223327487,0.043589531405178,0.0404090224642908,0.0373594502985695,0.0344594258046002,0.0317205756688199,0.0291489242377609,0.026746094443446,0.024510331689254,0.0224373608634739,0.0205239595876901,0.0187602453973819,0.0171373309672155,0.0156466282986169,0.0142794181019978,0.013027048588496,0.0118810812168049,0.0108333939549474,0.00987625091334519,0.00900234570162435,0.00820482454888784,0.00747729408341035,0.00681381773264772,0.00620890390358033,0.00565748842818168,0.00515491323310213,0.00469690273591793,0.00427953911224385,0.00389923728788037,0.00355272028060622,0.00323699532042398
-7.48841976152573e-07,-4.51026460566861e-07,-1.5712757644502e-07,0.00289681086287402,0.0183320641164366,0.0376621018444857,0.0575274492211634,0.0771964722261438,0.0962047213136442,0.114284469357515,0.131309509336134,0.147271590246085,0.162640073402671,0.177006518997402,0.190441111690211,0.203168712580947,0.215213145670837,0.226354060486914,0.236519682634736,0.245729030246225,0.253822741162894,0.260382083560267,0.265535024140976,0.268774876774825,0.270259802390012,0.269756990923264,0.267201195795298,0.262752382705452,0.256462001331128,0.248432675022213,0.238890490856918,0.228311259691251,0.216801482735306,0.204668345436559,0.192189326783272,0.179846878972473,0.167413202231084,0.155425020737515,0.143859011694343,0.132765741996999,0.122241720303269,0.112412883597854,0.103226830710476,0.0946601734139411,0.0867064911186961,0.0793478351785809,0.0725587943183971,0.0663094241611901,0.0605673424970144,0.0552992120731393,0.0504717742422608,0.0460525539537889,0.0420103250677657,0.0383154017331885,0.0405042625294904,0.0466979157428544,0.0515520204609102,0.0550449813936397,0.0573029225437566,0.0584576945890863,0.0586422871477891,0.0579870054062202,0.0567027889601687,0.0548601934173169,0.0526630828177755,0.0501710506897388,0.0474846531710037,0.0446910463511026,0.041875434417046,0.0390773665447061,0.0363335077307932,0.0336764776944597,0.0311296759878751,0.0287089350832425,0.0264239817683655,0.024279706213686,0.0222772445816907,0.0204148865986766,0.0186888238511834,0.0170937570825689,0.0156233817264553,0.0142707703216714,0.0130286690262091,0.011889723541745,0.0108466476648111,0.00989234575010261,0.00901999854151173,0.00822312022530993,0.00749559318364068,0.0068316856989943,0.00622605686185335,0.00567387060052744,0.00517069301910034,0.00471193379198889,0.00429373420537812,0.00391255262318202,0.0035651435110901,0.00324853643365507,0.0029600154832178,0.00269709946555424
-7.48837266905923e-07,-4.51038375004631e-07,-1.5713411243601e-07,0.00289584749447573,0.0183545617494186,0.0377069296179299,0.0576028547422551,0.0773102756459277,0.0963638805134242,0.114494776302876,0.131575362074375,0.147577991111346,0.162935380819044,0.177352340989766,0.190835471930524,0.203513192730346,0.21559112338183,0.226758245871527,0.236940561545903,0.246062232098989,0.254147008853559,0.26068248129655,0.265717149762853,0.268837699869391,0.270248733850171,0.269607284889171,0.266910268282579,0.262309236038095,0.255885503094119,0.247743418609473,0.238110564147575,0.227415998992712,0.215849662445321,0.203679594862973,0.191268886741387,0.178894937622674,0.166522070494672,0.154512139792201,0.143014327349547,0.131987324421041,0.121526437533024,0.111691923584425,0.10256658461612,0.0940562302555185,0.0861545153374142,0.0788436650629476,0.0720984959433167,0.0658893171274414,0.0601840080253265,0.0549494902636532,0.0501527549034008,0.0457615638063909,0.041744913119504,0.0380733239668048,0.0347190085065474,0.03461476775443,0.0391917825694416,0.0425901795462222,0.0449127290593147,0.0462291539616897,0.0466678705759311,0.0464032722006342,0.0455277638571464,0.0441850429491023,0.0424769067849285,0.0405350603735354,0.0384091094367884,0.0361777807356824,0.0339077967052112,0.0316561851690405,0.0294422843318732,0.0272947985268362,0.0252342219231757,0.0232743869019976,0.0214238076344667,0.019686826825315,0.0180645786317891,0.016555784560901,0.0151574015374896,0.0138651420879523,0.0126738861424924,0.0115780024641609,0.010571595742624,0.0096486932826501,0.00880338309020789,0.00802991328780286,0.00732276106613304,0.006676677933825,0.00608671674827356,0.00554824495948592,0.00505694760321731,0.00460882284975982,0.00420017230259823,0.00382758775268648,0.00348793570503659,0.00317834065183804,0.00289616783667147,0.00263900603878485,0.00240465075195288,0.00219108801671048
-7.48828044266344e-07,-4.51034767141244e-07,-1.57125595665384e-07,0.00289446999903338,0.0183714586568372,0.0377425003373765,0.0576642036382154,0.0774040563004243,0.096495881946463,0.114669629472705,0.131796316988233,0.147846729684985,0.163175091614792,0.177631053973517,0.191150151253173,0.203790913437682,0.215876124058427,0.227055062852045,0.237238774465658,0.246283047588361,0.254332841576816,0.260827470701162,0.265743919528159,0.268789656842331,0.270063968745491,0.26928300721537,0.266443450340538,0.261705026312803,0.255145555891198,0.24690330424059,0.237194549114603,0.226377388380249,0.214764206588686,0.202628637233322,0.190243736054738,0.177841176913494,0.165541137752303,0.153510992765558,0.14209097883382,0.131138483100826,0.120747881634054,0.110971106649719,0.10184991182849,0.0934012583487115,0.085556322015444,0.0782975838836006,0.071600154329087,0.0654346501823527,0.0597692575577803,0.0545711950274446,0.0498077358878191,0.0454469070045898,0.0414579512963965,0.037811618355518,0.0344803309983589,0.0314382631387621,0.0286613551113873,0.0307014498741594,0.0330375832437085,0.034522630167661,0.0352422370816187,0.0353117768927126,0.0348780105702106,0.0340021271982843,0.0328231158528407,0.031390083429304,0.0298169197118904,0.0281427085253658,0.0264149405733506,0.0246772821440718,0.0229628673834586,0.0213010483732348,0.0197055984220186,0.0181844925420666,0.016745627568962,0.0153932892551002,0.0141290007044662,0.0129522155912013,0.0118608769987225,0.0108518621459805,0.0099213318418223,0.00906500148705869,0.00827834821655197,0.00755676662178969,0.00689568344859756,0.00629063990606511,0.0057373486440842,0.00523173115858633,0.00476994025536057,0.00434837127697136,0.00396366502091223,0.00361270466425493,0.00329260848225438,0.00300071973735118,0.00273459479756568,0.00249199026093999,0.0022708496719508,0.00206929024376913,0.00188558988090654,0.00171817470068203
-7.48832875057114e-07,-4.51028517451499e-07,-1.57130372333667e-07,0.00289266871163706,0.0183828634902435,0.0377690394291099,0.0577187844760649,0.0774783814498139,0.0966015009567155,0.114810022205434,0.131973582820324,0.148061404591457,0.163360441296751,0.177844019854505,0.19138659401362,0.204044687422355,0.216069285882402,0.227245556705741,0.237415196946866,0.24643183171499,0.254380347452003,0.260816759818564,0.265614454670997,0.26856692662611,0.269703420265333,0.268781401507088,0.265797307215582,0.260935760599463,0.254237524965368,0.24590728153144,0.23613350528931,0.225267229333246,0.213624373961081,0.201487661709399,0.189108155818806,0.176679801418262,0.164464994049712,0.152475933652004,0.141083940680425,0.130214589034083,0.119901800195015,0.110197275998532,0.101122940630015,0.0926917319976978,0.0849086889210622,0.0777066485806346,0.071061082626127,0.0649429712100349,0.0593208537599882,0.0541622853641453,0.0494348555396693,0.0451068856291142,0.0411478911013875,0.0375288727155238,0.0342224840629214,0.0312031106301359,0.0284468864245222,0.0259316673413488,0.0236369753970183,0.0235386787994871,0.0245027493930465,0.0249222016296994,0.0248835450168462,0.024464464173931,0.0237746177477966,0.0228546201015324,0.0218035606063079,0.0206429301091252,0.0194216530132033,0.0181873582587317,0.0169605654745988,0.0157567721725552,0.0145920182902002,0.0134773725544507,0.0124199973064205,0.0114240306213957,0.0104913075422416,0.00962194248844144,0.00881479403682841,0.00806783161918994,0.00737842156140395,0.00674354754158796,0.00615997824359801,0.00562439291703746,0.0051334736420476,0.00468397151326107,0.00427275259358219,0.00389682832361797,0.00355337413396059,0.00323973923615217,0.00295344990760862,0.00269220809039745,0.0024538867065959,0.00223652275116201,0.0020383089786831,0.00185758477982031,0.00169282669395825,0.00154263887128045,0.00140574371751,0.00128097285765652
-7.4882533562752e-07,-4.51031418367073e-07,-1.57131022487306e-07,0.00289043098054564,0.0183888481456201,0.0377867131215042,0.0577783950529921,0.0775601682702812,0.0966813522351763,0.114916743543104,0.132108116448642,0.148223121517494,0.163492357306093,0.177992237254546,0.191545822738037,0.204207655434845,0.216171256176391,0.227330216723835,0.237470081120719,0.246442339184167,0.254288930475301,0.260649280931738,0.265327088926637,0.268167220658997,0.26916413193098,0.268098834017727,0.264967521946227,0.259996622852094,0.253155953615931,0.244749539659416,0.234921366637651,0.224020281921154,0.212360255519341,0.200222289355221,0.187855940574613,0.175404562574261,0.163287832449547,0.151393360288882,0.139987860149323,0.129210722251485,0.118983680953118,0.10935840409101,0.100357000681541,0.0919808992009186,0.0842173549847527,0.0770677565755755,0.070478449579847,0.0644116972095138,0.0588364405497405,0.0537206124542431,0.0490321542382381,0.0447397127056629,0.0408131030416425,0.0372236011796938,0.0339441127866325,0.0309492539289101,0.0282153692958754,0.0257205071446283,0.0234443650266258,0.0213682166107182,0.01947482708922,0.0177483625614583,0.0161742972468307,0.0157140713907944,0.0154610101886471,0.0150301143413639,0.0144413277247278,0.0137711198841533,0.0130292765822071,0.0122486902240859,0.0114587013591214,0.0106780608235633,0.00991326719787275,0.00917452942392428,0.00846875437622993,0.00780029776234368,0.00717157165783567,0.00658353078908735,0.00603605785384777,0.00552826583579337,0.00505873288108797,0.00462568285696054,0.0042271225921954,0.00386094479423191,0.00352500402414686,0.00321717166144656,0.0029353746520073,0.00267762181851924,0.00244202077051172,0.00222678776145535,0.00203025234084596,0.00185085823380003,0.00168716154524483,0.00153782712093757,0.00140162369901256,0.00127741831844468,0.00116417033370242,0.0010609252837413,0.000966808792199713,0.000881020625548307
-7.48836128274295e-07,-4.5102748123054e-07,-1.57129048069561e-07,0.00288774113890437,0.0183894481206804,0.0377956290150915,0.0578201108727233,0.0776238822043401,0.0967358909846049,0.114990379087833,0.132200622736468,0.148332681265466,0.163571456714194,0.178076337006843,0.191628431026915,0.204280311909008,0.216182180369534,0.22730896156101,0.237403037319705,0.246313784205172,0.254057268346155,0.260323164982623,0.2648793439992,0.267587363996381,0.268442253133718,0.267230771757084,0.263948876557407,0.25888195926545,0.251894552219662,0.243423499670239,0.233551361848229,0.222625003481258,0.21095663160609,0.198825696865632,0.186480400537418,0.174008763709143,0.162003453060781,0.150214963113418,0.138834325537019,0.128121676894952,0.117988756188849,0.108450130103053,0.0995282429290115,0.0912249488617247,0.0835279676251359,0.0764156055566464,0.0698601907844344,0.0638381178199547,0.0583135462950699,0.053243922559467,0.0485975770461869,0.0443435146038143,0.0404518788233128,0.0368942461837307,0.0336437970151132,0.0306753981256101,0.0279656229680747,0.0254927284102157,0.0232366021800159,0.0211786912844109,0.0193019188830538,0.0175905950247378,0.0160303250943613,0.0146079186681223,0.0133113006285551,0.0121294257579789,0.0110521975809859,0.0100703918881007,0.0091763873178929,0.00836229022583322,0.00762036770853369,0.00694422507455352,0.00632802973274546,0.00576646253162066,0.00525467309234046,0.00478823886043008,0.00436312760359928,0.00397566309518532,0.00362249373034856,0.00330056384054219,0.00300708748933403,0.0027395245345849,0.00249698468334186,0.00228246455323214,0.00208522614727245,0.0019041628708953,0.00173816411446213,0.00158613961514718,0.00144703615539797,0.00131984851216636,0.0012036261085956,0.00109747650494586,0.00100056659785246,0.000912122195343324,0.00083142646136118,0.0007578176109467,0.000690686131106808,0.000629471736135969,0.000573660199774521,0.000522780175763223
-7.488170417272e-07,-4.51033674047332e-07,-1.57130601454675e-07,0.00288458035219421,0.0183846625454162,0.0377958365252287,0.0578441729357257,0.0776634170111493,0.0967654134796207,0.115031311051251,0.132251553560459,0.14839057746365,0.163598043233049,0.178096577255586,0.191634575865048,0.204262646856873,0.216101690599853,0.227181124489428,0.237213015450756,0.246044643636717,0.253683290651721,0.259835716768685,0.264267905924478,0.266823270424483,0.267533016650705,0.266171762988799,0.262766807059725,0.257585266497104,0.250446190968904,0.241921810591576,0.232016013272627,0.221073878621022,0.209406031129304,0.197290531892008,0.184974368541454,0.172599625151681,0.160605271799488,0.148934687255638,0.137663821297425,0.12694197066366,0.116912011131128,0.107467871620619,0.0986324830789065,0.0904082451211962,0.0827834382187239,0.0757369192828651,0.0692415425693579,0.0632666347847049,0.057779769207893,0.0527480212006426,0.0481388409897558,0.0439206449897382,0.0400632011219575,0.0365391819121407,0.0333200544862407,0.030380191787541,0.0276964152318377,0.0252472075724618,0.023012662293061,0.0209744138103033,0.0191165391272477,0.0174225986852874,0.0158782583339575,0.0144704342272373,0.0131871538084786,0.0120174694306473,0.0109513766268648,0.00997973736845183,0.00909420841366648,0.00828717471365509,0.00755168774520554,0.00688140857587211,0.00627055541383293,0.00571385538839521,0.00520650028559476,0.00474410596467848,0.00432267519083,0.00393856361879772,0.00358844868748759,0.00326930118823242,0.00297835928586041,0.00271317806132431,0.00247283013118272,0.00225363463871549,0.00205369355491181,0.0018712753738281,0.00170480014305846,0.00155282578764218,0.00141520963482969,0.00128980120117104,0.00117513031852693,0.00107024131742169,0.000975657752732819,0.000888911244980087,0.000809870649074348,0.000738040061950006,0.000672417349232666,0.000612616696406683,0.000558328209231696,0.000508725950631033
-7.48826685110625e-07,-4.51028364084897e-07,-1.57131066739178e-07,0.00288092650586973,0.0183744539485116,0.0377873268128893,0.0578507080334025,0.0776789773793347,0.096770056779886,0.115039717373577,0.132261106200134,0.148396993369554,0.163572103308692,0.178052837285759,0.19156396907984,0.204154134334484,0.215928893403214,0.226945437774963,0.236898286139554,0.24563263481316,0.253164156929924,0.259183390921662,0.263488602299416,0.265869919382588,0.266430718487419,0.264915420611227,0.261432359325433,0.256099183476339,0.248862823249476,0.240236350340211,0.23030714093152,0.219358754913193,0.207700407494956,0.195608924110635,0.183330212883431,0.171103864537631,0.159086335024106,0.14754615143986,0.136395940547634,0.125757357613379,0.115748197183124,0.106406836532865,0.097665348238616,0.0895267991434257,0.0819801291925901,0.0750048272130983,0.0685743416203043,0.0626585511535456,0.0572255380778561,0.0522428447429777,0.0476783484834113,0.0435008555621314,0.0396804893045197,0.0361889283851768,0.0329995369516717,0.0300874175722629,0.0274294099226342,0.0250040521950341,0.0227915176724512,0.0207735355928822,0.0189333029145202,0.0172553917218268,0.015725655641124,0.0143311375984966,0.013059980503356,0.0119013418763944,0.0108453130494879,0.00988284325960056,0.00900566875799119,0.00820624691375903,0.00747769517675802,0.00681373471577668,0.00620863849390011,0.00565718352281065,0.00515460703323249,0.00469656628554876,0.00427910176228881,0.00389860347792587,0.00355178017426502,0.00323563115755115,0.00294845026495729,0.00268712349556603,0.00244882879760912,0.00223150301232655,0.0020332643076159,0.00185239592691616,0.00168733134480508,0.00153758644404292,0.00140140367649954,0.00127695000384836,0.00116314678998193,0.00105993463095389,0.000965987690816694,0.000879818058108242,0.000801952518463474,0.000730535941708974,0.000665812814109445,0.000606438167745643,0.000552693865954381,0.000503658654009008
-7.48825756848834e-07,-4.51024835612619e-07,-1.57136116523513e-07,0.00287675406843286,0.0183587480190103,0.0377700323745848,0.0578397284474468,0.0776706141108893,0.0967497980795586,0.115015570362846,0.132229220720269,0.148351797856158,0.163493301382786,0.177944610736815,0.191415867865056,0.203953719894777,0.215662356459119,0.226600016401497,0.236456421392972,0.245074693221571,0.252496234936657,0.25836176841538,0.262536380501262,0.264770236877759,0.265128700349391,0.263454477040839,0.25990607102494,0.254415487773547,0.247141045395085,0.238358232681704,0.228415872808949,0.21747085619888,0.205831154538454,0.193772503429667,0.181539857350611,0.169478845902757,0.157470493488263,0.146042667328063,0.135024566565002,0.124507114664244,0.114563153181221,0.1052620402431,0.0966222924674201,0.088576466144426,0.0811142621592169,0.074215885314246,0.0678554488456884,0.0620034436769474,0.0566285128294777,0.0516987106251864,0.0471823809008936,0.0430487545111374,0.0392683409855025,0.0358131701949637,0.0326569256435565,0.0297750003113014,0.0271444980129233,0.0247441972180572,0.022554489826783,0.0205573040227156,0.0187360178349559,0.0170753681786491,0.0155613587480716,0.0141811691102057,0.012923066603806,0.0117763220702208,0.0107311300505993,0.00977853378716981,0.00891035516142396,0.00811912954234537,0.00739804543577298,0.0067408887388415,0.00614199138182532,0.00559618409628148,0.00509875305170967,0.00464540009293847,0.00423220631692382,0.00385559874106587,0.00351339292085222,0.00320192471209782,0.00291797076398886,0.00265907326063484,0.00242299095684997,0.00220767985999746,0.00201127559310259,0.00183207729332382,0.00166943878732275,0.0015215920717852,0.00138654185579324,0.00126311796960229,0.00115062035875608,0.00104883872223638,0.000955579208656364,0.000870516866837981,0.000793428950173286,0.000722655711832782,0.000658703506047123,0.000600140044792019,0.000546630027744488,0.000498204598216234
-7.48833279106233e-07,-4.51033091708095e-07,-1.57129509832239e-07,0.00287203387654461,0.018337432951665,0.0377438265565338,0.0578111312903505,0.0776382228755139,0.0967044531222386,0.114958634378941,0.132155576533767,0.148254540202664,0.163360973651011,0.177770997404345,0.191189064062261,0.203659806995427,0.215300094268903,0.226142340778929,0.235884274382039,0.244366950027456,0.251675078710864,0.257365533990976,0.261405287073109,0.263498864054237,0.263657407988714,0.261885517259105,0.258179454856268,0.252525097650384,0.245223836075126,0.236343419190513,0.226332663061145,0.215400804067908,0.203789130890521,0.191772426827399,0.179620805391738,0.1677168206185,0.155862908954864,0.144417266606054,0.133543334322678,0.123157659351379,0.113333926738523,0.104110513257371,0.0955007162091601,0.0875529646602674,0.0801819354088725,0.0733665380981592,0.0670816242843902,0.0612983598789969,0.0559860028894933,0.0511131668532407,0.046648703579365,0.0425623051410393,0.0388248998038303,0.035408897649174,0.0322883275093147,0.0294388960985258,0.0268379923607614,0.0244646539825892,0.0222995085941176,0.0203246988033937,0.0185237977417254,0.0168817198756805,0.0153846305096078,0.0140198563380085,0.0127757986581015,0.0116418502911144,0.0106083168657591,0.00966634279689544,0.00880784211565149,0.00802543412802109,0.00731238379740741,0.00666254666970106,0.00607031812263138,0.00553058668686335,0.0050386911862268,0.00459092744447536,0.00418384440292424,0.00381279914413729,0.00347458186537694,0.00316626610558428,0.00288518363145019,0.00262890150489345,0.00239520113970011,0.00218205917992775,0.0019876300423042,0.00181134192121125,0.00165089251971313,0.00150438756379373,0.0013705578812759,0.00124824388582368,0.00113786794470863,0.00103690386033302,0.000944386153361765,0.000860813698470261,0.000784261956134884,0.000714632409540428,0.000651057794355975,0.000593365325851436,0.000540568273149277,0.000492440418344193
-7.48825001836959e-07,-4.51027073326647e-07,-1.57129686683929e-07,0.00286673295869984,0.0183103586250312,0.037708522243167,0.0577646970755171,0.0775815424782287,0.0966336736140026,0.114868462507539,0.132039587691207,0.148104443779443,0.163174121025832,0.177530693680544,0.190881872064705,0.203270242179127,0.214839552293716,0.225569238320199,0.235177958604437,0.243504709261817,0.250695406798509,0.256188454546157,0.260088448809832,0.262036393586355,0.262043249818779,0.260113456982468,0.256243144466045,0.250418081273249,0.243101292463343,0.234221956798278,0.224138805525396,0.213174521430989,0.201617666398593,0.189724259985259,0.177718887587989,0.165809711148131,0.154125097395871,0.142734910294966,0.131945663138286,0.121702990918168,0.112009473791389,0.102904553086705,0.0944025467108326,0.0865001927196928,0.0791822134769314,0.0724531395369082,0.0662495461344792,0.0605402732146966,0.0552952505811877,0.050483700591616,0.0460750266521543,0.0420394206519468,0.0383482639020637,0.0349743773415123,0.0318921625745838,0.0290776647227723,0.0265085800746528,0.0241642255830237,0.0220254827271144,0.0200747249521715,0.0182957353522296,0.0166736194301559,0.0151947163422013,0.0138465110270119,0.0126175488426167,0.0114973537785334,0.010476350904417,0.0095457934105316,0.00869769439518416,0.00792476339723128,0.00722034757074085,0.00657858553735257,0.0059950790454881,0.0054632940352123,0.00497863678488987,0.00453691876752243,0.00413432109818553,0.00376736200610115,0.00343286709099943,0.0031279421431535,0.00284994830781954,0.00259647940583216,0.00236534122495265,0.00215458469617535,0.00196386063171531,0.00178982136675179,0.00163095961050962,0.00148589935586475,0.00135338395725885,0.00123347719070775,0.00112416181845581,0.001024079148564,0.000933029367310128,0.000850385339617298,0.000774412691295384,0.000706009192584574,0.000643034707571471,0.000586085023681478,0.000534068136937175,0.000486586718031304
-7.48826869012693e-07,-4.51030058688439e-07,-1.57125289272805e-07,0.00286081430593159,0.0182773355758111,0.0376638708006494,0.0577000875377858,0.0775001520424543,0.0965369444048337,0.114744392130757,0.131880397249886,0.147900398464747,0.162931400474445,0.177221981857057,0.190492115359137,0.202782298524592,0.2142775899904,0.2248768637655,0.234332826242919,0.242517116836717,0.249551080778637,0.254823358975501,0.258578055988315,0.260374381809372,0.260223135460424,0.258128629051383,0.254086902478799,0.248189755977923,0.240762765210658,0.231895237884595,0.221838879621745,0.210915533375322,0.199413016396947,0.187586684355924,0.175660521111482,0.163749156332071,0.152249426246486,0.141027871175627,0.130241552511429,0.120136955049271,0.110584187884112,0.101607184263361,0.093221428646637,0.085424735067598,0.078202809098943,0.0715333353365683,0.0653889628076608,0.0597394679980915,0.0545534512557354,0.0498077565081482,0.0454590217764036,0.0414779793764113,0.0378364998228675,0.0345078472104342,0.0314668248871281,0.0286898424141469,0.0261549268958846,0.0238416957329536,0.0217313034149502,0.0198063715616014,0.0180509089541704,0.016450226392476,0.0149908498308782,0.0136604342154294,0.0124476796534393,0.0113432883827592,0.0103371644035601,0.00942018284445882,0.00858446700603085,0.00782282809701158,0.00712870685476994,0.00649611966772868,0.00591960897270973,0.00539419766635993,0.00491534726945392,0.00447891957875813,0.00408114155365444,0.00371857318582836,0.00338807811918771,0.00308679680003022,0.00281212194266421,0.00256167612503717,0.00233433579255281,0.00212753886479634,0.00193887577577874,0.00176671276843275,0.00160955881555432,0.00146605271629738,0.00133606132082638,0.00121771606447009,0.00110944605427396,0.0010104133273943,0.000921142829485996,0.000839189352428764,0.000764646661194973,0.000696750903931827,0.000634881903593389,0.000578269687724071,0.000527089075171104,0.000480301092279636
-7.48835296970871e-07,-4.51034719236453e-07,-1.57133431379672e-07,0.00285423665347968,0.0182381336119057,0.0376095600596408,0.05761684322046,0.0773934674888472,0.0964135790349486,0.114585539769223,0.131676870078195,0.147640951552071,0.162631115165715,0.176842717562679,0.19001711138415,0.202192657984147,0.213610462289825,0.224060678600818,0.233343445912654,0.241416840517041,0.248235084494862,0.253327058406586,0.25686534867608,0.258503446399118,0.258187079274926,0.255920473969395,0.251699637425517,0.245803560719048,0.23819689246584,0.229352177117292,0.219333175065599,0.208461034686478,0.19702295202238,0.185273721306687,0.173436807632119,0.161582685023675,0.150228066682427,0.139189496691842,0.128569400691596,0.118467842368499,0.109052369681232,0.1002132175966,0.0919526371400287,0.0842696420017714,0.0771510243212164,0.0705754496705486,0.0645164513945334,0.0589446028580857,0.053829076961612,0.0491387502013911,0.0448429693222274,0.0409120690968867,0.0373177075279152,0.0340330680786606,0.0310329659402483,0.0282938858983677,0.0257939722729133,0.0235129860489698,0.0214322403345676,0.019534522282266,0.0178040073774885,0.0162261703142205,0.014787695451662,0.0134763889192892,0.012281093758275,0.0111916089909847,0.0101986131493481,0.0092935925267191,0.00846877424068016,0.00771706405529124,0.00703198883081452,0.00640764340365227,0.00583864166967609,0.00532007162030181,0.00484745407437483,0.00441670484749118,0.00402410010865989,0.00366624467875178,0.00334004303931792,0.00304267283717467,0.00277261404662047,0.00252693781500889,0.00230288717938492,0.00209852234906485,0.00191207378929698,0.00174192693766136,0.00158660824439387,0.00144600175013654,0.00131791694401855,0.00120080933983542,0.0010936642705358,0.000996841133035787,0.000908391961086668,0.000827257010285251,0.000754187016845782,0.000686822105185111,0.000626135872964423,0.000570417776678575,0.000519604323809549,0.000473559288287016
-7.48826828876562e-07,-4.51035088131528e-07,-1.57124989511246e-07,0.00284695411546768,0.0181924802725318,0.0375452122358076,0.0575143799160643,0.0772607372571505,0.0962627151069285,0.1143907944594,0.131427584826724,0.147324297305044,0.162271202851934,0.176390315817228,0.189453654888546,0.201497391849014,0.212833799688752,0.223115429121525,0.232203579874261,0.240160808446612,0.246739504427916,0.251691913630625,0.254940607026898,0.256413263618445,0.255924181306694,0.253477555620737,0.249136899959368,0.243186317557248,0.235523129551042,0.226581114698135,0.216610457408807,0.20580026654438,0.194437231561692,0.182775678636035,0.171038627795065,0.159435395827905,0.148053059296899,0.137212540722041,0.126772009595004,0.116833253930965,0.107455511132135,0.0987174306998301,0.0905914185314389,0.0830305859825319,0.0760229190225024,0.0695481552766819,0.063580790590743,0.0580922629626627,0.0530525227821019,0.0484311465282224,0.0441981119719776,0.0403243234806097,0.0367819538287029,0.0335446522290833,0.0305876556916851,0.0278878313778211,0.0254236704974984,0.0231752489442506,0.0211241658699366,0.0192534683799102,0.017547568299409,0.0159921552701637,0.0145741092036644,0.0132814141792247,0.0121030752049775,0.0110290387483699,0.0100501175852876,0.00915792025012179,0.00834478518177149,0.00760371953077151,0.00692834250036788,0.00631283303865863,0.0057518816586931,0.0052406461444262,0.00477471089213679,0.00435004963469661,0.00396299130160681,0.00361058025837027,0.00329058956670956,0.00299886994661868,0.00273289674202175,0.00249036777866443,0.00226918354286091,0.00206742908390637,0.00188335749066692,0.00171537480327035,0.00156365855364214,0.00142509505285156,0.00129847311424664,0.00118269587593072,0.0010777769585477,0.000982295314158258,0.000894730566871407,0.000815414502443671,0.000742979105653432,0.000676954287496542,0.00061676483768491,0.000562106639079016,0.000512096087686378,0.000466518402533836
-7.4883292274829e-07,-4.51027846546906e-07,-1.57139318785797e-07,0.00283891592231581,0.0181400591232712,0.0374703813993543,0.057391984610398,0.0771010368039148,0.0960833081187181,0.114158810288064,0.131130824093833,0.146948265051345,0.161849223172836,0.175861735491321,0.188797999477734,0.2007293043378,0.211942587063943,0.22203512396202,0.230906161240022,0.238741389113601,0.245055512199562,0.249861520791337,0.252823898949841,0.254092572377684,0.25342264168714,0.250787587939987,0.246466000491532,0.240325656105774,0.232701680295564,0.223688076296454,0.21365907587647,0.202922135342909,0.19164535233296,0.18008266873744,0.168456723678937,0.157125201577063,0.145868376008382,0.135089717260897,0.124842751394337,0.115079274687938,0.105860335647899,0.0972162128573919,0.0891553255990014,0.0817032637572242,0.0748145759628368,0.0684478857442663,0.0625787329322304,0.0571794908874635,0.0522209493657864,0.0476734393248666,0.0435076178188932,0.0396950017480215,0.0362083170171323,0.0330217129675235,0.0301108793251988,0.0274530934610917,0.0250272185955154,0.0228136682421569,0.0207943481532935,0.0189525840165118,0.0172730408945249,0.0157416387166197,0.0143454668783437,0.0130727000720386,0.0119125167846812,0.0108550213997167,0.0098911704642829,0.00901270342328307,0.00821207792849667,0.00748240970067672,0.00681741682809844,0.00621136832738601,0.00565903675379775,0.00515565462529535,0.00469829639442235,0.00428168556530286,0.00390195694933008,0.00355582637155647,0.00324029948766653,0.00295264613183908,0.00269037688320958,0.00245122166368237,0.0022331101953348,0.00203415415682959,0.00185343774582168,0.00168936100100712,0.00153955268471464,0.00140271541587429,0.0012776640321194,0.00116423172956757,0.0010611597568917,0.000966726273953581,0.000880687751576622,0.00080273627551867,0.000730985189033146,0.000666448113854382,0.000607018343197407,0.000553210712459963,0.00050414362592909,0.000459345870823371
-7.48821520156744e-07,-4.51032852480366e-07,-1.57126925784349e-07,0.00283006609932082,0.0180805074202727,0.037384550546491,0.0572488108391205,0.0769132625697799,0.0958741247413885,0.113887997678606,0.130784563553725,0.146510305449343,0.161362342897521,0.175253461971357,0.188045837850165,0.199900403452024,0.210931141368376,0.220813010793228,0.229510990254441,0.237150096144508,0.24317334969532,0.247825539101088,0.250626583671396,0.251591869142978,0.250731966150849,0.248051443286049,0.243547538546999,0.237228654893397,0.229635959101806,0.220686896842782,0.210699653907241,0.199976587392028,0.188785804588408,0.177362404662513,0.165909194465254,0.154643702414053,0.143615530067726,0.132908256431853,0.122775045786268,0.113199920944562,0.104151490654506,0.0956618432388078,0.0877410088913342,0.0803835951733484,0.0735736956213825,0.0672885010069186,0.0615070954113878,0.0562033882941089,0.0513317172550418,0.0468632246221108,0.0427692971602931,0.0390221091958502,0.0355949798883721,0.032462594680663,0.0296011283606258,0.0269882976505664,0.0246033640908866,0.0224271026022982,0.0204417470734647,0.0186309212923531,0.0169795612643477,0.0154738332803294,0.0141010508213272,0.0128495924613806,0.0117088222332394,0.0106690134101877,0.00972127629616035,0.00885749033331931,0.00807149811285398,0.00735555822700147,0.00670307887002916,0.00610843438524614,0.00556649379346433,0.00507257787181509,0.00462241977482229,0.00421212894796484,0.00383815808848145,0.00349727291905376,0.00318652455086589,0.00290322422650704,0.00264492024603558,0.00240937689285165,0.00219502545157172,0.00200070852142641,0.00182339637955506,0.00166155371626887,0.00151377907176626,0.00137879271043437,0.00125646516539642,0.00114522544383263,0.00104339293423481,0.000950248989208402,0.000866319666519061,0.000789182287684811,0.000719162169547625,0.000655215972467804,0.000597119705257053,0.000543846760823594,0.000495641717467791,0.00045167686934821
-7.48823820279511e-07,-4.51027269676288e-07,-1.57138110711214e-07,0.00282034304629898,0.018013413868209,0.0372871281170111,0.0571015149782592,0.0767115930476904,0.0956337349255113,0.113576513088474,0.130386459469017,0.146007475617245,0.160807320003219,0.174561488313571,0.18719228004804,0.198965413674888,0.20979308826148,0.219441552912336,0.228021615995898,0.235377570565497,0.241190389548092,0.245572706616407,0.24820406981728,0.248991750170027,0.247946370100718,0.245072659130926,0.240368139050564,0.234106540371144,0.226313023238571,0.217440915393821,0.207543317795845,0.196922394205225,0.185846035686399,0.174549093251185,0.163234082687398,0.151982568884327,0.14120068020931,0.130715638730185,0.120661799655039,0.111189340964657,0.102323655584918,0.0939994787062111,0.0862286019219679,0.0790071921097406,0.0723207256038205,0.0661476221560748,0.0604619032869435,0.055235120242538,0.0504377365766983,0.0460401048061958,0.0420131420737059,0.0383287836992108,0.0349602738023068,0.0318823373276392,0.0290712665960276,0.0265049470636324,0.0241628406167538,0.0220259399593533,0.0200767040578693,0.0182989819256298,0.0166779300169371,0.0151999270012514,0.0138524885764374,0.0126241841469626,0.0115045565933069,0.0104840459020465,0.00955391711169109,0.00870619278823659,0.00793359008414058,0.00722946231514783,0.00658774491566904,0.00600290557767251,0.00546989835202063,0.00498412147063129,0.0045413786449632,0.00413784359534493,0.0037700275714568,0.00343474963622583,0.00312910949306683,0.00285046265090121,0.00259732276755263,0.00236726542894804,0.00215742903970389,0.00196599697406816,0.00179131181149652,0.00163186102237983,0.00148626389437817,0.00135470763815216,0.00123470547342395,0.00112492834786979,0.00102442560859947,0.000933939391882031,0.000850975648578603,0.000775119330621613,0.000706551996751701,0.000643524045433713,0.000586548652957961,0.000534463824589806,0.000486857074237822,0.000443514083770111
-7.4882450364583e-07,-4.51034282602648e-07,-1.57132973129517e-07,0.00280967912022951,0.017938315939326,0.037177444255548,0.0569484166368875,0.076504643211381,0.0953605029253543,0.113222248136788,0.129933834794347,0.145436422018209,0.160180485964533,0.173781294768085,0.186231830667372,0.197918394463839,0.208521338281415,0.217912406191823,0.226367682480049,0.233413565970877,0.239075902285497,0.243090844105997,0.24554368211237,0.246144652401078,0.244904515565927,0.241828271705174,0.237006917382557,0.230722663783023,0.222925107469309,0.213937593818472,0.204142613245663,0.193636723868559,0.182687669818243,0.171530102975746,0.160366279948324,0.149281017206633,0.13861644186316,0.12836992558045,0.11853132562479,0.109186526730896,0.100384124345963,0.0922244754828373,0.0846138811438667,0.0775377968942219,0.0709831929654141,0.0649298135848685,0.0593528580366055,0.0542249279034183,0.0495174260064319,0.0452015469246766,0.0412489644325108,0.0376322950982336,0.0343253975082822,0.0313035516973091,0.0285435521058147,0.026023738914428,0.0237239862160417,0.0216256606858121,0.019711560813138,0.0179658440385732,0.0163739471365523,0.0149225036565575,0.0135992611256227,0.0123929998726226,0.0112934547294177,0.0102912404028035,0.00937778099369518,0.00854524389628469,0.00778647814558724,0.00709495716328155,0.00646472577283729,0.00589035130100075,0.00536687855377887,0.00488978843314623,0.00445495995828784,0.0040586354519726,0.00369738865975625,0.0033690265457822,0.0030704888612562,0.00279830360581348,0.00255011520010144,0.00232377546076236,0.00211732510355511,0.00192897685474954,0.00175710003066354,0.00160073838343756,0.00145915122585975,0.00132977782572729,0.0012114980303351,0.001103287704619,0.00100578463814368,0.000916542514674654,0.000834615802323636,0.000760933081382465,0.000693105122953089,0.000631741988703558,0.000575277687051315,0.000524456089611343,0.000477900280679337,0.00043542343416341
-7.48824011358266e-07,-4.5103932261471e-07,-1.57130495222094e-07,0.00279800022639032,0.0178690248467346,0.0370547465199454,0.0567765402376868,0.076271740128456,0.0950525772677688,0.112822816840231,0.129423663849238,0.144836381679442,0.159477726599822,0.172907826787853,0.185199109231509,0.196752760296418,0.207108062761122,0.216321462881931,0.224539474165047,0.231246938003234,0.236750337032502,0.240503435245143,0.24263189405866,0.243036675013715,0.241592215969606,0.238349830791687,0.233560026251221,0.227063361883964,0.219361786680328,0.210423780204083,0.200569565027996,0.190108644692507,0.179300611221174,0.168296152867911,0.15729728873541,0.146558901097826,0.135935859028814,0.125864699736171,0.116256442844045,0.107119621471552,0.098505240626472,0.09043721656495,0.0829202523815999,0.0759718093944329,0.0695578223208418,0.0636320947244736,0.0581710893637819,0.0531485331228429,0.0485368340796521,0.0443080872759084,0.0404347750541327,0.0368902415980173,0.0336490014933423,0.0306869271727698,0.0279813487899972,0.0255110915576289,0.0232564691621492,0.0211992470354749,0.0193225856422742,0.0176109712139269,0.0160501393243915,0.0146269951866719,0.0133295334071046,0.0121467591038436,0.0110686116690825,0.0100858920007491,0.00919019370061312,0.00837383849216017,0.00762981594249432,0.00695172745459616,0.00633373441238053,0.00577051030914771,0.00525719665470145,0.0047909439254572,0.00436616119915446,0.00397898463133395,0.00362606650611968,0.00330435444632444,0.0030110653147766,0.00274366136498954,0.00249982845499242,0.00227745615051149,0.00207461955598146,0.00188964916260539,0.00172252343326502,0.00156993939939379,0.00143057604938265,0.00130322681970232,0.00118679583207802,0.00108201772746204,0.000986035204004352,0.000898017651128637,0.000818530240384873,0.000745823075924206,0.000679462168860599,0.000619192795424885,0.000564210841912201,0.00051382431248553,0.000468360986080649,0.000426805534170913
-7.48827038539914e-07,-4.51030083711471e-07,-1.57134738442917e-07,0.00278522524953643,0.0178027822612093,0.0369181948727308,0.0565847138236827,0.0760113030738288,0.0947078797863338,0.11237554172629,0.128852555263899,0.14421325146113,0.158694461305827,0.171935471645459,0.1841439040775,0.195461256210343,0.205544670055852,0.214636302777573,0.222526430433053,0.229029794397233,0.23420114553544,0.237777966656012,0.23961632645329,0.239732353376216,0.238137466380906,0.234837663055415,0.229832654035396,0.223329352003442,0.215523545681737,0.206707525457144,0.196987050782423,0.186646140735154,0.175933876561716,0.16506533776111,0.154221966386923,0.143651441842233,0.133299213598598,0.123282030409443,0.11383171367067,0.104916884263464,0.0965031097947241,0.0886165885547259,0.0812640182481136,0.0744384929293435,0.0681238686997703,0.0622979768376249,0.0569349713332386,0.0520070280704695,0.0474939218391371,0.0433578697238084,0.0395688840967307,0.0361010846586568,0.0329296849119035,0.0300311882452162,0.0273834952464726,0.0249659474885538,0.0227593265655001,0.0207458222872961,0.0189089803101739,0.0172336367072317,0.0157058449612152,0.0143127993013881,0.0130427571834703,0.0118849628507452,0.0108296147992724,0.00986930785885034,0.00899405432845172,0.00819634399071374,0.00746932108177836,0.00680672908810448,0.00620285971815807,0.00565250585277423,0.00515091825624403,0.00469376581189681,0.00427709904665797,0.0038973167091033,0.00355113517278793,0.00323556044626728,0.0029478625823137,0.00268555229144806,0.00244635957716019,0.00222862329429719,0.00203138760934613,0.00185141760977072,0.00168715530918606,0.00153717866890292,0.00140018931158889,0.00127550435342797,0.00116276719977737,0.0010595749290968,0.000965034625176669,0.000879493723823567,0.000801522514129496,0.000729874951174924,0.000665458885418052,0.000606004175828201,0.000552440239050565,0.000503367005693026,0.000458529643013974,0.00041772298049883
-7.48825015561433e-07,-4.51028424032538e-07,-1.57135217017985e-07,0.00277126558284832,0.0177298184248601,0.0367668567318307,0.0563716330386948,0.0757215703693455,0.0943240933110547,0.111877438807386,0.128216733839174,0.143521489626134,0.157825621043953,0.170858033845549,0.182977869784642,0.194035933280216,0.203821783020114,0.212783911535694,0.220317134864804,0.226663789925591,0.231414920688698,0.234805809388984,0.236449708394076,0.236362990049624,0.234557488529061,0.231039811734161,0.225861623828564,0.219424549066908,0.211578203388904,0.202718551193938,0.193146828907205,0.182966389096273,0.172426294178452,0.161741494484982,0.151093194102816,0.140551826451141,0.130488967419329,0.120732067820357,0.111396615871573,0.102573860781803,0.0943736849845994,0.0866803653641042,0.0795027447520036,0.0728357953819338,0.0666650251805633,0.0609697243982296,0.0557253408121292,0.0509052017909215,0.0464817482433966,0.0424274050037001,0.0387151815428596,0.0353190736438034,0.0322143191023464,0.0293775472145775,0.026786851781555,0.0244218097933781,0.0222634622504853,0.0202942692896962,0.0184980485651457,0.0168599034128861,0.0153661455263449,0.0140042155160586,0.01276260372879,0.0116307729566543,0.0105990841191251,0.00965872559935125,0.00880164662919777,0.00802049490238002,0.0073085584510117,0.00665971171675126,0.00606836567869127,0.005529421853583,0.00503822996008302,0.00459054902156261,0.00418251167832454,0.00381059148269098,0.00347157295454176,0.00316252418468968,0.0028808616378517,0.00262577803030468,0.0023931574467038,0.00218098653052953,0.00198742877196668,0.00181080867787311,0.00164959731869008,0.00150239912930323,0.00136933165880103,0.00124811990218441,0.00113724469848416,0.00103574668042787,0.000943948056217922,0.000860322233747933,0.000783465406005169,0.000714218089344839,0.00065058952024897,0.000592970377208321,0.000539950025336483,0.000492260547888161,0.000448576794779027,0.00040871811560887
-7.48819548171401e-07,-4.51024275794278e-07,-1.57127613420136e-07,0.00275602444078327,0.0176496330271522,0.0365997008564988,0.0561358530712053,0.0754005887135996,0.0938986483524871,0.111325200982545,0.127512020553231,0.142756589485619,0.156865624982205,0.169668709695584,0.181693747186757,0.192468124424204,0.20212554222334,0.210753587592088,0.217963379882644,0.22407995804226,0.228595656895696,0.231572392473035,0.233011777781763,0.232712324453097,0.230686440253141,0.226968856163289,0.221888509742881,0.215226443918134,0.20752378132037,0.198712026454292,0.189093597106412,0.179034283387985,0.168682191403299,0.158196879182799,0.147759309790323,0.137434154831925,0.127499577108466,0.118019992309528,0.108934313420123,0.100316341567408,0.0922069588623265,0.0846253889410244,0.0776335613285075,0.0711349891745383,0.0651169446161427,0.0595602742195698,0.0544418044957383,0.0497360889312605,0.0454166625810883,0.0414569296329853,0.0378307785016925,0.0345129956241596,0.0314795314486323,0.0287076587168609,0.0261760530354924,0.0238648181157407,0.0217554723104086,0.0198309087459055,0.0180753381193576,0.016474220770583,0.0150141928301197,0.0136829898785119,0.0124693705393287,0.0113630416786796,0.0103545863254179,0.00943539502818439,0.00859760106245141,0.00783401969250784,0.00713809154132381,0.00650383001439558,0.00592577265469542,0.00539893625788371,0.00491877554831467,0.00448114520161357,0.00408233901732969,0.00372060019810304,0.00339085082658727,0.00309023880451713,0.0028161634844636,0.00256625337671916,0.00233834578456964,0.00213046820716571,0.00194082135776335,0.00176776365786105,0.00161081311563971,0.00146831378556296,0.00133811209840466,0.00121908131521761,0.00111019149447144,0.00101198628494126,0.000922311971354411,0.000839998363020002,0.00076559261264297,0.000697615234209151,0.000635532709074497,0.000579149735035848,0.000527754342445607,0.000480649448267106,0.000438024870574447,0.000399170031585183
-7.48830706311743e-07,-4.51032620610648e-07,-1.57133327070494e-07,0.00273939630535509,0.0175616772344919,0.0364155912413023,0.0558757800853704,0.0750462020176331,0.0934287085989921,0.110715180097648,0.126733811385673,0.141913601231879,0.15580835600511,0.168476082521726,0.180283628659622,0.190748421432699,0.200278995317901,0.20853381583402,0.215588885548193,0.221264732373425,0.225595989411794,0.228280287982099,0.229339921834058,0.228792702793916,0.226651797399993,0.22292544961875,0.217616543535647,0.211006169588211,0.203179630080908,0.194538893630071,0.185102454996527,0.175136012467884,0.164869391430734,0.154497193525758,0.144214132409928,0.134314365433944,0.12450273324538,0.115141520510684,0.106321237404977,0.0979426347298797,0.0900494849752885,0.0826615452264143,0.0757815590718669,0.0694004634117955,0.0635012404870675,0.0580679127473345,0.0530828040624922,0.0484982722064447,0.0442890136695029,0.040429471746371,0.0368944670711604,0.0336596244020708,0.0307016496180754,0.0279984973885404,0.0255294598200582,0.0232751986772766,0.0212177380012271,0.0193404295711201,0.0176279003892008,0.0160659889038736,0.0146416748445266,0.0133430061703851,0.0121590256055356,0.0110796984776,0.0100958430135628,0.00919906383559777,0.00838168910153372,0.0076367115129718,0.00695917798025012,0.00634207560356057,0.00577965588654291,0.00526706824579405,0.00479988869312444,0.00437408274072764,0.0039859713840327,0.00363219993856115,0.00330970951623054,0.00301571093560602,0.00274766087037504,0.00250324005468604,0.00228033337294449,0.00207701167643782,0.00189291577501924,0.00172537790024169,0.00157242045438398,0.00143271964749804,0.0013050665192689,0.00118859402024775,0.00108366345775535,0.000987546590281922,0.000899412795541354,0.000819680764814891,0.000747024175581408,0.000680252615875038,0.000620214508238269,0.000564843862368996,0.000514842974504563,0.000469166500521868,0.00042741739092378,0.000389407278562995
-7.48819045187862e-07,-4.51024466977529e-07,-1.57131931612807e-07,0.00272126625156877,0.0174653503365171,0.0362132799956837,0.0555896616486264,0.0746560387181455,0.0929111552221253,0.110043368132849,0.125948936426825,0.140987108852148,0.154647135509488,0.167223755295952,0.178738933768222,0.18893144947325,0.198261939155459,0.20611226279222,0.213003059596654,0.218304042010772,0.222340337281016,0.224821317598096,0.225669366015188,0.224902870375395,0.222535807654305,0.218577496997451,0.213183534507994,0.206589968131567,0.198821284516766,0.190082221906748,0.180845147158969,0.171088992240213,0.161043590491584,0.150903402000408,0.140827555269595,0.131003161032836,0.121500961054235,0.112325093840134,0.103572130599925,0.0954294066184023,0.08776535241442,0.0805846062831393,0.0738922285125011,0.0676811788417895,0.0619362152071563,0.0566367635222573,0.0517590142079918,0.0472774392255943,0.0431658761197475,0.0393982897122144,0.0359492948460057,0.0327945029445972,0.0299107395228405,0.0272761679689713,0.0248703460055744,0.0226742344897439,0.0206701731601792,0.0188418341101736,0.0171741609057429,0.0156532991221799,0.014266522464584,0.0130021574364251,0.0118495086395212,0.0107987861192389,0.00984103569118865,0.00896807282897934,0.00817242043439385,0.00744725062908689,0.00678633057582656,0.00618397224705319,0.00563498600133779,0.00513463778389126,0.00467860975317513,0.00426296411490154,0.0038841099506557,0.00353877282315138,0.00322396695300009,0.00293696976485319,0.00267529861664881,0.0024378231565227,0.00222201128539369,0.00202513840761666,0.00184550064815235,0.0016815432854349,0.00153184734546771,0.00139511735969989,0.00127146518158025,0.00115898937448678,0.00105603958986509,0.000961726018195749,0.000876552354660514,0.000798885889330988,0.000727408356414988,0.000663242327902831,0.000604030143563519,0.000550649102287379,0.000501488754963765,0.000457032000666255,0.000416528122614504,0.000379538527146834
-7.48828327410324e-07,-4.51029167228767e-07,-1.57124173757494e-07,0.00270150903180134,0.0173599960296277,0.0359913999456951,0.0552755765073641,0.0742274986877352,0.0923425701800871,0.109305376570399,0.125150100330183,0.139971206554814,0.153374697536764,0.165853550674603,0.177050386294211,0.187119083164445,0.196062929646382,0.203731456771418,0.210192341102843,0.215310321108309,0.218865232312649,0.221080713825158,0.221707073052822,0.22071163012658,0.218109393556988,0.214063877027834,0.20869389687748,0.201910306457638,0.194294025586647,0.185727705819355,0.176452195580261,0.166785814052405,0.156979538021256,0.147088956782113,0.137272909032572,0.127496799766491,0.118322673801592,0.109441605396201,0.100954105135036,0.0929211424114172,0.0853750361690874,0.0783910899015005,0.0718969352626723,0.0658655343028696,0.0602835277923149,0.0551320013205166,0.0503886149782928,0.0460291474600909,0.0420286023488421,0.0383619882253679,0.0350048567848743,0.0319336623137567,0.0291259901522264,0.0265606898282084,0.0242179395617434,0.0220792620328153,0.0201275062032839,0.0183468061131132,0.0167225246947067,0.0152411884660245,0.0138904173477789,0.0126588526327263,0.0115360852394736,0.0105125857103013,0.00957963692508061,0.0087292701410491,0.00795420470715196,0.00724779161384332,0.0066039609065231,0.00601717289799335,0.00548237305342435,0.00499495038101872,0.00455069913817455,0.00414578364720801,0.00377670601733593,0.00344140546538082,0.0031365493225317,0.00285860758950273,0.00260517576741282,0.00237406106648637,0.00216326357434625,0.00197095905880542,0.00179548326502788,0.00163531757810426,0.00149010779585343,0.0013583574591866,0.00123792068903368,0.00112775601057098,0.00102691109317441,0.000936243493914484,0.000853238912299072,0.000776956000185664,0.000708315305868028,0.000645297796289752,0.000588018321564629,0.000535676399150161,0.000488264732731945,0.000444771768895475,0.000405107522223708,0.000369130882880319
-7.48820099486699e-07,-4.51034609913375e-07,-1.57127515361873e-07,0.00267998840478474,0.0172448982433805,0.0357484564770679,0.0549314236882394,0.0737577387656133,0.0917192182685092,0.108496414893242,0.124275489250236,0.13885947405233,0.152023453171152,0.164357124640295,0.175207993303248,0.185144355836331,0.193669746876728,0.201176012056261,0.207145650558559,0.212066981173928,0.215419807154996,0.21723122562769,0.217526526521918,0.216326283045295,0.213646583847398,0.209499147288517,0.203891274603783,0.197311758286302,0.189519510137469,0.181126673886248,0.172085973145225,0.162592842472555,0.152857046042579,0.143051668186565,0.133511351181377,0.124177831061774,0.114995907863742,0.106396247564541,0.0981893145590332,0.0904094125842745,0.0830919253704362,0.0762513210088256,0.0698873074707838,0.0639894062043217,0.0585427199807232,0.0535470482187316,0.0489452205748052,0.0447143949059427,0.040830805027074,0.0372705604261914,0.0340102007052801,0.031027068776151,0.0282995509290728,0.0258072198739281,0.0235309077551217,0.0214527292901538,0.0195560700081512,0.0178255506738592,0.0162469760569902,0.0148072740147594,0.0134944292075145,0.0122974145517674,0.0112061225869959,0.0102112982725247,0.0093044742160499,0.00847790898344669,0.00772452886092389,0.0070378732583032,0.00641247793797224,0.0058439967503273,0.00532587917843854,0.00485365602011199,0.00442325114918096,0.00403094729488548,0.00367335466641126,0.00334738221701571,0.00305021134428654,0.00277927183913169,0.00253221989888438,0.00230691803844153,0.00210141673980606,0.00191393769295387,0.00174446172201679,0.0015901142528961,0.00144915097428231,0.00132035247925557,0.00120260484205111,0.00109545931581253,0.000998750875096218,0.00091008569061387,0.000828699119782895,0.000755490394476777,0.000688388951087446,0.000627043706726682,0.00057154615748092,0.00052067812223308,0.000474342240788801,0.000432374621150284,0.00039396969474239,0.000358962039798395
-7.4882646760082e-07,-4.51030731040502e-07,-1.57125295544417e-07,0.0026565562322299,0.017119276852278,0.0354828188885788,0.0545549104769972,0.0732436573563114,0.0910370280625186,0.107611268159419,0.123319526143099,0.137644951676974,0.150715393084726,0.162725484267738,0.173334666017895,0.182996057540945,0.191223872917781,0.198403294723931,0.204191708939774,0.208558841626759,0.211699109964433,0.213289974970363,0.213357496994506,0.211923285507293,0.209004765429625,0.204615323574821,0.199150099051292,0.192408765377591,0.184849040528827,0.176390309952597,0.16745251973995,0.158223558311174,0.148761571107428,0.139239459630454,0.129792986810173,0.120709606147298,0.111851345660224,0.103327979292817,0.0952770898363146,0.0877638855551953,0.0806873037947531,0.0740646115066326,0.0678979445791209,0.0621789437073387,0.0568921840883954,0.0520176967887446,0.0475328077951006,0.04341346591534,0.0396351889743746,0.036173726034362,0.0330055092867373,0.0301079510392046,0.0274596273975586,0.0250403798147737,0.0228313577855358,0.0208150200285187,0.0189751070045228,0.0172965942697682,0.0157656336108037,0.0143694870329585,0.0130964572441214,0.0119358172226396,0.0108777406766229,0.00991323462117174,0.00903407487014235,0.00823274493166225,0.00750237857082896,0.00683670614008971,0.00623000466695776,0.0056770516095917,0.00517308213895405,0.0047137497749306,0.00429509018348709,0.0039134879339719,0.00356564601458948,0.00324855790507117,0.00295948201506511,0.00269591830297474,0.00245558690057645,0.00223796849997161,0.00203990225761552,0.0018591798888149,0.00169423764520314,0.00154364841896029,0.00140610944673561,0.00128043108236917,0.00116734001025624,0.00106402561500598,0.000969387083456499,0.000882607886845171,0.000804795416917799,0.000733335605420976,0.000667798041632265,0.000608889329645901,0.000554374734757908,0.000505491065060409,0.000460516775477225,0.000419351094547113,0.000382265039070473,0.000348335725118378
-7.48823351534851e-07,-4.51030479724805e-07,-1.57128246815952e-07,0.00263105144171821,0.0169822829872411,0.035192710972221,0.0541435399971772,0.0726818784362317,0.0902915720301635,0.106747184967577,0.12227616750768,0.136320115482816,0.149290033771414,0.160948966802238,0.171429552894643,0.180662246077912,0.188730504674774,0.195399210399774,0.200995860674487,0.205085209065632,0.207707475133491,0.209047942627166,0.208878455027591,0.207201979990372,0.204123422498526,0.199814987593988,0.194169029241334,0.187501342010108,0.179885985087423,0.17168909359162,0.162867603734786,0.153648435039874,0.144433959064402,0.135213995997626,0.126078175828253,0.11705599368158,0.108538954786552,0.100322286721631,0.0924899331267492,0.085091613060508,0.0781617105584653,0.0717679731821256,0.0658086374979756,0.0602775766818129,0.0551613246216669,0.0504416398412816,0.0460973789509703,0.0421058525353566,0.0384437943198453,0.0350880423864488,0.0320160069186492,0.0292059805162155,0.0266373331867312,0.024290623555958,0.0221476498876515,0.0201914584815756,0.0184063224926219,0.0167777008118885,0.0152921840835018,0.013937433017594,0.0127021127242527,0.0115758257221122,0.010549045479255,0.00961305175868329,0.00875986860341543,0.007982205479735,0.00727340187297703,0.00662737545573597,0.00603857384099048,0.00550192984785505,0.00501282015409823,0.00456702717623659,0.0041607039982688,0.00379034215612695,0.00345274208816835,0.00314692934086664,0.00286821327840115,0.00261407705663318,0.0023823222281948,0.0021709437317172,0.0019781126729506,0.00180216060184454,0.00164156515675215,0.00149493695762522,0.00136274127355866,0.00124221095326851,0.00113196678948027,0.00103105656755085,0.000939022789336515,0.00085622471450464,0.000780139012018148,0.000710330840998506,0.000647758412573738,0.00058985282345054,0.000537774713173789,0.000489582779553576,0.000446439495313618,0.000406804398579354,0.000370605687498973,0.000337669906850803
-7.48828476436011e-07,-4.5102639022826e-07,-1.57133746083643e-07,0.00260329907117703,0.0168329940046639,0.0348762010688029,0.0536945975726921,0.0720687342014244,0.0894780456314175,0.105867392829109,0.121138879904212,0.134876852480714,0.147738803789628,0.159017222250759,0.169360274353233,0.17813024972736,0.186028798012225,0.192411561281048,0.197543191412797,0.201421512222959,0.203824753637787,0.204787648844339,0.204339545166709,0.202505032592202,0.199304498261088,0.194754566496819,0.189095661606092,0.182462965169984,0.174956205748302,0.166710574871129,0.158180528487844,0.149261273632248,0.140141466844367,0.130974674407631,0.122168059046594,0.113477979538862,0.105059521381211,0.0971651942922603,0.0896231502006902,0.0824867786124189,0.0757842127906278,0.0695255286516961,0.063708112428651,0.0583206443476342,0.0533489685575054,0.0487914121550903,0.0445944302266231,0.0407367610578729,0.0371964128655397,0.0339513650359289,0.0309800525481345,0.0282616903184264,0.0257764800744612,0.0235057317198265,0.0214319230948397,0.0195387159492296,0.0178109413728611,0.0162345644762811,0.0147966355252236,0.0134852327888752,0.0122894009106407,0.0111990875211231,0.0102050800086454,0.00929894376593925,0.00847296278649701,0.00772008316436965,0.00703385981774807,0.00640858202243087,0.00584054841983701,0.00532283109383808,0.00485096722759274,0.00442088603322414,0.00402887474803708,0.00367154742814689,0.00334581634459101,0.00304886578844205,0.00277812810251865,0.00253126176305225,0.00230613134537778,0.0021007892205983,0.00191345883620376,0.00174305416454668,0.00158904740375641,0.00144839847555224,0.00131989121508162,0.00120241481967283,0.00109495428990876,0.000997950855740318,0.000909734508811524,0.000828765580664304,0.000754665001369586,0.000688181283582518,0.000626784244966472,0.000571263133736821,0.000520399481068946,0.000474333533440943,0.000431919597728157,0.000393674046940755,0.00035879054111438,0.000326924709726443
-7.48831478929122e-07,-4.51021716328882e-07,-1.57132764248429e-07,0.00257310909347854,0.0166704080520771,0.034531191347449,0.0532051367309223,0.0714002471508269,0.0885912456296496,0.10490904436888,0.119900616157764,0.133500080426568,0.146052511340924,0.157100786134574,0.167115321692268,0.175728590426708,0.183105027480403,0.18929851362957,0.194027505524621,0.197475170982778,0.19964944392522,0.200376880016679,0.199688128983883,0.197609407993773,0.194163086931031,0.189636316219457,0.18398151025731,0.177271186664466,0.169904876557222,0.161882119327403,0.153297701369014,0.144636032077488,0.135844382857035,0.127009892043654,0.11824349860509,0.109922385681211,0.101766846601379,0.0939457969152577,0.0866210590113414,0.0797590939618177,0.0733044992131051,0.0672701999928536,0.0616560567867555,0.0564529120370129,0.051645580346545,0.0472150436210845,0.0431400493318609,0.0393982619472282,0.0359670809285402,0.0328242108679921,0.0299480482399782,0.0273179332471989,0.0249143031495119,0.0227187743141014,0.0207141733234307,0.0188845322825648,0.0172150595249545,0.0156920939946352,0.0143030493524965,0.013036352202575,0.0118813776039137,0.0108283840961176,0.00986844979987467,0.00899341063540242,0.00819580133525936,0.0074687996606898,0.00680617402790292,0.00620223461875998,0.00565178794813458,0.00515009479556782,0.00469283136461754,0.00427605350461444,0.00389616381703706,0.00354988145793303,0.00323421445277581,0.00294643433663822,0.00268405294650578,0.00244480119494302,0.00222744471484713,0.00203045561414306,0.00185071747752503,0.00168667547388225,0.00153691071477983,0.0014001280465766,0.00127514490617753,0.00116164431012169,0.00105913568659543,0.000965238100191886,0.000879142607328812,0.000800793164734016,0.000730158040267205,0.000665045668635044,0.000606006705340471,0.000552269879967755,0.000503117772440551,0.000458404883129158,0.000417831916479412,0.000380618728167141,0.000346702134764828,0.00031590162135436
-7.48825477876047e-07,-4.51040048477748e-07,-1.57130648300258e-07,0.0025402752872401,0.0164934383073946,0.0341554067795239,0.0526719641470198,0.0706721113301067,0.0877011977592016,0.103866138602347,0.118553792378622,0.132050577392512,0.144221327105001,0.155136927686012,0.164682501416961,0.173129858140927,0.180069196698541,0.185938317029315,0.190458625871124,0.193558411536879,0.195282925450874,0.195670843176544,0.194755095336384,0.192563682178553,0.189120430708468,0.184445650343158,0.178643799300703,0.172147331099124,0.164728974275393,0.156865898009618,0.148609519931769,0.140004578213029,0.131330183978987,0.122850424314132,0.114444913436966,0.106197893760497,0.0983890871595374,0.0908799081628296,0.0837393274512978,0.0770070446985485,0.0707161337799084,0.0649161083367929,0.0595141878984492,0.05450347557284,0.0498707722707037,0.0455988141474613,0.0416679050456649,0.0380570957468489,0.0347450248244026,0.0317105077171044,0.0289329393027267,0.0263925590859148,0.024070615863549,0.0219494594887398,0.0200125803644096,0.0182446120342928,0.016631308261172,0.0151595030141007,0.0138170595246299,0.012592812914478,0.0114765096226037,0.0104587459390597,0.00953090724734922,0.00868510906908868,0.00791414062578793,0.0072114113509587,0.00657090059716224,0.00598711062683267,0.00545502288470063,0.00497005747589873,0.00452803572913409,0.0041251456928983,0.00375791040115181,0.00342315872961384,0.00311988442254559,0.00284364552148602,0.00259176764736404,0.00236207238338239,0.00215257292625917,0.00196145704981987,0.00178707154724269,0.00162790802568063,0.00148258993750473,0.00135071477594311,0.00123148062483246,0.00112242307539892,0.0010226010501865,0.000931153966052975,0.000848673895088765,0.00077365764169652,0.000704616011746085,0.000642033918693499,0.000585214431701161,0.000532861231689878,0.000485855742896281,0.000442570377836316,0.000403151299452184,0.000367518428060082,0.000334898808151361,0.000305147405542084
-7.48828963812521e-07,-4.51031185119757e-07,-1.57136080884458e-07,0.00250457389104963,0.0163009069697415,0.0337463829126434,0.0520916239481568,0.0698796729184644,0.0868423569951019,0.102732213946686,0.117090265650449,0.130476731026566,0.142234771262027,0.153008483495381,0.162176055253261,0.170319960329267,0.177073718337048,0.182384377165032,0.186617188887643,0.189490254077576,0.190981522755925,0.191130995080579,0.189973240656818,0.187538241469395,0.183852171862049,0.179076843768031,0.173447483886247,0.166735385627378,0.159643279738962,0.151818371685152,0.143679010177769,0.135429834467039,0.127004468992794,0.118529066723357,0.110469800407016,0.102471738240798,0.0948622664200062,0.0876788222577327,0.0808318140689613,0.0743645867821657,0.0682988846629101,0.0626410623146477,0.0573867099625789,0.0525240814689877,0.0480366203016764,0.043917616669373,0.040136616373296,0.0366620775262789,0.033473928424611,0.0305521406277329,0.0278771480393222,0.0254301260017216,0.023193167781547,0.0211493864542786,0.0192829631336891,0.0175791571497555,0.0160242897652223,0.0146057099936897,0.0133117488150511,0.0121316663798249,0.0110555955157135,0.0100744839091308,0.00918003662003027,0.00836466006727319,0.00762140824021019,0.00694393160420472,0.00632837239706372,0.00576750361916754,0.0052563067410196,0.00479037848629927,0.00436570181658716,0.00397861257076806,0.0036257688172312,0.00330412273370212,0.00301089483865065,0.00274355039686006,0.00249977783418688,0.00227746900030121,0.00207470113081097,0.00188972036857555,0.00172092671353964,0.00156885834704454,0.00143016462115609,0.00130344376896778,0.0011876011028738,0.00108163651982692,0.000984965101379944,0.000898227787407011,0.000818614462255007,0.000745442605411965,0.000679348823577711,0.000619244520427255,0.00056361585145885,0.000514122159786905,0.00046797345119223,0.000426808499716327,0.000388853980335275,0.000354115965531113,0.000322627866277702,0.000293967119046525
-7.48828587267888e-07,-4.51035728452909e-07,-1.57124020042059e-07,0.00246576224139205,0.0160915386457428,0.033307941803656,0.0514603816792421,0.0690179104432136,0.0859088768586905,0.101500326900315,0.115645390201382,0.128769364160451,0.14028668373692,0.150703886283754,0.159710693584393,0.167285114497737,0.173842586696791,0.178948122486524,0.182667113611874,0.185125134400901,0.18637469554052,0.186278534798633,0.184873177825811,0.182207608456882,0.178566472365286,0.173807869868923,0.167953506123222,0.161580991782386,0.154288002253722,0.146821395278613,0.138848747166991,0.13063664773244,0.12259267124354,0.114503325340893,0.106453158288056,0.0989108060306095,0.0914916660289716,0.084400248616488,0.0778063859391224,0.0716150206527341,0.0657987486455521,0.0603667427936145,0.05531704618025,0.0506400608115733,0.0463211219364838,0.0423423848073912,0.0386841956939084,0.0353260771156028,0.0322474254506824,0.0294279949551396,0.0268482239223346,0.0244894448838155,0.0223340102682406,0.0203653570262327,0.0185680277660709,0.0169276614298678,0.0154309631756562,0.0140656605595045,0.0128204512247035,0.0116849458596875,0.0106496091280649,0.00970570047594009,0.00884521613278393,0.00806083318718753,0.0073458563035569,0.00669416740659991,0.00610017850217277,0.00555878767660056,0.00506533823853523,0.00461558090798696,0.00420563892447394,0.00383197591780309,0.00349136637854153,0.00318086855647665,0.0028977996173433,0.00263971289199227,0.00240437705804107,0.00219028795324143,0.00199669501023252,0.00182005428433713,0.00165883818927858,0.00151165276223377,0.00137722568843041,0.00125439537073893,0.00114210095541462,0.00104138912174378,0.000949333650138239,0.000864924886959062,0.000787438180366032,0.000717928334212843,0.000654346624119785,0.000595610210792801,0.000543242451145888,0.000494681875500123,0.000451019090610861,0.000410559975702688,0.000374380193390104,0.00034118988999332,0.000310864831662128,0.000283253191202287
-7.48824606255727e-07,-4.51032745104996e-07,-1.57135325450344e-07,0.00242357730368415,0.0158639535942188,0.0329487196729477,0.0507742073644863,0.0682679247150341,0.0848949766678947,0.100163031672134,0.114204119403074,0.126918702532382,0.138300361836368,0.14821094161756,0.157046716677772,0.164355337620461,0.170361450396988,0.175251399327199,0.178747061339863,0.180906431780885,0.181780141100543,0.181412356456196,0.17984171744753,0.177102267262309,0.173224335234487,0.168251130269044,0.162686474173225,0.156151531426385,0.149218355785438,0.141607284417977,0.133992212412094,0.126086842667464,0.11800664030999,0.110302435041324,0.102659728782874,0.0952032690454879,0.0881278721654438,0.0813459389440254,0.074912721527549,0.0688588564920293,0.0632065789814843,0.0580087414182348,0.0531712670513599,0.0486867865030428,0.0445425974614498,0.0407225917947001,0.0372086592296983,0.0339816992513782,0.0310223406772286,0.0283114439390253,0.0258304425515305,0.0235615662650392,0.0214879777689532,0.0195938468095771,0.017864379542541,0.0162858163759662,0.0148454081264245,0.0135313777414987,0.0123328728899526,0.0112399132808244,0.0102433354884457,0.0093347372440894,0.0085064225687935,0.00775134866687646,0.00706307518388732,0.00643571618608212,0.0058638950587073,0.00534270238563603,0.00486765679591527,0.00443466870163906,0.00404000680961849,0.00368026726913181,0.00335249594074504,0.00305579807433212,0.00278529188877847,0.00253863891888736,0.00231370648559916,0.00210854947182369,0.00192139367189033,0.0017506205838619,0.00159475352240849,0.00145244494220935,0.00132250410162691,0.00120597558174432,0.00109938876822264,0.00100182491747343,0.000912444092175726,0.000830768211852234,0.000757719497457204,0.000690479938227435,0.000628478384938029,0.000573235559740856,0.000522149086539824,0.000475843137208074,0.000433467080880833,0.000395143528774391,0.000359828497280591,0.000327811945922156,0.000298790648576971,0.000272231258687304
-7.48826129855379e-07,-4.51032086839349e-07,-1.57128921181635e-07,0.00237773402499439,0.0156166605069074,0.0325584313426782,0.0501548845462543,0.067456610893664,0.0837944516601793,0.0987123613138559,0.112641746961276,0.12491436707644,0.136151014141228,0.14574001398,0.154171048802293,0.161288681907803,0.166957263023223,0.171279843525967,0.174542703626519,0.176463563704011,0.177094689860473,0.176482220523323,0.174667120046899,0.171686119648642,0.167756913587292,0.162960820908945,0.157183377146679,0.150881300451296,0.143906613696863,0.136689267658718,0.129000821926914,0.121421871353932,0.113753582401947,0.106013874711997,0.098714587964421,0.0914213239598695,0.084638094051155,0.078177280106694,0.0720337355207519,0.0662416058050185,0.0608168840937103,0.0557626840825001,0.051073161015288,0.0467364130629418,0.0427366153303958,0.0390555776052003,0.0356847025704067,0.0325932370031082,0.0297571150373537,0.0271583398804513,0.0247793731916396,0.0226033716149191,0.0206143348951598,0.0187971898058739,0.0171378279912952,0.0156231112099083,0.0142408539795157,0.0129797910181765,0.0118295348990715,0.0107805278771015,0.00982399073384183,0.00895187067273887,0.0081567896854801,0.00743266388343514,0.00677409780314441,0.00617382898210094,0.00562670591719084,0.00512802591678451,0.00467349717510761,0.00425920372305599,0.00388157312305513,0.00353734674970056,0.00322355249589697,0.0029374797377171,0.00267665639869729,0.00243882795385377,0.00222193822392801,0.00202411181759601,0.00184363808728502,0.00167895647438462,0.00153012857438246,0.00139502188025034,0.00127157435334206,0.00115872035267275,0.0010554864628107,0.000960983164511078,0.000875945963087729,0.000798636840874714,0.000727574041339894,0.000662170503653367,0.000604099263089889,0.000550322412653663,0.000501325803553264,0.000456964243090415,0.000416271091909004,0.000379221920607811,0.00034572522663736,0.000314979695999249,0.000286951868281152,0.000261482269336924
-7.48838125854332e-07,-4.51037738888577e-07,-1.57131200130897e-07,0.00232792374585868,0.0153480489250718,0.0321345724947465,0.0495289043756985,0.0665760797257281,0.0826006546867383,0.0972710660621171,0.110949327534081,0.122956724654215,0.133827258808776,0.143252041228827,0.151128920236558,0.157986120697913,0.163444277992717,0.16752311464954,0.17029229357496,0.1718134027767,0.17214080335093,0.171322533764915,0.169401246665744,0.16641514568962,0.162398882259062,0.157384365210733,0.151815695830582,0.145500575946161,0.138742211528766,0.131548950231372,0.124278135151231,0.116699326665076,0.109328874312991,0.10202054135064,0.0946987174803703,0.0879444357420353,0.0812712157967979,0.0749148389719746,0.069058164361565,0.0635365792236917,0.0583566479163836,0.0535241927207801,0.0490357336671608,0.0448814458696489,0.0410473382163242,0.0375168471124108,0.0342719918771251,0.031294202543564,0.0285649036889255,0.0260659172838622,0.0237797319766733,0.0216896744112926,0.0197800092746399,0.0180359880177288,0.0164438611284283,0.0149908650032982,0.0136651915842291,0.0124559467678415,0.011353101969538,0.0103474420144817,0.00943051162231763,0.00859456207609068,0.00783249917296471,0.00713783317858581,0.00650463124836171,0.00592747257363536,0.00540140637544846,0.00492191277059871,0.00448486645979785,0.0040865031471738,0.00372338856633492,0.00339238997324314,0.00309064995231242,0.00281556238463429,0.00256475042250543,0.00233604632439173,0.002127694291494,0.00193975553619648,0.0017682697590256,0.00161175446379872,0.00146885688144557,0.00133834236688458,0.00121908381163616,0.00111005198366466,0.00101140743684845,0.000922286898217376,0.00084055992703683,0.000765526719767126,0.000697080555701803,0.000635808330780567,0.000579186919508469,0.000527496133677322,0.000480990725484926,0.000437828332668111,0.000399307544197849,0.000363745395306966,0.000331200371714922,0.000301987753882486,0.000275209481128742,0.000250741298729199
-7.48827621042768e-07,-4.51030402886587e-07,-1.57125279925158e-07,0.00227381232299004,0.0150563813700607,0.0316744455757272,0.0488495861884393,0.0656209479346897,0.081306479464702,0.0958726591843942,0.109117368302563,0.120987459769277,0.131317154994723,0.140567428232801,0.14826029730571,0.154494350658506,0.159671324285329,0.163522242497997,0.166057474164076,0.167340234045226,0.167426848855192,0.166367674698178,0.164208037659183,0.16098916223027,0.156803603831,0.152021197597399,0.146367025332171,0.140159943544387,0.133537445026192,0.126572850879384,0.119361478461259,0.112220975239905,0.104891165932946,0.0978807287645656,0.0910061854911768,0.0843471246276538,0.0780058627318126,0.0719487046914535,0.0662182152919348,0.0608367316657395,0.0558238923017657,0.0512197439386196,0.0469383010797591,0.0429718765837952,0.0393083668812844,0.0359328827539844,0.0328289348097879,0.0299792859630252,0.0273665556747866,0.0249736398512422,0.0227839944843737,0.0207818191732992,0.018952167616273,0.0172810053506311,0.0157552298585333,0.0143626642923205,0.0130920331352238,0.0119329259362523,0.0108757536050121,0.00991170051558654,0.0090326747623677,0.00823125820895092,0.00750065747953549,0.00683465665255236,0.00622757215556444,0.00567421014544399,0.00516982652861027,0.00471008965912548,0.00429104569195354,0.00390908651179546,0.00356092013264772,0.00324398956298565,0.00295698186977056,0.00269530601573684,0.00245670056036651,0.00223910300106911,0.00204063218396682,0.00185957223018576,0.00169435785262596,0.00154356094753611,0.00140587835420885,0.00128012068296962,0.0011666457813287,0.0010637784106383,0.000969610008768398,0.000883331245829032,0.000804202070432669,0.000732936722427916,0.000668312725590551,0.000608704986893903,0.000554365693532428,0.000505565300200895,0.000460100877574007,0.000419725858662607,0.000381952487464745,0.00034842527173323,0.000317481238267355,0.000289152988399202,0.000263400883034769,0.00024005615074928
-7.48820075130056e-07,-4.51037103509531e-07,-1.57126030011446e-07,0.0022150381882987,0.0147397852871391,0.0311751485544561,0.0481127313139988,0.0645854528521685,0.0799043455632632,0.0943585803668707,0.107135827635151,0.118859246953362,0.12889283313865,0.137673493894598,0.145171881321432,0.151202463152351,0.155854443100313,0.159239001431903,0.161532703378932,0.162571076596895,0.16241276377002,0.161110800423893,0.158756732264717,0.155587475672474,0.15149157865444,0.146505387331429,0.140946023441298,0.13489237939594,0.128317394166304,0.121596318595098,0.114627621532601,0.10757679446204,0.100702213988207,0.0937111992487386,0.0871905979664582,0.0806397289994137,0.0746405764046099,0.0688917969959087,0.0634397724017798,0.0583101149716029,0.0535135449822996,0.0490502718917407,0.0449132467314241,0.0410905641483269,0.0375672251868102,0.0343264205594018,0.0313504551646923,0.0286313078452734,0.0261381118059806,0.0238539657831051,0.0217633175337332,0.0198512616797543,0.0181036609029669,0.0165072129206234,0.0150494786189119,0.0137188827981137,0.012504696008105,0.0113970037414402,0.0103866675757596,0.00946528159714485,0.00862512652087591,0.00786019772290168,0.0071639791103615,0.00652934594404346,0.00595087067074365,0.00542359540179274,0.00494299304735393,0.00450493119460071,0.00410563865420553,0.00374167457339021,0.00340989998068642,0.00310745162265649,0.00283171794527164,0.00258031707262386,0.00235107663518557,0.00214201531093589,0.00195132594340526,0.00177736011119889,0.00161861403119047,0.00147432572622285,0.0013443585809631,0.00122559857251606,0.00111702142887922,0.00101769165998421,0.000926754574500054,0.000843724078471553,0.000769646607794475,0.000701535948901179,0.000638814865834148,0.000581927153482856,0.000530689325483833,0.000483085481854959,0.000440522092391689,0.000401165579492768,0.000365768019109964,0.000332907097373211,0.000303560062139787,0.000276690996038488,0.000252120589349052,0.000229714814218347
-7.48837864052275e-07,-4.51029514821799e-07,-1.57125216311179e-07,0.00215121038968129,0.0144955325923751,0.0306335635406021,0.0473138400040862,0.0634634377640082,0.0785811914081633,0.0927203379384906,0.105212289127552,0.116561137692709,0.126428794901481,0.134715370517051,0.141850631852522,0.147667657945514,0.152098396712037,0.155224143816802,0.157118126730537,0.157846318186288,0.157468281536393,0.156038037571401,0.15360493405924,0.150214490234625,0.145909180542074,0.141098633409944,0.13561714388841,0.129518291372029,0.123283107926311,0.116561726068498,0.109928330079692,0.103108602375286,0.0963742244287985,0.089851499834485,0.0832635096210998,0.0772705649347176,0.0713315607354542,0.065754151990195,0.0605879460429884,0.0557167744435161,0.051154261319095,0.0469031450558178,0.0429585929042381,0.0393106525105717,0.0359460544049403,0.0328495274049242,0.0300047493957721,0.0273950259194931,0.0250037662917644,0.022814809751529,0.0208126411028559,0.0189825254777229,0.0173105844076625,0.0157838297686725,0.0143901679450085,0.0131183833671432,0.011958108176483,0.0108997829866129,0.0099346123469163,0.00905451751804571,0.00825208841450688,0.00752053600762294,0.0068536460780768,0.00624573489407601,0.00569160717643104,0.00518651654695441,0.00472612854270039,0.0043064861991757,0.00392397814457956,0.00357530911805544,0.00325747279074014,0.00296772676439918,0.00270356960878351,0.00246271980082816,0.00224309642770336,0.00204280152483761,0.00186188067549277,0.00169746059023992,0.00154738679983072,0.00141036284247752,0.00128520552343912,0.00117083478695573,0.00106626447882325,0.000970593921887156,0.000885179740606347,0.000807087145081521,0.000735373632068948,0.000669429427968174,0.000610152891827411,0.000556345573920348,0.000506477250292671,0.000461728413584075,0.000420723696714925,0.00038329331910303,0.00034921116942995,0.000318356539139941,0.00028990013484753,0.000263952502982843,0.000240586554837653,0.000219143803982438
-7.48824698138529e-07,-4.51047180744148e-07,-1.57127143014503e-07,0.00208190636602863,0.0142484856296278,0.0300463453789587,0.0464480980943153,0.0622483389675745,0.0772628126150862,0.0909489523229915,0.103303445717249,0.114081702325855,0.123773241842551,0.131874220004058,0.138492198915057,0.143877135404612,0.148077757394759,0.150968069650687,0.15262319232682,0.153111362232977,0.152494780109555,0.150830464350099,0.148171089418372,0.144722870195324,0.140610381330478,0.135709733615686,0.130177211726677,0.124428254776416,0.118056584124359,0.111809773981845,0.105113451706514,0.0987305864147667,0.0921624906339129,0.0858771503666465,0.0797403592281146,0.07387474849193,0.0682475161653723,0.0628934756356882,0.0578434353556892,0.053112095813519,0.048742909416476,0.0447086493744757,0.0409608392529933,0.037491521101065,0.0342891918766059,0.0313401515845337,0.0286294807919147,0.026141741276215,0.0238614704940946,0.0217735231406659,0.0198632998478804,0.0181168931011931,0.01652117290287,0.0150638290413355,0.0137333825153994,0.0125191754448674,0.0114113463616075,0.0104007959556609,0.00947914698079469,0.00863870099332861,0.00787239385098547,0.00717375130709802,0.00653684563978741,0.00595625392391504,0.00542701834076751,0.00494460874713602,0.00450488761176004,0.00410407734183136,0.00373872995777283,0.00340569904888638,0.00310211389945543,0.0028273838057938,0.00257733881540087,0.0023493325282927,0.00214139468393304,0.0019517282101581,0.00177869389780592,0.00162079639819366,0.00147667143540853,0.00134507413288979,0.00122486836054759,0.00111501701415821,0.00101701886014749,0.000927311162448795,0.000845103439317233,0.000769692471720571,0.000700435197006052,0.000638993704804062,0.000582497123944006,0.000530250745054439,0.000483363088749037,0.000440584002246187,0.000401056244293542,0.000365801860238747,0.000333117857793706,0.000303509836116878,0.00027672999588375,0.000252138490961897,0.00022972295444111,0.000208384836608579
-7.48842905624555e-07,-4.51030136183595e-07,-1.57127765919751e-07,0.0020066697371366,0.0139805297386517,0.0294099104628444,0.0455103647129766,0.0610079372925503,0.075836762195898,0.0890349609900815,0.10124272131337,0.111727114255897,0.120914150914665,0.128819292980292,0.13523262042956,0.140252450757955,0.143968147157915,0.146460950125493,0.147840658448062,0.148086224255611,0.147309752330146,0.145589502828886,0.142959138097552,0.139467978721798,0.135162553484273,0.130290812181811,0.125033298417078,0.119141551501079,0.113229612699668,0.106896335726514,0.100688053635161,0.0942232776549112,0.08814361092881,0.0818773862492492,0.0761503844868624,0.0703979141956682,0.065089848678401,0.0600238796793281,0.0552342516379324,0.0507386294825231,0.0465428545082683,0.0426444831441911,0.0390354084592785,0.0357037915891339,0.0326354750190733,0.0298150076892729,0.0272301225805632,0.0248665403429675,0.0226992372204846,0.0207141010090437,0.018897464159283,0.0172362610084215,0.015718123195505,0.0143314303778545,0.0130653290352032,0.0119097288567025,0.0108552837506164,0.00989336266136894,0.00901601398746331,0.00821592635571735,0.00748651752283104,0.00682364399261178,0.00621937947867554,0.00566856453857835,0.00516648472277447,0.00470883411443089,0.0042916813472256,0.00391143806553868,0.00356482974873422,0.00324886879690726,0.00296082975444588,0.00269822654389964,0.00245879157569542,0.00224045660261627,0.00204133519137198,0.00185970668451489,0.00169400153915494,0.00154278792974998,0.00140475951186115,0.001280159298299,0.00116738093771826,0.00106425830647037,0.000969904176593446,0.000883508113591932,0.000804329595613416,0.000732731363845071,0.000668377707493758,0.000609086393778616,0.000554361634270487,0.000505429590668837,0.00046075772073109,0.000419101809185754,0.000382552207830163,0.000348013167876216,0.000317595573125928,0.000289236601476432,0.000263332978442444,0.000240126589644256,0.000218829911335596,0.000197483286413817
-7.48832852127313e-07,-4.51036436847654e-07,-1.57119905158855e-07,0.0019661451194512,0.0136899846465961,0.0287204261708499,0.0444951615510914,0.0598988692957381,0.0742952249935904,0.0872203547682102,0.0990198498156248,0.109338464442689,0.118048690203932,0.125538400976205,0.131737415931327,0.136535659223853,0.140023894054195,0.142285121310544,0.143395420433213,0.143424770080385,0.142437843323886,0.140494766655042,0.137651825842825,0.133962096799495,0.129850468895419,0.125094756407832,0.119688258416447,0.114191989027416,0.108261919190631,0.10225629150508,0.0961298443025439,0.0900762582887979,0.0840205425012526,0.0782488386549568,0.0724800706116977,0.0670900780974295,0.0618708190327346,0.057098483068052,0.0525743140798114,0.0483189921782427,0.0443409798129249,0.0406401268113445,0.037210344446269,0.0340415789217503,0.0311212586093192,0.0284353468183011,0.025969099632684,0.0237076038835372,0.0216361518332506,0.0197404951309943,0.0180070100086801,0.0164227976984531,0.0149757380054024,0.0136545094183659,0.0124485857112247,0.0113482164094619,0.0103443965486187,0.00942882970669415,0.00859388719558182,0.00783256548366058,0.00713844332291573,0.00650563959200875,0.0059287725499965,0.00540292093705076,0.00492358719100121,0.00448666291716779,0.00408839665546934,0.00372536392860831,0.00339443950936933,0.003092771815007,0.00281775932262565,0.00256702888580824,0.00233841582997234,0.00212994570394785,0.00193981756762129,0.00176638869755094,0.00161040214649505,0.00146832069084553,0.00133858211856183,0.0012200669921654,0.0011117535319852,0.00101270889631119,0.000922081232060887,0.000839359629735328,0.000765794097610527,0.000698209508614286,0.000636034394190779,0.00057874603134791,0.000527915721479301,0.00048124165850862,0.000437824076421249,0.0003995013814366,0.000363765956622306,0.000331664525701902,0.000301844835038025,0.0002753816581328,0.000250890653783069,0.000228494624209126,0.000207786761009489,0.000186487380787316
-7.48828965341028e-07,-4.51029208291651e-07,-1.57131279611068e-07,0.00192601280878843,0.0133750473188199,0.0280691060437166,0.0435609166532028,0.0586995007209721,0.0726299665787248,0.0854191144893205,0.0966241691352548,0.106767017758452,0.115292171529826,0.122313242635567,0.127994889558434,0.132563357197214,0.1358172451995,0.137841668104686,0.138715220186858,0.138510789253795,0.137296323186233,0.13513553529251,0.132359559524583,0.128841927181636,0.124603857412798,0.119693065263004,0.114696585484025,0.109172311123811,0.103441136129955,0.0976497771343288,0.0916851030139776,0.0859082869182523,0.0800729169372536,0.0745372773169729,0.0690653967260213,0.0639777244215381,0.0590292472339001,0.0543424093087087,0.049937219490505,0.0458632733722893,0.0421062746755686,0.0386058989251369,0.0353581023663274,0.0323546404725821,0.0295845494041139,0.027035226684322,0.0246932119898369,0.0225447441918128,0.020576152009952,0.0187741214737423,0.0171258726294836,0.0156192698500231,0.0142428839690994,0.0129860198512965,0.0118387195357544,0.0107917484672441,0.00983657036068895,0.00896531477594427,0.00817074036267495,0.00744619591573191,0.0067855807607542,0.00618330553301471,0.00563425407747265,0.00513374694053365,0.00467750674876641,0.00426162563888275,0.00388253479976257,0.00353697613320656,0.00322197598373804,0.00293482086390652,0.00267303507802183,0.00243593046780111,0.00222072898088344,0.00202445972030856,0.00184542706656538,0.00168208432221977,0.00153302052370085,0.00139694839734813,0.00127269336372321,0.0011591835049582,0.00105544041216079,0.000960778177672638,0.000876508651742242,0.000799258615909328,0.000728369731288743,0.000663240268962762,0.000603482096071507,0.000550792817186826,0.000502017541358937,0.000456761362255721,0.000416677987775725,0.000379638849847502,0.00034577505654351,0.00031519640981883,0.000287208186960414,0.000261359983062103,0.000238436926956571,0.000217320445291352,0.00019664231565454,0.000175447262729115
-7.48823316628473e-07,-4.51027335137665e-07,-1.57134126792076e-07,0.00188244539691537,0.0130337856033265,0.0274931684665283,0.0426692725731568,0.0574032585942934,0.0708323433932016,0.0834764171905585,0.0943826625799507,0.104001661856377,0.112331818880247,0.119149380593864,0.124558877712574,0.12865616055386,0.131529366619962,0.133259834233147,0.133922961382303,0.133589005629495,0.132323816028581,0.13018948441659,0.127244900242918,0.123546191801708,0.119288836683224,0.114738408056445,0.109627094738432,0.104244505304406,0.098788856403923,0.0929768230823737,0.08747491788043,0.0816486172025546,0.0763227810599589,0.0707575163639386,0.0657858436710317,0.0608105827257801,0.0561512848647933,0.0517257991945531,0.0475571314258262,0.0436556065411475,0.0400225777979451,0.0366531800610499,0.0335383638817162,0.0306663891809762,0.0280321072515862,0.0256208064169962,0.0234043303302072,0.0213700810253974,0.0195054338476702,0.017798018498796,0.0162359073244506,0.014807735584364,0.0135027722087202,0.0123109548880561,0.0112228998092744,0.0102298937009649,0.00932387385059299,0.00849740026085239,0.00774362298740037,0.00705624685914739,0.00642949515613895,0.00585807335324682,0.00533757571779453,0.00486514508911089,0.0044345066174104,0.0040419641837033,0.00368414359570502,0.0033579653389846,0.00306061940709979,0.0027895421067725,0.00254239472612709,0.00231704394818692,0.00211154388976338,0.00192411965015523,0.0017531522555261,0.00159716489039317,0.00145481031608631,0.00132485937841075,0.00120619051508219,0.00109897997412926,0.00100236664637865,0.00091394550095861,0.000832958943803769,0.000758714940434963,0.000690581177561004,0.000629180710568287,0.000574015097756851,0.000523051453382881,0.000475873036202643,0.000434099543568797,0.00039565554500214,0.000359978077948668,0.000328536473473998,0.000298881086129088,0.000272704654927662,0.000248472228346175,0.000226154109243314,0.000206037973090694,0.000185447458705112,0.000164413961052385
-7.48831266378925e-07,-4.51034187731557e-07,-1.57128556139861e-07,0.00183515646568295,0.0126641318738242,0.0268698472199207,0.0417051759897847,0.0560032169924785,0.0692419351568128,0.0813829208010953,0.0921254841117298,0.101247898045527,0.10915653049816,0.115761390706046,0.120951401567471,0.124823932878798,0.127469025797735,0.128970326644558,0.129405949445404,0.128849257695356,0.127369551487973,0.125032643974174,0.121901310583941,0.118409657069061,0.114307501433431,0.109621177717744,0.104664226579462,0.0995489483803879,0.0940123244755455,0.0887270919642954,0.0831699807286745,0.0778461874859915,0.0725018403114105,0.0674021787059891,0.0624536269210164,0.0576022992716471,0.0532358644929127,0.0490750895997807,0.0451460054231726,0.0414615640981244,0.0380254154903982,0.0348347139292991,0.0318821949497656,0.0291577033680114,0.0266493097542033,0.0243441188141967,0.0222288477673681,0.0202902335839743,0.018515313385023,0.0168916113061642,0.0154072568249845,0.0140510532634281,0.0128125104577056,0.0116818520083698,0.0106500048529,0.009708576866602,0.00884982670015002,0.00806662890996842,0.007352436598908,0.00670124314679576,0.00610754413986634,0.00556630025739631,0.00507290162339791,0.00462313393615816,0.00421314655128386,0.00383942260885999,0.00349875120726472,0.00318820159311364,0.00290509929447143,0.00264700411566393,0.00241168988351738,0.00219712584164572,0.00200145958490347,0.00182300142017144,0.00166021005141081,0.00151167948522009,0.00137726310242853,0.00125604169748759,0.00114528781148393,0.00104404782599641,0.000951451232973846,0.000866703236275325,0.000789078010678188,0.000717929843487181,0.000655237899381445,0.000597519222429177,0.000544293435534857,0.000495121448345951,0.000451771931901542,0.000411828944331073,0.000374492272464773,0.000341911761474075,0.000311170274531708,0.000283865712330573,0.000258127475189621,0.000235620362703517,0.000214744232013486,0.000194698772116542,0.00017425409878752,0.000153438318791874
-7.48831924542013e-07,-4.51023861786471e-07,-1.57132023148061e-07,0.00178383692323221,0.0122638773001444,0.0261955635374827,0.0406633373868306,0.0544921048756291,0.0675981760080078,0.0791289757556185,0.0896981407578672,0.0986381486657839,0.106065173540648,0.112138876032645,0.117101883828777,0.120743585247696,0.123156294659737,0.124426353917047,0.124634982114148,0.123859017110544,0.122217663481729,0.119982126405624,0.117019783586273,0.11338862471525,0.109144509206493,0.104693812023451,0.099927836200988,0.0947255424515802,0.0896680717202612,0.0843795095818945,0.0791142520588968,0.0739866966552401,0.0688093143015547,0.0640358245069104,0.0591083954543847,0.054773199573224,0.0504603614128223,0.0464022319547907,0.0427147044730265,0.0392491534124571,0.0360115377968312,0.0330010434299652,0.0302122021962827,0.0276364544760499,0.0252632935760363,0.0230810970874585,0.0210777243275695,0.0192409395253288,0.0175587056972605,0.016019382987607,0.0146118568418276,0.0133256150330048,0.012150787748182,0.0110781613397871,0.0100991736229831,0.00920589654690454,0.00839101053784314,0.00764777365209982,0.00696998781706304,0.00635196379377257,0.0057884860135919,0.00527477809074018,0.00480646953924552,0.00437956404545497,0.00399040949419595,0.00363566985217075,0.00331229893825818,0.00301751606292205,0.00274878347911484,0.00250378557199831,0.00228040969488452,0.00207672855385816,0.00189215447945377,0.00172530339953096,0.0015730599238459,0.00143410972677243,0.00130725371471967,0.00119139780322477,0.00108554359122035,0.000988779854176565,0.000900274788847316,0.00081926894397283,0.000747179188013059,0.00068155628071769,0.000621224102848422,0.000565677289723732,0.000514454041369522,0.000469688890871339,0.00042816075664765,0.000389457685650857,0.000355361336458157,0.000323739518962174,0.000294903105149994,0.000268763245024069,0.000244978652481673,0.000222822444053304,0.000203271138557929,0.000183355577124052,0.000163114074325022,0.000142569933060106
-7.48828872022416e-07,-4.51029725544022e-07,-1.57132503480272e-07,0.00172815351028124,0.0118306662082445,0.0254665211470615,0.0395381815008562,0.0529950172164808,0.0658269261115776,0.0770708222035836,0.0870906608741206,0.0958386907341875,0.103065616375194,0.108878793059109,0.113377252961827,0.116652797771952,0.118791016436621,0.119872221868104,0.119972294300049,0.119163414211751,0.117514663967801,0.115092476586011,0.111960913038724,0.108219934771087,0.104322206465802,0.0999189969448793,0.0950599376431751,0.0902975936672477,0.0852804453971674,0.080130824056687,0.0752188391863377,0.0700701872473734,0.0654113402863904,0.0606293573776259,0.0562074261599712,0.0519776760400632,0.0479187080712152,0.0440851391248103,0.0404898111250985,0.0371364355601511,0.034022345905811,0.031160669471202,0.0285361257581297,0.0261096919700747,0.0238722872583558,0.0218135652577969,0.0199225305007201,0.0181879775015033,0.0165987980660966,0.0151441910856644,0.0138138005507323,0.0125978010900037,0.0114869454781264,0.0104725848913293,0.00954666993566017,0.00870173839708041,0.00793089409921462,0.0072277800866968,0.00658654847725977,0.00600182866227515,0.0054686950657368,0.00498263528210491,0.00453951917294468,0.00413556928843242,0.00376733284173717,0.00343165535471744,0.00312762525732297,0.00285117456890409,0.00259913586754587,0.00236933548525901,0.00215979054409552,0.00196869229858859,0.00179439087504425,0.00163538130405669,0.00149029074273357,0.00135786680252919,0.00123696688271582,0.00112654843590909,0.00102566008518794,0.000933433520757419,0.000851401619789577,0.000776615797616374,0.000708019213117225,0.000645031010686603,0.00058712063034335,0.00053440817441145,0.000487831584570887,0.000444641145809414,0.000404497351384817,0.000368916331117359,0.000336326224961792,0.00030587138375924,0.000279267175401524,0.00025401048489031,0.000231779510455626,0.000211225998741875,0.000191788331744386,0.000172061175198002,0.000152078063518489,0.000131856157526497
-7.48823371542682e-07,-4.51032890836017e-07,-1.57136724182108e-07,0.00166774712244235,0.0114539106372369,0.024678703653882,0.0383238527248528,0.0516618384138012,0.0639199855470757,0.0750044184751935,0.0844835654229256,0.0928397050147968,0.0998577921934936,0.105455859522502,0.109734530478907,0.112787593559405,0.114703040769199,0.115564006628827,0.115449589103393,0.114435529002665,0.112594722699817,0.109997545424472,0.107020786155709,0.103533531935594,0.0995113519138296,0.0950089474688051,0.0906116986174412,0.0858725193576195,0.0808967452342006,0.0762021314261712,0.0712638057786669,0.0665863742200249,0.0619710754344586,0.0574167762354723,0.053275370437141,0.0491609767605864,0.0453577386144971,0.0417556209148374,0.0383700050765815,0.0352068222867478,0.0322653576605842,0.0295403281463397,0.027023414436606,0.0247043831178298,0.0225719019163103,0.0206141256438708,0.0188191113361284,0.0171751066285924,0.0156707444783375,0.0142951691014312,0.0130381117551463,0.0118899303020866,0.0108416229406121,0.00988482383202233,0.00901178633427069,0.00821535805761634,0.00748895081384711,0.00682650770029237,0.00622246891379548,0.00567173743099804,0.005169645333905,0.00471192131075409,0.00429465966726954,0.00391429104917018,0.00356755497350721,0.00325147420761828,0.00296333096606619,0.00270064488198407,0.00246115267477943,0.00224278942582411,0.00204367137023462,0.00186208010294514,0.00169644810293728,0.0015453454807574,0.00140746785195784,0.00128162525566528,0.0011667320288663,0.00106278512550722,0.000969531624600586,0.000884207613055397,0.000806083025924119,0.000734491350832952,0.000668824003229272,0.00060852520271547,0.00055471659730543,0.000506168299307372,0.000461248466098447,0.00041959889036879,0.000382599637467184,0.000348958079492166,0.000317300689527335,0.000289668117710891,0.000263628868002504,0.000240505984064968,0.000218617142353915,0.000199613840793115,0.000180349497550343,0.000160867286751319,0.000141194553422494,0.000121341215593972
-7.48832173813406e-07,-4.51040941592158e-07,-1.57131871875844e-07,0.00160223113231251,0.0111420484918738,0.0238278743976889,0.0371412270854469,0.0502252484341333,0.0618689324613308,0.072784514480545,0.0820861646535756,0.0898880931033807,0.0964327376014234,0.101808748009342,0.105862201394581,0.108689249036717,0.110380677364284,0.111022830824452,0.110698385630428,0.109492384046574,0.107771410578205,0.105354982826828,0.102306845558466,0.0986890130217924,0.0946656501662138,0.0906025483656739,0.086151785585484,0.0814097270515917,0.0769374486977792,0.0722111366339393,0.0675646919224823,0.063114781706707,0.058504311836541,0.0544583665126604,0.0503258066052927,0.0463363227947902,0.0427894626315794,0.0394194134689542,0.0362440922540578,0.0332716479817982,0.0305033169466658,0.0279355415061127,0.0255615349630039,0.0233724305502589,0.0213581187365057,0.0195078514695959,0.017810672629864,0.0162557193415159,0.0148324277126147,0.013530668228941,0.0123408297210723,0.0112538660497372,0.0102613160793684,0.00935530480671292,0.00852853146192795,0.00777424889219917,0.00708623737650924,0.00645877516632293,0.00588660740522695,0.00536491460371024,0.00488928148370448,0.00445566675512103,0.00406037418653422,0.00370002518910822,0.00337153304203182,0.00307207880128769,0.00279908888991154,0.0025502143362293,0.00232331158753027,0.00211642483522789,0.00192776975509482,0.00175571858004437,0.00159878641170397,0.00145561868381812,0.00132639588578377,0.0012097806257426,0.00110325105809188,0.0010058906784191,0.000916863108970297,0.000835405000321229,0.000760819561518658,0.00069247066550191,0.000630094502153278,0.000575231658411359,0.000524654306151907,0.000477949127649022,0.000434738907045539,0.000396425578962171,0.00036165476797382,0.000329045581681553,0.00030001226145433,0.000273479413317034,0.000248952146289017,0.000227016861439484,0.000206885988957056,0.000188040501332112,0.000169007358400534,0.000149823501684017,0.000130508917305539,0.000111065458452779
-7.48829953801092e-07,-4.51031822536141e-07,-1.57129897568536e-07,0.00153118974462874,0.0108047013988509,0.0230420067585907,0.0361197393293937,0.0486785519706712,0.0600976805317483,0.0704024677513212,0.0795174131374757,0.0871249204280236,0.09333099831928,0.098233950852173,0.10192550352336,0.104491862372219,0.106014693870811,0.106572006227048,0.106238905903013,0.105088198025591,0.103190797482094,0.100615921169981,0.0974310426177153,0.0939933827490063,0.0902582483081627,0.0861104405038571,0.0816642268475152,0.0774225583156405,0.0729130849523919,0.0683475532356725,0.064064281338621,0.0596145769729468,0.0554888338822765,0.0514806908705581,0.0474275282224927,0.0439065033988088,0.0404019568626794,0.0371132811016499,0.0341221316702219,0.0313400649386142,0.0287445540256222,0.0263337586765894,0.0241024184381118,0.0220430280988931,0.0201466967624184,0.018403770169026,0.0168042762968165,0.0153382394821877,0.0139958970781877,0.0127678442357018,0.0116451259898107,0.010619291027083,0.00968241786689029,0.00882712145941143,0.008046546135915,0.00733434930309791,0.00668467910725374,0.00609214842093808,0.0055518068610439,0.00505911204606574,0.00460990095779311,0.0042003619860717,0.00382700805201697,0.00348665105597767,0.00317637778572883,0.00289352735774289,0.00263567019714756,0.00240058853655739,0.00218625838111441,0.00199083287323197,0.0018149462006195,0.00165499299361096,0.00150905293403584,0.00137586689000908,0.00125428621893026,0.00114326300420798,0.00104184114536712,0.000949148228073555,0.000864388112673083,0.000786834174622351,0.000715823143860258,0.000653083101228866,0.000595882299537122,0.000543231919870041,0.000494697617022307,0.000449882991305472,0.00041039959899196,0.000374427746736707,0.000340797834716649,0.000310340398962804,0.000283239198969241,0.000257381146048113,0.000235150862065503,0.000213651585960096,0.000195188116165936,0.00017655966223331,0.000157812576657228,0.000138976321174301,0.000120062639319,0.00010106479421017
-7.48830657697932e-07,-4.51036231793436e-07,-1.57128403932262e-07,0.00145417616185752,0.0104399581097202,0.022371141596841,0.0350188904474805,0.047014860750205,0.0582813204694668,0.0679973110983457,0.076768913437835,0.0841736514589327,0.0901711338589411,0.0948612748587495,0.0983378049204403,0.100689350845741,0.102000417854714,0.102352247060986,0.10182351535404,0.100490840674098,0.0984290575992885,0.0958290069142391,0.0929464856738909,0.0895626897263875,0.0857366477798974,0.0816513384058835,0.0776519982797352,0.0733674743746941,0.068933634506494,0.064820898861942,0.0605330459607582,0.0563699000872014,0.0524852857718782,0.0484978762377856,0.0449380634678629,0.0415175557992927,0.0382287441834305,0.0351355633174998,0.0322441053788711,0.0295542133304842,0.0270614239122504,0.0247584007156812,0.0226529115678545,0.0207224118692297,0.0189433169607791,0.017307057802982,0.0158046390353065,0.0144269657105254,0.013165070721431,0.0120102688429452,0.0109542568445571,0.00998917425611262,0.0091076356908316,0.00830274286113036,0.00756808233095334,0.00689771348193665,0.00628614999509179,0.00572833725771648,0.00521962744985958,0.00475575357148888,0.00433280329555498,0.00394719326754012,0.0035956442702172,0.00327784409740266,0.00298820661632969,0.00272415709101463,0.0024834231066761,0.00226393105174579,0.00206378898682686,0.00188127089637821,0.00171480223619397,0.00156294668773637,0.00142439402908644,0.00129794904220947,0.00118252137405134,0.00107711627344885,0.000980826138624741,0.000892822802185073,0.000812350493282212,0.000741031458208197,0.000676150932104689,0.000616583716965856,0.000561830774978779,0.000511436697577823,0.000464985863116565,0.000424517998209996,0.000387280037958469,0.000352566703981792,0.000320687855931408,0.000292946320256598,0.000266579137401062,0.00024304366119021,0.00022143448689481,0.00020183928105395,0.000183578118873276,0.000165223027206118,0.000146812760803336,0.000128368347408716,0.000109892712049867,9.13702977991927e-05
-7.48838557522467e-07,-4.51033876957354e-07,-1.57131930008316e-07,0.00137071079933575,0.0100457940378733,0.0216474139047347,0.0338334900217031,0.0452960710028438,0.0563319446736969,0.0658779624566061,0.073971261447357,0.0810268150039836,0.0868091536813074,0.0912814647127264,0.0945398558481486,0.0966757605032771,0.0977769027857372,0.0979281054377983,0.0972119014981334,0.0958230321777747,0.0939642015720785,0.0914999369547938,0.0884954188117972,0.0850143826149827,0.081358706742709,0.0776169699357672,0.0735689285716384,0.0693189602265201,0.0653834033560565,0.0612611054865258,0.0571026591968838,0.0533427841867913,0.0494749051186495,0.045788679771952,0.0424432528917266,0.0391311045046242,0.0360577551420109,0.0331598469577263,0.0304455225462289,0.0279164300610478,0.0255697035569606,0.0233994262304708,0.0213977053859513,0.0195554563957712,0.0178629690303626,0.0163103114815936,0.0148876137270328,0.013585261572257,0.012394024915681,0.0113051378777649,0.0103103440171683,0.00940191649160693,0.00857266051193678,0.00781590352935243,0.00712547718123663,0.00649569394123516,0.00592132062226963,0.00539755028571014,0.00491997365021581,0.00448455078274629,0.00408758358673405,0.00372568943963127,0.00339577619023746,0.00309501863083997,0.00282083650079661,0.00257087401522643,0.00234298088939573,0.00213519480650445,0.00194572525576815,0.00177293866994878,0.00161534477478998,0.00147158407477741,0.00134041638938483,0.00122071036617585,0.00111143389108749,0.00101164532773759,0.000920946720601084,0.000840438055183205,0.000766725838627131,0.000699183165426481,0.000637237994053827,0.000580368324906144,0.000528097798883926,0.000480331933722079,0.000438767751515199,0.00040020607822804,0.000364353477535694,0.000331084372763402,0.000302633459948821,0.000275691155756584,0.000250740765820764,0.000229010175390498,0.000208034248902512,0.000190109747903409,0.000172108708465651,0.000154079292255042,0.000136051619656868,0.000118037649163825,0.000100031219870325,8.20080008690347e-05
-7.4883082929019e-07,-4.51030629552948e-07,-1.57138275914758e-07,0.0012802795253166,0.00962007029989969,0.0208672145583392,0.0325581844688268,0.0438867016899436,0.0542423624031444,0.0636095802021881,0.0715166707254352,0.0780628402725853,0.0833407719115392,0.0874903722603511,0.0905293314192886,0.0924509466409388,0.09345059199573,0.093617129038499,0.0929872686438146,0.0916326793387387,0.0896241570197848,0.0870315326951635,0.0839233023633301,0.080770470826895,0.0773052543424112,0.0735087660871012,0.0694968549236814,0.0657479422862853,0.0617976188824733,0.0576861359446946,0.0540543743092464,0.0503070336682914,0.0465297393602475,0.0432741322369198,0.0399550343324367,0.0367584907166145,0.0338993004682606,0.0311955102120164,0.0286572916876827,0.0262880808827101,0.0240865948708975,0.0220483245570235,0.0201666337414565,0.0184335629248922,0.0168404121531271,0.0153781588853621,0.0140377530873077,0.0128103212857006,0.011687303442691,0.0106605405496703,0.00972232635496479,0.00886543323749378,0.00808311970134486,0.00736912503360745,0.00671765522366562,0.00612336316920613,0.00558132536107596,0.00508701664975411,0.00463628423377067,0.00422532166896837,0.00385064345770031,0.00350906058617539,0.00319765723979261,0.00291376883871237,0.00265496145402718,0.00241901262341727,0.00220389354435017,0.00200775260209376,0.00182890017531375,0.0016657946488218,0.00151702956554692,0.00138132183574978,0.00125750093731979,0.00114462512343481,0.00104435233729875,0.000952710648364078,0.000868914201623844,0.000792246013655306,0.000722051907197362,0.000657734978314899,0.000598750553645911,0.000544601588961409,0.000496265556191721,0.000453126432870751,0.000413191646805785,0.00037615142040989,0.000341723625059004,0.000312327821967145,0.000284747613837683,0.000258653217367932,0.000236377184214665,0.000215133482392996,0.00019619499619622,0.000178516669107651,0.000160829648659492,0.000143173263899982,0.000125568294937442,0.000108017318391279,9.05051093021003e-05,7.29988489948221e-05
-7.48831669490662e-07,-4.51029290771895e-07,-1.57133829610821e-07,0.00121098328413149,0.0091605339259355,0.0200267875116744,0.0311874881807495,0.0423736555401302,0.0521196428619775,0.0611852498922183,0.068898105543073,0.0752444646722722,0.0803185835741705,0.0842095807022418,0.0870024289348866,0.0887788800702564,0.0896182898220635,0.0895983030351173,0.0887953541466883,0.0872849358344368,0.0851415965865165,0.0826143422725538,0.0798672320308878,0.0767011559996431,0.0731749181741555,0.0694579206946777,0.0659079948193894,0.0621388623795108,0.058193287184406,0.0546192059602027,0.0509955431181821,0.047277264999861,0.0439975362491572,0.0407647952066843,0.03748520691615,0.0345559789648458,0.0317634211152782,0.0292516866957092,0.0268877238861569,0.0246767305951997,0.0226189850610057,0.0207113673116252,0.0189484816939301,0.0173234800539602,0.0158286607036221,0.0144558998541397,0.0131969581928688,0.0120436947635488,0.010988212296344,0.0100229521431044,0.00914075241155168,0.00833487946648359,0.00759904039579359,0.0069273820727256,0.00631448100273173,0.00575532703608978,0.00524530319549344,0.00478016327299792,0.00435600835873053,0.00396926314723924,0.00361665260734676,0.00329517939156306,0.00300210225663219,0.00273491564172557,0.00249133048720851,0.00226925631879005,0.00206678460024393,0.00188217330950077,0.00171383270144806,0.00156031218927832,0.00142278606128021,0.00129772030043931,0.00118355127347988,0.00107929601041053,0.000984057808757056,0.000897018628932144,0.000817432160131026,0.000744617495006013,0.000677953363876376,0.000616872873673473,0.000560858712090748,0.000512317162227271,0.000467562267762647,0.000426213894534195,0.000387945792279494,0.000352460769572446,0.000322051043112786,0.000293773581083125,0.000267110756381015,0.000243575327334941,0.000222180521456952,0.000201867921188944,0.000184487503241715,0.000167110853635326,0.000149786836008532,0.000132545156648478,0.000115396887975151,9.83352172252418e-05,8.13361312445517e-05,6.43588069266636e-05
-7.48829165680884e-07,-4.51040149283774e-07,-1.57128006994017e-07,0.00117373305596732,0.00866970391110196,0.0191222433168189,0.03008944450364,0.0407511962174589,0.0503382200883681,0.0585984005619308,0.0661095547955612,0.0722497626289094,0.0771151865785982,0.0807972593437418,0.0833836849636569,0.0849593480702014,0.0856070918359841,0.0854083177142847,0.0844433574698643,0.0828755179986035,0.0810107572573613,0.0786260413262305,0.0757854716090367,0.0725518731431656,0.0691900406705483,0.0658543499398034,0.0622784798266461,0.0585088279801868,0.0550343727093349,0.0515397108897119,0.0479409434137433,0.0446140595914014,0.0414690558102534,0.0382726407320517,0.0352998152603255,0.0326215807050484,0.0299858658877447,0.0275212195604649,0.0252277780967401,0.0231019364779404,0.0211734321036841,0.0193945258335566,0.0177486871959185,0.016230160579837,0.0148322260673752,0.0135476440548795,0.0123689730381942,0.0112887930781587,0.0102998593983242,0.00939520450058453,0.00856820257537652,0.00781260652076179,0.00712256528085235,0.00649262723600841,0.00591773390603276,0.00539320710848585,0.00491473187825472,0.00447833684378747,0.00408037325870332,0.00371749357212334,0.00338663013503299,0.00308497446443884,0.0028099573372475,0.00255922989054261,0.00233231645014797,0.00212669047943497,0.00193918697840279,0.00176819050021599,0.00161222722381744,0.00146995263347567,0.00134014022719325,0.00122167118051164,0.00111352489337162,0.00101477035217224,0.000924558240059096,0.000842113737117859,0.000766729951437378,0.000697761923504648,0.000634621162382205,0.000578820370306871,0.000528435223744666,0.000482034332193481,0.000439241489732524,0.000399713958978031,0.000363139458278825,0.000331819099368779,0.000302788748765586,0.000275504116983743,0.00025064064862375,0.000229045336380897,0.000208213255831778,0.000190055558007788,0.000172963599267814,0.000155939280306093,0.000139021561107579,0.000122230089547222,0.000105566184719409,8.90139065643872e-05,7.25409382372817e-05,5.60990860601048e-05
-7.48830378810153e-07,-4.51029834443701e-07,-1.57133127705585e-07,0.00113334762248892,0.00837271893753003,0.0182626654773658,0.0289973120212167,0.0390136160794858,0.0484333044694344,0.0564871658432295,0.0632605400926955,0.0690744705498881,0.073727670776234,0.0771994349885161,0.0795805751747231,0.0809594603806096,0.0814227170109756,0.0812227339151447,0.0804321252288728,0.0790085753274766,0.077020395055421,0.0745354768365356,0.0716206449399809,0.0686784039875311,0.0655751095888085,0.0622074611629667,0.0586254912425891,0.0552949154042222,0.0519367940257217,0.0484625701462283,0.0451227434830477,0.0420685333806858,0.0389564302722876,0.0358605977521407,0.0332872209663494,0.0307012121100304,0.0282379383064012,0.0259297670995569,0.0237784115461031,0.0217816644413801,0.0199346630616275,0.0182308186641411,0.0166624946996903,0.0152214971032717,0.0138994243955637,0.0126879135708011,0.0115788087892903,0.0105642732224046,0.00963685926765259,0.00878954855015792,0.00801577022297694,0.00730940391595806,0.00666477202509694,0.00607662482912449,0.00554012097548382,0.00505080519563396,0.00460458459396354,0.00419770445976455,0.00382672428036792,0.00348849440136104,0.00318013364636713,0.00289900807597102,0.00264271099067041,0.00240904423165864,0.00219600076783401,0.00200174855868316,0.00182461563767105,0.00166307636476966,0.00151573877953745,0.00138133299194683,0.00125870053488553,0.00114678461481668,0.00104462119314618,0.000951330832333951,0.000866111247211307,0.000788230505139318,0.000717020818985577,0.000653728753760679,0.000596826564260923,0.000544558763577417,0.000496492902736591,0.000452234890728794,0.000411425603076503,0.000373737753333087,0.00034164221982171,0.000311807394619177,0.000283851420850444,0.000257605657696443,0.000235762379685928,0.00021475753059563,0.000195249072399524,0.000178422477341652,0.000161671334519017,0.000145044320485017,0.000128569972808095,0.000112257785899672,9.60995667403211e-05,8.00707332611909e-05,6.41313095094765e-05,4.82264667777414e-05
-7.48834097822327e-07,-4.5103405431768e-07,-1.57136135486135e-07,0.00108957431230488,0.00805224473214698,0.0176005464584671,0.0278254848940458,0.0372863553244834,0.0463994311537475,0.0542708908816299,0.0608561949429728,0.066237663434473,0.0704941782213606,0.0737019321260549,0.0759351591619627,0.0772668128260543,0.0777691502885414,0.0775141732223985,0.0765738725240755,0.0750202273178439,0.0729249208309444,0.0704075606370652,0.0679055447580288,0.065055712346935,0.0619141447685556,0.058534479801061,0.0553938482071545,0.0521820328123882,0.048839569460195,0.0455210984073958,0.0425624247436784,0.0395374140620034,0.0364714555550332,0.0338355552175881,0.0312923367295332,0.0288037993656842,0.0265108827445724,0.0243573147406073,0.0223463596607344,0.0204771865814588,0.0187461587801502,0.0171477834581625,0.0156754067018203,0.0143217177390917,0.0130791108236547,0.0119399411173481,0.0108967019611191,0.00994214411558135,0.00906935240717815,0.00827179135585099,0.00754332842378403,0.00687824133997031,0.00627121427856232,0.00571732643645147,0.00521203562161269,0.00475115874675589,0.00433085062223772,0.00394758201830033,0.00359811771328053,0.00327949499644261,0.00298900294983433,0.0027241627180183,0.00248270888135631,0.00226257199649905,0.00206186231575731,0.00187885467231046,0.00171197449891866,0.00155978492520926,0.00142097490489134,0.00129434830546391,0.00117881389784374,0.00107337618953159,0.000977127030388844,0.000889237938673568,0.000808953088347498,0.000738182017411986,0.000673795385073443,0.000614772549987312,0.000560617979029919,0.000510879957238614,0.000465146743765935,0.000423043042849144,0.00038443398076668,0.00035152482420296,0.000320838357916087,0.000292165632659713,0.000265316764729965,0.000242362564771031,0.000221140584175981,0.00020077074728672,0.000183516140838035,0.000167017788025959,0.000150654166877744,0.000134463169225119,0.00011846275107087,0.000102652465220874,8.70150885271861e-05,7.15180522968394e-05,5.61144755069103e-05,4.07436894296254e-05
-7.48828769944746e-07,-4.5103837289039e-07,-1.57136387099639e-07,0.00104214216109893,0.00770665171966756,0.0168886739528367,0.0265696352166601,0.0358875666386614,0.0442314620471217,0.0519132560647754,0.058304211278161,0.0634884442967904,0.0675470155030818,0.0705586900488609,0.0726006585272982,0.0737491761607025,0.0740800717323932,0.0736690718651364,0.0725918872491235,0.0709240165061343,0.06904213758931,0.0668513855642958,0.06427897016928,0.0613842392974606,0.0582243840485404,0.0553222043525463,0.0522686756343875,0.0490673881882596,0.045805145878919,0.0429484286975341,0.0400149459160077,0.0370326779474081,0.0343100259323069,0.0318270684499837,0.0293243471453398,0.0269377836214794,0.0248123791032284,0.0228108516203978,0.0209379843393413,0.0191942949130124,0.0175773487319666,0.0160827282035659,0.0147047439110018,0.0134369524327535,0.0122725296537242,0.0112045363899437,0.0102261040043778,0.00933056086567777,0.00851151527552167,0.00776290659547404,0.00707903334081892,0.00645456478904393,0.00588454096541715,0.00536436462245117,0.00488978786549575,0.00445689538117247,0.00406208567756485,0.00370205136808775,0.00337375921541948,0.00307443044136664,0.00280152164982706,0.00255270657633558,0.00232585880876956,0.00211903555194573,0.00193046245317552,0.00175851950050142,0.00160172795421888,0.00145873828112566,0.00132831903794771,0.00120934665078914,0.00110079603387971,0.00100173198930432,0.000913085681825638,0.000833362388737094,0.000760439618197235,0.000693696542389175,0.000632567062700044,0.000576535017207888,0.000525129807972167,0.000477922399121203,0.000434521649161467,0.000395418040630544,0.000361465493484103,0.00032988503897532,0.000300454587845495,0.00027297235391198,0.000248873506347162,0.000227391910390868,0.000206835124545596,0.000188267454107677,0.000172007663615548,0.000155886035728792,0.00013995035337613,0.00012422748578884,0.000108724977247968,9.34329092562972e-05,7.83256946594862e-05,6.33635527849242e-05,4.84935141163211e-05,3.36498865579241e-05
-7.48822864575388e-07,-4.51035413458568e-07,-1.57134445528668e-07,0.000990760816945066,0.00733423749999165,0.0161240624964993,0.0252254677518015,0.0343927344408592,0.0423489786615541,0.0494102127063068,0.0556014259091124,0.0605846039247454,0.0644433407914308,0.0672593309510126,0.0691130580905869,0.0700843670534037,0.0702528643211522,0.0696980904927801,0.0687104159192122,0.0673428219512149,0.0654932758691922,0.0632251087159617,0.0606008574438501,0.0577365736959971,0.0550690959042013,0.0521880223400121,0.0491395191397804,0.0459694769258108,0.0432227862242079,0.0403869169282283,0.0374924500469411,0.0347094213661061,0.0322897798016627,0.0298444689257558,0.0273918718937355,0.0251109578037677,0.0231495183180993,0.0212968311975657,0.019559159815995,0.017938337129154,0.0164331017761302,0.0150400861565725,0.0137545432054335,0.0125708772846196,0.0114830285542187,0.0104847480159573,0.00956979122759813,0.0087320517656389,0.00796565026059508,0.00726499087398166,0.00662479410646019,0.0060401125896517,0.00550633478254826,0.00501918027015035,0.0045746893577853,0.00416920896670917,0.00379937627570782,0.00346210116977862,0.00315454823733366,0.00287411885215992,0.00261843369494776,0.00238531595628764,0.00217277537745147,0.00197899320714558,0.00180230811656655,0.0016412030834171,0.00149429322301225,0.00136031453758554,0.00123824164121794,0.00112985216939305,0.001030884873131,0.000940489666508821,0.000857891235421469,0.000782382488508322,0.000713318579996002,0.000650111453821463,0.000592224867420116,0.000539169844972012,0.00049050052430084,0.000445810351641564,0.000406491140795187,0.000371456991273187,0.00033894542943675,0.00030872104282129,0.000280569936400796,0.000255319754173442,0.000233537728635814,0.000212754532609147,0.00019289965647911,0.000176664386526072,0.000160769272961387,0.000145066556941804,0.000129592561073202,0.000114363243707914,9.93761869165156e-05,8.46126731603089e-05,7.00395468966367e-05,5.56106588778201e-05,4.12677917186304e-05,2.69410357276727e-05
-7.48829046422891e-07,-4.51032796417562e-07,-1.57132371664413e-07,0.000935119672960633,0.00693323108487686,0.0153036808391902,0.024048053932579,0.0327977172232825,0.0405883100455064,0.0472250733427353,0.0527710630048472,0.0575253956159076,0.061184111888916,0.0638068134109388,0.0654775839761852,0.066296150702992,0.066592108846392,0.0662322074168369,0.0652815434057924,0.0638060165396162,0.0618718017729089,0.0595445524302837,0.0570753917038693,0.0546217802615555,0.0519294804817383,0.0490475416276833,0.0460217143937899,0.0433803361949848,0.0406497939062035,0.0378488564840561,0.0350315139057055,0.0326794358051138,0.0302942999841079,0.0278965439960589,0.0255646499463794,0.0236317895102901,0.0216846840057804,0.0198743034644856,0.0182151732973748,0.0167141262410429,0.0153177994711217,0.0140238462226049,0.0128284360667528,0.0117267983685478,0.0107136172912461,0.00978331591915671,0.00893025778656516,0.00814888711058718,0.00743382373275468,0.00677992478112501,0.00618232205304928,0.00563644185751354,0.00513801232475691,0.00468306192425565,0.00426791194880989,0.003889165003284,0.00354369098624975,0.00322861163889522,0.00294128445227966,0.00267928647105829,0.00244039837260182,0.00222258908990454,0.00202400113152126,0.00184293670700082,0.0016808456851761,0.00153312154593539,0.00139836660504909,0.00127542074038505,0.00116322564577638,0.00106081595856585,0.000967311142857942,0.000881908069450867,0.00080387423692095,0.000732541581344593,0.000667300827058032,0.000607596326055852,0.000552921351430226,0.000502813789977501,0.000456852209887362,0.000417634029719372,0.00038148634201629,0.000348012189585316,0.000316962753207229,0.000288111921901024,0.000261723013127212,0.000239601227709302,0.000218553974841573,0.000198504759057803,0.000181005980838933,0.000165327819425079,0.00014984139734472,0.000134593053709423,0.000119607688408871,0.000104890764543725,9.04305728748283e-05,7.62004120778078e-05,6.21604304494763e-05,4.82589802368308e-05,3.44334264132239e-05,2.06104148595928e-05
-7.48831282752775e-07,-4.5103498924609e-07,-1.57136417879803e-07,0.000874886905013271,0.00650179899408108,0.0144244782719757,0.0230488372713676,0.0310986359273063,0.0387165866225504,0.0451752141411335,0.0505392119237652,0.054872556865599,0.0582389500984903,0.0607022541006122,0.0623268972671061,0.0631782044831631,0.0633226042285581,0.0628276581325082,0.0617618633633564,0.0601941909857968,0.0581933476696761,0.0561846354881132,0.0539657257834876,0.0514806273009055,0.0487811736376629,0.0459161946633607,0.0434145821733844,0.0407986719802982,0.0380985932497069,0.0353460483190913,0.0329940119023897,0.0306729826563886,0.0283325337099705,0.0259913684051094,0.0240634583748925,0.0222030926277611,0.0203835529640126,0.0186890619324331,0.0171174008219883,0.0156643859730613,0.0143245691471764,0.0130917477728356,0.0119593330865493,0.0109206123154265,0.00996893213501933,0.00910263427524668,0.00830968211298782,0.00758304878761498,0.00691783851682753,0.00630934799963878,0.00575310821607704,0.00524490818443086,0.00478080576381138,0.00435712928789412,0.00397220932106151,0.00362187537114851,0.00330241725944166,0.00301113202342327,0.00274554549495916,0.00250339460224974,0.00228261059830461,0.00208130329824916,0.00189774634753,0.00173036352575547,0.00157771605261232,0.00143849087122953,0.00131148985307174,0.00119561987150348,0.00108988369453454,0.000993371639315403,0.000905253930798572,0.0008247737147721,0.000751240669171006,0.000684025173443734,0.000622552979131212,0.000566300343503817,0.000514789585712384,0.000469220693936609,0.000428821415365005,0.000391534978512544,0.000357072772452917,0.000325172593076619,0.000295596099658556,0.000268126424097921,0.000245602800407919,0.000224255472233976,0.000203977156065013,0.000185045327451775,0.000169580418943384,0.000154299282866872,0.000139258801907853,0.000124493387105195,0.000110016882190156,9.58249137668893e-05,8.18973112937672e-05,6.82002920346177e-05,5.46882113650532e-05,4.13047837934585e-05,2.79837528675376e-05,1.46490425365051e-05
-7.48834867169685e-07,-4.51025924696624e-07,-1.57132699903309e-07,0.000809708600464124,0.00603805338289887,0.0136345238503795,0.0219810252071094,0.0294902720330537,0.0367307548566879,0.0430056940662072,0.0481834255748825,0.0523302334302254,0.0555124919936251,0.057797083363457,0.0592517517377968,0.0599453469020705,0.0599479036874104,0.0593305046689626,0.0581648839693917,0.0566553314483848,0.0550460174297967,0.0530846695742145,0.0508272699796216,0.0483283287305195,0.0456701464541112,0.0433177646827992,0.0408273371784556,0.038237016967839,0.0355811557291958,0.0332305525509582,0.0309786974687367,0.0286991587516963,0.0264127328291427,0.0243759070571917,0.02258584162215,0.0208012938056572,0.0191069263363423,0.0175261617661674,0.0160578780000411,0.0146988710728586,0.0134445706906389,0.0122895631288546,0.0112279700090692,0.0102537195010526,0.0093607375063799,0.00854307952428476,0.00779501877015905,0.00711110223583682,0.006486183424021,0.00591543829326641,0.00539436928504902,0.0049188010439667,0.00448487050674347,0.00408901331175785,0.00372794797449892,0.00339865886409231,0.00309837871074802,0.00282457118380592,0.00257491387626445,0.00234728195478153,0.00213973260737938,0.00195049038937636,0.00177793349740981,0.00162058098274691,0.00147708089515647,0.00134619931466979,0.00122681024368011,0.00111788630506047,0.00101849020085419,0.000927766881768252,0.000844936371863449,0.000769287208758172,0.000700170438637319,0.000636994136019307,0.000579218390776305,0.000527073183244205,0.000481742511746039,0.000440022243486961,0.000401578961569514,0.000366109608894283,0.000333338711735631,0.000303015784419397,0.000274912892012308,0.000251560254438538,0.000229878307949322,0.000209337873584095,0.000189854677575295,0.000173540874414948,0.000158459628286469,0.000143614627148937,0.000129050347341011,0.0001147895712091,0.00010083571991079,8.71754215557706e-05,7.378097456341e-05,6.06124540072805e-05,4.76193191967099e-05,3.47414711298106e-05,2.19097760470408e-05,9.04609616236663e-06
-7.48833106296637e-07,-4.51036308590448e-07,-1.57134036490503e-07,0.000739208016113869,0.00578313663919793,0.0130522543076969,0.0208416135877822,0.0282091016906389,0.0346283851819046,0.040714941617705,0.0457032440057596,0.049662221953916,0.0526612542267635,0.0547705435112766,0.05606139183707,0.0566063246937924,0.0564790100854562,0.055779977689959,0.0549320943239373,0.0536395907450954,0.0519606619964481,0.0499534973778291,0.0476751703620647,0.0452754781859195,0.0430809332817057,0.0407283335335932,0.0382582029088424,0.0357074940642977,0.0333852363835615,0.0312087182200767,0.0289948040188789,0.0267663863275477,0.024639372274968,0.0228918112903034,0.0211381435482526,0.01943209263833,0.0178599914962446,0.0163903247168627,0.0150230375172332,0.0137558800774868,0.0125851376342864,0.0115061655394788,0.0105137782751814,0.00960252935978267,0.00876690998763134,0.00800148733185592,0.00730099826126489,0.00666041029401345,0.00607495864037522,0.0055401659576455,0.0050518497586239,0.00460612114867831,0.00419937761535385,0.00382829185191338,0.00348979812037209,0.00318107717996506,0.00289954057491602,0.00264281480519484,0.00240872576972634,0.00219528372383505,0.00200066892211794,0.0018232180453787,0.00166141145499969,0.00151386130273444,0.00137930048078427,0.00125657239315147,0.00114462151823155,0.00104248471322089,0.000949283229224304,0.000864215381453045,0.000786549832824613,0.00071561944678573,0.000650815663210207,0.000592097091990687,0.000541087795475821,0.000494249952253883,0.000451200060606448,0.000411589279002002,0.000375100347853503,0.000341444739120071,0.000310359994901257,0.000281607248607433,0.000257488995496621,0.000235439249103249,0.000214605265229045,0.0001948959820865,0.000177218364965966,0.00016233711410635,0.000147680562061373,0.000133303748838802,0.000119238959591901,0.000105497940981548,9.20745263722285e-05,7.89472987781527e-05,6.60820027954125e-05,5.34335067671163e-05,4.09472336086e-05,2.85600419755558e-05,1.62005991763507e-05,3.78929755506542e-06
-7.48827004077851e-07,-4.51033568227002e-07,-1.57137358607646e-07,0.000662984856034749,0.00552584498143496,0.0124285945060646,0.0196277655357337,0.0268470433642471,0.0330991265339349,0.0384227500211624,0.0430993593308495,0.0468707961313851,0.0496893435891995,0.0516287884775192,0.0527641697318345,0.0532764020388993,0.0533542398530938,0.0528904583219726,0.0519437650819559,0.0505740940887433,0.0488417179472777,0.0468061570676191,0.0447151695278829,0.0426940134220509,0.0404930292548989,0.0381550065871794,0.0357194309896145,0.0334534438393476,0.0313594727123154,0.0292169730142271,0.0270509147272703,0.0248822636412574,0.0231505791873385,0.0214367880181533,0.0197261070355501,0.0181005518828434,0.0166473561827695,0.0152857446060997,0.014016696561806,0.0128388873817995,0.0117494323192728,0.0107444332277824,0.00981937738646624,0.00896942576761778,0.00818961884053533,0.00747502107591104,0.0068208200610896,0.00622239217914305,0.00567534381473891,0.00517553479821266,0.00471908908503738,0.00430239642314929,0.00392210774934591,0.00357512637234062,0.00325859643967652,0.00296988977977357,0.00270659190475534,0.00246648774055438,0.00224754747639905,0.00204791280231303,0.00186588371119436,0.00169990597218417,0.00154855934739179,0.00141054656383351,0.00128468305351659,0.00116988744515758,0.00106517277132689,0.000969638373042827,0.000882462447184278,0.000802895210029143,0.000730252623411984,0.000665244030114183,0.00060773880452369,0.000555034895869038,0.00050669306607078,0.00046231346971839,0.000421532208033937,0.000384018157277468,0.000349470032628026,0.000317613667494895,0.000288199479209017,0.000263402173437235,0.000240952742347321,0.000219795243679312,0.000199831218037167,0.000180969186886256,0.000165941993400976,0.000151472109579849,0.000137274183220363,0.000123390530379526,0.000109841779370261,9.66294607851148e-05,8.37387892294962e-05,7.11413153048544e-05,5.87972063394022e-05,4.6657025239118e-05,3.46629611384074e-05,2.27495330443496e-05,1.08438192284749e-05,-4.46995390243288e-10
-7.48832080576876e-07,-4.51025171861956e-07,-1.57137552855976e-07,0.000603813874070756,0.00524912432142058,0.0117614517850161,0.0183798769325265,0.0254017721240213,0.0314932129968686,0.0366516088777852,0.0409193499479738,0.0443410985058072,0.0469640211180536,0.0488379567972164,0.0500155016510714,0.05055197723156,0.050505241625069,0.0499353030728743,0.0489037059766032,0.0474726800734655,0.0457040733272934,0.043976748689074,0.0421458642622879,0.0401116771406279,0.0379191237291919,0.0356101377678851,0.0334298233396205,0.0314266052315815,0.0293623440040306,0.0272640486158107,0.0251548057778679,0.0233604353014696,0.0216899086590727,0.0200167078041187,0.018354787626366,0.0168110346732592,0.0154729914196381,0.0142160354634694,0.0130421440896319,0.011950885910323,0.0109401780546268,0.0100068439230114,0.00914702137272767,0.00835645896923002,0.00763072865605712,0.00696537620415812,0.00635602550601839,0.0057984488070149,0.00528861191250523,0.00482270118385164,0.00439713738330931,0.00400858015241005,0.00365392594304523,0.00333030146758818,0.00303505420884438,0.00276574110351892,0.00252011620815816,0.00229611794070434,0.0020918562880173,0.00190560028393861,0.00173576592836927,0.00158090468449333,0.00143969261544302,0.00131092019988457,0.00119348283510481,0.00108637202097345,0.00098866720283443,0.000899528243796127,0.000818454544499427,0.000747507912812366,0.00068261685527482,0.000623231375661164,0.000568850364642318,0.000519017356757299,0.000473316649895951,0.000431369744587824,0.000392832070286102,0.000357389967676353,0.000324757898726615,0.000294675859833989,0.000269310784188753,0.000246431072555532,0.000224921482443673,0.000204675601040107,0.000185595242618812,0.000169280457355452,0.000155000543148462,0.000140977914584606,0.000127265373476332,0.000113892969015241,0.000100870461523087,8.81901399053991e-05,7.58296432031391e-05,6.3754509389682e-05,5.19202742391703e-05,4.02740366230172e-05,2.87554843984288e-05,1.72974266443884e-05,5.82588839425704e-06,-4.46715721082802e-10
-7.4884321563872e-07,-4.51034394792093e-07,-1.5713377306623e-07,0.000584007209485527,0.00495178116860318,0.0110487737654924,0.0175580249654983,0.0238713805576925,0.0297972143194153,0.0347865143905906,0.0388839788684924,0.0421369147116588,0.0445954439607089,0.0463126181800628,0.0473444156406848,0.0477495853803854,0.0475892986940921,0.0469265758377151,0.0458254730683116,0.0443923610004257,0.0430467704565808,0.0414243250526648,0.0395734655553868,0.0375411439679157,0.0353716427867072,0.0333083529602642,0.0314050371088085,0.0294268272350305,0.0274027148587158,0.0253578905242416,0.023519191461216,0.0218959875915217,0.0202633512777235,0.0186367625848665,0.0170284969227471,0.0155671702182276,0.0143402003275714,0.013184203210308,0.0121021151720489,0.0110943638950555,0.0101596381272986,0.00929545592231066,0.00849858172735735,0.00776533022894032,0.00709178557383067,0.0064739574933703,0.00590789055578297,0.00538973874604842,0.00491581452165583,0.0044826192126152,0.00408685990045635,0.00372545661158804,0.00339554267487186,0.00309446035774328,0.00281975334171075,0.00256915718105268,0.0023405885764964,0.00213213405975733,0.0019420385239378,0.0017686938859369,0.00161062809455547,0.00146649460539227,0.00133506241037416,0.00121520666379195,0.00110589992391345,0.00100783645417454,0.000920078633241244,0.000839921470274682,0.000766679452978265,0.000699727612486745,0.000638496272261546,0.000582466246943647,0.000531164459405557,0.000484159923009634,0.000441060069886322,0.000401507376325065,0.00036517625953401,0.00033177021820292,0.000301019189825489,0.000275223734104704,0.000251884482130607,0.000229995586887003,0.000209442191064207,0.000190118898302683,0.000172355039163041,0.000158273255112453,0.000144427172956037,0.000130880447061296,0.000117673035439182,0.00010482346201071,9.23315850576834e-05,8.01815181967567e-05,6.8344386776406e-05,5.67807082111825e-05,4.54422724525669e-05,3.42734823933926e-05,2.32121801652482e-05,1.2190018772938e-05,1.13243375126259e-06,-4.48040939733757e-10
-7.48833829921637e-07,-4.51036763439776e-07,-1.57136562383376e-07,0.000562548195474363,0.00463259560604751,0.0102885787585179,0.0166832012129182,0.0223600236827468,0.0280104573143326,0.0328277384342835,0.0367536318295221,0.0398383934094069,0.0421353732374088,0.0437010496612649,0.0445949095711598,0.0448791389011247,0.0446180901588495,0.0438775082865276,0.0430004398568944,0.0419108454052869,0.0405162490631117,0.0388665576815997,0.0370105948001579,0.0349948783932979,0.0330823954538164,0.0312890224061234,0.0294056197701379,0.0274630885108596,0.0254886883874745,0.0236242327173515,0.0220530395411634,0.0204647083084198,0.0188762306937157,0.0173014033603748,0.0157507754403676,0.0145570746688341,0.0133352386317933,0.0122054053628196,0.0111987855241971,0.0102713000257679,0.00940961153501871,0.00861190436928102,0.00787554419655801,0.00719738909358612,0.00657401498240847,0.00600187715789208,0.00547742426414168,0.00499717702683541,0.00455778097924282,0.0041560401174087,0.00378893668871486,0.00345364097789461,0.00314751399419498,0.00286810520276393,0.00261314688428263,0.00238054629959548,0.00216837649767046,0.00197486640146146,0.00179839059171756,0.00163745912364804,0.001491463345568,0.00136093438957492,0.00124185728872715,0.00113320965017768,0.00103405861449715,0.000943553162190009,0.000860917054243878,0.000785442368643221,0.000716483579294621,0.00065345214558444,0.000595811560993323,0.000543072831547915,0.000494790337016439,0.000450558042859815,0.000410006028834038,0.000372797303781067,0.000338624873019424,0.000307209036682106,0.000281147857787032,0.000257321250352154,0.000235027226075028,0.00021414206710502,0.000194552730118633,0.00017615498809187,0.000161294135163766,0.000147630486395829,0.000134248867516065,0.000121199563843424,0.000108510364318902,9.61892113873692e-05,8.42271420474853e-05,7.26011924613981e-05,6.12770141039295e-05,5.02110377807944e-05,3.93521171121752e-05,2.8642646209585e-05,1.8019198221072e-05,7.41274785533678e-06,-4.90270220494319e-10,-4.48074890912285e-10
-7.48837366531616e-07,-4.51034093409058e-07,-1.57137418968794e-07,0.000539306264810272,0.00429032973594182,0.00954600980161664,0.0157536338899365,0.0213023598260284,0.0261378476652692,0.0307764683268778,0.0345308281044583,0.0374495952975293,0.0395895844725971,0.0410108562120478,0.0417764504156142,0.0419518968031857,0.0417919018399382,0.0413653270793139,0.0405536580447694,0.0394075251836225,0.0379781180788717,0.0363159736075748,0.0344697177229764,0.0327447456417047,0.031072196769406,0.0292932551735882,0.0274406419257716,0.0255436348412951,0.0236725656373396,0.0221586587046676,0.02061899363005,0.0190720459031527,0.0175331354873914,0.0160143077741553,0.0147779384390784,0.0136442040372258,0.0125033345529312,0.0114471384703365,0.0104721385999081,0.00957418322840224,0.0087487451014844,0.00799113569994108,0.0072966564849812,0.00666070340719472,0.00607883693125106,0.00554996211568763,0.00506537559056796,0.0046214415344708,0.00421512437555474,0.00384351792897432,0.00350386794616672,0.00319548530168699,0.00291448217829882,0.00265818619562343,0.00242444503581969,0.00221128575139748,0.00201690160379442,0.00183963939451471,0.00167798740992243,0.00153056406546177,0.00139610726029246,0.00127346446316231,0.00116158351555394,0.00105950413182862,0.000966350062156885,0.000881321882576588,0.000803690379524076,0.000732790481244659,0.000668015702145927,0.000608813058146222,0.000554678415443453,0.000505152236348514,0.000459815683702953,0.000418287058878116,0.000380218528688158,0.000345293126617371,0.00031322198873029,0.000287087907183105,0.000262747732731222,0.000240024220704418,0.000218784467904391,0.000198907416101157,0.000180281975306911,0.000164063975425444,0.000150593036203291,0.000137380222250865,0.000124486478669442,0.000111949309768091,9.97852404401101e-05,8.79927126576869e-05,7.65550696872585e-05,6.5443357223215e-05,5.46187356193191e-05,4.40344067145085e-05,3.3637013190391e-05,2.33675435950301e-05,1.31617994032434e-05,2.95048488643704e-06,-4.90615338407783e-10,-4.47676369655324e-10
-7.48827822567372e-07,-4.51041610466586e-07,-1.57137946556059e-07,0.000514141791092759,0.00392373772729414,0.00910941088527448,0.0147677698409592,0.0201835934651037,0.0248798745602599,0.0288738523883696,0.0322192486836877,0.0349758666385471,0.0369652209065121,0.0383099320609873,0.0391928570217634,0.0395640610389269,0.039469716256233,0.0389589754294128,0.0380830882309928,0.0368943267224464,0.0354447668458551,0.0337849995004417,0.0322876701089165,0.0307476184999991,0.0290836462111656,0.0273301884920963,0.025518473803492,0.0236758373009874,0.0222100623345657,0.0207240082671029,0.0192226177070527,0.0177227227225593,0.0162378812218174,0.014900710367334,0.0138397697556896,0.0127564272435134,0.0116943290827915,0.0107097788823793,0.00979996399253677,0.00896133053990585,0.00818989021492081,0.00748144119894,0.00683172512240906,0.00623653651716629,0.00569179714535458,0.00519360451309077,0.00473826151431349,0.00432229245183967,0.00394244928808546,0.00359571104533928,0.00327927848424454,0.00299056564607629,0.00272718941040327,0.00248695791527991,0.00226785843620333,0.00206804516232002,0.00188582716012676,0.00171965672938996,0.00156811827907187,0.00142991781134475,0.00130387303815149,0.00118890416671176,0.00108402532904627,0.000988336656167019,0.00090101696249746,0.000821317005519194,0.000748553299388386,0.000682102438000099,0.000621395887267095,0.000565915226124884,0.000515187778868956,0.000468782630204817,0.000426306966559024,0.00038740272958056,0.000351743545131821,0.000319784363883413,0.000293046517023034,0.00026816836696126,0.000244992601097783,0.000223376891280993,0.00020319187989074,0.000184319291309745,0.000166650196229785,0.000153317033410337,0.000140280907813381,0.000127544346980492,0.000115154953646941,0.000103138300978335,9.15007167138571e-05,8.02322908160157e-05,6.93098008718686e-05,5.86993358735056e-05,4.83584747088243e-05,3.82379577026541e-05,2.82828538910685e-05,1.84332676767072e-05,8.62465150267246e-06,-5.39976645157651e-10,-4.91701441499371e-10,-4.48489634229261e-10
-7.48833901188508e-07,-4.51041382293652e-07,-1.57133234740915e-07,0.000486905738006514,0.00363442055249997,0.00864331175787552,0.0137243267928957,0.0190028474824357,0.0235562854505072,0.0274039386978602,0.0305691839398142,0.0330798666238832,0.0349684902247118,0.0362722119880421,0.0370326415963255,0.0372954315134377,0.0371096478182395,0.0365269193283499,0.0356003814508579,0.0343834565418054,0.0329285399004869,0.0317029398659288,0.0303078018059389,0.0287701196910665,0.0271259193033765,0.0254082955577292,0.0236466365996468,0.0222041300568307,0.020777178557134,0.0193259492523283,0.017868761941104,0.0164206913525387,0.0149938611439653,0.0139626625086598,0.0129285382535745,0.0118967033251647,0.010910914373387,0.00999577574381912,0.00914911685310847,0.00836796173120004,0.0076488432637099,0.00698803046753149,0.00638169092275512,0.00582600495953271,0.00531724412537595,0.00485182332539403,0.00442633366909229,0.00403756132978603,0.00368249631709238,0.00335833414803844,0.00306247253115755,0.00279250473507029,0.00254621078488171,0.00232154734615632,0.00211663695396269,0.00192975698268733,0.00175932870585196,0.00160390664539004,0.00146216834481142,0.00133290466453242,0.00121501064604061,0.0011074769643002,0.00100938197051586,0.000919884321280368,0.000838216162488649,0.00076367685359558,0.000695627191939302,0.000633484113323113,0.000576715830084269,0.000524837374922193,0.000477406525583006,0.000434020067957547,0.000394310373362569,0.00035794226494442,0.000326420045787469,0.000299024150678412,0.000273585658839005,0.00024993662693066,0.000227925159801938,0.000207413398159205,0.000188275632914652,0.000170396550364249,0.000155802097015159,0.000142954475749946,0.000130380692568724,0.000118138756066645,0.000106263700405414,9.47702049562463e-05,8.36555582207985e-05,7.29026599646746e-05,6.24828067636317e-05,5.23580916051404e-05,4.24833293443303e-05,3.28074757708102e-05,2.3274576644429e-05,1.38242942253939e-05,4.39208606281759e-06,-5.39547964327297e-10,-4.86809862978229e-10,-4.48945163851891e-10
-7.48829750103586e-07,-4.51036200725519e-07,-1.57134938517171e-07,0.000457439279550126,0.00347414961373788,0.0081464628758829,0.0127303520774086,0.0177596766584496,0.0221673201194145,0.0258669183330273,0.0288845265126875,0.0312509556284347,0.0330018855900118,0.034177755226365,0.0348234246097753,0.0349876025440663,0.0347220380381459,0.0340804903211823,0.0331175150819373,0.0320177425026375,0.0309818571228316,0.0297447429131773,0.0283454434464679,0.0268214319333863,0.0252075675795123,0.0235352306510305,0.0221374384882282,0.0207755908340367,0.0193796719537904,0.0179694514817971,0.0165615132097919,0.0151691201076131,0.0140575484644256,0.0130508215443729,0.0120471653310885,0.0110674985569823,0.0101553335188004,0.00930716880077053,0.00852145163908361,0.00779576243063393,0.00712713603577763,0.00651229511061813,0.00594781774613496,0.005430256183801,0.0049562192346135,0.00452242789205756,0.00412575125271562,0.00376322809303533,0.00343207807944851,0.00312970559190347,0.002853698369771,0.0026018226203076,0.00237201578945224,0.0021623778764056,0.00197116193217421,0.00179676420718221,0.00163771425535634,0.00149266524311523,0.00136038458308027,0.00123974502513967,0.00112971622507174,0.00102935685106704,0.000937807214940482,0.00085428243521815,0.000778066110744881,0.000708504481137725,0.000645001058088281,0.000587011685035945,0.000534040008473332,0.000485633326574582,0.000441378776501191,0.000400899855276355,0.00036385321826861,0.000333094063611024,0.000305019049999883,0.000279000145440934,0.000254858785935079,0.000232433451317363,0.000211577670445429,0.000192158131103566,0.00017405292031583,0.000158045625826133,0.000145401983847338,0.000133000321499232,0.000120909277641875,0.000109173704653869,9.78170610558344e-05,8.68442833752116e-05,7.62448089730798e-05,6.59954775850867e-05,5.60631185795313e-05,4.64066996408095e-05,3.69789927734042e-05,2.77277546028456e-05,1.85964743337714e-05,9.5247433088025e-06,4.48315959929021e-07,-5.40596992142032e-10,-4.91858076559237e-10,-4.48918302059351e-10
-7.48834094519174e-07,-4.51036388761697e-07,-1.57136239986074e-07,0.000425573458141069,0.0033020486257376,0.00761768525849937,0.0121110597862381,0.0164541310865616,0.020713832078209,0.0242646335855493,0.0271355380201825,0.0293605515563739,0.0309786958427553,0.0320337658550345,0.032573831953541,0.0326504874170355,0.0323178553188693,0.0316313896394765,0.0309579619030556,0.0301152775238825,0.0290499401721936,0.0278018460868974,0.026409751362991,0.0249101575081186,0.0233363582614245,0.0220062914274394,0.0207160214547093,0.0193810757951147,0.0180226215951006,0.0166587314500011,0.015304175121713,0.01412314484824,0.0131466141918164,0.0121681903329246,0.0111980577491125,0.0102707790347965,0.00942937395247324,0.00864558254976954,0.00791844427851621,0.00724607310406788,0.0066259855031283,0.00605533952043955,0.00553110736334288,0.00505019841831873,0.00460954543634109,0.00420616345923358,0.00383718867292598,0.00349990258557539,0.00319174555944898,0.00291032271445215,0.00265340443563677,0.00241892315590058,0.00220496764295494,0.0020097756688647,0.00183172575275798,0.00166932841625591,0.00152121730320412,0.0013861404028728,0.00126295152073429,0.00115060211699339,0.00104813357162995,0.000954669906260739,0.000869410985518539,0.000791626194446044,0.000720648577934557,0.000655869427904797,0.000596733299223369,0.000542733421712309,0.000493407488283902,0.000448333790489923,0.000407127678298094,0.000370936005965576,0.000339799345808943,0.000311027190151638,0.000284410363465351,0.000259759772208364,0.000236904309378532,0.00021568886017117,0.000195972425141737,0.00017762634478369,0.000160532669034309,0.000147622332512872,0.000135405639268458,0.000123472480934934,0.000111877816314327,0.000100654268457907,8.98148510051647e-05,7.93559616543418e-05,6.92603550528575e-05,5.94998770121027e-05,5.00378134791017e-05,4.08307791256773e-05,3.18301284711501e-05,2.29829169044805e-05,1.42324670882895e-05,5.51860439973265e-06,-5.93013535174203e-10,-5.37979631711109e-10,-4.92857842498415e-10,-4.48462718495532e-10
-7.48833938943555e-07,-4.51040626124269e-07,-1.57137720451874e-07,0.000391128924037053,0.00311743465125343,0.00705589475904669,0.0114549128738757,0.0153817971286394,0.0191973487671259,0.0225997117903187,0.0253261047033204,0.0274139196843665,0.0289056268911092,0.0298483749027934,0.0302933128426944,0.0302946488096327,0.0300780712560293,0.0297281682041232,0.0290936289897757,0.028214409426997,0.0271310306567809,0.0258833436727104,0.0245093483128434,0.0230441534348065,0.0218067462401688,0.0205949623791828,0.019327134980897,0.0180257606010856,0.0167103669029686,0.0153972266779311,0.0141580324006105,0.0132147660733409,0.0122641365926638,0.0113172626785125,0.010383104910131,0.00950801969544132,0.00873437578667548,0.00801223398530809,0.0073411993785335,0.0067198958041277,0.00614630015275656,0.00561798684164728,0.00513230508731276,0.00468650600256212,0.0042778323587503,0.00390358065692177,0.00356114277625704,0.00324803262217651,0.00296190188275619,0.00270054790441681,0.00246191598363884,0.00224409775261721,0.00204532690298361,0.00186397316483265,0.00169853522941127,0.00154763306541234,0.0014100000173199,0.00128447489348637,0.00116999424389337,0.00106558492064995,0.000970356993017074,0.000883497075546608,0.000804262064906065,0.000731973313435043,0.000666011215993051,0.000605810204737674,0.000550854134246048,0.000500672029601278,0.000454834180913092,0.000413162685896074,0.000378485191500526,0.000346526244115733,0.000317042253971268,0.000289812809819213,0.000264638462941582,0.000241338630429722,0.000219749611722879,0.000199722704711436,0.000181122440374342,0.000163824934572351,0.000149612579732858,0.000137596960220927,0.000125832023417375,0.000114383054571672,0.000103292176817428,9.25808799187787e-05,8.22529361564884e-05,7.22974043671053e-05,6.26914705756932e-05,5.34029659573621e-05,4.4392457824114e-05,3.56148789093287e-05,2.70206995145183e-05,1.85566894724972e-05,1.0166328699391e-05,1.78992144064246e-06,-5.93686599827677e-10,-5.39422065714621e-10,-4.92806065326097e-10,-4.49141144250041e-10
-7.48839024312319e-07,-4.51034338651905e-07,-1.57143382435979e-07,0.000353915717133039,0.00291961721075046,0.00646012879616301,0.0107611393877479,0.0145824956933479,0.0179218915013506,0.0208756033274015,0.0234610075661652,0.025417252095076,0.0267902904231461,0.0276305343740667,0.028181745419619,0.0284220835534154,0.0283179862057996,0.0279069280820361,0.0272286958920325,0.0263241834480994,0.0252341235333763,0.0239978462281578,0.0226521551420322,0.0215346373643069,0.0204086429504851,0.0192145292163534,0.0179760365077002,0.0167140988969348,0.0154464762373474,0.0141875975349638,0.0132539855841369,0.0123339826680784,0.0114126930276328,0.0105000169688272,0.00960369247693943,0.00878022709451219,0.00807125265190995,0.00740795170233628,0.00679046777356889,0.00621791030102768,0.00568869484640895,0.00520079267046803,0.00475191242245045,0.00433963108785775,0.00396148713099828,0.00361504555507037,0.00329794218795535,0.00300791269060459,0.00274281041337348,0.00250061615541839,0.00227944215309645,0.00207753198418506,0.00189325767161326,0.00172511490431001,0.00157171707906205,0.00143178863917601,0.00130415809626802,0.00118775095332964,0.00108158274420887,0.000984752281672243,0.000896435202268921,0.000815877862896579,0.000742391595173273,0.000675347351081107,0.000614170715892286,0.000558337293595698,0.000507368442489489,0.000460827348019519,0.000421685548822844,0.00038605407680328,0.000353262568068251,0.000323055637771265,0.000295201931101908,0.000269491890102539,0.000245735648063615,0.000223761043098821,0.000203411735962174,0.000184545449823235,0.000167032313653714,0.000151368249443448,0.00013957279905858,0.000127989539975997,0.000116694227711275,0.00010573876295281,9.51534727382289e-05,8.49499044378577e-05,7.51238118259079e-05,6.56580701016182e-05,5.6525328505818e-05,4.76902826691829e-05,3.91115032386194e-05,3.07428151206414e-05,2.25342525202271e-05,1.44326432254168e-05,6.38188189188427e-06,-6.50901492695027e-10,-5.93646538066465e-10,-5.40629355906065e-10,-4.92711817129585e-10,-4.49512228590073e-10
-7.48834916800366e-07,-4.51036018855712e-07,-1.57137738642065e-07,0.000313733150292107,0.00270790428047736,0.00589474431832487,0.0100291814389177,0.0137420771542324,0.0169675206925861,0.0197080955547611,0.0219706886145363,0.0237671746085389,0.0251147944658905,0.0260362252992682,0.0265593474405993,0.0267167209010631,0.026544794179496,0.0260828834384064,0.0253719791576669,0.024453456774095,0.0233677824792628,0.0221533099011948,0.0211855979790055,0.0201530487642627,0.0190396611847455,0.0178703142676369,0.0166672831422579,0.0154497850441386,0.0142337432876294,0.0132628580749896,0.0123765616160748,0.0114834507814228,0.0105943497835157,0.00971792655952641,0.00886072939266873,0.00808797287983842,0.00744052225695073,0.00683320381746532,0.0062666720638997,0.00574049746879613,0.00525351224961095,0.00480406471772826,0.00439020512360487,0.00400982022968571,0.00366072964789141,0.00334075371106345,0.00304776026209295,0.0027796958910707,0.00253460578318414,0.00231064526707616,0.00210608540095532,0.00191931433287485,0.00174883570247471,0.00159326504816612,0.00145132491237784,0.00132183915241952,0.00120372683063948,0.00109599594515444,0.000997737183853692,0.00090811783149645,0.000826375913116132,0.000751814627781709,0.000683797102608877,0.000621741478546853,0.0005651163349427,0.000513476917618403,0.000470056275255431,0.000430213145625029,0.000393623624340856,0.000359993663875428,0.000329056476521699,0.000300570117901124,0.000274315229462781,0.000250092912092503,0.000227722735033397,0.000207040857373231,0.00018789826470813,0.000170159110066365,0.000153699181946643,0.00014133013682416,0.000129944904123228,0.000118814187107158,0.000107999878206159,9.75414619132342e-05,8.74586335863168e-05,7.77542285095012e-05,6.84171716525304e-05,5.94252354537183e-05,5.07474677762327e-05,4.23462026216724e-05,3.41786348515932e-05,2.61979655171085e-05,1.83541616286361e-05,1.05943849488943e-05,2.86315334695032e-06,-6.52027270281246e-10,-5.91106445511836e-10,-5.39735698130717e-10,-4.93176077261063e-10,-4.49005350353281e-10
-7.4883803799651e-07,-4.51039428517709e-07,-1.57137972755931e-07,0.000270369765778134,0.00248160935893244,0.00562001201661597,0.0092587303423953,0.0128606862164824,0.0159705340215173,0.018593063501156,0.0207377127981238,0.0224191707164995,0.0236576459339803,0.0244788024639246,0.024913371411047,0.0249964609552973,0.0247666016719793,0.024264583329622,0.0235321591445185,0.0226107099350878,0.0215645980992901,0.0207550807220235,0.0198239385922241,0.0187986710740343,0.0177051693110635,0.0165669653534612,0.0154046886183655,0.0142357448628173,0.0132398626907744,0.0123905768441285,0.0115284893971138,0.0106653224522274,0.00981066899660784,0.00897198414751384,0.00815468510104568,0.00743143480863292,0.0068423437919603,0.00628813211180649,0.00576993779148809,0.0052877677768594,0.00484084888699047,0.00442788664655756,0.0040472550169658,0.00369713438645307,0.00337561089841954,0.00308074698602379,0.00281063051123312,0.0025634081123016,0.00233730692498005,0.00213064782506067,0.00194185253257687,0.00176944634150153,0.00161205775506401,0.00146841601374163,0.0013373472103358,0.00121776951553972,0.00110868790612889,0.00100918864421656,0.000918433719802931,0.000835655380973367,0.000760150838808161,0.000691277221672663,0.000628446790961194,0.000573033548140353,0.000524296055308534,0.000479647877603205,0.000438718822889244,0.000401172318150427,0.000366702530561623,0.000335031714244219,0.000305907737717449,0.000279101797485441,0.000254406271323329,0.000231632714367076,0.000210609975312889,0.000191182432790673,0.000173208337954377,0.00015655827332883,0.000142864661795046,0.000131696472677254,0.000120744067079828,0.000110079486391709,9.97516401382633e-05,8.97887159004518e-05,8.02010013683562e-05,7.09838359827196e-05,6.2120440583661e-05,5.358447486041e-05,4.53422127407404e-05,3.73542975718568e-05,2.95770733497158e-05,2.19635170300216e-05,1.44638273463912e-05,7.02572338383335e-06,-7.15741889987548e-10,-6.46660376859518e-10,-5.94583897407834e-10,-5.41550526594107e-10,-4.92885062948339e-10,-4.49885690839065e-10
-7.48834920181318e-07,-4.51044710726575e-07,-1.57144062332719e-07,0.00022360346095708,0.00224005954284629,0.00532752094553238,0.00844976184213753,0.0119388299780158,0.0149321126025678,0.0174368436034807,0.019465221925341,0.0210349092332244,0.0221691671385266,0.0228966374065586,0.0232507837790297,0.0232690305530226,0.0229916526345145,0.0224604922329713,0.021717595850082,0.0209240151595477,0.0202383782243733,0.0194168603250411,0.0184874491004314,0.0174768980793478,0.0164098911703792,0.015308407105557,0.01419130818782,0.0131833882208347,0.0123746163470699,0.0115466272994118,0.0107120034502167,0.00988124884564961,0.00906273005336956,0.00826273695948045,0.00748563371810269,0.00681044236319627,0.00627655949652678,0.00577258992316599,0.00530012801572726,0.00485959284508166,0.00445058395900608,0.004072144395768,0.00372295406150739,0.00340147090985869,0.00310603308657216,0.00283493195963327,0.00258646347232175,0.00235896347404673,0.00215083121153576,0.00196054416738161,0.00178666659315147,0.00162785353143535,0.00148285162225846,0.00135049768132326,0.00122971577278836,0.00111951330840546,0.00101897655255415,0.000927265819084775,0.000843610561462888,0.000767304492044718,0.000699791003675975,0.000639905174728256,0.000585142508558864,0.000535040738921282,0.000489178863102273,0.000447173641090737,0.000408676377779982,0.000373369973129138,0.000340966198313028,0.000311203179905769,0.000283843068435437,0.000258669874562363,0.000235487436627726,0.000214117542529017,0.000194398147908822,0.000176181730104316,0.000159333735833867,0.000144171002567074,0.000133241298773097,0.000122483506265671,0.000111979881074811,0.000101788977987559,9.19477823741062e-05,8.24743887745514e-05,7.33709099340265e-05,6.46263509190605e-05,5.62192686399928e-05,4.81200915952681e-05,4.02930432271321e-05,3.26976465354065e-05,2.52898298658792e-05,1.80226738423239e-05,1.08468481495417e-05,3.71079824498099e-06,-7.06779523684737e-10,-6.51227407745921e-10,-5.93833872302983e-10,-5.41866281191156e-10,-4.93329843978838e-10,-4.49334938294999e-10
-7.48829982482128e-07,-4.51038656706141e-07,-1.57142268580751e-07,0.000183431563519064,0.00198260494820003,0.00501663874884495,0.00780871520196828,0.0109774109271758,0.0138539068894579,0.0162419610867326,0.018156715151806,0.0196189190514103,0.0206549140735501,0.0212962405734221,0.0215789013563652,0.0215423327146285,0.0212281571222702,0.0206788115853705,0.0201838197462286,0.0196306437562129,0.0189271666040938,0.0181016469274394,0.0171815264700902,0.0161925130645249,0.0151578519642682,0.0140978199226267,0.0130917486200586,0.0123271659295913,0.0115365597820031,0.0107333220185034,0.00992884329187325,0.0091323983678339,0.00835116239440265,0.00759032953159927,0.00685330218618915,0.0062810078029834,0.00574465165856591,0.00528618166543593,0.00485687933842341,0.00445563829962976,0.00408240931117474,0.00373655353599868,0.00341703931825795,0.00312258635126701,0.00285177045954588,0.00260309895418176,0.00237506408676982,0.00216618022039048,0.00197500900325731,0.00180017569080317,0.0016403790393599,0.00149439653732654,0.00136108631414847,0.00123938671315303,0.00112831426567493,0.0010269606052771,0.000936859081905574,0.000856069427230682,0.000782301038542885,0.000714925335405791,0.000653368869943989,0.000597108688079249,0.000545668070636821,0.000498612621645548,0.000455546673667134,0.000416109997918794,0.000379974772567944,0.000346842797764765,0.000316442931783246,0.00028852871517027,0.000262876175320145,0.000239281782169541,0.000217560546199943,0.000197544236287251,0.000179079731295795,0.00016202746068897,0.000146259973803025,0.000134575337302707,0.000124030836070895,0.000113701880517179,0.000103656819231783,9.3941704052392e-05,8.45827639926431e-05,7.55892336978789e-05,6.69562426384806e-05,5.86675470268301e-05,5.06979743496282e-05,4.30154994222421e-05,3.55829138649346e-05,2.83590973918386e-05,2.1299921627663e-05,1.43588304080891e-05,7.48715138296483e-06,6.34184820903417e-07,-7.11787082056671e-10,-6.52333236603187e-10,-5.94543871840103e-10,-5.41045148960984e-10,-4.93235851831463e-10,-4.4938705593173e-10
-7.48841121013003e-07,-4.51045659549815e-07,-1.57142502734479e-07,0.000179385162098541,0.00181441745708709,0.00468679312049623,0.00741587290602833,0.00997775496478618,0.0127380559118108,0.0150114777861145,0.0168162491250574,0.0181762702621067,0.0191209225973275,0.0196844919167856,0.0199052528353579,0.0198242857541484,0.0195588702726276,0.0193390429722095,0.0189269119308513,0.0183500306108839,0.017636688696535,0.0168148170768738,0.0159109950939694,0.0149496296281416,0.0139523512732609,0.012963198801763,0.012246622030391,0.0114968698574994,0.0107280779963034,0.00995248720141682,0.00918026799209836,0.0084194867494846,0.00767618655527327,0.00695455106951751,0.0063450125898922,0.00588093972837615,0.00537959490357335,0.00491845043023476,0.00449497672967065,0.00410661548756721,0.00375084369902558,0.00342521706644299,0.00312911772372775,0.00286011906145089,0.00261248992010097,0.0023849408507063,0.00217614887055379,0.00198479639083391,0.00180992789019203,0.00165230560685601,0.00150849059684481,0.00137727907025562,0.00125756703949911,0.00114834311054718,0.00104868153892507,0.000957735611175974,0.000874731372382819,0.000798961761147459,0.00072978112813816,0.000666600163378665,0.00060888118736791,0.000556133822829814,0.000507911003429176,0.000463805307201124,0.00042344558601613,0.000386493872917297,0.000352642538071751,0.000321611668370154,0.00029314665327046,0.000267015959469558,0.000243009055106568,0.000220934496071231,0.000200618141572711,0.000181901484220067,0.000164640104949122,0.000148702225213352,0.000135693625042392,0.000125383268297407,0.000115245004294247,0.000105357064390711,9.57747736992083e-05,8.65327981417971e-05,7.76478297527672e-05,6.91214572719726e-05,6.09429491257665e-05,5.30917989812101e-05,4.55399363863964e-05,3.82535521406307e-05,3.11945266369623e-05,2.43214906375737e-05,1.75905467771955e-05,1.09557080537524e-05,4.36910074583408e-06,-7.85797555204924e-10,-7.15819267596162e-10,-6.51984306394454e-10,-5.94574237970726e-10,-5.41633852165522e-10,-4.93654747620848e-10,-4.49028823926583e-10
-7.48830171183033e-07,-4.51046014395958e-07,-1.57143929963983e-07,0.000174998165942331,0.00174069749908698,0.00433748671961669,0.00700129731760428,0.00939948551461012,0.0115871960741422,0.0137489824684387,0.0154484036203955,0.0167125103972951,0.0175736130778708,0.0180685154766972,0.0182677781399778,0.018441385229238,0.0183846916138156,0.0181221188213998,0.0176804620391229,0.0170877821640028,0.0163722759027399,0.0155612162814179,0.0146800429334512,0.0137516588175994,0.0127959614690595,0.0121313047406091,0.0114260386347471,0.0106949505594411,0.00995108112995839,0.00920547342004384,0.00846708316567809,0.00774281594002179,0.00703766035374248,0.00635488468226069,0.00593821611662291,0.00549500542813005,0.00502747539456941,0.00459711924285153,0.00420168253831756,0.00383885621819028,0.00350634328525583,0.00320190455194985,0.00292338895052667,0.0026687525181495,0.00243606919417982,0.00222353572442385,0.00202947238663971,0.00185232082847059,0.00169063997615691,0.00154310065636757,0.00140847950326322,0.00128565245844554,0.00117358817180783,0.00107134142985262,0.000978046807474329,0.000892912548628372,0.00081521478802703,0.00074429210477881,0.000679540444241468,0.0006204083846904,0.000566392762209051,0.000517034622288942,0.000471915501292843,0.000430653983114751,0.000392902565730767,0.000358344743462404,0.000326692355065659,0.000297683120169154,0.000271078377157275,0.000246660993932642,0.000224233421407097,0.000203615907428393,0.000184644815067367,0.000167171074010066,0.000151058731748834,0.000136590458610331,0.000126537047625816,0.000116607638959286,0.000106890324775006,9.74498707607488e-05,8.83296311085534e-05,7.95540752064049e-05,7.11315809561447e-05,6.30572460137061e-05,5.53155102909866e-05,4.78824892182163e-05,4.07279352387093e-05,3.3816823519872e-05,2.71105588660321e-05,2.056784023614e-05,1.41452296834985e-05,7.79746653993898e-06,1.47757844609578e-06,-7.85653632747949e-10,-7.16837831555748e-10,-6.52863900740026e-10,-5.9440955943181e-10,-5.41659715239894e-10,-4.93940076233159e-10,-4.49113945127501e-10
-7.48838799680634e-07,-4.51041446451496e-07,-1.57145886560596e-07,0.000170243092855399,0.00166158699546853,0.0039683129660428,0.00656476315477081,0.00888938136720961,0.010933824101526,0.012691545988389,0.0141589572608684,0.0153363651019009,0.016228628673329,0.0168454822420414,0.0172015076745021,0.0173157654075769,0.0172111201797594,0.0169133227625123,0.0164499300477477,0.0158491590649675,0.0151387733442866,0.0143450910150699,0.0134921829569608,0.0126013013522888,0.0119794714828155,0.0113224557977967,0.0106325064079468,0.00992339820685409,0.00920701118125388,0.00849317918286345,0.00778967735263619,0.00710231878805093,0.0064351275299968,0.00594006269309606,0.00554609259446753,0.00512410300825558,0.00468910741895728,0.00428837491637845,0.00391991541431797,0.00358165938082156,0.00327152706805148,0.00298747648252182,0.00272753567314661,0.0024898234622608,0.00227256179801905,0.00207408206191019,0.00189282704160856,0.0017273498991835,0.00157631107079693,0.0014384738305042,0.00131269901618181,0.00119793926893566,0.00109323310872275,0.000997698996836476,0.000910529513919514,0.000830985769919705,0.000758392066644736,0.000692130882842309,0.000631638148646717,0.000576398874761289,0.000525943072526706,0.000479841993127424,0.000437704654759654,0.000399174642335109,0.000363927166817604,0.000331666348353628,0.000302122733376156,0.000275050990767155,0.000250227794198511,0.000227449868694745,0.000206532170160646,0.000187306214095191,0.000169618509840946,0.000153329113341774,0.000138310280433224,0.00012748761425582,0.000117787171174577,0.000108256073722572,9.89686039875375e-05,8.99770229528077e-05,8.13138607125502e-05,7.29946089821975e-05,6.5020509356406e-05,5.73812430693249e-05,5.00573560374328e-05,4.3022356731019e-05,3.62444413255745e-05,2.96878447904595e-05,2.33138501804014e-05,1.70814807273346e-05,1.09479331085212e-05,4.86878772662392e-06,-8.62578089487313e-10,-7.78347411352022e-10,-7.16490693291534e-10,-6.52439447188767e-10,-5.94896470097271e-10,-5.40800101613597e-10,-4.93188422670259e-10,-4.49666189201442e-10
-7.4883997781527e-07,-4.51042995429684e-07,-1.57150123304046e-07,0.000165090494239938,0.00157678225417745,0.00357897262951455,0.00610619440063461,0.00835580209280895,0.010320695878265,0.0119959775299531,0.0133800588035052,0.0144755183265247,0.0152896404946722,0.0158345974992607,0.0161272666209197,0.0161887059451556,0.0160433411564128,0.0157179413129629,0.0152404797270318,0.0146389832503654,0.0139404683854719,0.01317004473501,0.0123502391155051,0.0117893316665345,0.0111844306326926,0.0105392079473103,0.00986809040297127,0.00918374512036751,0.00849686183467816,0.00781608441012497,0.00714806477956304,0.00649760670910023,0.00592967854520369,0.0055522325019621,0.00516950921726955,0.0047689098605486,0.00436510383405288,0.00399277143621775,0.00365017564182455,0.00333547628017757,0.00304680167899623,0.00278229874937007,0.00254016714399972,0.00231868166898874,0.00211620611402225,0.00193120089271729,0.00176222620740547,0.00160794209984708,0.0014671063155224,0.00133857074512394,0.00122127692819586,0.00111425102261418,0.00101659852995491,0.0009274989293041,0.000846200406958394,0.000772014731253874,0.000704312371375015,0.000642517858736421,0.000586105443345663,0.000534595039158658,0.000487548435585021,0.00044456581819082,0.000405282530853838,0.000369366096421814,0.000336513481627162,0.000306448564685998,0.000278919812356481,0.000253698135010287,0.000230574908350705,0.000209360148694931,0.000189880819763998,0.000171979266904731,0.000155511764244002,0.000140347166722689,0.000128229749875169,0.00011878013647681,0.000109452769527346,0.000100331444111406,9.14774813742459e-05,8.29317285327406e-05,7.47170911578724e-05,6.68412712782598e-05,5.92994870806721e-05,5.20769778179767e-05,4.51512246328972e-05,3.84937982870967e-05,3.20718591409567e-05,2.58492965941842e-05,1.97875560657209e-05,1.38461833483608e-05,7.98314175151742e-06,2.15493769835619e-06,-8.63131812547338e-10,-7.83093021959419e-10,-7.11752342050315e-10,-6.52862013870265e-10,-5.94638073006136e-10,-5.42213059232968e-10,-4.94174304319546e-10,-4.49914031660357e-10
-7.48846475932752e-07,-4.51044766827437e-07,-1.57148241319962e-07,0.000159508792798561,0.00148597743768626,0.00316929066903119,0.00562568249902849,0.00779920108938698,0.00968418197698345,0.0112775564655222,0.012579891629131,0.013596142575691,0.0143360563090128,0.0148141984320392,0.0150496084433833,0.015065123610051,0.0148864415327093,0.0145410150328719,0.0140568858986497,0.013461563628286,0.0127810415845264,0.012043884024931,0.0115590624578065,0.0110102039478759,0.0104134218879248,0.00978369464972406,0.00913441098457648,0.00847708156554791,0.00782120865300471,0.00717429087796915,0.00654193170866693,0.00592801801288656,0.00554707405292664,0.00517930378370422,0.00480911027461823,0.00442989208511111,0.00405588483133217,0.0037106870730416,0.00339280322057184,0.00310061199355465,0.00283244033117741,0.00258661548712959,0.00236150097777063,0.00215552056382707,0.00196717350332581,0.00179504344941801,0.00163780276068213,0.0014942135753028,0.00136312659385004,0.00124347835334168,0.00113428749508083,0.00103465040761415,0.000943736568058861,0.000860783751004719,0.000785093248180627,0.0007160252235979,0.000652994230302634,0.000595464970756223,0.000542948289666665,0.000494997419666586,0.00045120450431082,0.000411197350248739,0.000374636432553551,0.000341212135058195,0.000310642193808621,0.000282669353407466,0.000257059196513761,0.000233598150337001,0.000212091644117957,0.000192362407895461,0.000174248897364991,0.000157603837955753,0.000142292871976073,0.000128757734195064,0.000119582338815625,0.00011047797966666,0.00010153783932973,9.28323881077072e-05,8.44109965467669e-05,7.63042638322258e-05,6.85266573338838e-05,6.10792316503868e-05,5.39521978059328e-05,4.71272349915817e-05,4.05794735871224e-05,3.42791187362482e-05,2.81927296800709e-05,2.22841686710126e-05,1.6515267431557e-05,1.08462471846005e-05,5.23593341150312e-06,-9.47581372216953e-10,-8.60758123439508e-10,-7.84853204223237e-10,-7.16511800242008e-10,-6.52789018904134e-10,-5.94600883544269e-10,-5.41688312794589e-10,-4.94348945501776e-10,-4.4957139897e-10
-7.4883811991052e-07,-4.5104235381897e-07,-1.5714968806345e-07,0.000153464207403485,0.00138886731747816,0.00291723934731728,0.00512350337111678,0.00722026019231275,0.00902546342718318,0.0105380431320779,0.0117608505203523,0.0127012853894762,0.0133715481948178,0.0137885011404282,0.0139731608817459,0.0139498810904347,0.0137453124549177,0.0133872468579124,0.0129034581082551,0.0123206425252343,0.0117037545813145,0.0112868255118514,0.0107979610731377,0.0102534286177661,0.00966863925223988,0.00905762074933151,0.00843265537871157,0.00780408231914417,0.00718024679957572,0.00656756684509666,0.00597068394694673,0.00553019517310064,0.00517866548812775,0.00482196826233099,0.00446532782985148,0.00410731874401797,0.00376169106362341,0.0034423364884346,0.00314798905990499,0.00287723571930972,0.00262859239213699,0.00240055796878927,0.00219165192936562,0.00200043983238519,0.00182554990139494,0.00166568313214871,0.00151961867798192,0.00138621588203552,0.00126441396236534,0.00115323006990769,0.00105175625596257,0.00095915578848306,0.000874659070759069,0.000797559381581382,0.000727208584328416,0.000663012914420947,0.000604428908488156,0.000550959507333822,0.000502150390862672,0.000457586521061221,0.000416888925792591,0.00037971170561396,0.000345739262733106,0.000314683738703848,0.000286282644543179,0.000260296684822434,0.000236507745112165,0.000214717035938085,0.000194743379040427,0.000176421632240672,0.000159601218627774,0.000144144780689173,0.000129926918685413,0.000120188993372907,0.000111328488454699,0.000102586323808625,9.40420991733445e-05,8.57538658228412e-05,7.77601618903077e-05,7.00825117918868e-05,6.27281035841933e-05,5.56924003059491e-05,4.89615278222155e-05,4.2514374886065e-05,3.63243405698322e-05,3.03607421948043e-05,2.45898920619395e-05,1.89758820924891e-05,1.34811035843744e-05,8.06656499394698e-06,2.69201880347892e-06,-9.47379550304847e-10,-8.62960453720242e-10,-7.86074066721623e-10,-7.16349281124535e-10,-6.53057953902491e-10,-5.95332371608412e-10,-5.37210207043097e-10,-4.92907341727367e-10,-4.50167524873491e-10
-7.48846660722349e-07,-4.51049144488381e-07,-1.5715659043657e-07,0.000146920641173855,0.00128515051853009,0.0027888858692088,0.00460013264980961,0.00661990124317284,0.00834599372308334,0.00977948836442604,0.0109256175374899,0.0117942513549224,0.0123999844302972,0.0127618266290218,0.0129025393544921,0.0128476945356594,0.0126245596615969,0.0122609246079525,0.0117839831171141,0.0113159972811863,0.0109707842918104,0.0105458458780214,0.0100574325807122,0.00952125092410013,0.00895186707018482,0.00836226960649309,0.00776360027345047,0.00716504125851235,0.00657383352954095,0.0059953934028179,0.00550116678364748,0.00516720088399822,0.00482519079320435,0.00448070921948189,0.00413839699166682,0.00380127958838816,0.00348259991348358,0.00318778569152672,0.00291578870784298,0.00266539342193538,0.00243529505239863,0.00222415535280596,0.00203064181479527,0.00185345458273457,0.00169134430313475,0.00154312335943207,0.0014076722850004,0.00128394272226969,0.00117095792623671,0.00106781157469788,0.000973665429806082,0.000887746253422168,0.000809342296479826,0.000737799529309128,0.000672517831917599,0.00061294718115234,0.000558583961530372,0.000508967421292327,0.000463676306014765,0.000422325692075566,0.000384564029471635,0.000350070379171524,0.000318551849588359,0.00028974123704765,0.000263394829920518,0.000239290384526366,0.000217225271874926,0.00019701474489739,0.0001784903600043,0.000161498504925352,0.000145899045653227,0.000131564067289547,0.000120594860655912,0.000112000427015159,0.00010347461571387,9.51060456875232e-05,8.69615227566578e-05,7.90877249029802e-05,7.15135050960967e-05,6.42524786648575e-05,5.7305640514098e-05,5.06638236722682e-05,4.43098910358559e-05,3.82206044942925e-05,3.23681575802089e-05,2.6721374786558e-05,2.12466116500104e-05,1.5908385520844e-05,1.06697813334867e-05,5.49266978672011e-06,3.37775753324301e-07,-9.45858948362529e-10,-8.62798612211432e-10,-7.86125885851498e-10,-7.16566376617699e-10,-6.5324296562168e-10,-5.95685063531801e-10,-5.41904832247067e-10,-4.95040451922539e-10,-4.50781472318781e-10
-7.48841692446283e-07,-4.51048423340665e-07,-1.57150433790304e-07,0.00013983958232215,0.00117453327204347,0.0026524083759022,0.00405625840479351,0.00599929341107238,0.00764749718709053,0.00900421919390749,0.0100771319847174,0.0108785545203073,0.0114253648879772,0.0117385223099695,0.0118422603993263,0.0117630469238717,0.0115284256669716,0.0111658602616212,0.0108789614266169,0.0106091212605289,0.0102519755506089,0.00982357363831673,0.00933976270176094,0.00881552820795441,0.00826448264006456,0.00769852144453184,0.00712764289026865,0.00655991131664509,0.00600153300361867,0.00545956139830338,0.00514450195595674,0.0048184146097795,0.00448718457181689,0.00415581482119877,0.00382837443950843,0.00351170501383934,0.00321854377050069,0.00294696876530194,0.00269613771807073,0.00246502192539626,0.00225248624699563,0.00205734655164614,0.00187841042442174,0.00171450539713004,0.00156449800170388,0.00142730607580193,0.00130190613697179,0.00118733721186858,0.00108270212330397,0.000987167012767955,0.00089995964344642,0.00082036689968952,0.000747731798906984,0.000681450211364606,0.000620967472416327,0.000565774974835233,0.000515406831620732,0.000469436661858094,0.000427474516721238,0.000389163983823947,0.000354179469528939,0.000322223665430228,0.000293025180009572,0.000266336365810719,0.000241931285770464,0.000219603854356654,0.000199166105507068,0.000180446605310392,0.000163288980294005,0.000147550558927776,0.000133101114497806,0.000120794399678719,0.000112489381474025,0.000104199723723899,9.60228190972332e-05,8.80342187771676e-05,8.02888853908314e-05,7.28232328149681e-05,6.56575859643832e-05,5.87987559398652e-05,5.22425452280867e-05,4.59760246011985e-05,3.99795057287725e-05,3.42281983662052e-05,2.86935268081021e-05,2.33441454527038e-05,1.81466806970808e-05,1.30662294514059e-05,8.06666299728214e-06,3.1107694450344e-06,-1.01110425829752e-09,-9.46321800829403e-10,-8.58363551216133e-10,-7.87094976038122e-10,-7.11237684407346e-10,-6.53255007737461e-10,-5.93622988479434e-10,-5.42742530195272e-10,-4.93877725459338e-10,-4.49655394871721e-10
-7.48847843823448e-07,-4.51048590282986e-07,-1.5715587410859e-07,0.000132180017935914,0.00105673364446042,0.00250754032865121,0.00386056988774966,0.0053598553891384,0.00693196043145801,0.00821481632437235,0.00921855158086425,0.00995786294403642,0.0104517509480639,0.0107228819951963,0.0107966589151573,0.0107001109478522,0.0104728334850341,0.0103910801996405,0.0102000539585494,0.00991445557102554,0.00954993931843223,0.00912232278120258,0.00864687365988428,0.00813772796839603,0.00760747008038426,0.00706688056713185,0.0065248380093743,0.00598834735582499,0.00546266134207914,0.00511015349452961,0.00480125556227567,0.00448442165676727,0.00416498931315375,0.00384739496307665,0.00353515894590257,0.00323838708687401,0.00296932924806555,0.00271970545944306,0.00248886772255846,0.0022759636293479,0.00208001814160104,0.00189999261049549,0.00173482686824996,0.00158346872699627,0.00144489413884405,0.00131812052807406,0.00120221505129766,0.00109629926304727,0.000999551127402868,0.00091120523595117,0.000830551675287864,0.000756934119265205,0.000689747307870905,0.000628434237771467,0.000572483176356504,0.000521424627859185,0.000474828339757502,0.000432300387316986,0.000393480385348483,0.000358038847870671,0.000325674696442118,0.000296112934307673,0.00026910247828335,0.000244414150294379,0.00022183880871438,0.000201185628474004,0.000182280505635048,0.000164964590723198,0.000149092923863882,0.000134533187845118,0.000121164539062844,0.000112790529413979,0.000104758047863737,9.67902670511266e-05,8.89713587876688e-05,8.1364646015389e-05,7.40142989513439e-05,6.69476021150617e-05,6.01774633222831e-05,5.37049268162713e-05,4.75215104264046e-05,4.16112836392137e-05,3.59526294529149e-05,3.05196819814893e-05,2.52834583436761e-05,2.02127044897776e-05,1.52744924664291e-05,1.04346134178448e-05,5.65779065917455e-06,9.077586141135e-07,-1.03926928911406e-09,-9.49092985303147e-10,-8.62775215775303e-10,-7.86838167120972e-10,-7.1693394547587e-10,-6.52939636916821e-10,-5.95422246516866e-10,-5.37746645063705e-10,-4.80134720384699e-10,-4.50062742472198e-10
-7.48841072258227e-07,-4.51051137359645e-07,-1.57155648772988e-07,0.000123898378343247,0.000931486197859235,0.00235404506313923,0.00367443733439986,0.00488560594503433,0.00620161661216711,0.00741408347843146,0.00835320586447958,0.0090359370663189,0.00948319254629887,0.00971906780232222,0.00976981261397072,0.00984476751739416,0.009850879763261,0.00974184866566102,0.00953139414199059,0.00923457746336958,0.0088670042511998,0.00844407061820896,0.00798031774805843,0.00748893712083496,0.00698144338988934,0.00646750904016032,0.00595493848434228,0.00544974984503538,0.00506374129677186,0.00477331488222329,0.00447206219933026,0.00416561944490502,0.00385877036375269,0.00355540040767466,0.00325851279714232,0.00298100070244552,0.00273465649792623,0.00250571883320134,0.00229372255855569,0.00209798124574307,0.00191767061117457,0.00175188900597038,0.00159970083114681,0.0014601671982355,0.00133236713718266,0.00121541189144711,0.00110845402232064,0.0010106928317387,0.000921377101661276,0.000839805893155539,0.000765328042420036,0.000697340718610508,0.000635287406616123,0.000578655505572487,0.0005269737353041,0.000479809453179826,0.000436765980538411,0.000397479976425212,0.000361618907641916,0.000328878659816297,0.000298981250910724,0.00027167271137919,0.000246721094766757,0.000223914627088433,0.000203059995904457,0.00018398076527679,0.000166515900254532,0.000150518421604115,0.000135854142763367,0.00012240051762748,0.000112898788085713,0.000105145497181258,9.74055808325926e-05,8.97715810174443e-05,8.23151600320934e-05,7.50883841043217e-05,6.81257223296739e-05,6.14464452350932e-05,5.50571070898897e-05,4.89539233188618e-05,4.31249392531395e-05,3.7551886570415e-05,3.22117443309097e-05,2.70779742032032e-05,2.21214797232916e-05,1.73113016713149e-05,1.26150941823551e-05,7.9994223026728e-06,3.42990275703408e-06,-1.14173410785751e-09,-1.03870477547952e-09,-9.46381108253e-10,-8.62558320760596e-10,-7.86099863663361e-10,-7.1674835592685e-10,-6.52969177931001e-10,-5.91844826573948e-10,-5.21829638148202e-10,-4.93705976549828e-10,-4.50763745910578e-10
