0,0,0,0.00288923302318471,0.0179095144243825,0.0364812867637111,0.0556815669113091,0.0745442981387098,0.0926237732453878,0.110078857043848,0.126652293497841,0.142119399731971,0.156975825507435,0.171003345323959,0.184072787513579,0.196743734613695,0.208636403603653,0.21969113709226,0.230208833271238,0.239908797224365,0.248520209019562,0.25623404258247,0.262613746939986,0.267603886963691,0.270900507818351,0.272663794073654,0.272524729590376,0.270476390684034,0.266501095737482,0.260675809372202,0.253264601333046,0.244170042728181,0.233761641919495,0.222426470730737,0.210304538138916,0.197700568932447,0.185021684055709,0.172277826686672,0.159924493688452,0.147956529515401,0.136466481187307,0.12563932252448,0.115486163501288,0.105976999027727,0.0971220895434937,0.0889126568742502,0.0813276038893162,0.0743381929787331,0.0679112937092913,0.0620116247993878,0.0566032873973329,0.0516507979727298,0.0471197675736814,0.0429776100565594,0.0391944051830593,0.0357386312020307,0.0325833263760069,0.0297033979673898,0.0270755873571392,0.0246784051842811,0.0224920476456324,0.0204985212215773,0.0186815876190512,0.0170252061372105,0.0155153158711658,0.0141390550035508,0.0128846664513565,0.0117414089023498,0.0106994734987797,0.00974990622034312,0.00888453587702927,0.00809590752767223,0.00737722107878379,0.00672227478183802,0.00612541332869018,0.00558148023776273,0.00508577422645682,0.00463400927330199,0.00422227808513737,0.00384701869944707,0.00350498396750447,0.00319321368041664,0.00290900911632685,0.00265107129017713,0.0024159755329557,0.00220158543040656,0.00200604414506954,0.00182765784706597,0.00166488104747252,0.00151718854603811,0.0013826822615609,0.00125979120966936,0.00114744941010288,0.0010459263661507,0.000952953551070472,0.000868243703520672,0.000791192820221676,0.000720881767528717,0.000656741821855737,0.000598523707406209
0,0,0,0.00289348199096938,0.0179726332180785,0.0366726741141254,0.0559778768710332,0.0749690494764792,0.0931986748623494,0.110637640237157,0.127369243572681,0.143009841661295,0.157822075311593,0.172021656076358,0.185271779141576,0.197866893788159,0.209929421259503,0.221155322612457,0.231563280896452,0.24141497060341,0.250172991196976,0.257743345143293,0.264244491397619,0.269076958781582,0.272468455876246,0.27406168578018,0.273757493855446,0.271549071823042,0.267418738008109,0.261335075588265,0.253752292936028,0.244432670206138,0.233917905143305,0.222420263246723,0.21017373848155,0.197471973473853,0.184734093480129,0.171960342492613,0.159577206023585,0.1476129724568,0.136136410573192,0.125300804461399,0.115169617974882,0.105683533251673,0.096851563755554,0.0886642212849914,0.0811000315571537,0.0741300834077784,0.0677211951151393,0.061838105560451,0.0564449760098384,0.0515064036707014,0.0469880892410067,0.0428572594530463,0.039082916642,0.0356359668799924,0.0324892636593255,0.0296175936967115,0.0269976239547604,0.0246078235864323,0.0224283706008987,0.0204410502199214,0.0186291498300757,0.0169773539416758,0.0154716414727845,0.0140991868900126,0.01284826616435,0.011708168092438,0.0106691112417494,0.00972216657236815,0.00885918564806807,0.0080727342535054,0.0073560311742194,0.0067028918586735,0.0061076766637709,0.00556524337757903,0.00507090371607181,0.0046203834983895,0.00420978621702004,0.00383555973389363,0.00349446584884806,0.00318355250334894,0.00290074304021201,0.00264355364376668,0.00240904780582943,0.00219519472794979,0.00200014222208497,0.00182220068918507,0.0016598284890614,0.00151286469308622,0.00137866149790971,0.00125604569487212,0.00114421519702403,0.00104289798399131,0.000950109536942644,0.000865759612114847,0.000788842393779202,0.000718806971233864,0.000654761108668212,0.000596752084316721
0,0,0,0.00289721126942592,0.0180298124881691,0.0368472216833594,0.0562486316918212,0.0753577405312799,0.0937253964406349,0.111148867350527,0.128025730242978,0.143825735746685,0.158595931232575,0.172953172134774,0.186368759145123,0.198924147994378,0.211108932168919,0.222490359442411,0.233009953509913,0.242781755561543,0.251670788684572,0.259265184500913,0.265711216611435,0.270539150551581,0.273863791923571,0.275293560244874,0.27483040064439,0.272467558891778,0.268187296068912,0.26195802629406,0.254116418380963,0.244589512339071,0.233969847457259,0.222323619961383,0.209964000557279,0.197180199375077,0.184387729989787,0.171594050193605,0.159183558526519,0.147229582458642,0.135771595120807,0.124928471243162,0.114823030521746,0.105363187200007,0.0965568611560647,0.0883939584175627,0.0808526996906175,0.0739040513407289,0.0675148175332733,0.061649785199945,0.0562731973098094,0.0513497490317874,0.0468452448415644,0.0427270149475754,0.0389641614102706,0.0355276844630338,0.0323905253692638,0.0295275519870588,0.0269155058906474,0.0245329245998178,0.0223600486263148,0.0203787202487701,0.0185722788904702,0.0169254564920698,0.0154242751880155,0.0140559488134326,0.012808789198811,0.0116721178024176,0.0106361829402078,0.00969208266785779,0.00883169322870075,0.00804760288703284,0.00733305090458784,0.00668187138159563,0.00608844166499363,0.00554763501945456,0.0050547772588976,0.00460560704452245,0.00419623956667747,0.00382313334265355,0.00348305987769977,0.00317321529885983,0.002891887217213,0.00263540065074528,0.0024015347278679,0.00218826419129914,0.00199374189654599,0.00181628283406832,0.00165476773959838,0.00150817545305704,0.00137430110612765,0.00125198395202953,0.00114070985641799,0.00103961377511099,0.00094702542663079,0.000863065620156765,0.000786293521057689,0.000716556881275163,0.000652721590956872,0.000594830871636534
0,0,0,0.0029004465705568,0.0180814253783974,0.0370060002945962,0.0564954334009099,0.0757125834879374,0.0942068146902748,0.111726861291407,0.128625225713026,0.144571218430436,0.159473838548905,0.173802492685615,0.187368923169396,0.200079439272767,0.212180414821365,0.223702209418007,0.234359699294628,0.244060337433512,0.2530199732518,0.260722208534391,0.267020123229969,0.271929098151649,0.275092386844644,0.27636472663677,0.275748167211827,0.273235952351492,0.268810233881505,0.262439208215803,0.254358633479137,0.244686750749841,0.233917543798513,0.222135816904079,0.209673962220254,0.196823397429356,0.183980417082026,0.17117663927541,0.158741076963525,0.146803939477867,0.135369724539704,0.124540694667115,0.11444421160896,0.105013934377446,0.0962361157520932,0.0881001559709796,0.0805840406400889,0.0736586637631719,0.0672908523521331,0.0614454695003855,0.0560868619337928,0.0511798405964503,0.0466903285099004,0.0425857718725908,0.0388353832655212,0.0354102665254426,0.0322834590338318,0.0294299172282471,0.0268264639608827,0.0244517111198876,0.0222859671389317,0.0203111362584465,0.0185106143855858,0.0168691849280946,0.0153729169043379,0.0140090668524717,0.0127659854955683,0.0116330297134337,0.0106004800826995,0.00965946404161084,0.00880188459560056,0.0080203543849702,0.00730813487479612,0.00665908039012288,0.00606758670082838,0.00552854385327956,0.00503729294821586,0.00458958657182732,0.00418155259877272,0.00380966110023468,0.00347069410534204,0.00316277604802141,0.00288228502263951,0.00262656068323567,0.0023933887594069,0.00218075000342428,0.00198680274070108,0.00180986693925469,0.00164929086892259,0.00150309114201356,0.00136957352181434,0.00124758034350373,0.00113690910860074,0.00103605297213975,0.000943681758345365,0.000860144678607146,0.000783530112744978,0.000714117263636023,0.000650553767182647,0.000592747939045874
0,0,0,0.0029032102215285,0.0181278102430015,0.0371499929630294,0.056719759497326,0.0760356272876158,0.0946456048064648,0.112296714888132,0.129170961954017,0.145250152764306,0.160295734123787,0.174573908065803,0.188277129738529,0.201127999485472,0.213181774082698,0.22479643268821,0.235576662901669,0.245394571840128,0.254226438332608,0.262021229763281,0.268247323344876,0.273151684797257,0.276159502004435,0.277339675191891,0.276643158956226,0.273892411158793,0.269290327433507,0.262780735005064,0.25447994709356,0.244689596743388,0.233760479088204,0.221855600230492,0.209301787875466,0.196399329911176,0.183509616729574,0.170705496446051,0.158247001960814,0.146333378184912,0.134928274638779,0.124130596035572,0.114030789516652,0.104633585469637,0.0958873152541438,0.0877809696747019,0.0802923673664863,0.0733923794284953,0.0670478926947935,0.0612238749315473,0.0558847992777849,0.0509956109645504,0.0465223670540234,0.042432642967644,0.0386957732902218,0.0352829755518401,0.0321673922014227,0.0293240762495872,0.0267299390037775,0.0243636731890792,0.0222056610072074,0.020237873955246,0.0184437692262514,0.0168081860554284,0.0153172443074899,0.0139582468265246,0.0127195865057916,0.0115906586292633,0.0105617787492295,0.00962410615823321,0.00876957287448712,0.00799081796396568,0.00728112696179733,0.00663437611806854,0.00604498117420457,0.00550785036895599,0.00501834137482492,0.0045722218734424,0.00416563348996712,0.00379505882071206,0.00345814918312468,0.00315145963279889,0.0028718761872261,0.00261697829810196,0.00238455885246349,0.00217260511856967,0.0019792813527834,0.0018030346258183,0.00164335387177292,0.00149757988374924,0.00136444914990527,0.00124280734812308,0.00113278910394153,0.00103219327695273,0.000940205700625342,0.000856978479899476,0.000780538144399849,0.000711472834340194,0.00064820383477225,0.000590490264546801
0,0,0,0.0029055212959077,0.0181692723930758,0.0372800984682563,0.0569229671658965,0.0763287617311566,0.0950442434912373,0.11281484752319,0.129665932106862,0.145866126740073,0.161041446283465,0.175271395315804,0.189097891045436,0.202074845829613,0.214254900506434,0.225778169675076,0.236666358355888,0.246586339747764,0.255373865765433,0.26316785283568,0.269460858623932,0.274212116540718,0.277089367366224,0.278272195871298,0.277413100929273,0.274503207287561,0.269629650509334,0.262984009266828,0.254480713211698,0.24457261927247,0.233497541985713,0.221481179838979,0.20884516135647,0.195905362251472,0.182972420361411,0.170177695941625,0.157698279071053,0.145814978026229,0.134444497679228,0.123682744743828,0.113580201480708,0.10421978008242,0.095508293432184,0.0874344162501279,0.0799758669847748,0.0731035429475797,0.0667844280183696,0.0609836237197008,0.0556657529993355,0.0507959146936415,0.0463403162168862,0.0422666762406333,0.0385444635901362,0.0351450202829684,0.0320416034370603,0.0292093712297309,0.0266253311509367,0.0242682637341359,0.0221186312544662,0.0201584781787551,0.0183713281696516,0.0167420809975381,0.0152569116522272,0.0139031731749238,0.0126693041690259,0.0115447415443537,0.0105198387613259,0.00958578963682817,0.008734557632991,0.00795881045553882,0.00725185972614204,0.00660760545651716,0.00602048503257453,0.00548542640923224,0.0049978052188214,0.00455340550285065,0.00414838378872973,0.00378006945545964,0.00344480500961997,0.00313919571137913,0.00286059605942915,0.00260659402647499,0.00237499025814181,0.00216377908602207,0.00197113119566919,0.00179609289473715,0.00163691986259154,0.0014916074891276,0.00135889625390268,0.00123794249455233,0.00112832425949574,0.00102801077702472,0.000936568547784155,0.000853547388788012,0.000777525722132174,0.000708607201920908,0.000645657198118971,0.000588176630406752
0,0,0,0.00290739574954205,0.0182060857062035,0.0373971348773683,0.0571062974788207,0.0765937217974148,0.0954050125680747,0.113284122229339,0.130117963190933,0.146422453122417,0.161714843067511,0.176055592258314,0.189835366338951,0.202924607070019,0.215216479330869,0.226716669171764,0.237633828234959,0.247640962739746,0.256507057764762,0.264167111784428,0.270511674845984,0.275114958148517,0.27801479321339,0.279036411331325,0.278019053266755,0.274953718567095,0.269829561695279,0.263049711236513,0.254360622876922,0.244334880057671,0.23312701793841,0.221010222129462,0.208301277956989,0.195338453936584,0.182365539250025,0.169589989371289,0.157091548549809,0.145245553094228,0.133915412596615,0.12319437596181,0.113130511546103,0.103769978523394,0.095096722521291,0.0870583664255705,0.0796325943606683,0.0727903789322918,0.0664988387637147,0.060723238965375,0.0554283765648276,0.0505795242393314,0.0461430569764235,0.0420868515960968,0.0383805242218068,0.0349955529161263,0.0319053197712214,0.0290850973717324,0.0265119977086851,0.0241648966356991,0.022024343299375,0.0200724612984765,0.0182928463578143,0.0166704638633352,0.0151915485479597,0.0138435078499765,0.012614829904163,0.0114949967238527,0.0104744028434286,0.0095442794864005,0.00869662418349303,0.00792413567039212,0.00722015383223268,0.00657860442516405,0.00599394828559802,0.00546113472979246,0.00497555884840474,0.00453302240786726,0.00413073699137344,0.00376432673107057,0.00343034758347459,0.00312590891949915,0.0028483753781007,0.0025953441660607,0.00236462433688127,0.00215421787667825,0.00196237991155075,0.00178857200314976,0.00162994932462855,0.00148513733708485,0.00135288084693589,0.0012327675436978,0.00112348716926291,0.0010234798630814,0.000932627984845313,0.000849830374194387,0.000774261986861402,0.000705502810748624,0.000642898221011126,0.000585706117221762
0,0,0,0.00290884651666505,0.0182492955317131,0.0375018428145088,0.0572708795283943,0.0768320921010894,0.0957300030322325,0.113707170196296,0.13064888380076,0.146922170507478,0.162319478369603,0.176769815662861,0.190493357374141,0.20368151463579,0.216071132099968,0.227665411754389,0.238483626923944,0.248563231417792,0.257492726859921,0.265040579463442,0.271404268491256,0.27586852268596,0.278770873755502,0.279635480948856,0.27846347841435,0.275245693296864,0.269959875399987,0.262977787900986,0.254118695832396,0.24397476698876,0.232646581561793,0.220439842022845,0.207666835790735,0.194695148813182,0.181685294507925,0.168938795284734,0.156456977184479,0.144621641984791,0.133337795263433,0.122662508605946,0.112642530040203,0.103294129567576,0.0946501058128498,0.086650538130817,0.0792604658755845,0.072450986294415,0.0661893911508911,0.0604411398951742,0.0551712289200531,0.0503451260098442,0.0459293919492889,0.0418920775582839,0.0382029602071783,0.0348336663847036,0.0317577142219622,0.0289505006453639,0.0263892511010579,0.0240529448538586,0.0219222252480078,0.0199793016573445,0.0182078478995704,0.0165929004551496,0.0151207587813843,0.0137788892440601,0.0125558336315976,0.0114411228125942,0.010425195810723,0.00949932436571687,0.00865554290853702,0.00788658378353595,0.00718581748793306,0.00654719766152301,0.00596521053972391,0.00543482857499934,0.0049517412285968,0.00451249135021269,0.00411215741737147,0.00374727584017036,0.00341468909951628,0.00311151862867274,0.00283514005199999,0.0025831605800204,0.00235339837500996,0.00214386371577374,0.00195357847916117,0.00178042626399294,0.00162239998379238,0.001478130259473,0.00134636658666657,0.00122716262592879,0.00111824851718009,0.00101857314964746,0.000928360085370453,0.000845804943279854,0.00077072711717859,0.000702140886280799,0.000639910176855086,0.000583030370804116
0,0,0,0.00290988359557758,0.0183016507500725,0.0375948886107382,0.0574177343995071,0.0770453113341368,0.0960211193283369,0.114086394130141,0.131124881483446,0.147368045237558,0.162858591350591,0.177405887401513,0.191092772861775,0.204349395915878,0.216823032775981,0.228497026300431,0.239311217739645,0.249357386483869,0.258335236925344,0.265919826704932,0.272142464882672,0.276613732556979,0.279360692703221,0.280071795399565,0.278748055580444,0.275380084832735,0.269945314756457,0.262767442315817,0.253753271759342,0.243489985721809,0.232053288445087,0.21976659441638,0.206938026706424,0.193971565033487,0.180927606955244,0.168220188708471,0.155784760649598,0.143939497882568,0.132708169001434,0.122083936404871,0.112112438172554,0.102809401102054,0.0941701719231936,0.0862084900193053,0.0788572534967226,0.072083332826946,0.065854232232362,0.0601356373506557,0.0548927703781443,0.0500913166182988,0.0456980419771527,0.0416811881620111,0.0380107087007209,0.034658391778709,0.0315979034441229,0.0288047756460573,0.0262563569195228,0.0239317386518628,0.0218116662757933,0.0198784420979902,0.0181158245277454,0.0165089270455958,0.0150441192021366,0.0137089311745354,0.0124919628485901,0.0113827979927742,0.010371923801984,0.00945065588454992,0.00861106862437057,0.00784593075463464,0.00714864591667904,0.00651319794022638,0.00593410056040343,0.00540758700081959,0.00492781188459748,0.00449055711199679,0.00409204061787579,0.00372881455935309,0.00339773576019253,0.0030959387169477,0.0028208109510364,0.00256997050696839,0.00234124541185473,0.00213304637296977,0.00194404876647564,0.00177160687086304,0.00161422668919063,0.00147054443241087,0.00133975475878071,0.00122109415245105,0.00111257699482662,0.00101343903027354,0.000923739290841923,0.000841447079310205,0.000766899938991747,0.000698503487999548,0.000636675201574584,0.000580133364378327
0,0,0,0.002910514115452,0.0183473608183477,0.0376768671995756,0.0575477789507588,0.0772346765951819,0.09628008372125,0.114423971937776,0.13154860565773,0.147762573915651,0.163335106858663,0.177967146609064,0.191739450449169,0.204931669220992,0.217475898700474,0.229215478514391,0.240087941765461,0.250027102525419,0.259038331636259,0.266644071400512,0.272729395500428,0.277191618972218,0.279786559254345,0.280346956122548,0.278873662742407,0.275357035747995,0.269774151664436,0.262417122971832,0.253262001113338,0.242877550968885,0.231343566581079,0.218986465330288,0.206110527056372,0.193163384926612,0.180087987185874,0.167429890937934,0.155049155001971,0.14319507915707,0.132022795599549,0.121455219454508,0.111537081369841,0.102283707228839,0.0936903458951763,0.0857388481013853,0.078420579321294,0.0716852502200471,0.0654913853467659,0.0598049296429772,0.0545913588423076,0.0498165994417572,0.0454476429924719,0.0414529400974158,0.0378026363903203,0.034468695976667,0.0314249455740595,0.0286470636318931,0.0261125321354442,0.0238005639681291,0.0216920151452571,0.0197692886127781,0.0180162343703365,0.0164180492584274,0.0149611787040676,0.0136332219562461,0.0124228417850289,0.0113196792154681,0.0103142735800092,0.00939798796695275,0.00856294000164619,0.00780193780095384,0.00710870343529887,0.0064779644759479,0.00590315743844571,0.00537931582916276,0.00490191160610974,0.00446681667936552,0.00407026769932163,0.0037088338704799,0.00337938754398576,0.00307907735856559,0.00280530371532508,0.00255569638771002,0.00232814814698747,0.00212188660931171,0.00193373443272193,0.00176206177719293,0.00160538130369883,0.00146233527734718,0.00133271286875483,0.00121452630373306,0.00110643922620187,0.00100812238291437,0.000918738347779004,0.000836809519694722,0.000762757873272018,0.000694844470709046,0.000633174250506466,0.000576998007920935
0,0,0,0.00291074238233033,0.0183867250934111,0.0377483047617048,0.0576618293668649,0.0774013475427459,0.096508440612419,0.11472186063343,0.131922440081566,0.148107986262878,0.163751636530584,0.178456571735651,0.192301532907437,0.205431339946575,0.218032983192341,0.229824217758891,0.240740330960372,0.250647962876551,0.259605115916058,0.267216354632885,0.273167477616761,0.277604398296688,0.280049986695733,0.280461756398183,0.278840359822175,0.275175862827026,0.269444953485484,0.261924513146631,0.252641835624356,0.242133777664171,0.230513207675911,0.218094863071108,0.205179488686804,0.192265845148751,0.179161526208831,0.16656325994385,0.154245825078528,0.142399565706742,0.131277667149173,0.120772676544381,0.110913088111075,0.101713965878945,0.0931705619203412,0.0852648800505241,0.077970377517756,0.0712553199983044,0.0650987461375656,0.0594470989249999,0.0542652465010297,0.0495193816123228,0.0451767432789587,0.0412060102162661,0.0375775372263678,0.0342634795795518,0.0312378383483528,0.028476450811674,0.0259569435418894,0.0236586609981873,0.0215625789152847,0.0196512091696518,0.0179085008817741,0.0163197410964534,0.0148714573407314,0.0135513235970625,0.0123480706715955,0.0112514015352405,0.0102519119268922,0.00934147688832155,0.00851259113565996,0.00775720872530794,0.0070688151611949,0.00644146929423166,0.00586975353225886,0.00534872817800169,0.00487388959847734,0.00444113193799218,0.00404671209995924,0.00368721773677195,0.0033595380026354,0.00306083684040861,0.00278852858925371,0.00254025571540462,0.00231506841884644,0.00210981247143016,0.0019225755008001,0.00175173559030743,0.00159581260876536,0.00145383993066131,0.00132509411648192,0.00120742095639362,0.00109979970248961,0.0010023701676508,0.000913328252711448,0.000832082212126642,0.000758276890282446,0.000690885668378172,0.000629387060964804,0.000573606113546334
0,0,0,0.00291056990149611,0.0184200017832157,0.0378096611387203,0.0577606043690626,0.0775463502764656,0.0967075606860848,0.114981800199522,0.13224850580552,0.148487685051247,0.164110480271779,0.178876779861483,0.192781925357857,0.205894928347191,0.21849706932314,0.230326167076041,0.241271385485989,0.251197218909002,0.260038039239546,0.26763899694794,0.273512867160416,0.277853483610322,0.280151672592779,0.280416163579632,0.27864737269334,0.274835042668112,0.268955443219677,0.261286520295158,0.251889018635776,0.241254272292536,0.22955735871552,0.217086609849932,0.204184140122857,0.191273727551443,0.178228975546932,0.16561528181464,0.153370108916934,0.141594547344908,0.130468499064094,0.120032378589011,0.110236863814485,0.101096893592167,0.092607823731227,0.0847518871321313,0.0775028321681994,0.0708292396992806,0.0646968802421239,0.0590703732927069,0.0539143392384682,0.0491979715925809,0.0448838012655185,0.0409389935255153,0.0373341305970444,0.0340415752505375,0.0310355175939841,0.0282919669715477,0.0257887065047817,0.0235052230593398,0.0214226219090336,0.0195235327735615,0.0177920119901728,0.0162134441665793,0.0147750260199223,0.0134645030461903,0.0122700371562915,0.0111813965469991,0.0101892382692821,0.00928503405900884,0.00846100157822404,0.00771004087261805,0.00702567579818248,0.00640200013915911,0.0058336281236436,0.00531564903944195,0.00484358565624944,0.00441335616877526,0.00402123938779257,0.00366384292055299,0.00333807409704019,0.00304111341459288,0.00277039028923227,0.00252478003539271,0.00230092270113876,0.00209675488523347,0.00191050826087953,0.00174056948559999,0.00158546622831155,0.00144498864117611,0.00131685494543577,0.00119973762388557,0.00109289971743615,0.000996149490025385,0.00090747820776084,0.000826969731614229,0.00075343147256387,0.000686604437486786,0.000625442817304849,0.000569938367547107
0,0,0,0.00290999540633757,0.0184474092623967,0.037861331954035,0.05784472817794,0.0776705809168843,0.0968786447884017,0.115205317331769,0.132528664165504,0.148827136311662,0.164413627839488,0.179230026355814,0.193183117454973,0.206339830938715,0.218870464374984,0.230723714234737,0.241683508509157,0.25161222409707,0.260338880217446,0.267913579143595,0.273744715736066,0.277939464064362,0.280091480110602,0.280209302130337,0.278293077781135,0.274332197785294,0.268302487184691,0.260499265643099,0.250999075556143,0.240233924779118,0.228470514258465,0.215955934370789,0.203124298757632,0.190181351286433,0.177210853058992,0.164580563743754,0.152417010752413,0.140720111339907,0.129603733012125,0.119230143563668,0.109504586112874,0.100429001144787,0.0919989487709308,0.0841969679354251,0.0769971586942574,0.0703684660246034,0.0642770179838957,0.0586877747269318,0.0535656753708375,0.0488764194037886,0.0445869827836426,0.0406659422231911,0.0370836616602223,0.0338123805940323,0.0308262334354,0.0281012212432696,0.0256151514801194,0.0233475571661099,0.0212796036725588,0.0193939890665166,0.0176748422011054,0.0161076214781383,0.0146790162771977,0.0133768523632307,0.0121900020874154,0.0111082998369986,0.0101224629334724,0.00922401799793408,0.00840523267736252,0.00765905254251168,0.00697904291467773,0.00635933534699236,0.00579457847069489,0.0052798929113951,0.00481082998468032,0.00438333388790145,0.00399370711760563,0.0036385788558852,0.00331487608410681,0.0030199412443356,0.00275226143952565,0.00250819598038558,0.00228563151688449,0.00208264063582335,0.00189746520191318,0.0017285011470723,0.00157495252396768,0.00143542047626363,0.00130794919207328,0.00119143341528761,0.00108573207026225,0.000989425485467617,0.000901155590137565,0.000821443379187165,0.000748194589413149,0.000681976777677795,0.000621325974382267,0.000565983409571667
0,0,0,0.00290901480384975,0.0184691272150005,0.0379036504707189,0.0579270443026076,0.0777748087590201,0.0970227274284267,0.115393728846643,0.132764519634406,0.149112010154179,0.164662760298738,0.179518204629145,0.193507180804568,0.206694579006612,0.219154994594651,0.231018703319607,0.241978494258152,0.251894647471983,0.260559523213975,0.268040924131541,0.2738121183467,0.277862085292292,0.279868420093263,0.279839437228623,0.277774987118614,0.27366408320972,0.267482083368253,0.259558074259089,0.249966804807113,0.239086786154722,0.227259389383426,0.214791112121447,0.20195562136875,0.188982566767755,0.176098749777974,0.163453329166431,0.151381196028762,0.139771355024383,0.128736537688722,0.118361533417919,0.108712201942088,0.0997065908423131,0.0913405656963149,0.0835970498196583,0.0764505572668418,0.0698704479708512,0.0638232499432964,0.0582743000561794,0.0531888872890237,0.0485330332136805,0.0442740086827604,0.0403806595058489,0.0368235946868775,0.0335752766563505,0.0306100425069261,0.0279040775303476,0.0254353566520922,0.0231835651311427,0.0211300067636083,0.0192575055077515,0.0175503047348486,0.0159939670408447,0.0145752766249596,0.0132821455557277,0.0121035247487748,0.0110293201202771,0.0100503141225502,0.00915809268739503,0.00834497747688086,0.00760396325712989,0.00692866015757405,0.00631324054513994,0.00575239022768884,0.00524126369501504,0.00477544310995682,0.00435090076889259,0.00396396476380427,0.0036112875911929,0.00329056246352916,0.00299880192196572,0.00273280794392878,0.00249027759713348,0.00226911082771879,0.00206739232730561,0.00188337497891121,0.00171576122841248,0.0015638263446295,0.00142508281732978,0.00129832806146612,0.00118263746948331,0.00107798767614402,0.000982161300592788,0.000894786532635928,0.000815472812330407,0.000742866873910336,0.000676977318717694,0.00061687793560665,0.000561995044636396
0,0,0,0.00290762118656684,0.0184852975196527,0.0379368891294146,0.0580177307191633,0.0779033945072601,0.0971406798523711,0.115548144700928,0.132957422291792,0.149343886482968,0.164859251133985,0.179742845646148,0.193755766330956,0.206960894747613,0.219386693617245,0.231212426468458,0.242157516444036,0.252045466175251,0.260666573134699,0.268021079434542,0.27371468800738,0.277620230551703,0.279480633673831,0.2793039587817,0.277089733873516,0.272826573714803,0.266489350744674,0.258457466027984,0.248786269795229,0.237850800257682,0.225989365196669,0.213505814868036,0.200671569688115,0.187670752239669,0.174886497678016,0.162266919221801,0.150256989057959,0.1387430718332,0.127797557392797,0.117483608511314,0.107855426945547,0.0989257559294885,0.0906291138147867,0.0829488883924436,0.0758600720918141,0.0693324927880265,0.0633331229722285,0.0578277143051368,0.0527819386457324,0.0481621686050263,0.0439359955464105,0.0400725571915462,0.0365427280358593,0.0333192117995392,0.0303765648066205,0.0276911715353895,0.02524118790994,0.0230064636967441,0.0209684522488952,0.0191101135252245,0.0174158146013026,0.0158712306192988,0.0144632481944585,0.0131798726104525,0.0120101396374739,0.0109440324462315,0.00997240383264393,0.00908690378576403,0.00827991230505215,0.00754447728853709,0.00687425725915301,0.00626346866331419,0.00570683746014585,0.00519955471330528,0.00473723590114163,0.00431588366756929,0.00393229407046402,0.00358358986762559,0.00326573312885406,0.00297597270047279,0.00271180023389425,0.00247092857503894,0.00225127203676896,0.00205092839045634,0.00186822034042408,0.00170280845605925,0.00155181122490702,0.00141392018683529,0.00128794013329623,0.00117370128769261,0.00106962489700588,0.000974318097371869,0.000887962397826679,0.000809026046886669,0.000737201891619714,0.000671579323170286,0.000612074802784037,0.000557687975838184
0,0,0,0.00290580477022709,0.0184960249945134,0.0379612608234162,0.058090094453107,0.0780071621771,0.0972332125951047,0.115669470485797,0.133108469829446,0.149524040722818,0.16500416681983,0.1799051169998,0.193930101332544,0.207140012810815,0.219561241459411,0.231305615331124,0.242221116638695,0.252064950556294,0.260625339930977,0.267853299903547,0.273451164610365,0.277211902328301,0.278925375236549,0.278599365865971,0.276233058450201,0.271814651969122,0.265318519993495,0.257191148090509,0.24745079255007,0.236469318039649,0.224582248829027,0.212091042289305,0.199265098298516,0.186238813808429,0.173567516615781,0.161057086672822,0.149038374082225,0.137629751974328,0.126781756733544,0.116557526958643,0.106986128269331,0.0980823826471407,0.0898608449397816,0.0822490691909382,0.0752225929424084,0.0687517673792031,0.0628040562976793,0.0573456663884893,0.0523426874212013,0.0477618738541719,0.0435711648733218,0.0397400144727528,0.0362395844706029,0.0330428395119516,0.0301245728624109,0.0274613841941173,0.0250316249224935,0.0228153224596836,0.0207940916377681,0.0189510392436068,0.0172706658964234,0.0157387682303927,0.0143423434135814,0.013069497347972,0.0119093573958338,0.0108519901154199,0.00988832422986883,0.0090100788695817,0.0082096970012968,0.0074802838715413,0.00681555023715113,0.00620976012205525,0.00565768282292168,0.00515454887970296,0.0046968382975858,0.00428023143111502,0.00390052027496592,0.0035544195603695,0.00323893421310048,0.0029513336237621,0.00268912815408958,0.00245004768863448,0.00223202205496561,0.0020331631496457,0.00185312624260352,0.00168882824390219,0.00153884415590574,0.00140187428869282,0.00127712205721546,0.00116405631321776,0.00106059996815746,0.000966109539224369,0.00088059732571161,0.000802069481987832,0.000731087853273079,0.000665944024372944,0.000606891459581972,0.000553039604243139
0,0,0,0.00290355281751385,0.0185013778726597,0.0379769198198411,0.0581445806779722,0.0780865211009309,0.0973008774534831,0.11575840929405,0.133218508931251,0.149653444233816,0.16510211694843,0.180005821302327,0.194030985914115,0.207232674303455,0.219635223020306,0.231298431964626,0.242169192240046,0.251952649087407,0.260434933710102,0.267536030363218,0.273019395493728,0.276634204219573,0.278198995748736,0.27772125169011,0.275199795460297,0.270622398024863,0.263962926245315,0.255752009477435,0.245952949860299,0.234934728126897,0.223030353161984,0.210539131521257,0.197728656205762,0.184744930082721,0.172134817613691,0.159745397488484,0.147737835529344,0.136425587012411,0.125683832493485,0.115557059605541,0.10607476081585,0.0972427747726561,0.0890507065256321,0.0814940120729038,0.0745348591622551,0.0681253019528043,0.0622333448572619,0.0568256921578265,0.0518688887073885,0.0473301035826819,0.043177652893217,0.0393813328939104,0.0359126160360241,0.0327447488677515,0.0298527805246538,0.0272135429862423,0.0248055986561034,0.0226091666422423,0.020606036006593,0.0187794719445137,0.0171141191427726,0.0155959052960741,0.0142119468284709,0.0129504581788408,0.0118006655081218,0.010752725322046,0.00979764824328436,0.00892722798167293,0.008133975423422,0.00741105767362206,0.00675224183078187,0.00615282986839392,0.00560696177081156,0.00510948320920789,0.00465609376406738,0.00424287280698658,0.00386624604260737,0.00352295492744521,0.00321002872976734,0.00292475901128716,0.00266467632589789,0.00242752894653431,0.00221143730450052,0.00201555767663857,0.00183684431205129,0.0016737491389806,0.00152485914001201,0.00138888409697715,0.00126598033131528,0.00115365326125488,0.00105086706226332,0.000957676358641448,0.000872653764607522,0.00079498745638591,0.000724493585040826,0.000660112953536399,0.00060130160881561,0.00054802625721016
0,0,0,0.0029008495539224,0.018501388089882,0.0379839624155588,0.0581815198844159,0.0781419415236362,0.0973440688688344,0.115815462892091,0.133288135895799,0.14973276395167,0.165186502189448,0.18004539370266,0.194058788572394,0.20723912001699,0.219608680756696,0.23119045884082,0.24200098370242,0.251707372786609,0.260093644118087,0.267066887967991,0.272416316230827,0.275883323131293,0.277296926554223,0.276664289363269,0.273983861976254,0.269242980771899,0.262464669934245,0.254132118851803,0.244284572891934,0.233238742972937,0.221325379023919,0.20884186661654,0.196054193439789,0.183210241677879,0.170581011344621,0.158325072584322,0.146441710684972,0.135124479261415,0.124498222032237,0.114477136363137,0.105091298062675,0.0963472124218371,0.0882351706628357,0.0807346100184748,0.0738180030714675,0.067453663317229,0.0616181651202118,0.0562652197149271,0.0513581995596578,0.0468647231876023,0.0427535146130928,0.0389947400487447,0.0355602074379479,0.0324234676154538,0.029559845789777,0.0269464245176403,0.0245619937370723,0.0223869792547219,0.0204033579786959,0.0185945658797711,0.016945402951206,0.0154419381667902,0.0140714165010709,0.0128221693865162,0.0116835294789307,0.0106457502371497,0.00970064923519717,0.00883996948991463,0.00805559920232032,0.00734077897575944,0.00668934344846342,0.00609566992563894,0.00555463121674827,0.00506155238986463,0.00461217115941658,0.00420260163347799,0.00382930115808371,0.00348904001118488,0.00317887371304352,0.00289611773590765,0.00263832441028475,0.00240391312886324,0.00219089262811315,0.00199658046741666,0.00181929368727139,0.00165749657079773,0.00150978734102696,0.00137593356637417,0.00125396994869148,0.00114244069827032,0.00104069907677271,0.000948585720789064,0.000864092537908971,0.000787501491167242,0.000717386564055925,0.000653827399946503,0.000595641683673036,0.000542623241834659
0,0,0,0.00289767606036418,0.0184960513639541,0.0379824272364422,0.0582011288283393,0.0781737411701457,0.097363024596205,0.115840932131884,0.133317696409925,0.149762361145931,0.165210299823619,0.180023898385412,0.194013440733106,0.207159082610252,0.21948107340742,0.23098068775833,0.24171506081099,0.251327178899277,0.259598921708879,0.266442644173587,0.271637931626579,0.274954511847434,0.276213663896478,0.275422218881731,0.27257824768104,0.267668652152293,0.260821348697942,0.252322726488148,0.242436751487366,0.231372405389999,0.219458423915335,0.206990489416589,0.1942331739689,0.181545362712981,0.168898323036021,0.156788992303367,0.145041255241003,0.133800412556396,0.123219117016913,0.113312465996749,0.104030921585706,0.0953817794850523,0.0873561161353674,0.0799341195599407,0.0730889642993208,0.0667896113166309,0.0610028144178199,0.0556945415935074,0.0508309657238956,0.0463791392055747,0.0423074375094105,0.0385858347621628,0.0351860581474427,0.0320816557961829,0.0292480038053629,0.026662271288791,0.0243033573462707,0.0221518100962066,0.020189735131458,0.0184006986869427,0.0167696292704668,0.0152827203698268,0.0139273360116939,0.0126919203317115,0.0115659118668419,0.010539662957075,0.00960436441287936,0.00875197544059984,0.00797515870779027,0.00726722035469247,0.00662205471166686,0.00603409345484395,0.00549825891914879,0.00500992128553563,0.00456485936217957,0.00415922468990728,0.00378950871235872,0.00345251276647266,0.0031453206628322,0.00286536809405285,0.0026114585052971,0.00237992428037623,0.00216876056918349,0.00197613869096924,0.00180039032673833,0.00163999308374373,0.0014944603352218,0.00136204858125938,0.00124103327708146,0.00113036520265607,0.00103027498160318,0.00093879401119765,0.000855143967594845,0.00077943780285876,0.000709987642527787,0.000647057234736271,0.000589611433662362,0.000537163055834286
0,0,0,0.00289401014055918,0.0184853270534007,0.0379722952106598,0.05820351093949,0.0781820856190236,0.0973578256826036,0.115834916527864,0.133307284400451,0.14974228911081,0.165173476293161,0.179941023846053,0.193894430040568,0.206991777548934,0.219251264299755,0.230667507460305,0.241309307789384,0.250809353666685,0.258947358822341,0.265659206284774,0.270679297013355,0.273842072263581,0.274942754604488,0.2739878359471,0.270975007719665,0.265890745155457,0.25898600363194,0.250314271813632,0.240399844553179,0.22932610168282,0.217419997809696,0.204975717906714,0.192256596417596,0.179742032848271,0.167202638686672,0.155129716617407,0.143529679989171,0.132424100705014,0.121901561539751,0.112057554346568,0.102888629883096,0.0943419232739644,0.086409398683183,0.0790720794251799,0.0723039129829565,0.0660745683802191,0.0603514441520737,0.0551010933302773,0.0502902187176585,0.0458863523424036,0.0418583037391746,0.0381764399671646,0.0348128440804422,0.0317413867039845,0.0289377363627846,0.0263793274956678,0.0240453000730257,0.0219164209957261,0.0199749946678046,0.0182047680598431,0.0165908340406886,0.0151195356130016,0.0137783728481694,0.0125559136965643,0.0114417094002438,0.0104262149070842,0.00950071445486295,0.00865725232696529,0.00788856867081672,0.00718804019266632,0.00654962549552711,0.00596781479863161,0.00543758376291944,0.00495435114412571,0.00451393999789799,0.00411254217075165,0.00374668582109338,0.00341332672984863,0.00311076829587317,0.00283493475749665,0.00258343828881747,0.00235410146176114,0.00214493846164529,0.00195413793860474,0.00178004735015919,0.00162210723228908,0.0014783894158729,0.00134710320688855,0.00122711071913846,0.00111813598889668,0.00101905423930319,0.000928256129394593,0.000845972403675095,0.000770759151601469,0.000702356022881796,0.000639771306701618,0.000583120798555258,0.000531334482895819
0,0,0,0.00288982617055663,0.0184691377616574,0.0379534892191918,0.0581886561605898,0.0781669879739348,0.0973327453364194,0.115797312916144,0.133256739829838,0.149672289742159,0.165075623071466,0.179796076865831,0.193700792253371,0.206735892611695,0.218917508278181,0.230248689787154,0.240780907117812,0.250150394120028,0.258134669951671,0.264711598729706,0.269534500105566,0.272539339690516,0.273476783523519,0.272352983425334,0.269165259265564,0.263899676849021,0.256948871898755,0.24823608925741,0.238163498195075,0.227089583074117,0.215200047731868,0.202828413944272,0.190300639678913,0.17779161269385,0.16542481456097,0.153339513828475,0.141899936547321,0.130940899397227,0.12055186443791,0.110781559077874,0.101659261155632,0.093222946282818,0.0853907429736235,0.0781445980246156,0.0714593063165862,0.0653053087377856,0.0596507039036904,0.0544626783870852,0.0497085077501088,0.0453562417276733,0.0413751579312354,0.037736046856414,0.0344113748713841,0.0313753598454629,0.0286039850975024,0.0260749706340412,0.0237677156397748,0.0216632224379646,0.0197440093501919,0.0179940178061725,0.0163985175093305,0.0149440123197462,0.0136181486709902,0.0124096277163292,0.0113081219471959,0.0103041966972963,0.00938923671300947,0.00855537780284329,0.00779544346608687,0.00710288632283488,0.00647173411969947,0.00589654005570592,0.00537233715918953,0.00489459644218775,0.00445918856146666,0.00406341357067726,0.00370307030729935,0.00337460671872166,0.00307518028415085,0.0028021993387383,0.00255330077017605,0.00232632965662144,0.00211932067744743,0.0019304811423723,0.00175941621487853,0.00160348817722738,0.00146110440844472,0.00133103114979124,0.0012125843850371,0.00110525557897075,0.00100698694104914,0.000917337759515651,0.000836107777065575,0.000761489194777293,0.000694147841757494,0.000632373762321483,0.000576141022131805,0.000525065999248581
0,0,0,0.00288509491359986,0.018447368759784,0.0379258733958045,0.0581564401449245,0.0781283077745529,0.0972843508428625,0.115727813192756,0.133165645390221,0.149551788854283,0.164915950201171,0.179587975060681,0.193431101610639,0.206389575845708,0.218477437080103,0.22972137433276,0.240126322019022,0.249345988870208,0.257155671680015,0.263593944248877,0.268196643854081,0.271038668841406,0.271807363519223,0.270508546444231,0.267139183063428,0.261751227273167,0.254699374210644,0.245971475384655,0.235879865173254,0.224766299065029,0.212937909660362,0.200669167583506,0.188203447491584,0.175685120508211,0.163506737185406,0.151568476206732,0.14014475232926,0.129344189068756,0.119099293589344,0.109459967873167,0.100447172336535,0.0920615837254986,0.0842957674886368,0.0771476876406059,0.0705515143664422,0.0644785275760173,0.0588975843708361,0.0537765561330858,0.0490833365240322,0.0447865333212903,0.0408559282679248,0.0372627676446458,0.0339799302438304,0.0309820074379933,0.0282453210706055,0.0257478981954664,0.0234694166768701,0.0213911319178071,0.01949579218777,0.0177675479380641,0.0161918589428356,0.0147554019554058,0.013445980719728,0.0122524395537837,0.0111645812646911,0.0101730898250685,0.00926945800386702,0.00844591997657994,0.00769538882498098,0.00701139875761828,0.00638805183303403,0.00582066128770382,0.00530434664156419,0.0048337904609782,0.00440492482150483,0.00401404098872391,0.00365775775404207,0.00333299249469216,0.00303693473394175,0.00276702199331513,0.00252091774252732,0.002296491268102,0.00209220707597515,0.00190691598157517,0.00173782825951513,0.00158347927419003,0.00144253184991616,0.00131403230339766,0.00119777668996972,0.00109141408502178,0.000994022069207741,0.00090610081736142,0.000825508116215133,0.00075221717050964,0.000685328207352804,0.000624566755200463,0.000568964995898833,0.000518331062338974
0,0,0,0.00287978333282144,0.0184198671503232,0.0378892520729009,0.0581066228845316,0.078065749122031,0.0972046247775874,0.115625901034048,0.133033322060538,0.149379890149098,0.164693278372433,0.179315237878315,0.193083459572773,0.205950421823986,0.21792804310738,0.229082051496816,0.239341277598938,0.24839099802732,0.256004262478776,0.262299445436593,0.266657830856475,0.269331422294389,0.269925129066133,0.268444452436535,0.264886031498307,0.259467591223692,0.252226137065032,0.243493489170438,0.23341439200952,0.222329336487166,0.210544394390754,0.198333159259612,0.185938284955726,0.173450922087192,0.161439950801452,0.149688905838577,0.138347523137928,0.127627191480067,0.117537684046008,0.108039421837693,0.0991546704036703,0.0908853220730457,0.083219250548066,0.0761349714751281,0.0696050423001708,0.0635985248082262,0.058089026418334,0.0530399407481489,0.0484121677449767,0.0441749158776548,0.0402985091601199,0.0367546838886535,0.0335167620900253,0.0305597364346148,0.0278602924120473,0.0253967868619517,0.0231491969349558,0.021099049806632,0.0192293406644805,0.0175244443975171,0.0159700248625939,0.0145529444471513,0.0132611757951601,0.0120837169344244,0.0110105105850888,0.010033492549751,0.00914337036479202,0.00833215158835625,0.00759285160898776,0.00691909859025193,0.00630508074691228,0.00574549787187866,0.00523551684004674,0.00477073081392887,0.00434712188154161,0.00396102686564836,0.00360910605614325,0.00328831463105546,0.00299587654522732,0.00272926068167297,0.00248615907379409,0.00226595778512045,0.00206511141292866,0.00188187115968967,0.00171465001161656,0.00156199950627238,0.00142288241648739,0.00129698720118377,0.00118187752777292,0.00107655555604984,0.000981056650857576,0.00089403592645325,0.000814274033216389,0.000742261462476807,0.000676095084233439,0.0006161850817866,0.000561490664059544,0.000511559202111403
0,0,0,0.0028738543442598,0.0183864407863565,0.0378433683537608,0.0580388466466985,0.0779788579743482,0.0970929837177581,0.115490847584503,0.132858823374181,0.149155367794898,0.164406029384321,0.178975976023256,0.192655481836192,0.205415456171894,0.217265661499442,0.228326543987862,0.238420740767721,0.2472794324466,0.254723304500515,0.260820367115986,0.265009223193243,0.267407962488821,0.267819734723882,0.266149677651962,0.262431514010954,0.256956857100703,0.249540980320605,0.240790197119435,0.230733584659149,0.21968661573454,0.207954474200234,0.195810021986715,0.183495311390797,0.171248515877518,0.15921579944998,0.147667319271934,0.136509937964859,0.125864701549593,0.115860776678093,0.106514229875567,0.0977671095973359,0.0896226522538639,0.0820699536440039,0.0750886336891823,0.0686522443515325,0.0627307417987936,0.057292262931581,0.0523043858640879,0.0477350086555038,0.0435529466878629,0.0397283236972941,0.0362328124408318,0.0330397667186906,0.0301242757861924,0.0274631641758347,0.0250349539467812,0.0228198018861516,0.0207994208229889,0.0189569917069562,0.017277071229205,0.0157454983745961,0.014349302260639,0.0130766128578139,0.0119165756283917,0.0108592707120295,0.00989563699327143,0.00901740117579419,0.00821701184131635,0.00748757836931684,0.0068228145276048,0.006216986501154,0.00566486510285131,0.00516168189903595,0.00470308898026413,0.00428512211335109,0.00390416701832975,0.00355692852661881,0.00324040238928266,0.00295210932663435,0.00269052868634377,0.002452004225704,0.00223447083354179,0.00203604492510251,0.0018550081747175,0.00168979266175803,0.00153952058701042,0.00140324109341456,0.00127870258437007,0.00116482582678459,0.00106128623036018,0.000967298443092585,0.000881096818767393,0.000803009052263735,0.000731583770462897,0.000666698752037655,0.000607198410872258,0.00055347374139168,0.000504349495023261
0,0,0,0.00286726658504854,0.0183468569513221,0.0377879023342751,0.0579526332867475,0.0778670185999402,0.0969612131616953,0.115321706037385,0.13264092843997,0.148876657498267,0.164052214998611,0.178567879174343,0.192144283602054,0.204781118302692,0.216485950559233,0.227449986862725,0.237358899089201,0.246004432616548,0.253313129834849,0.259148020317547,0.263175981569818,0.265257648545112,0.265479860044998,0.263612262008359,0.259880505668464,0.25420661016357,0.246800915409618,0.237849050351575,0.227825274268558,0.21682641771646,0.205156937945398,0.193089099106773,0.180864459697725,0.168878586415786,0.156931569071646,0.145495730533962,0.134536658213984,0.124071134614512,0.114172831198264,0.104880035918503,0.0962792879850125,0.088268843451999,0.0808377664405685,0.073966875869699,0.0676307996597293,0.0618004591405748,0.0564448574062003,0.0515323507187842,0.0470315370747957,0.0429118623061213,0.0391440187890913,0.0357001928413518,0.0325542026386938,0.0296815577945545,0.0270594637212035,0.0246667878790406,0.0224840005113262,0.0204930990920354,0.0186775231913235,0.0170220645831858,0.0155127760222839,0.0141368810782869,0.0128826866503099,0.011739499221543,0.0106975455031678,0.00974789781939514,0.00888240437442569,0.00809362439132586,0.00737476801133588,0.00671964077303019,0.00612259244827606,0.00557846998614641,0.00508257430486041,0.00463062066858824,0.00421870239064638,0.00384330678049099,0.00350262614144662,0.00319206744706971,0.00290894307128205,0.00265080242315355,0.00241541085331962,0.00220073039578026,0.00200490218565415,0.00182623040638286,0.00166430695990784,0.00151686865488661,0.0013821926707411,0.00125911219701277,0.00114708816244186,0.00104557161208268,0.000952556935626217,0.000867835944527549,0.000790937318145065,0.00072043510883764,0.000656629953969986,0.000598278761431269,0.000544939679848099,0.000496624894384445
0,0,0,0.0028599741153675,0.0183008407925996,0.0377224689178655,0.0578473808315235,0.0777294491317835,0.0968038124642964,0.115117305108625,0.132378133605653,0.148541846044201,0.163629424052149,0.178088202043589,0.191546463033994,0.204043242396189,0.215616613405999,0.226446806226819,0.236149138867597,0.244558247696404,0.251725906226247,0.257272748757486,0.26113274936508,0.263036210944858,0.262994326478624,0.261012010379129,0.257086162928336,0.25120369683343,0.243819413184374,0.234885667876309,0.224759467008423,0.213761633360758,0.202178771137244,0.190264887247142,0.178242546802602,0.166331895485032,0.154619357276228,0.143199719256148,0.132420401136875,0.122148009361144,0.112424580964323,0.103290203048448,0.0947596508661198,0.0868299720846439,0.0795184140784759,0.0727658088443157,0.0665371690697907,0.0608044554824358,0.0555376025270102,0.0507058021989306,0.0462784036099917,0.0422255287361685,0.038518479542283,0.0351299927126825,0.0320343839632221,0.0292076132080687,0.0266272938175095,0.0242726631728392,0.0221245272013446,0.0201651881895287,0.018378362640359,0.0167490940480058,0.0152636640602031,0.0139095044514635,0.0126751115598658,0.0115499642731294,0.0105244462345042,0.00958977263945668,0.00873792177958629,0.0079615713384667,0.00725403933975868,0.0066092295781168,0.00602158131928271,0.00548630103933817,0.00499974296512139,0.00455629367927701,0.00415211937784072,0.00378372469559058,0.00344792285005697,0.00314180835539835,0.00286273209469021,0.00260827855324059,0.00237624502955164,0.00216462265451502,0.00197219660283182,0.0017975653321097,0.00163816686353751,0.00149262061587338,0.00135966582461778,0.00123874265165115,0.00112911415906778,0.00102875085906527,0.000936996932786373,0.000854159892905565,0.000778017986677164,0.000709126639844531,0.000645854729149055,0.000588730447364516,0.0005364155925865,0.000488693505333396
0,0,0,0.00285192611480991,0.0182480734714111,0.0376466152340715,0.0577223593684815,0.0775651962089272,0.0966182675594756,0.114876241321645,0.132068642727705,0.148148659250315,0.163186493116418,0.177533748659766,0.190858082942353,0.203197036654578,0.214679816962211,0.225310696849183,0.234784022854573,0.242932869425022,0.249952325693026,0.255183918989325,0.258868240090344,0.260587810372105,0.260353615536328,0.258170414662587,0.254035011620904,0.248097487225276,0.240583071248021,0.231697508581729,0.221634024832531,0.210712955656946,0.199220497399589,0.187410308755434,0.17550464232869,0.163599182316106,0.152139330060333,0.140948099367848,0.130184701666272,0.120088769022875,0.110552839557906,0.10158823240478,0.0932115060954114,0.0854213015817386,0.0782039581001584,0.0715376438145155,0.0653953753711614,0.0597472077183625,0.0545676269128059,0.0498221260647235,0.045473227767667,0.0414917780403162,0.0378497313653384,0.0345204133834255,0.0314786721220815,0.0287009491898214,0.0261652943042418,0.0238513404740923,0.021740252613341,0.0198146589636358,0.0180585721572403,0.0164573048489602,0.0149973834323929,0.0136664623026097,0.0124532403500198,0.0113473807989549,0.010340340394822,0.0094231201319493,0.00858718536490514,0.00782534601173731,0.00713104153252851,0.00649828707866681,0.00592162390516967,0.00539607379252758,0.0049170972163135,0.00448055500290042,0.0040826732156075,0.00372001102438266,0.00338943132455649,0.00308807388283756,0.00281333080299671,0.00256282411726949,0.00233508193923455,0.00212825730424558,0.00193957064445516,0.00176738805586638,0.00161021840890887,0.00146670044665583,0.00133650420705228,0.00121816104455195,0.00110989619599647,0.00101077149636202,0.000921475092851525,0.000839538310338325,0.000764908449376878,0.000697035772623803,0.000635106134019727,0.000578523494762392,0.000527301380691051,0.000480485168530386
0,0,0,0.00284306652491323,0.0181881900468857,0.0375598176542871,0.0575767061874897,0.0773731286640049,0.096403307282337,0.11459687009588,0.131710356018155,0.147694448278428,0.162680596660717,0.17690085495506,0.190074650716315,0.202237060978247,0.213624509659565,0.224034599019736,0.23325526811462,0.241268794527683,0.247982157446821,0.252990872838963,0.256370214697434,0.257897072742235,0.25746132583373,0.255067656411842,0.250712874166707,0.244814109841522,0.237131843829035,0.228252400368525,0.218263160924758,0.207430277786584,0.196039654063421,0.184344688566804,0.172567385964359,0.160839898730025,0.149483170438537,0.138537224643306,0.127995342703315,0.117960272632859,0.108551792217265,0.0997688414878064,0.0915566598608607,0.0839156152369253,0.0768335811326689,0.070290089947758,0.0642593732608933,0.0587125701168727,0.0536193147061996,0.048948862383416,0.0446708734245167,0.0407559441189804,0.0371759523535505,0.0339042679391877,0.0309158652154928,0.0281873658967351,0.0256970329293673,0.0234247307303939,0.0213518631210718,0.019461297233306,0.0177372793971061,0.0161653473206725,0.014732241616098,0.0134258187870462,0.0122349671068519,0.0111495263072211,0.0101602116305096,0.00925854253154464,0.0084367761255356,0.00768784534585177,0.00700530168491623,0.0063832623311595,0.00581636147831443,0.00529970556220881,0.00482883217127779,0.00439967237586131,0.00400851622722558,0.00365198118481581,0.00332698324243744,0.00303081592057163,0.00276231178998788,0.00251747873380136,0.00229419731566286,0.00209053445690142,0.00190472675786154,0.0017351652691342,0.00158038158420037,0.00144059301185254,0.00131291569123036,0.00119618149217132,0.00108937913721594,0.000993087814931073,0.000904898358116105,0.000824184957170607,0.000751310428318535,0.00068422078395499,0.000623735883570066,0.000568272334398921,0.000517596691541596,0.000471720503473048
0,0,0,0.00283333367867813,0.0181207770720765,0.0374614783604172,0.0574094201743331,0.0771519302279637,0.0961574655445923,0.114277295584302,0.131300857440975,0.147176174292666,0.162107485838292,0.176185369641905,0.189191096622555,0.201157203203435,0.212444067234117,0.222610675073157,0.231553724725046,0.239424861245681,0.245804237753253,0.25064218533108,0.253634252487035,0.254950287803162,0.254303285232789,0.251689192161798,0.247375498919527,0.241257597999687,0.233640659307348,0.224630601646676,0.214634084502123,0.20390159117395,0.192625031557111,0.18105762027069,0.169421166271644,0.158029935769264,0.146718724830331,0.135959748044746,0.125655095802105,0.115834286525081,0.106559515981432,0.097861815187953,0.0897905130515322,0.0823087326247156,0.0753711529590803,0.0689587720192244,0.0630471243099844,0.0576085100223659,0.0526136007016444,0.0480325806908517,0.043835944082845,0.0399950371066068,0.0364824133981837,0.0332720526652832,0.0303394804988546,0.0276618174775326,0.0252177784861379,0.0229876377423918,0.020953170948398,0.019097582927626,0.0174054268259692,0.015862519245163,0.0144558544087915,0.0131735195176673,0.0120046127556333,0.0109391648950033,0.00996806507811716,0.00908299108198776,0.00827634418051401,0.00754118858337508,0.00687119533862757,0.00626059052396193,0.00570410751323732,0.00519694308310863,0.00473471711418986,0.00431343563934493,0.00393065574945405,0.00358219096359601,0.00326453841059416,0.0029749495581546,0.00271091826126812,0.0024701592182806,0.0022505882983355,0.00205030457988075,0.00186757395132981,0.00170188200731145,0.00155118486900753,0.00141354090705152,0.00128775805616042,0.00117278061896639,0.0010691785152446,0.000974266878511326,0.000887223503239395,0.000808860950749456,0.000736809280021872,0.000671522293978021,0.000611611623014213,0.00055751844754892,0.000507984748830693,0.000462805810366725
0,0,0,0.00282265988138277,0.0180453698926696,0.0373509214945637,0.0572193553818068,0.076900091221377,0.0958790722727396,0.113915359255464,0.130837400612845,0.146590391474286,0.161463382834002,0.175382633442269,0.188201750547653,0.200077299670895,0.211131156506881,0.221030286163727,0.229745615664318,0.237390433381484,0.243406465266985,0.248064804274835,0.250868290947108,0.251832291837756,0.250967535426878,0.248278963039371,0.243764454323112,0.237475969722886,0.229874628405361,0.220956209383812,0.210996364412761,0.200297286342382,0.189126751594548,0.177719403537689,0.166277515440334,0.155025627238047,0.143994352105725,0.133276675803482,0.123157598958082,0.113565705417723,0.104497810373424,0.0959872691240454,0.0880450132095102,0.0806662809721296,0.0738355972422769,0.0675404579711303,0.0617556884710763,0.0564323523679719,0.0515422291439603,0.0470564947314793,0.0429465328225306,0.0391844894831946,0.0357436388747204,0.0325986108879476,0.0297255186907661,0.027102014539414,0.0247072949418086,0.0225220708038952,0.0205285140870203,0.0187101894286695,0.0170519768797095,0.0155399901885509,0.0141614937832421,0.0129048206515466,0.0117592926152074,0.0107151439784266,0.00976344915264285,0.008896054586985,0.00810551513731919,0.00738503487062117,0.00672943342564723,0.0061325715371038,0.00558861054187225,0.00509285391268265,0.00464101901130537,0.00422920087634543,0.00385383906807105,0.00351168733493599,0.00319978587817526,0.00291543600453571,0.0026561769693061,0.00241976482702585,0.00220415311817417,0.00200865928703526,0.0018307679540358,0.00166839965688591,0.00152014844643255,0.00138473053541666,0.00126144756084092,0.0011498964418594,0.0010477838107532,0.000954225354063221,0.000869850322960199,0.000792538593912828,0.000722057319539333,0.000657996145912409,0.000599551861991509,0.0005460668950901,0.000497746412693759,0.000453570982946029
0,0,0,0.00281097094578721,0.0179614496281352,0.037227388798387,0.0570369620406973,0.0766447726863161,0.0955662432982292,0.113508627173715,0.130316893206406,0.145933228356881,0.160744068141483,0.174487456781236,0.187100317439829,0.198879901572184,0.209677710958889,0.219283969996296,0.227861103514117,0.235153984312584,0.240953996355496,0.245245159630659,0.247850321088709,0.248606603835818,0.247524805396828,0.244610074560212,0.23986065581829,0.233656865728908,0.225831079760128,0.217006479627012,0.207165015840344,0.196597528938283,0.185571760989548,0.174322268530683,0.163051171582086,0.151818958364579,0.141087130111729,0.13063898146852,0.120612186594315,0.111149159257911,0.10230180204994,0.093990728687402,0.0862290744758626,0.0790140150890985,0.0723317834297611,0.0661613659127057,0.0604772077762679,0.0552511764305188,0.0504539707120968,0.0460561176399294,0.0420286632253314,0.0383436374378899,0.0349743534273245,0.0318955860250867,0.0290836631690135,0.0265164953278801,0.0241735615528268,0.0220358659317457,0.0200858745852382,0.01830744061007,0.0166857223391118,0.0152070987605309,0.0138590848081922,0.0126302483940279,0.0115101304353099,0.0104891686747673,0.00955862576213853,0.00871052182738963,0.00793757160753888,0.00723312607080695,0.00659111840223287,0.00600601416243727,0.00547276539962357,0.00498676847688859,0.00454382537165392,0.00414010820251904,0.00377212674643782,0.00343669871702013,0.00313092258605913,0.00285215274307846,0.00259857333691668,0.00236843551440448,0.00215852698376197,0.00196703054152013,0.00179228826187995,0.00163278718063305,0.00148714622031218,0.00135538034960086,0.00123535180674253,0.00112555326549841,0.00102503403775258,0.000934417395292599,0.000851447617228695,0.000775499181997754,0.000706933819760115,0.00064383969430412,0.000586873584348894,0.000534740988692978,0.000487098718756743,0.000443750819062069
0,0,0,0.00279818570486651,0.0178789015021907,0.0370900348262466,0.0568434794867786,0.0763814095346884,0.0952168691147335,0.113054375959594,0.129735879845517,0.14520036754858,0.159944859573644,0.173494096063677,0.185879851670089,0.197557414789771,0.208074906672377,0.217385436794326,0.225792280884949,0.232703092299201,0.238327043079576,0.242202977418365,0.244565499070419,0.245103710390034,0.243794441194717,0.240643205601901,0.235904799001873,0.229543988554773,0.221829456148364,0.212863971783361,0.203059754827008,0.192638267961858,0.181771713393548,0.170694593769858,0.159608889761323,0.148653220184155,0.137990334526271,0.127829703133738,0.118061934254419,0.108776071163217,0.100023139401138,0.0918682193191962,0.084298643368303,0.0772576352864347,0.0707332538642795,0.0647060982461483,0.0591520432333445,0.0540442277600532,0.0493544852017931,0.0450543578050725,0.0411158023882913,0.0375116679108411,0.0342160054189153,0.0312042557256787,0.0284533487384997,0.0259417397280385,0.023649401342656,0.021557785285579,0.0196497639086368,0.0179095592226705,0.0163226647686441,0.0148757642565086,0.0135566497346853,0.012354141204123,0.0112580089672538,0.0102588995390752,0.00934826561638482,0.00851830035686409,0.00776187605015293,0.00707248714105531,0.00644419748395713,0.00587159165317001,0.00534973010080543,0.00487410793441736,0.00444061708037051,0.0040455115964072,0.00368537590361168,0.00335878389109444,0.00306109217961602,0.00278967835178823,0.00254219356085558,0.00231649576677688,0.00211063129518359,0.00192281799988546,0.00175142988927682,0.00159586349847204,0.00145464383638638,0.00132560688420213,0.0012076355166953,0.00109977179736735,0.00100267117585607,0.000913640518612268,0.000831985942304034,0.000758556646339356,0.000690874499361065,0.000629768469882273,0.000573525075967436,0.000522788893172816,0.000476401696945229,0.00043406710650415
0,0,0,0.00278421545225242,0.0178057357193241,0.0369379216120696,0.0566288096628281,0.0760888748644421,0.0948286025340606,0.112549577430543,0.129090523522599,0.144496824294577,0.159060589841709,0.172396228758197,0.184668639437433,0.196101707023274,0.206313139343733,0.21548911564875,0.223527423976223,0.23012575057804,0.235462602171003,0.239143297357645,0.241086546136027,0.241308330882832,0.239820002225532,0.236627594897568,0.231731003370172,0.225233403553711,0.217534661941253,0.208707750967553,0.198963053287947,0.188584941566872,0.177822741583787,0.166891708153354,0.155973434209493,0.145403870013204,0.134918615407642,0.124843403795983,0.1153512519812,0.106313984339594,0.0977856019158715,0.0897923770074162,0.0823408773420184,0.0754239327504788,0.0690374655253408,0.063162323228413,0.0577463118471448,0.052763922294347,0.0481881936436848,0.0439917466183934,0.0401475052967555,0.0366291881880056,0.0334116296500148,0.0304709773685537,0.0277848001128089,0.0253321312955464,0.0230934673339431,0.0210507348827715,0.0191872373160031,0.017487588058925,0.0159376362959998,0.014524389028914,0.0132359323030365,0.0120613535627818,0.0109906664646588,0.0100147390078805,0.00912522550682895,0.00831450268059481,0.00757560996258796,0.00690219400842176,0.00628845729645462,0.00573041230524627,0.00522226271050678,0.00475913171646367,0.00433701816946612,0.003952273720345,0.00360157182546686,0.00328187938978693,0.00299043084108183,0.00272470443762022,0.002482400624535,0.00226142226658437,0.00205985659741873,0.00187713401078899,0.00171095752923904,0.00155923935141859,0.00142066605442329,0.00129403802368261,0.00117893057233996,0.00107468427540041,0.000979187998204903,0.000891630965191765,0.000812973551506319,0.000740590681634242,0.000674884254262349,0.000614847357946823,0.000560366429260624,0.000510402576001734,0.000465059569437701,0.000423820214726823
0,0,0,0.00276896336729021,0.0177253511341022,0.0367700128301032,0.056391497294849,0.0757651971783363,0.0943988452004134,0.11199088190268,0.128376585532202,0.143720884005952,0.158085582863407,0.171186927517365,0.183361502050674,0.194503932233637,0.204382003279154,0.213415054111092,0.221053955172277,0.227479201275177,0.23234604667331,0.235821094327532,0.237549065788811,0.237546165042778,0.235824152063035,0.232389686631373,0.227243532025254,0.22087947557907,0.213041669075265,0.204261273432529,0.194683558295489,0.184485074541693,0.173915220224601,0.163189200557587,0.152488434900004,0.14194998689493,0.131787879358073,0.121934326218418,0.112506176142261,0.103702579296223,0.0954124912699764,0.087634752121079,0.0803783395944065,0.0736381915826428,0.0673996677643105,0.0616418361217629,0.056339876789201,0.0514668245445329,0.0469948171767296,0.0428959759186052,0.0391430130117795,0.035709637919214,0.0325708158839446,0.0297029190684143,0.027083800352737,0.0246928122059789,0.0225107872762479,0.0205199930060931,0.0187040693193721,0.0170479559836452,0.0155378144245852,0.0141609474049652,0.0129057189677336,0.0117614762909899,0.0107184745499644,0.00976780547586049,0.00890133000676028,0.00811161521485077,0.00739187554438306,0.006735918290345,0.00613809317882738,0.00559324586291015,0.00509667512223352,0.0046440935396419,0.00423159142258998,0.0038556037401701,0.00351287985090016,0.00320045580696546,0.00291562903047968,0.00265593516918769,0.00241993210867347,0.00220567724500632,0.00201022229541474,0.00183187536333149,0.00166909259461242,0.00152046485105208,0.00138470553880184,0.00126231583568986,0.0011504855304146,0.00104812068632436,0.000954517650476061,0.000870265749020228,0.000792843218450716,0.000722334350427622,0.000658309096823549,0.000599727455735877,0.000546435118648212,0.00049802365254214,0.000453738206053139,0.000413386836305512
0,0,0,0.0027523238642084,0.0176371976040024,0.0365851674111338,0.0561299384685342,0.0754082026962159,0.0939247329627385,0.111374600200783,0.127589404033755,0.14286714622407,0.157013629023685,0.169858633703064,0.181928687388947,0.19275450728107,0.202463662525224,0.211151494537845,0.21841874463537,0.224600606514162,0.229177562326757,0.232220700189778,0.233722696658888,0.233484541864948,0.231518595318625,0.227844974369605,0.22282056277391,0.216213953444191,0.208537520700598,0.199740118802026,0.190124840453123,0.180117648324449,0.169756961580669,0.15925268218717,0.148786041869762,0.138377993921474,0.128467494176023,0.118922337393174,0.109771873600127,0.101091103772902,0.0929216788795595,0.0853515528320844,0.0783016489373791,0.0717486321165101,0.065679829221515,0.0600760428059277,0.0549139889949862,0.0501680679893156,0.0458116355986071,0.0418179029382718,0.0381605601132256,0.0348141960076263,0.0317545683582677,0.0289587647298171,0.0264052847703678,0.0240740664048242,0.0219464728022161,0.0200052525781831,0.0182344824022035,0.0166194987138695,0.0151468234057244,0.0138040869526305,0.0125799514417369,0.0114640351974394,0.0104468401344244,0.00951968256181424,0.00867462786094195,0.00790442924549757,0.00720247065864248,0.00656271375538739,0.00597964884691118,0.00544824963459533,0.00496393153428431,0.00452251337485283,0.00412018224901186,0.00375346129548942,0.00341974522874696,0.0031167874536673,0.00284057563905795,0.00258871982498727,0.00235904049405795,0.00214954983025736,0.00195843460639178,0.00178404055918017,0.00162485812280819,0.00148099701333523,0.00134989794154547,0.00123005185740707,0.00112042182840927,0.00102069345813681,0.000930481437686212,0.000847681544371386,0.000772209328498026,0.000703887504618663,0.000640989706694589,0.000584371486259856,0.00053235711162233,0.000484941707587965,0.000442013162662956,0.000402777855039111
0,0,0,0.0027341818794053,0.017540673095147,0.0363821325939009,0.0558423708944166,0.0750155028959892,0.0934031200943297,0.110696684348385,0.126723871249963,0.14193012767659,0.155837959575958,0.16853668685782,0.180361480067836,0.190843090632754,0.200412661147068,0.208685866311773,0.215782808900397,0.221475301359778,0.225849100803448,0.228574413958638,0.229673289604186,0.229163378468408,0.227057795974534,0.223364880216442,0.218087801112299,0.21152357567832,0.203726586002909,0.195119661304122,0.185706674689638,0.175753945931913,0.165491805992358,0.155115279769451,0.144861187877636,0.134924912368637,0.125081813474635,0.11573537160954,0.106878917475055,0.0984632882595545,0.0905333473622023,0.0831095900978585,0.0761952422352798,0.0697815379261166,0.063864385050614,0.0584232410326822,0.053408895365889,0.0487971919332022,0.0445627739395952,0.0406800041567331,0.0371236057658371,0.033869096577716,0.0308930713302652,0.0281733730926575,0.0256891844823807,0.0234210616107067,0.0213509277989502,0.019462039690314,0.017738935060111,0.0161673691340234,0.0147342443591384,0.0134275371789702,0.0122362243245634,0.0111502103651411,0.0101602576923402,0.00925791969535677,0.00843547757926878,0.00768588106057901,0.00700269301608965,0.0063800380531516,0.0058136585427791,0.0052982013048853,0.00482840712277938,0.00440021900218365,0.00400993741341432,0.0036541889588818,0.00332989769350004,0.00303425889184599,0.00276471506613658,0.00251893405165089,0.00229478898756082,0.00209034003374037,0.00190406431577739,0.0017356903366572,0.00158197250873145,0.00144158050308476,0.00131329942868279,0.00119601934047808,0.00109016327736255,0.000993629882230881,0.00090511938799602,0.000824572765383298,0.000751646804336146,0.000684429143734095,0.00062402713055954,0.000568181949521472,0.000518058400001103,0.000472023726810094,0.000429979573646689,0.000391728819267807
0,0,0,0.00271441213522188,0.0174351199244961,0.0361595364090404,0.0555268638237885,0.0745844810486166,0.0928305623651709,0.109952707058769,0.125875469435211,0.140903856945213,0.15455122056182,0.167149757192422,0.178650471810977,0.188867007815739,0.198179485897854,0.206025611838961,0.212921223755355,0.218246369628619,0.222247709575701,0.224749488404529,0.225615672365616,0.224864540272745,0.222510099748981,0.218561880278911,0.213234206175399,0.20664759883221,0.198933328734235,0.190205682224836,0.181008273383595,0.171288137500947,0.161270463380857,0.151150173141636,0.141086795217045,0.131271361325156,0.121769881973936,0.112588592662725,0.103826133629229,0.095689853038455,0.0880127646003156,0.0808176788982331,0.0741103805687839,0.0678843380635481,0.0621246595184973,0.0568110049378602,0.0519197142111274,0.0474253475066651,0.0433017866324343,0.0395230095483404,0.0360636225739145,0.0328992139109926,0.0300065762523735,0.0273638342775683,0.0249505037890243,0.0227475024264541,0.020737126754812,0.0189030066599973,0.0172300450822516,0.0157043489404516,0.0143131554771742,0.0130447570360342,0.0118884263842215,0.0108343440247975,0.0098735284508666,0.00899776993457572,0.00819956818433467,0.00747207401473954,0.00680903504326213,0.00620474533556281,0.00565399886025109,0.00515204657499572,0.00469455694166345,0.00427757965812471,0.00389751238889447,0.00355107028121402,0.00323525805745467,0.0029473444850652,0.00268483903433215,0.00244576152689239,0.00222932749937226,0.00203188861887244,0.00185173614550624,0.00168731094095349,0.00153719002594861,0.0014000743056871,0.00127564272729073,0.00116288221871334,0.00105967495408957,0.000965129008649519,0.000879456548014635,0.00080162200298003,0.00072999440680051,0.00066547936442801,0.00060616288614266,0.000552516155763065,0.000503135667232346,0.000458630173567095,0.000417961169776305,0.000380836980592883
0,0,0,0.00269287830881843,0.0173198207152506,0.0359158795227621,0.0551813068919946,0.0741122778156448,0.0922032990291288,0.109137840028488,0.124993634163273,0.139781849706297,0.153145446634072,0.165636636908064,0.176785540205287,0.186866220974882,0.195751732926737,0.203430523205847,0.209819438000448,0.214943876879698,0.218502593831067,0.220624729626005,0.221247850924916,0.22024571888569,0.217633496781612,0.213674693071487,0.208290931079473,0.201582395265444,0.193950944302259,0.185450822311311,0.176233257406968,0.166554589078156,0.156800354917877,0.146954878448895,0.137177410749201,0.127415163194785,0.118274531109472,0.109417488573661,0.100947006039252,0.092925886846005,0.0853878172472582,0.0784052096188579,0.0719159087999048,0.0658874396568867,0.0603069796649432,0.0551560132116439,0.0504124959144549,0.0460524246751588,0.0420509634362204,0.0383832379032967,0.0350248846244556,0.0319524187030873,0.0291434684376841,0.0265769130925599,0.0242329508751068,0.0220931173087281,0.0201402689978368,0.018358543878478,0.016733306113034,0.0152510815859537,0.0138994883140265,0.0126671648524256,0.0115436988663022,0.0105195573600708,0.00958601955663946,0.00873511305348482,0.00795955361756441,0.0072526887890763,0.00660844532932123,0.00602128045339717,0.00548613672520847,0.00499840045127613,0.0045538633838464,0.00414868753251651,0.00377937287678707,0.00344360605639694,0.00313856913165078,0.00286046311377611,0.00260688212723612,0.00237563213246898,0.0021647120854038,0.00197229673289534,0.00179672090292624,0.00163646516129979,0.00149106685021583,0.00135924684286954,0.00123874794663263,0.00112852823902809,0.00102763502176852,0.000936855698724353,0.000853814320489291,0.000777500360480051,0.000708781729301957,0.000645741822063125,0.000588403867055115,0.000536047260616596,0.00048859089448867,0.000445061942878081,0.000405368380920021,0.000369389176033251
0,0,0,0.00266943213354796,0.017193994011164,0.0356495265099006,0.05480339823421,0.0735957758654081,0.0915172337053583,0.108246831226903,0.124030498184851,0.13855708355208,0.151724387361815,0.163988235197832,0.174755830610074,0.184691548918868,0.193116229836138,0.200617373630506,0.206579370711734,0.21137501761038,0.214712665410009,0.216505262528855,0.216777992131022,0.215551456616847,0.212841946061995,0.208661595820148,0.203079088469947,0.19653523942103,0.188830359307796,0.180403681292714,0.171444494983885,0.16202611108496,0.15235893320189,0.142616576805489,0.133054211215229,0.123813514572475,0.11468570099973,0.106079737498174,0.0979167111611137,0.090172920358364,0.0828854036940933,0.0760698977681628,0.0697270870693599,0.0638472483250595,0.0584136835827058,0.0534189718875839,0.0488305835643964,0.0446114896525889,0.0407382010785249,0.0371870491391266,0.0339347523862089,0.0309587993027475,0.0282376956177672,0.0257511128955267,0.0234799658165799,0.0214064386065571,0.0195139758215512,0.0177872487536782,0.0162121057496911,0.0147755125098213,0.01346548676872,0.0122710305129808,0.0111820619651106,0.0101893488761219,0.00928444416122842,0.0084596245411614,0.00770783258205594,0.00702262232917863,0.00639988944773248,0.00583247778719483,0.00531533428649766,0.00484399841563799,0.00441440191449269,0.00402283465340553,0.00366591333075055,0.00334055280038724,0.00304393983028809,0.00277350910190113,0.00252692127016064,0.00230204291635747,0.00209692823501234,0.00190980230993155,0.00174099764134295,0.00158690595854729,0.00144617675041115,0.00131759271041637,0.00120004185647441,0.00109329202258864,0.000996722814875081,0.00090818624529064,0.000826918975836402,0.000753960475165597,0.000686942199609526,0.00062579110913002,0.00057035010275884,0.000519629719344071,0.000473331866614077,0.000431474402647019,0.000393160937641982,0.000358227898555403
0,0,0,0.0026439124751344,0.0170567895697874,0.035358696474541,0.054390631844945,0.0730315835427522,0.0907679143140518,0.107284101670072,0.122979973700443,0.13722197278166,0.150286827698896,0.162194793286169,0.172793798873302,0.182330909081241,0.190542415938382,0.197571876635915,0.203335942104391,0.207597849323313,0.210629678243662,0.212181862385138,0.212206474929597,0.21072530138851,0.207756154951223,0.203427227849555,0.197965412484483,0.191169825893365,0.1837206248497,0.175365096437218,0.166378845152075,0.157250032572966,0.147882717796157,0.138450339845658,0.129089116606704,0.12002448179915,0.11125017857119,0.102797587736361,0.094749156926076,0.0872836465231359,0.0802591628326265,0.0736816025117716,0.0675542945161143,0.0618698249577564,0.0566135239572874,0.0517660303015488,0.0473051633588614,0.0432072760115624,0.0394482199707174,0.036004022652564,0.0328513503478735,0.0299678139222791,0.0273321592635055,0.0249243741081233,0.0227257348803776,0.0207188111436515,0.018887440723522,0.0172166851413307,0.0156927724348277,0.0143030325144711,0.0130358287713214,0.0118804885768896,0.0108272345207814,0.00986711764255899,0.00899195348073337,0.00819426144549751,0.00746720779284656,0.00680455231270125,0.00620059872903743,0.00565014873055095,0.00514845949590066,0.00469120454534579,0.00427443773043066,0.00389456016343301,0.0035482898869306,0.00323263408571651,0.00294486365035207,0.002682489909228,0.00244394362802755,0.00222769286600543,0.00203042284609441,0.00185042665818612,0.00168614689779882,0.00153616225598501,0.00139917527590827,0.00127439841713983,0.00116191335709138,0.00105896224422643,0.000964656329101358,0.000878434332063819,0.000801010684497109,0.000729766305209995,0.000664725566546469,0.000605964721270285,0.000551829975262846,0.000503044363011526,0.000458356184414186,0.000417425692248774,0.0003803794318825,0.000346623797021214
0,0,0,0.00261614424837482,0.0169072833400014,0.0350414530397833,0.0539402840877895,0.072416017664375,0.0899505120577946,0.106399464229988,0.121835483573295,0.1357683436843,0.148723266148122,0.16024586663714,0.170704401893264,0.179771492435713,0.187808912993734,0.194336070446907,0.199834250953799,0.203877889327628,0.206450069081751,0.207584678500747,0.207310095848618,0.205649818407989,0.202623023845359,0.198245025774318,0.192527580028358,0.18599186164705,0.178339902291923,0.170238763511686,0.161539578321832,0.152437687644895,0.143168916562969,0.134066136923523,0.125043500511882,0.116047281991636,0.107644223739508,0.0995253694743318,0.0917775930607221,0.0844529115465451,0.0775781293674493,0.0711827100820173,0.0652809320338017,0.0598009149824699,0.0547301142196411,0.0500510437149119,0.0457431850219772,0.0417843703571898,0.0381517726771275,0.0348226030601681,0.0317745909987735,0.0289863045145503,0.0264373528405391,0.0241085037138701,0.0219817392336482,0.0200402681377394,0.0182685077599869,0.016652045465188,0.0151775867678892,0.0138328953872906,0.0126067290385608,0.011488773670787,0.0104695780543167,0.00954049002295429,0.0086935952331432,0.00792165898249491,0.00721807139386003,0.0065767961030342,0.00599232247069822,0.00545962125577973,0.00497410363158499,0.00453158339142041,0.00412824216853142,0.00376118432982931,0.00342804557172919,0.00312434551929851,0.0028474580606106,0.0025949884076562,0.00236475260185997,0.00215475879008929,0.00196319012307744,0.00178838913933207,0.00162884350654602,0.00148396520413372,0.00135286879863939,0.00123303360242579,0.00112342414956382,0.0010230938613415,0.000932277976514737,0.000849892136439104,0.000774184114420361,0.000705230102124819,0.000642919385838992,0.00058525746619001,0.000533766378255243,0.000486071319595598,0.000443039665928566,0.00040377545936724,0.000367881666572224,0.000335192788271893
0,0,0,0.00258593734637852,0.0167444720395429,0.0346956937014124,0.0534493994585067,0.0717450854454731,0.0890597997049226,0.105436230666826,0.120589937560919,0.134265563888452,0.147024440920812,0.158168976378217,0.168438874150066,0.177170054576371,0.184852433612402,0.191185167299044,0.196058724657006,0.199873334153701,0.202208058494096,0.203097706333398,0.202571870014778,0.200655592592322,0.197369964899181,0.192733474166823,0.187227221118963,0.180509443704337,0.17315249446475,0.164974639431188,0.156446550802805,0.147671470473833,0.138691853303916,0.129658554533591,0.120800724862911,0.112322554512251,0.103958683750257,0.0961013064398107,0.088668227085903,0.0816275408091178,0.07500944553911,0.0688256798345366,0.0630749805994049,0.0577471351959832,0.0528259736652659,0.0482915635591014,0.0441218063671309,0.0403005086086071,0.0367998142520989,0.0335906242437217,0.0306517773789995,0.0279628402760777,0.0255043228473019,0.0232578065272619,0.0212060095522465,0.0193328074092568,0.0176232219281694,0.0160633889819814,0.0146405121355203,0.0133428076038965,0.0121594444093669,0.0110804825196016,0.0100968109303376,0.00920022596767741,0.00838475709328448,0.00764148185079374,0.00696402789975668,0.00634657713526359,0.00578381915582447,0.00527090819137768,0.00480342334572513,0.00437733198308055,0.00398895607087043,0.00363494128783353,0.00331222870308898,0.00301802883925136,0.00274979793675033,0.00250521624707653,0.00228216819152032,0.00207872423225868,0.00189342441115464,0.00172611314479865,0.0015733695075634,0.00143387252511172,0.00130641610261464,0.00118989864712385,0.00108365146585366,0.000988114435073722,0.000900525028102584,0.000820129506348393,0.000747299552889421,0.000681216560545776,0.000620187656983572,0.00056554820412179,0.000514934803294006,0.000469538621781639,0.000427684658993852,0.000389544431949448,0.000355074703425018,0.000323545401389972
0,0,0,0.00255308541634629,0.0165672674177926,0.0343191385423726,0.0529147756066808,0.0710144656986576,0.0880901490888265,0.104388370430364,0.119235709056315,0.13280713701263,0.14518045368943,0.156189977505198,0.165984918874762,0.174546614385621,0.181658492295962,0.187785828994802,0.192443770187035,0.1956842828899,0.197656058080594,0.198291915674582,0.197507243703031,0.195328962988367,0.191964874200385,0.187428964517121,0.181674201970109,0.175135253641666,0.167674971336624,0.159822863023411,0.151404524549766,0.142664323882805,0.134040752306486,0.125371077792542,0.116766714592116,0.108477225461631,0.1004709485361,0.0927806990195933,0.0854742826123265,0.0786807111374854,0.0723303914910373,0.0663889623372513,0.0608578218588743,0.0557290847145293,0.050988627637558,0.0466183271463286,0.0425976906773562,0.0389050335249657,0.0355183167371284,0.0324157328769711,0.0295761051178408,0.0269791489140546,0.0246056332065159,0.0224374688412553,0.0204577448724121,0.0186507281350991,0.0170018374970016,0.0154976012035737,0.0141256034866132,0.0128744249219708,0.0117335797665836,0.0106934525652192,0.0097452356238403,0.00888086843064795,0.00809297972876238,0.00737483266810777,0.0067202732649436,0.00612368225439741,0.00557993032225962,0.0050843366329709,0.00463263052471269,0.00422091621539576,0.00384564034478559,0.00350356217304117,0.00319172625188353,0.00290743739035895,0.00264823774087839,0.00241376087017643,0.00220015078960923,0.00200528920850851,0.00182749046900708,0.00166521660519943,0.00151706411795208,0.0013817519035133,0.00125828880936126,0.00114734356775842,0.00104580103663838,0.000952785691933521,0.000867496448874496,0.000790897350442851,0.000720829963014072,0.000656238094153865,0.000598419680573718,0.000545039433826857,0.000496818926291712,0.000452340965258123,0.000412469535940869,0.000375837796371943,0.000342396720780244,0.000311978893430654
0,0,0,0.00251736457949231,0.0163744901178179,0.0339093183415363,0.0523329476627672,0.0702194893867541,0.0872280677861957,0.103249392587985,0.117764612835723,0.13122415988203,0.143180756452346,0.154045966252694,0.16332956885392,0.171711192374688,0.178579859274178,0.184122974564264,0.188555420899127,0.191562071665203,0.193188358190906,0.193473304965512,0.192450396243005,0.190148429523752,0.186592313194129,0.181803762557227,0.176194892263879,0.16959067486291,0.162364501819826,0.154403440816521,0.146340851598869,0.137926008252063,0.129325999398991,0.120886421484143,0.112671185977452,0.104465210477176,0.0968321274167356,0.0894776269049764,0.0824738875648532,0.0758632007022304,0.0696662948322895,0.063888557696893,0.0585533610330855,0.053631607891377,0.0490790007961753,0.04487929766314,0.0410136759900482,0.0374619393317953,0.0342033794878989,0.0312173824147346,0.028483844181266,0.0259834468696018,0.0236978318873776,0.0216096987687535,0.0197028504465363,0.0179622006257458,0.0163737548619907,0.014924573914291,0.0136027256666766,0.0123972302053637,0.0112980013637349,0.0102957870938327,0.00938211031682165,0.0085492113819975,0.0077899928766901,0.00709796724990952,0.00646720750656752,0.00589230108329207,0.00536830691380268,0.00489071562046816,0.00445541271917845,0.00406015524284021,0.00370050803724394,0.00337266260427957,0.00307378577981161,0.00280129390945174,0.0025528308398936,0.0023262477963629,0.00211958499357436,0.00193105483680976,0.00175902657972144,0.00160201231651863,0.00145960443819672,0.00133071977967322,0.00121290478571222,0.00110514224726007,0.00100650246904308,0.000916747862596369,0.00083595207992446,0.000761701537250926,0.000693361131259657,0.000632388012944597,0.000576052709576878,0.000524933085107855,0.00047824956027146,0.000435897967497175,0.000396902976571416,0.000361745982545423,0.000329698062794037,0.000300408917666286
0,0,0,0.00247853204818935,0.0161648632041273,0.0334635620776798,0.0517001719610639,0.0693551197243708,0.0862912684542081,0.102012324403385,0.116216746453588,0.129507405853373,0.14110040588197,0.151725298911322,0.16082540893907,0.168649898406445,0.175317859165651,0.180537174396189,0.184377723240998,0.187140775711411,0.188517032433094,0.188547068143898,0.187266270063646,0.184705719674487,0.180981056971682,0.17633245477876,0.170582528116619,0.164084000534826,0.156881248065013,0.149271569408139,0.141146826421915,0.133004070584328,0.124793846095845,0.116530998467042,0.108402549914543,0.100720496760805,0.0931443009655236,0.0860432912073945,0.0793543098920061,0.0730278592050125,0.0670880035366352,0.0615430176142472,0.0563900952845125,0.0516188416641093,0.047213848614328,0.0431565810771267,0.039426746606229,0.0360032784370236,0.0328650305149247,0.029991258710494,0.0273619440878987,0.0249580002170188,0.022761396009275,0.0207552176302709,0.018923687052758,0.0172521503052765,0.0157270450745502,0.0143358547705387,0.0130670542487775,0.0119100509513508,0.010855124161994,0.00989336427181891,0.00901661336403924,0.00821740799255646,0.00748892470804011,0.00682492865492071,0.00621972539591615,0.00566811600166685,0.0051653553612299,0.00470711361295045,0.00428944055884864,0.00390873290403594,0.00356170415010665,0.00324535696774698,0.00295695787374569,0.00269401404290557,0.00245425209054985,0.00223559867073004,0.0020361627435665,0.00185519204502378,0.00169126638634416,0.00154161132492198,0.00140493314503894,0.00128005074107853,0.00116588547414367,0.00106145191406321,0.00096800011269275,0.000882354107243086,0.000803738461487415,0.000731818847584789,0.000667435441891485,0.000607966330641324,0.000553915955862864,0.000504848637666843,0.000459900534779799,0.000419008115275097,0.00038195399453868,0.000347959027658354,0.000316974513942712,0.000288830374481223
0,0,0,0.00243632462853774,0.0159370053031615,0.0330712255376983,0.0510124092488799,0.0685415762852127,0.0852739509984927,0.100669690899072,0.114768951875086,0.127647051630999,0.139102490965478,0.149215706287598,0.158141786568029,0.165544423396164,0.171804629623348,0.176803122401704,0.180409348283549,0.182680539245308,0.183666453051839,0.183410279977996,0.181949588682389,0.179317273571413,0.175542460514662,0.170651322739335,0.164987397275344,0.158536937051801,0.151472713787956,0.143904853607749,0.136171798995322,0.12811367570193,0.120066536779676,0.112217417955043,0.104405098195097,0.0969088697102738,0.0896857121287683,0.0827683080904835,0.0762110266340386,0.070090557735892,0.0644170315636307,0.0591131972285545,0.054178855556102,0.0496058966189377,0.045380925950014,0.0414871916755356,0.0379059871280013,0.0346176609722436,0.0316023345587158,0.0288404017226667,0.0263128676601214,0.0240015694568291,0.0218893102109328,0.0199599306562775,0.0181983361315762,0.016590492169634,0.0151233985415065,0.0137850490037861,0.0125643820567085,0.0114512265670566,0.0104362450256392,0.00951087639898461,0.00866727993512794,0.00789828084181175,0.00719731842866068,0.00655839706754562,0.00597604015537978,0.0054452471408991,0.00496145359140984,0.00452049421759413,0.00411856873523346,0.00375221041992508,0.00341825719606861,0.00311382509705298,0.00283628393169161,0.0025845926108461,0.00235595268536207,0.00214741686395897,0.0019571816753466,0.00178360194388003,0.00162517667238524,0.00148053615489514,0.00134843021376607,0.00122773366251271,0.00111959825874738,0.00102062190757276,0.000929952420451343,0.000846810322605428,0.000771596938453162,0.000703516866410866,0.000640746958231763,0.000583783064883963,0.000532160664110571,0.000484534320378085,0.000441797004838082,0.000402472053233118,0.00036650750517598,0.000334158887791564,0.000304521364330246,0.000277462132519827
0,0,0,0.00239045716289886,0.0156894233834111,0.0326803023455732,0.0503424415148722,0.0677281105405373,0.084169891175572,0.0992134960026445,0.113199828944966,0.125632669693462,0.136941117199213,0.14660556249968,0.155245687622236,0.162453762372894,0.168215663010298,0.172792689986293,0.176159955365685,0.178185715587854,0.178921309428671,0.178411853852303,0.176697212323189,0.173812956934681,0.169791277563188,0.165074543877249,0.159376365075148,0.15295439244283,0.146045875158207,0.138695185460227,0.130977263784182,0.123336128790633,0.115517154702002,0.107734943034874,0.100356686676231,0.0929575045222557,0.086100362292519,0.0795125797987285,0.0732527091721822,0.0673541077925293,0.0618320116252557,0.0566888151515559,0.0519179962869274,0.0475285894428138,0.0434894288855648,0.0397644858453717,0.0363366903415913,0.0331878519036539,0.0302993999728365,0.0276529028850724,0.0252304228542911,0.0230147501438602,0.0209895488361193,0.0191394384780556,0.0174500297351108,0.0159079275566257,0.0145007118675923,0.0132169031798159,0.0120459185477585,0.0109780218164167,0.0100042710098975,0.00911646488388961,0.00830709005584913,0.00756926967633493,0.00689671427077185,0.00628367513941914,0.00572490052713733,0.00521559464951462,0.00475249204710601,0.00433152175969588,0.00394780698300704,0.00359803642168542,0.00327918996814077,0.00298851325466446,0.00272349433921408,0.00248184236519335,0.00226146804220961,0.00206046580171236,0.00187709749240033,0.00170977748723018,0.00155705908425176,0.00141875693188166,0.0012935490002454,0.00117908953862063,0.00107439122020922,0.000978551838415437,0.000890765927752991,0.000812497149653111,0.000740557529042755,0.000674334198198599,0.000614528797861926,0.000560188577620372,0.000509841630597469,0.000465096479248068,0.000423374376981085,0.000386074802735732,0.000351804328446309,0.000320418751307488,0.000291868479141136,0.000265979276826013
0,0,0,0.002340620800784,0.0154205052062483,0.0322557771012864,0.0497151840209209,0.0668453417141947,0.0829724223021502,0.0976886698707818,0.111500397705242,0.123566739788195,0.134604848206675,0.144102708263386,0.152123474778596,0.159126172198666,0.164673395250701,0.168843111316257,0.171704334188278,0.173383469986361,0.173862648802499,0.173095774144797,0.171176619216361,0.168275269973056,0.164339179150904,0.159399160263326,0.153720923891071,0.147467978495861,0.140587438111242,0.133444079631441,0.126040273191049,0.11836774427557,0.11098756852,0.103533010600646,0.0961648141787931,0.0892726162797573,0.0824841057380201,0.0761503082191121,0.0701976015076828,0.0645765948542952,0.0593057091238065,0.0543901038925832,0.0498256733680782,0.0456020058667727,0.0417045631163213,0.0381162735551988,0.0348186865544976,0.0317927985916877,0.0290196351563119,0.0264806515313756,0.0241579999436742,0.0220346987600588,0.0200947304573173,0.018323088350404,0.0167057869697965,0.0152298471457519,0.0138832639728126,0.0126549636600755,0.0115347536507771,0.0105132691769808,0.00958191851169671,0.00873282850508015,0.00795879149200176,0.00725321429325018,0.00661006976031255,0.00602385112041912,0.00548952923911244,0.00500251281502609,0.00455861145717545,0.00415400154562364,0.00378519474816481,0.00344900904699573,0.00314254212099574,0.00286314692641319,0.0026084093189099,0.00237612756555168,0.00216429360158956,0.00197107589294178,0.00179641562920592,0.00163771493265625,0.00149282486063855,0.00136049351074927,0.001239578039729,0.00112903486790982,0.00102791074266619,0.000937117575093041,0.000854394330893675,0.000778450878934452,0.000708638714680105,0.00064612455462543,0.000588914233003463,0.000535930452695282,0.000488938829251559,0.00044510558274746,0.000405935949897174,0.000369578293479838,0.000336865672005997,0.000307060554034532,0.000279796577985801,0.000254936227999503
0,0,0,0.00228648122757278,0.0151285114689013,0.0317949483101781,0.0490345283870735,0.0658878739811956,0.0816744183707168,0.0962855231117668,0.10966113111028,0.121588644623866,0.132081689998756,0.141402564486686,0.149168831408791,0.155547672592673,0.160869879130922,0.164806652673929,0.167428262140642,0.168797122168512,0.168968668337214,0.167992287715994,0.165912278660202,0.162768804900548,0.158598800728357,0.153770940395001,0.148175324156225,0.141856410114062,0.135280894135739,0.128194301163919,0.121018901313205,0.113748174820182,0.106295565605908,0.0992975716702214,0.0922831894121596,0.0855890866468795,0.0791401980554793,0.0729843838309654,0.0671635568393801,0.0617195846565841,0.0567071196527358,0.0520256418021803,0.0476735298201571,0.0436425559327035,0.0399201114975715,0.0364908376696286,0.0333378100318446,0.0304433897413604,0.0277898261275671,0.025359674773298,0.0231360792580796,0.0211029527646685,0.0192450866912146,0.0175482065709498,0.0159989904440617,0.0145850609384623,0.0132949593915733,0.0121181081471198,0.0110447655120553,0.0100659766258481,0.00917352257238804,0.00835986937940173,0.00761811804105742,0.00694195632676328,0.00632561286095065,0.00576381376029475,0.00525174197175897,0.00478499934833216,0.00435957143294901,0.00397179486828062,0.00361832732083419,0.00329611978695987,0.0030023911383341,0.00273512559791623,0.0024932677544339,0.00227270587831497,0.00207153314599323,0.00188801028128213,0.00172055066936503,0.00156770676491843,0.00142815768324374,0.00130069787588784,0.0011842267970754,0.00107973012489846,0.000984434441669755,0.000897126295687119,0.000817056733170675,0.000743809269392841,0.000678516962391948,0.000618296865551124,0.000562643444132575,0.000513340197412725,0.000467484765008187,0.000426146114444442,0.000388041316804007,0.000353851553994073,0.000322297932690698,0.000293467121804001,0.000267411154857272,0.000243636201730419
0,0,0,0.00222767671717921,0.0148115676251602,0.031294909873467,0.0482962683944839,0.0648499319562771,0.080268279244076,0.0947664915815079,0.107671953563349,0.119451203861714,0.129543397756674,0.138492393832182,0.146061209995968,0.152164287829617,0.156890394599058,0.160486294368704,0.162860519686563,0.163978456560577,0.163897830071269,0.162670696285323,0.16034439717085,0.157132194038759,0.153097295040931,0.148166354952871,0.142504731373199,0.136495457044467,0.129808649092742,0.123121535562691,0.116033260617534,0.10900696232753,0.102006978281086,0.0949266761462563,0.0883824588812358,0.0817957183594823,0.0756965639367479,0.069856073377623,0.0643200365377772,0.0591134912770128,0.054246607691776,0.0497190737283002,0.0455233499579912,0.0416470725983739,0.0380922687737123,0.0348259099487757,0.0318209880366665,0.0290612618337086,0.0265302341458791,0.0242115875633047,0.0220894811287921,0.0201487446422977,0.0183749981605071,0.0167547173232263,0.0152752599076427,0.0139248650707945,0.0126926337753381,0.0115684966621971,0.0105431739616361,0.00960813078051585,0.0087555301673952,0.00797818565887679,0.00726951449313696,0.00662349229443797,0.00603460974965464,0.0054982249757648,0.0050112502686189,0.0045673815912296,0.00416279750712562,0.00379401136750895,0.00345784246264135,0.0031513894994442,0.00287200625536952,0.00261727925726984,0.00238500733765068,0.00217318292711586,0.00197997494538442,0.00180371316492271,0.00164287392528509,0.00149606708823348,0.00136297637967413,0.00124282433681195,0.00113297699729847,0.00103248788094423,0.000940492271509953,0.000856199852324864,0.000780428531256672,0.00071162624789361,0.000648271665486447,0.000589979047257284,0.000538299409627915,0.000490288405870094,0.000446748280442957,0.000407115048307808,0.000370973441688029,0.000337754935201412,0.00030802531647267,0.00028069361044059,0.00025574551172663,0.000233036424358777
0,0,0,0.00216381611512837,0.0145439376886384,0.030752539663841,0.0474958965332278,0.0637253460467144,0.0788781177316935,0.0931230598456877,0.105660494276018,0.117143430894644,0.127067775694903,0.135413395197586,0.142719864788749,0.148605845625605,0.153106682768196,0.156303097521315,0.158267651930979,0.159065566696983,0.158755576496828,0.157390812843808,0.155019695817496,0.151686806995989,0.147433707042978,0.142529750783964,0.137090269063721,0.13090948629798,0.124686023789921,0.11786035511896,0.111244770444656,0.104309793530182,0.0975909906795074,0.0909492641333196,0.0843706808421944,0.0782181269882994,0.07219682344848,0.0666476724950535,0.0614037132122081,0.0564613565663653,0.0518337256252957,0.0475230822032799,0.0435241441358364,0.0398265380842337,0.0364166022890695,0.0332787015461976,0.0303961770739326,0.0277520238868262,0.0253293655089359,0.0231117786178767,0.0210835071485122,0.0192295955274875,0.0175359632520082,0.0159894374044531,0.0145777554563016,0.0132895475244056,0.0121143048383563,0.0110423393842836,0.0100647383344114,0.00917331586528745,0.00836056421722443,0.0076196052871532,0.00694414363424185,0.00632842147478388,0.00576717602054975,0.00525559935357033,0.00478930091664982,0.00436427261587213,0.00397685647849311,0.00362371476979914,0.00330180245023147,0.00300834184034353,0.0027407993546676,0.00249686416334618,0.00227442864288661,0.00207157048308544,0.00188653631977773,0.00171938921435975,0.00156760238042966,0.00142901610260975,0.00130243366491286,0.00118676268171109,0.00108100575441756,0.000984251950624803,0.000896641686644712,0.00081777061206026,0.000745344868418269,0.000678748557227311,0.000618062105433737,0.000563796800403213,0.000513506781920529,0.000467772498377183,0.000426479131018217,0.00038829403735663,0.000354021330324311,0.000322596969099883,0.000293666221150941,0.000267648145140729,0.000243934498754024,0.000222210736886404
0,0,0,0.00209447666451368,0.0142966553984085,0.0301644881297945,0.0466285907289637,0.0625075395757221,0.0775563452557285,0.091346224852698,0.10374500302808,0.114653859142246,0.124400076624848,0.132557783775872,0.1392342787024,0.144790603468708,0.149057145113413,0.152013411675574,0.153733823773362,0.154285841588247,0.153730826064,0.152124912750096,0.149519876568435,0.145990432259453,0.141923324282696,0.13706252849184,0.131445942261966,0.125717980115822,0.119370577383116,0.113021048185993,0.106298745705429,0.0998508656574171,0.0931733218850556,0.0868969631224374,0.080648612434448,0.0747538685479639,0.0690504004524262,0.0636264974350654,0.0585124987842898,0.0537528990769899,0.0493696111297971,0.0452804807087809,0.0414825283500495,0.0379674116013289,0.0347232684548834,0.0317360653023073,0.0289905737859984,0.0264710704510594,0.0241618300229709,0.0220474656565459,0.0201131562740665,0.0183447911135061,0.0167290540544052,0.0152534645902044,0.0139063880180313,0.0126770241829069,0.0115553816737032,0.0105322425489078,0.00959912129182764,0.00874822067359061,0.00797238643858921,0.00726506215582343,0.0066202451595638,0.00603244419288867,0.00549663913978985,0.005008243066504,0.00456306667490821,0.00415728518533833,0.00378740761028771,0.00345024833895298,0.00314290092808246,0.00286271397962856,0.00260816111941762,0.00237762793813702,0.00216738671193086,0.00197562042785569,0.00180067169899215,0.00164102860544796,0.00149531176412501,0.00136226252459106,0.00124073219787286,0.00112967222825684,0.00102926386515479,0.00093868308323126,0.000855677325043529,0.000779536498707273,0.000709611271653409,0.000646762035142995,0.000589793111096722,0.000537112221445996,0.000489235026763425,0.000446156517587836,0.000405866565525055,0.000370413241172199,0.000337150734934481,0.000307415782203829,0.00028020367383465,0.000255255560811914,0.000232550379168236,0.00021120259621681
0,0,0,0.00201920175409655,0.0140284476299317,0.0295271671745498,0.0456892020762863,0.0612136306551876,0.0761267202543605,0.0894265007306774,0.101677290904238,0.112206787184569,0.12152823931929,0.129487691328376,0.135956760189481,0.141033388225755,0.144806485507369,0.147439487969593,0.148910875085816,0.149214314129847,0.148414183874608,0.146702620721059,0.144119637313497,0.140671480969852,0.136403921851085,0.131446536669696,0.126218234277697,0.120349710601667,0.114343584462162,0.108025652633971,0.101719140624468,0.0952631091323814,0.0890827596393577,0.082744467248703,0.076991368630564,0.0712095279476103,0.0658311964347642,0.0607008054427382,0.0558521766159632,0.0513025664234083,0.047057426313387,0.0431139440693873,0.0394636666706377,0.0360944321794436,0.0330016564376015,0.030167701351089,0.0275615644934607,0.0251688248160204,0.0229749271311379,0.0209655381789314,0.0191267873806244,0.017445422861799,0.0159089056673532,0.0145054593165863,0.0132240874911335,0.0120545693667652,0.0109874396278823,0.0100139583554567,0.00912607458026299,0.00831638625650701,0.00757809863199453,0.00690498241177593,0.00629133268220674,0.00573192924710962,0.00522386463027596,0.00476130607364427,0.00433968077014759,0.00395536166953029,0.00360503898308187,0.00328569296571542,0.00299456886367545,0.00272915389558951,0.00248715613268321,0.00226648514353784,0.00206523427340635,0.00188166443295023,0.00171418927723864,0.00156136166379015,0.00142186128450782,0.00129448337391888,0.00118051146712662,0.00107641340827765,0.000981168366983494,0.000893958226455409,0.000814035457665432,0.000740886326756508,0.000676004589569059,0.000616228540010318,0.000561058285599206,0.000511137431391076,0.000466156565734178,0.000424196116500797,0.000386978196137283,0.000352244238504346,0.000321304252674907,0.000292505874657508,0.000266520924392096,0.000242989690997177,0.000221427611933253,0.000200059051431442
0,0,0,0.00197189080811564,0.0137376327057914,0.0288367394704999,0.0446722440034237,0.0601023283978236,0.0745814117294721,0.0875412840371312,0.0994470658023082,0.109809257879151,0.118564778616528,0.126190893874618,0.132442762288265,0.137294514028112,0.140836424276926,0.143150929897735,0.144313474535723,0.144393338716938,0.143454450332933,0.141556164911421,0.138753998650156,0.135100291126384,0.130910456442643,0.126182665474733,0.120798470428217,0.115215899829061,0.109300682405474,0.103204878985311,0.0970870037334447,0.0909408613005988,0.084888807954442,0.0790234528581051,0.0732548808907188,0.0677464672582528,0.0625518943877533,0.0577204573290612,0.0531421383171681,0.0488372499207986,0.0448139023186884,0.0410716111150153,0.0376039729806464,0.0344006398172986,0.0314487660353696,0.0287340609205347,0.0262415457610515,0.0239560909247045,0.0218627895241202,0.0199472102992096,0.0181955617228334,0.016594791339283,0.0151326382881651,0.0137976524108929,0.0125791899012969,0.0114673928749104,0.0104531582915763,0.00952810020833615,0.00868450824810223,0.00791530435611562,0.00721399931110182,0.0065746500041086,0.00599181817146147,0.00546053101984102,0.00497624400690425,0.004534805911046,0.00413242623390258,0.00376564491489144,0.00343130429314,0.00312652322412155,0.00284867324085405,0.00259535663843709,0.00236438635836286,0.00215376754716944,0.00196168066761938,0.00178646604505698,0.0016270113719205,0.00148362632384839,0.00135269844214789,0.00123309800745976,0.0011237938637282,0.00102384461804418,0.000932390618072812,0.000848646639912361,0.00077381644617388,0.000705692154414139,0.00064302201850799,0.000585279124156886,0.000533465707110352,0.000486474328482792,0.000442762740575958,0.000403753749397359,0.00036781767648728,0.00033519051872319,0.000305238069221223,0.000278378608276605,0.000253557183236699,0.000230889822090415,0.00021016126533018,0.000188829889072502
0,0,0,0.0019317436900824,0.0134224061014034,0.0281535677604488,0.0436963214355928,0.0589005944803803,0.072912169417478,0.0857351379765643,0.0970436407167505,0.107228469329053,0.115797070777451,0.1228628322855,0.128680562736657,0.133299137236926,0.136602865246427,0.138676273711152,0.139597307051253,0.139438153792516,0.138266032029171,0.136143919524108,0.133299430615301,0.129813262732064,0.125601924648181,0.120712611112427,0.115637117876071,0.110127290304104,0.104313380362394,0.0985305032385345,0.0924807694603991,0.0867077410945681,0.0807862032349318,0.0752510112967246,0.0696927509207771,0.0645822065221914,0.0595812488937348,0.0548463368602288,0.0503971496351868,0.0463371054242702,0.0425386881371017,0.0390004445986072,0.035718046746578,0.0326829834840841,0.0298840423734756,0.0273083900889784,0.0249423526767818,0.0227719718611203,0.020783394838424,0.0189631408070481,0.017298276717652,0.0157765266254492,0.0143863328879367,0.0131168828349898,0.0119581110544085,0.0109006848130858,0.00993597816459114,0.00905603881618436,0.00825355071754235,0.00752179450870972,0.00685460734606613,0.0062463431662217,0.00569183411097249,0.00518635358496312,0.00472558123704986,0.00430557002358984,0.00392271541875219,0.00357372676926568,0.00325560074616654,0.00296559681509099,0.00270121462812634,0.00246017322761131,0.00224201344438521,0.00204400603471963,0.0018633885736481,0.00169860065049789,0.00154821879970667,0.00141094434855646,0.00128559232439809,0.00117108133233683,0.00106642432193272,0.000970720166818322,0.000884990488028672,0.000807141073962849,0.000735703306892523,0.000670070780133177,0.000609689068106965,0.000556189487231021,0.000507089891469791,0.000461533755639457,0.00042076700542568,0.000383522246415081,0.000349131497213991,0.000318416702007754,0.000290029015662376,0.000264093168130735,0.000240872312359224,0.000219509910848048,0.000198801603956307,0.000177566648834152
0,0,0,0.00188816027900199,0.0130808340520281,0.0275769268738103,0.0428032849354078,0.0576018455765359,0.0711103342558282,0.0837872615373313,0.0947278891193307,0.104453284265914,0.112824960427688,0.119684995557857,0.125137606754951,0.129278268134273,0.132194676578441,0.133967666433567,0.134672073716514,0.134377546128903,0.133149290594202,0.131048745676309,0.128134162601182,0.124461076583017,0.120133156365429,0.115601739453743,0.110504530429899,0.105046081069559,0.0995988810622394,0.093736197392072,0.0882107701232487,0.0823840712190554,0.0769801119355497,0.0714117670094391,0.0663624145692152,0.0613643966958179,0.0566570896186001,0.0521876061336872,0.0479786566825145,0.0440402825775386,0.0403735674415297,0.0369733919525861,0.0338304685870465,0.0309490870999323,0.0283045566293959,0.0258693049077301,0.0236309740612509,0.0215767875486136,0.0196939561531861,0.0179699582259836,0.0163927271439803,0.0149507707357262,0.0136332412093354,0.0124299694384716,0.0113314739313331,0.0103289521485893,0.00941425983764797,0.00857988255151173,0.00781890239333136,0.00712496218718207,0.00649222864897203,0.0059153556620123,0.00538944841878276,0.00491002893369374,0.00447371669486854,0.0040778274469709,0.0037169567728417,0.0033879987701767,0.00308811938003377,0.00281473298573683,0.00256548089219853,0.00233821156743654,0.00213096252496294,0.0019419437292313,0.00176952240952255,0.00161220917315513,0.00146864531527271,0.0013375912277561,0.00121791581732563,0.00110870982041022,0.00101137051794385,0.000922285762638469,0.00084069226158496,0.000765892783440987,0.000697250276828224,0.000634784955139414,0.000579261403932797,0.000527967817308394,0.000480484759348936,0.000438034080754559,0.000399380254032246,0.000363176774833359,0.000331596075023515,0.000301539330276896,0.000275274023058407,0.000250741000013284,0.00022817319720121,0.000208028975960542,0.000187400816582136,0.000166321554425201
0,0,0,0.00184085404056204,0.0127108473557239,0.0269528546231496,0.0418377071420706,0.0561991454378398,0.0694640678956703,0.0816882954884771,0.0924640569667628,0.10162090298158,0.10963732437597,0.116282355231889,0.121512855382436,0.125425792446648,0.128110745281113,0.129650841408019,0.130123627845549,0.12960186612968,0.128154238149879,0.125845946503592,0.122739191787462,0.119183113337557,0.115099350269512,0.110426832743432,0.105400373905095,0.100293548992406,0.0947608092360934,0.0894041240297455,0.0838470409340662,0.0784513924411279,0.0731044703862493,0.0679332924588937,0.06298076312295,0.0581070270507306,0.0536969080790813,0.0494960802294185,0.0455303117027271,0.0418123010331378,0.0383454560787216,0.0351267023178735,0.0321485604091936,0.0294006745481536,0.0268709288350482,0.0245462552823492,0.0224132116413785,0.020458387977686,0.0186686863401067,0.0170315068707576,0.0155348653688313,0.014167461047743,0.0129187084812294,0.01177874416687,0.0107384154445826,0.00978925748961629,0.00892346257684801,0.00813384468226963,0.00741380163311024,0.00675727638481837,0.00615871853309398,0.00561304681797843,0.00511561312232143,0.004662168278303,0.00424882985743213,0.00387205202437447,0.00352859746530441,0.00321551135046745,0.0029300972635172,0.00266989500541641,0.00243266016977372,0.002216345381363,0.00201908308581961,0.00183916978108877,0.00167505158307055,0.00152531102363334,0.00138865498369163,0.0012664291463049,0.00115487367148399,0.00105290156435039,0.00095963601435163,0.000874276478233232,0.000796091890191885,0.000724414475160102,0.000660698304842776,0.000602616658412103,0.00054905675260511,0.00049957675600975,0.000455559553835423,0.00041540331472359,0.000377867329818298,0.000344821684185631,0.000313944661069776,0.000286283816516304,0.000260432785424954,0.000237680400614316,0.00021658042671508,0.000196499800871172,0.000176011932721813,0.000155146411668246
0,0,0,0.00178951579133965,0.0123102354323755,0.0262777686741373,0.0407942921304258,0.0546852128268761,0.0678167989390798,0.0794285740736661,0.0900296976736558,0.0990026990198251,0.106463563930794,0.112644502086531,0.117645293291943,0.121324351497,0.123773513298991,0.125078594957288,0.125320253344847,0.124574743805684,0.122914556899542,0.120668281167629,0.117727637936202,0.114114290270947,0.109883712767289,0.10536937622768,0.100611880179494,0.095413756306306,0.0902906819807271,0.085002593770552,0.0796712552169739,0.0745416496859887,0.0692984159969225,0.064521486158051,0.0595627909462719,0.0551766331688877,0.0508287100330079,0.0467839749031331,0.0430632188501743,0.0395672503304505,0.0363018125509648,0.0332658865434118,0.03045381141272,0.0278568471641997,0.0254643191656245,0.0232644492618564,0.0212449527867778,0.0193934612088257,0.0176978153849125,0.0161462632476655,0.014727587315747,0.0134311810590429,0.0122470883452176,0.0111660165773988,0.0101793314078125,0.00927903886238259,0.00845775916963213,0.00770869543641076,0.00702559944663223,0.00640273621431318,0.00583484844426752,0.00531712169551584,0.00484515078177663,0.00441490775101835,0.00402271164367635,0.00366520013079822,0.00333930306166466,0.00304221789655802,0.00277138697198001,0.00252447651902547,0.00229935734307747,0.00209408706707253,0.00190689383547724,0.00173843341834304,0.00158513118502871,0.00144521507758006,0.00131747765798805,0.00120081723301596,0.001094228463589,0.000996793799008386,0.000907675667882909,0.000826109360531371,0.000752893226891814,0.000686871370666006,0.000626172850688985,0.000570289245516868,0.000518755977627977,0.000473335952066072,0.0004315919498991,0.000392687695699606,0.000358131453721989,0.000326372747667659,0.00029718136938819,0.000270951277921166,0.000246898147540568,0.000224577390878266,0.000204932181240763,0.00018497617098355,0.000164687698123789,0.000144091529124427
0,0,0,0.00173381213793919,0.0118766408598314,0.0255478691304058,0.03966745824182,0.0531441632950367,0.0660418322995126,0.0773116476019616,0.0874148240784377,0.0961943470700447,0.103453384605984,0.109299035181698,0.113830026109384,0.11713780462978,0.119307556949493,0.120419149375687,0.12054798008934,0.119765724924796,0.118140956515314,0.115739614919113,0.112625309988148,0.108859442684211,0.104941672683292,0.100546979862794,0.0956923834183645,0.0908698347124208,0.0858536115605453,0.0806432327265136,0.0757297278921455,0.0705763565062146,0.065858694094967,0.0610710867788868,0.0565912854066246,0.0523448637623429,0.0482540044251945,0.0443912260799414,0.0407691687366647,0.037391351221814,0.034254924831055,0.0313996083373248,0.0287541101984612,0.0263085381148278,0.0240536608643079,0.0219789924186272,0.0200734080400998,0.0183255829320833,0.0167242990288602,0.0152586542311069,0.0139181998439541,0.0126930255398336,0.0115738063005765,0.0105518221295436,0.00961895856250644,0.00876769392872293,0.00799107774955698,0.00728270349518098,0.00663667803822379,0.00604758949012107,0.00551047461689527,0.00502078666833084,0.00457436418670217,0.00416740116536553,0.0037964187805218,0.00345823881892574,0.00314995884938684,0.00287114600317455,0.00261742862309479,0.00238609797983975,0.00217515795570316,0.00198278773596511,0.00180732644493801,0.00164725908244621,0.0015012036623129,0.00136789945840396,0.00124619626959627,0.00113504461852033,0.00103348681026301,0.000940648775026077,0.000857407587954608,0.000782184053453507,0.000713186307162103,0.000649830106729016,0.000591581810003274,0.000538154555068624,0.000491343323531205,0.000447935232646828,0.000407589128174075,0.000371555466754636,0.00033882749507548,0.000308020209089479,0.000281325745381132,0.000255800507055036,0.00023351203697757,0.000212758222029122,0.000193282947680855,0.000173511728095448,0.000153479465860002,0.000133204714167537
0,0,0,0.0016733838601012,0.0114827087417028,0.0247591359147251,0.038451343444632,0.0518087267772157,0.064130957163717,0.0752404164464657,0.084745479113686,0.0931860161856502,0.100234423927933,0.105862922049298,0.110171810338524,0.113254507964483,0.115198595322505,0.116086759926613,0.115997628233646,0.115006460415845,0.113185682711578,0.110605233894511,0.107576135103157,0.104101055058755,0.100087430428271,0.0955897787534633,0.0911373095125434,0.0863995012650424,0.08136788080804,0.0766722719143311,0.0717298990911455,0.0669983210285413,0.062378052450082,0.057770414883018,0.0536240161265829,0.0494933752408452,0.0456613072404004,0.042032772919407,0.0386229748104148,0.0354376726500125,0.032475988864184,0.0297324872243959,0.0271987050924409,0.0248642755929527,0.0227177426706796,0.0207471466988001,0.0189404391862839,0.0172857706643018,0.0157716848895799,0.0143872442547416,0.0131221050473728,0.0119665565046219,0.0109115340580028,0.009948614495524,0.00906999876207508,0.00826848660517043,0.0075374461470629,0.00687078061513704,0.00626289383227762,0.00570865559574504,0.00520336772855421,0.00474273132623196,0.00432281553608793,0.00394002806582647,0.00359108752273007,0.00327299761115452,0.00298302316895371,0.00271866798947517,0.00247765435288983,0.00225790417891761,0.00205752170499353,0.00187477758902334,0.00170809434058788,0.00155603298104678,0.00141728084100469,0.00129064040600169,0.00117501912725605,0.00106964310202815,0.000975865836974272,0.000890062812538305,0.000811499870673137,0.000739506768062655,0.000673471522157268,0.000612835259099515,0.000558333395059402,0.000509548937087871,0.00046441052518622,0.000422558271824088,0.000385115645864592,0.000351335622562446,0.000319547144000292,0.000291606821040984,0.000265478989354136,0.000242120557324146,0.00022014733656484,0.000200992650717086,0.000181687216793829,0.000162158833038291,0.000142436158175765,0.000122530390464645
0,0,0,0.00160784422934103,0.0111706130533092,0.0239073286012072,0.0372352253291554,0.0503697397080083,0.0620757415867,0.0730154152452857,0.0823418920700988,0.0901692272213195,0.0967977151193883,0.102202056500647,0.106283362759142,0.109137406293446,0.110854559748186,0.111520728168291,0.111218136104031,0.110025940931972,0.108263853372814,0.105862460817931,0.102826276299996,0.0992170334611276,0.0951429795463973,0.0910849825298831,0.0866360233225116,0.0818436408023352,0.0773698896279366,0.0726401900355038,0.0679438937465438,0.0634896579898023,0.0588725439392447,0.0547796565906659,0.050640750702134,0.0466355942447828,0.0430628157217151,0.0396690070013707,0.0364719276850577,0.0334795752111886,0.0306930415170145,0.028108632639292,0.0257194340168309,0.0235164595977653,0.021489489048666,0.0196276717503115,0.0179199569078671,0.0163553944549629,0.0149233403506625,0.0136135915206875,0.0124164693645662,0.0113228659958107,0.0103242637860081,0.00941273607903248,0.0085809349077892,0.00782207001308518,0.00712988231925336,0.00649861415989444,0.0059229779069296,0.00539812417462949,0.00491961041843007,0.00448337048309432,0.00408568546382313,0.00372315610046078,0.00339267682621461,0.00309141151619326,0.00281677093255011,0.0025663918261697,0.00233811763124749,0.00212998067593804,0.00194018582296234,0.00176709544785331,0.00160921566701804,0.0014651837231856,0.00133428999834735,0.00121704851744372,0.00110994703390598,0.00101206412481778,0.000922558928193564,0.000840664006817788,0.000765678844763343,0.000696963921143789,0.000633935309740791,0.000578721190356214,0.000527907150353998,0.00048098334490201,0.00043757085299108,0.00039882541971102,0.000363915927281839,0.000331175979505898,0.000301839827050878,0.000275219149087753,0.000250458030950495,0.000228465364293123,0.000208158209924781,0.000189274617812556,0.000170198318664618,0.000150967493758177,0.000131603347590788,0.000112108872119624
0,0,0,0.00153677729134018,0.0108330151973005,0.0230968554357651,0.0362123880881439,0.0488204997309019,0.0602588609487666,0.0706279925206647,0.0797666299614635,0.087398233951467,0.0936286067244934,0.0985558097608123,0.102271289282707,0.104860936604053,0.106406071711551,0.106984331243592,0.106670435193744,0.105536801058226,0.10365397202675,0.101090828954234,0.0979145659142254,0.0944305183732238,0.0907006977363568,0.0865551068924684,0.0820617661021394,0.0778201060184385,0.0733078850999514,0.0686964564498054,0.0644094861199057,0.0599538574506487,0.0557848466749651,0.0517710009854792,0.0476752891829733,0.0441427793367784,0.0406176605251799,0.0373111318146373,0.0343262171752414,0.0315263305283441,0.0289145218869418,0.0264888304306248,0.0242438823313615,0.0221720663950757,0.0202643931178382,0.018511116839666,0.0169021810808563,0.0154275323278635,0.014077336321003,0.0128421224445677,0.011712875419306,0.010681088678767,0.00973879017370102,0.00887854860644812,0.00809346603984233,0.00737716126876492,0.00672374718227231,0.00612780447174304,0.00558435338696209,0.00508882475579782,0.00463703112258712,0.00422513859085063,0.00384963976023032,0.00350732800128813,0.00319527320919263,0.00291079909947928,0.00265146205826184,0.002415031520516,0.00219947182507296,0.0020029254807113,0.0018249029474187,0.00166413102042807,0.00151744407101205,0.00138357651760864,0.00126137383727072,0.00114978275206788,0.0010478422734524,0.000954675532004057,0.000869482326098058,0.000791532330039349,0.000720158902380165,0.000656703392248279,0.000599246059058667,0.000546359474785874,0.000497607389718225,0.000452591682045013,0.000412689407185407,0.000376579050602159,0.000342819036356992,0.000312064762822393,0.000284876571933187,0.000258933964647945,0.00023650088827611,0.000214898839107933,0.000196326979542913,0.00017765838144491,0.000158867317602334,0.000139984409931431,0.000121022495051113,0.000101975816576095
0,0,0,0.00145973609558496,0.0104680027883768,0.0224253118250927,0.0351101028095452,0.0471541120561854,0.0584391546599204,0.0681743921314323,0.0770112896842753,0.0844387690634737,0.0904589989655239,0.095171637802022,0.0986701268497815,0.101042773229574,0.102373737558834,0.102743900154295,0.102231572899,0.100913019848403,0.0988627508223551,0.096220643709149,0.0933463968425956,0.0899681061805134,0.0861446713874183,0.082016101861272,0.0780172385402669,0.0737305821790353,0.0692544898823635,0.0651386607147828,0.0608455826114936,0.0566425400878864,0.052752848953017,0.0487587540329083,0.0451620298651509,0.0417304007802547,0.0384230771224328,0.0353129482176406,0.0324059866350148,0.0297019217437895,0.0271961832571073,0.0248813345535129,0.0227789673459351,0.0208373964238939,0.0190481944473717,0.0174027113954271,0.0158918769912398,0.0145065271686805,0.0132376311903584,0.0120764453595245,0.0110146127932181,0.0100442238508564,0.0091578481281913,0.00834854615497225,0.00760986684652323,0.00693583518681481,0.00632093344237338,0.00576007832202794,0.00524859583419634,0.00478219509921834,0.00435694200723108,0.00396923333754619,0.00361577175609024,0.00329436456672689,0.00300331754787965,0.00273798320604419,0.00249607801507005,0.00227551823446198,0.00207440269081858,0.0018909969509398,0.0017237187970481,0.00157112491465283,0.00143189870458146,0.00130483913472381,0.00118885055124025,0.00108293337147873,0.000986175589003668,0.000897745021715887,0.000816882240593996,0.000744803466814593,0.000679644989207208,0.000619822501002851,0.000564834858557872,0.000514224742299236,0.000467574800571914,0.000426703153235386,0.000389327269229047,0.000354484830719712,0.000322316225131711,0.000294488621980491,0.000268038223813301,0.000244302925127215,0.000222638271025658,0.00020289046288653,0.000184592131946381,0.00016619603186971,0.000147742020197973,0.000129252174550238,0.000110730369589938,9.21618648521126e-05
0,0,0,0.00137624092695329,0.0100735500989264,0.0217008595823324,0.0339231748093114,0.0454000872848008,0.0564862432404284,0.066050711222184,0.0741628817245721,0.0812833628077039,0.08708686286889,0.0915798862575201,0.0948582458724462,0.0970130558387848,0.098131703895163,0.0982986699171979,0.0975961511421827,0.0961696133258118,0.0943213920437234,0.0918653730942991,0.0888665325244917,0.0853884679194702,0.0816931052844333,0.0779522870249862,0.0739026997290792,0.0696138404125286,0.0656757690291018,0.0615489200009097,0.0573536737310146,0.0535893263818566,0.0497154209335472,0.0459951166873458,0.0426445989384482,0.0393217908612606,0.0362318759970168,0.0333187960028961,0.0305905883496516,0.0280488009536453,0.0256904731350029,0.0235095991707779,0.0214982033655352,0.0196471239557574,0.0179465792845566,0.0163865715888555,0.0149571700894494,0.0136487047316692,0.0124518941336299,0.0113579254030191,0.0103584990421093,0.00944584881149277,0.0086127438975277,0.00785247883169843,0.00715885518256236,0.00652615797059082,0.00594912895211666,0.00542293832398249,0.00494315594784517,0.00450572286577846,0.00410692363186507,0.00374335980290648,0.00341192480220568,0.00310978027153703,0.00283433396020074,0.00258321915311163,0.00235427560155938,0.00214553190518857,0.00195518927361639,0.00178160659092498,0.00162328670216809,0.00147886383892062,0.00134709210310568,0.00122683492944509,0.00111705545243672,0.00101680770482917,0.000925228581935755,0.000844381354897859,0.00077036839496004,0.000702550073589034,0.000640352038943191,0.000583250190839179,0.000530766262766293,0.000482564165686292,0.000440852945693986,0.000402154341932262,0.000366173979182395,0.000332643828155437,0.000304087312192632,0.000277063187425562,0.000251916324306513,0.000230132185060638,0.0002090046287078,0.000191045875276875,0.000173006750599637,0.000154936462937567,0.000136866139649011,0.000118808659470791,0.000100758659980697,8.26924651197863e-05
0,0,0,0.00128577749726089,0.00964751706007666,0.0209198871535551,0.0326462464402034,0.0439886655341127,0.054392931000972,0.0637777696446663,0.0717027707801951,0.0782669767657035,0.0835628804740321,0.0877764308427654,0.0908333588044717,0.0927716941907532,0.0937392537055155,0.0939197444234906,0.0933021887564754,0.0919579790393002,0.0899576633671139,0.0873708690351915,0.0842659476008762,0.0810767323731584,0.0776128478063381,0.0738153690616654,0.0697676697900588,0.0660167931700707,0.0620625644668602,0.0579442982476918,0.0542814759213275,0.0505287452757027,0.0467199636023455,0.0434598002209076,0.0401350493036004,0.0369283899062313,0.0340544583996238,0.0313371615950185,0.0287865794753106,0.0264060601594199,0.0241942373928151,0.0221465236635143,0.0202562094187979,0.0185152668764779,0.0169149327622114,0.0154461260040232,0.0140997426008212,0.0128668594237766,0.0117388708239724,0.0107075759566692,0.00976523023861461,0.00890457096315096,0.0081188245438994,0.00740170093523767,0.00674737933056071,0.00615048815754774,0.00560608157002274,0.00510961403521142,0.00465691415415079,0.00424415851906937,0.00386784616163694,0.00352477395918718,0.00321201323315462,0.00292688767494695,0.0026669526627552,0.00242997598645771,0.00221391995672318,0.00201692485799216,0.00183729368416436,0.00167347808900715,0.00152406547841383,0.00138776716954135,0.00126340754133331,0.00114991410421863,0.00104883959524594,0.000956842924831006,0.000872721816649757,0.000795756523403405,0.000725290349837658,0.000660724100419907,0.000601511017809738,0.000547152163580319,0.000498400785982375,0.000455115739227911,0.000415045436534248,0.000377879139975141,0.000343333869679405,0.000313699231770142,0.000286038655236243,0.000259867257188584,0.000237423806884,0.00021612783487014,0.000197059422559081,0.000179345868672266,0.000161620796370177,0.000143924498483727,0.000126278646093283,0.000108686597326459,9.11337754609489e-05,7.35878650058923e-05
0,0,0,0.00121294136615605,0.00918764947280996,0.0200786360510036,0.0312738284335144,0.0424734466470368,0.052233419777679,0.0613486507749626,0.0690784242558257,0.0754416840407122,0.0805324869889011,0.0844397283662659,0.0872481364926161,0.089039201648748,0.08989200760937,0.0898839260772799,0.0890911284006399,0.0875888677322969,0.0854514910810242,0.0828906578199631,0.0801474155487106,0.0769830555672218,0.0734563500941649,0.0697064309619433,0.0661550614502174,0.0623826391946613,0.0584320532566556,0.0548283154577514,0.0511998739627627,0.047475542674728,0.0441687118250009,0.040930862912484,0.0376452682949843,0.0346880173013532,0.0319009299000376,0.0293772376276321,0.0270023249593336,0.0247813132839693,0.022714408011671,0.0207984204357568,0.0190278904646214,0.017395909847644,0.0158947210918417,0.0145161487588044,0.0132519058711292,0.0120938075789206,0.0110339162699539,0.0100646362719134,0.00917877175533246,0.00836955801150536,0.00763067369749285,0.00695623969391861,0.00634080875591724,0.00577934904160099,0.00526722377110936,0.00480016866148893,0.0043742683111896,0.00398593237239158,0.00363187209114963,0.00330907760681017,0.00301479626650159,0.00274651210651569,0.00250192658138164,0.00227894057136067,0.00207563765679299,0.00189026863058338,0.00172123719711045,0.00156708679885592,0.00142838252835156,0.00130285808241962,0.00118827028606773,0.00108363256731938,0.000988044939985756,0.000900686372661586,0.000820807827884832,0.000747725914889957,0.000680817102552777,0.000619512441060783,0.000563292747535817,0.000514358410874466,0.000469459210019759,0.000427977158177615,0.000389585030047177,0.000353984764331236,0.000323345452920128,0.000294989135454569,0.000268251098215647,0.000244552402768065,0.000223107339685447,0.00020266626331685,0.00018525339916413,0.000167841448614013,0.00015048019530182,0.000133200206100694,0.000116013317348957,9.89133582563005e-05,8.18768215384838e-05,6.48632504959306e-05
0,0,0,0.00117568274220578,0.00869158080585004,0.0191732145903668,0.030150285818728,0.0408486909883696,0.0504491432012005,0.0587567839281482,0.0662838344533793,0.0724397809760762,0.0773205798606055,0.081017437354072,0.0836178143196708,0.0852063412622842,0.0858656042011982,0.0856767546437458,0.0847198936369711,0.0831214727896553,0.0812626899111467,0.0788820495690323,0.0760435505894781,0.0728099739857887,0.0694178700914023,0.0660812249211135,0.0625026486363052,0.0587286439506731,0.055226818642072,0.0517279627685727,0.0481237666444235,0.0447718269512063,0.0416222394169892,0.0384203602710656,0.035424652602448,0.032739636910114,0.030093629039954,0.0276195664376098,0.0253175166143256,0.023183809649143,0.0212575694749444,0.0194712849556664,0.017818706394208,0.0162940256002238,0.0148904737507332,0.0136007659259192,0.0124174187568617,0.011332973720481,0.0103401505537201,0.00943194917306274,0.00860171388661037,0.00784317022053342,0.00715044206800526,0.00651805490117502,0.00594092930257213,0.00541436796378934,0.0049340384577795,0.0044959534719252,0.00409644971498169,0.00373216636570511,0.00340002367114416,0.0030972021092567,0.00282112239176784,0.00256942647680474,0.0023407174272618,0.00213437910317627,0.0019462260487179,0.00177463720374634,0.0016181336296154,0.00147536614550308,0.00134510399648575,0.00122622448088645,0.0011177034645141,0.00101860671210529,0.000928081971215552,0.000845351747074492,0.000769706710233451,0.000700499682724162,0.000637140153515243,0.000580924231734666,0.000530385033281629,0.000483841954917297,0.000440917695588133,0.00040126853374315,0.000364581307154469,0.000333041432478405,0.000303933806026383,0.000276575785303397,0.000251553519339548,0.000229909877039694,0.000209029621116034,0.000190763169380986,0.00017363858248684,0.000156579634656932,0.000139626114520533,0.000122798415176484,0.000106098490282213,8.9510908189282e-05,7.30037287390498e-05,5.65290047768392e-05
0,0,0,0.00113528821881583,0.00838790213735356,0.0182956005814685,0.0290569426910769,0.0391086884664621,0.0485412248521507,0.0566081855936004,0.0633947811340968,0.0692570166894558,0.0739242694593309,0.0774093563537868,0.0798028518958099,0.0811928833094429,0.0816658398609274,0.0814384251897014,0.0806554391645544,0.0792379061955154,0.0772539862286635,0.0747714643028646,0.0718571102863203,0.0688870503893824,0.0657832591688181,0.0624134555268724,0.0588277583264658,0.0554719171168102,0.0521101583246797,0.0486311039373976,0.0452680948151595,0.0422098028212501,0.0390927574392992,0.0359757209445929,0.0333986275098034,0.0308061883070085,0.0283337692982322,0.0260172292338211,0.0238582208564613,0.0218544799377672,0.0200010902212309,0.0182914129802902,0.0167177652073968,0.0152719098069333,0.0139454055643515,0.0127298528610139,0.011617062194063,0.0105991658289217,0.00966868782620332,0.00881858385724816,0.00804225932638487,0.00733357214506452,0.00668682486295071,0.00609674963022533,0.00555848854165087,0.0050675712206636,0.00461989098482095,0.00421168054666774,0.00383948792050843,0.0035001529895031,0.00319078503580868,0.00290874141990395,0.00265160751128474,0.00241717791844286,0.0022034390174092,0.00200855275686782,0.00183084169083676,0.00166877518387915,0.00152095672216332,0.0013861122641591,0.00126307955875799,0.00115079836331376,0.00104830149510758,0.000954706651252348,0.000869208935818772,0.000791074037613792,0.000719632002935327,0.000655905406039803,0.000598838576125882,0.000546419275309905,0.000498213842844701,0.000453827092776685,0.000412898914306757,0.000375101135161649,0.00034279692356821,0.000312886474544406,0.000284858974989125,0.000258535870181643,0.000236569445150687,0.000215518429449111,0.000195902952023794,0.00017904631696506,0.000162263074726577,0.000145602696970298,0.000129094445619034,0.000112748440985864,9.65570000602817e-05,8.04959264539615e-05,6.45255069504568e-05,4.85910583830249e-05
0,0,0,0.00109150510603477,0.00806724341447927,0.0176329333627788,0.0278838334332205,0.0373544775465863,0.0465041994673274,0.0543880601891663,0.0609857831410949,0.0663795340186557,0.0706480238671211,0.0738672600231649,0.076111279650409,0.0774528328037613,0.0779639731956979,0.0777165072082743,0.0767822482031598,0.075233025928839,0.0731404127659723,0.0705968923787439,0.0680963901051025,0.0652464869385462,0.0621032820194481,0.0587204822445847,0.0555565254855917,0.0523416005534881,0.0489948774721882,0.0456549423616537,0.0426926655194586,0.039663212946222,0.036592117092535,0.0339383601380645,0.031391213324524,0.028896637293495,0.0265956400259745,0.0244346748798083,0.022416953677477,0.0205415957072987,0.0188049173816667,0.0172013820571035,0.0157242949944002,0.0143663075612711,0.0131197790075765,0.0119770322172398,0.0109305308302079,0.00997299832250807,0.00909749449184391,0.00829746092492308,0.00756674409245378,0.006899602521694,0.00629070283471508,0.00573510819411298,0.00522826176413136,0.00476596709149592,0.00434436678599782,0.00395992048861713,0.00360938282511033,0.00328978182420427,0.00299839812343845,0.00273274516724217,0.00249055051538258,0.00226973832350949,0.00206841300764386,0.00188484408143749,0.00171745212718678,0.00156479585409961,0.00142556018530866,0.00129854531410154,0.00118265666363956,0.00107689568868321,0.000980351457548381,0.000892192953826731,0.000811662041998372,0.000740440861257587,0.000675878296997224,0.000616693967183054,0.00056239101210677,0.000512516514824703,0.000466657646858524,0.000424438130034166,0.000385603601634009,0.000352615910204814,0.000321855551086672,0.000293113207458089,0.000266198687944451,0.000243116543667139,0.000221850315237059,0.000201436921386774,0.00018409287977155,0.000167564875763772,0.000151170252376405,0.00013494760317942,0.000118915499459624,0.000103074003270224,8.7406285515822e-05,7.18800550241082e-05,5.6448596132496e-05,4.10513028751296e-05
0,0,0,0.00104406236283764,0.00772145304996699,0.0169204778813339,0.0266266284546062,0.0359539671973915,0.0443329301018298,0.0520264069942837,0.0584289608904341,0.063624549430624,0.0676940600184815,0.0707160737112575,0.0727675899909945,0.0739246717577138,0.0742629615514293,0.0738580145242211,0.0727853942119272,0.0711204861602832,0.0692146511979606,0.0670257052506452,0.0644536139430842,0.0615577305128644,0.0583952994867891,0.0554715861656935,0.0524154465668757,0.0492104421300196,0.0459283152194383,0.0430684497917085,0.040131003378271,0.0371440866106349,0.0344048659496814,0.0319183705236403,0.0294116274131236,0.0270194458974622,0.02488694021539,0.0228789099381287,0.0210000928527019,0.0192509634142636,0.017629046234722,0.0161298854834866,0.0147477560791969,0.0134761814740539,0.012308306895341,0.0112371648582452,0.0102558606656844,0.00935769873119998,0.00853626537059,0.00778547979211966,0.00709962205669515,0.00647334455589226,0.0059016718778752,0.00537999266844892,0.00490404614902914,0.00446990524164426,0.00407395771877918,0.00371288639749127,0.00338364910350233,0.00308345890778174,0.00280976497905377,0.00256023427426917,0.00233273420128992,0.00212531632859328,0.00193620116638209,0.00176376401853725,0.00160652187590622,0.00146312131349589,0.00133232733994293,0.00121301314758046,0.00110415070295959,0.00100480212211116,0.000915640142151861,0.000835711762668734,0.000762601226274427,0.000695686125028119,0.000634398921058783,0.000578222146298089,0.000526684017158531,0.000479354422878492,0.000435841250653022,0.000396526009012491,0.00036249657687681,0.000330844044463703,0.000301345931798465,0.000273800119009505,0.000249578409803025,0.000228054396457672,0.000207455994997234,0.000188800753877349,0.000172513675601542,0.000156363329383749,0.000140398174390167,0.000124645681497029,0.000109113901997763,9.37933177399014e-05,7.86586322099265e-05,6.36702491510488e-05,4.87752843734111e-05,3.39080423746035e-05
0,0,0,0.000992669595153774,0.0073488279973953,0.0161552474721135,0.0252810313599772,0.0344573236923925,0.0424228576450459,0.0495191832186706,0.0557211612592403,0.0607147595312306,0.0645833996614357,0.0674085964597995,0.0692706517671722,0.0702492329568199,0.0704237811961408,0.0698736926852209,0.068863908929125,0.0674997218744447,0.0656522473423743,0.0633847684572735,0.0607598165860174,0.0578746049133701,0.0552061284048329,0.0523229132013624,0.0492712072839258,0.0460937315438214,0.043333327274688,0.0404939499617226,0.0375953020702195,0.0347968775686108,0.0323740709529446,0.0299251154850303,0.0274685039619469,0.0251824099296446,0.0232147634939836,0.0213563903395772,0.0196135148627599,0.017987932768784,0.0164783474257328,0.0150813580826026,0.013792186692748,0.0126052088002419,0.0115143378599417,0.0105133001979568,0.00959582863057431,0.00875579581723476,0.00798730317877879,0.00728473726018089,0.00664280242711981,0.00605653654012062,0.00552131455276999,0.00503284370511184,0.00458715302626311,0.00418057913990217,0.00380974982644122,0.00347156639321266,0.00316318560427388,0.00288200169526432,0.00262562883622979,0.00239188428263291,0.00217877236257211,0.00198446938926818,0.00180730953501877,0.00164577167584439,0.00149846718794421,0.00136412866508804,0.00124159951512866,0.00113275708360721,0.00103355048505997,0.000942936577615183,0.000860138180753513,0.000784446502658517,0.000715215148889949,0.000651854655545378,0.000593827499330422,0.000540643541921141,0.000491855865505582,0.000447056960836686,0.000407540583239873,0.000372431327526028,0.000339849591773293,0.00030955955357111,0.000281346963989482,0.000255979247816597,0.000234156550343648,0.000213333590934321,0.000193440001745987,0.000177132552919662,0.000161210926121892,0.000145480842920811,0.000129979211213674,0.000114722491313627,9.97086699281886e-05,8.49193317418112e-05,7.03215224546674e-05,5.58691996346454e-05,4.15041668574617e-05,2.7156460894311e-05
0,0,0,0.000937016124153437,0.00694759665884184,0.0153342098546089,0.024084946763001,0.0328604056431036,0.0406598236670045,0.0473055012052469,0.0528603753232192,0.0576494372951324,0.0613170282304604,0.0639478241792683,0.065625739830625,0.0664342823954875,0.0667262712578336,0.0663710621074729,0.0654239433569063,0.0639507273175355,0.0620175350626592,0.0596900047406572,0.0572015638205581,0.0547473341269025,0.0520533325658033,0.0491686765786715,0.046139216928174,0.0434820740543168,0.0407484563244853,0.0379437845084126,0.0351121171166069,0.0327572289889345,0.0303688095761673,0.0279673975857273,0.0256236011933756,0.0236872405169957,0.021735287456238,0.0199204760806341,0.0182624966628109,0.0167573074033525,0.0153571939148365,0.0140597808552225,0.0128612110370723,0.0117566888932268,0.0107408754524929,0.00980817240072201,0.00895292353345005,0.00816955489960139,0.00745266964670878,0.0067971095856978,0.00619799247872055,0.00565073178352736,0.00515104387518011,0.00469494647710691,0.00427875106420009,0.00389905127504491,0.00355270882109416,0.00323683797417522,0.0029487894099652,0.00268613395403328,0.00244664661328998,0.00222829114887934,0.00202920535419654,0.0018476871389817,0.00168480210167272,0.00153674301117523,0.00140168246162657,0.00127845769714774,0.0011660080103212,0.00106336585003308,0.000969648685749435,0.000884051570928346,0.000805840348633881,0.00073434544787265,0.000668956220400397,0.00060911577145681,0.000554316238616221,0.000504094479677673,0.00045802812840728,0.000418627747396359,0.000382406863791501,0.000348864532616204,0.000317751511947011,0.000288841319414178,0.000262340447140404,0.000240179654121905,0.000219094403516872,0.000199008304128918,0.000181439220381246,0.000165736671164079,0.000150224914215166,0.000134950855098343,0.000119939887415966,0.000105197880739197,9.07134373456416e-05,7.64600725876835e-05,6.23980611151372e-05,4.84757988710926e-05,3.46306224587934e-05,2.07890871206328e-05
0,0,0,0.000876770065501257,0.00651592497097866,0.0144543134863373,0.0230848181826013,0.031159335060266,0.0387856330117426,0.0452526241290288,0.0506248795567945,0.054966244356137,0.0583402801739193,0.0608107054062259,0.0624418036796845,0.0632987595751599,0.06344787161739,0.0629565885663124,0.0618933185559436,0.0603269738016765,0.0583262374329871,0.0562997789863845,0.0540806029791138,0.0515942134040837,0.0488924994741618,0.0460243774411865,0.0435081369097218,0.0408895605677533,0.0381861725421737,0.0354297846194054,0.033065774432912,0.0307418060630079,0.0283980447835046,0.026053290889081,0.0241156571680642,0.0222520098074066,0.0204281952753307,0.0187297959511396,0.0171545637164523,0.0156982873646,0.0143554929757379,0.0131199541417592,0.011985060044449,0.0109440775591004,0.00999053820370625,0.00912416417373039,0.00832931325512917,0.0076009481494116,0.00693415864152332,0.00632422818196722,0.00576667560502576,0.00525727880544674,0.00479208546313514,0.00436741460558761,0.00398076515908595,0.00362968616221248,0.00330954896023368,0.00301764473336046,0.00275149397287411,0.00250882873560669,0.00228757583344161,0.00208584103187118,0.00190189428405828,0.00173415600230009,0.00158118433804249,0.00144166343701242,0.00131439261942574,0.00119827643365819,0.00109231552939503,0.000995598292482537,0.00090729318792313,0.000826641757585046,0.000752952220550479,0.000685593626461815,0.000623990517069588,0.000567618050118744,0.000515997544525372,0.000470237910437483,0.000429761922845766,0.000392404330428099,0.000357876034226693,0.000325914395462292,0.000296280691473484,0.000268757718880869,0.00024614381552554,0.000224760173199,0.00020444671716544,0.000185446277903135,0.000169959026665011,0.000154654515336198,0.000139590171958055,0.000124800890151734,0.00011030091837611,9.60862022676059e-05,8.21368011686182e-05,6.8419076421755e-05,5.48874487017766e-05,4.14856267724808e-05,2.81472890351932e-05,1.4796242715379e-05
0,0,0,0.000811577466570111,0.00605192455212728,0.0136521593078893,0.0220160462568969,0.029531505111409,0.0367972362066837,0.0430799788159585,0.0482653350519669,0.0524194572633301,0.0556085831772109,0.0578994570474658,0.0593596884190735,0.0600580011379924,0.0600643188333655,0.0594496339873287,0.0582856177549446,0.0567591764514203,0.0551508997426399,0.053189609601185,0.0509313007979636,0.0484305275551968,0.0457576588996011,0.043403705094048,0.0409109973276475,0.0383177711463232,0.0356584769664177,0.0332967106998594,0.0310422441611593,0.0287597217115656,0.0264700295859911,0.0244241166020328,0.0226318154340636,0.0208442195070487,0.0191461022627579,0.017561908624271,0.0160904909781027,0.0147286213985685,0.0134717072148732,0.0123143139016622,0.0112505438107892,0.010274307316261,0.00937951392090104,0.00856020404222113,0.00781063705121419,0.00712534724463507,0.0064991764949998,0.00592729011903541,0.00540518082665695,0.00492866436934714,0.00449386955822256,0.00409722461268151,0.00373544127731101,0.00340549774079995,0.0031046210971892,0.00283026987153916,0.00258011696764536,0.00235203327395724,0.00214407207861566,0.00195445438027507,0.00178155513222717,0.00162389043107589,0.00148010563068945,0.00134896435483607,0.00122933836638524,0.00112019824685101,0.00102060483848582,0.000929701396285601,0.000846706400309964,0.000770906980233989,0.000701652902223139,0.000638351074029345,0.000580460524551828,0.000528117965648987,0.000482706623080448,0.000440911803080421,0.00040239953640967,0.000366866272667137,0.000334036099565375,0.000303658141044471,0.00027550411875621,0.000252066582172642,0.000230349927174116,0.000209776015177838,0.000190260627931009,0.000173891542210108,0.000158788808434409,0.000143921731956266,0.000129335258368986,0.000115052570763595,0.000101077412694339,8.73966536262816e-05,7.39827521011896e-05,6.07958678174938e-05,4.77854763755361e-05,3.48914364751346e-05,2.20445225795534e-05,9.1664636231449e-06
0,0,0,0.000741061488926725,0.00578996213447787,0.0130695146691535,0.0208756269002079,0.0282490437215854,0.0346922093405001,0.0407860025486175,0.0457812947676472,0.0497468859364174,0.0527520233096946,0.0548667803105387,0.0561623368755728,0.0567111091495968,0.0565866744008995,0.0558718821402785,0.0550261569171544,0.0537349219637645,0.0520563476475716,0.0500486273983493,0.0477688683296056,0.0453555657470871,0.0431597819566654,0.0408052644227484,0.0383326092126155,0.0357788574544597,0.0334461796114149,0.0312673606396662,0.0290507759921869,0.0268194009242405,0.024683873576661,0.022934312472417,0.0211784230390603,0.0194695659338715,0.0178941927884727,0.0164215330813745,0.0150515100147335,0.0137818530461835,0.0126088280244211,0.0115277722495352,0.0105334834593227,0.00962049969332749,0.00878329787015078,0.00801643202546644,0.00731462696070411,0.00667283912419491,0.00608629358103935,0.00555050370193099,0.00506127850629269,0.00461472133620069,0.0042072225826136,0.00383544846303427,0.00349632732346641,0.00318703452671466,0.0029049766916752,0.00264777582658218,0.00241325373240132,0.00219941692765355,0.00200444225981012,0.00182666330206221,0.00166455758340753,0.00151673467307994,0.00138192510883044,0.0012589701492177,0.00114681231549953,0.00104448668269599,0.000951112877096682,0.000865887733428929,0.000788078566031545,0.000717017009750573,0.000652093385666947,0.000593173322610904,0.000542079007123041,0.000495162843650511,0.000452040721352507,0.00041236324871132,0.000375812674321918,0.000342100028398811,0.000310962461429214,0.000282160757114698,0.000257963122648745,0.000235880199838101,0.000215014323102207,0.000195274457198402,0.000177543171115151,0.000162642246067813,0.000147965341377369,0.000133567948347081,0.00011948274568016,0.000105721804283082,9.22792064287746e-05,7.91337097252076e-05,6.62511602634289e-05,5.35864637866059e-05,4.10850221167835e-05,2.86836244075609e-05,1.63108294225713e-05,3.88688762074207e-06
0,0,0,0.000664821769183281,0.00553256476109767,0.0124454584305876,0.0196607237820002,0.0268856382235818,0.0331434767585012,0.0384728833765438,0.0431734662328616,0.0469508251125002,0.049774735038457,0.0517188643766174,0.0528581446276534,0.0533560062839597,0.0534369065994442,0.0529754210712719,0.0520302031993168,0.0506611567704861,0.0489285508375122,0.0468919299153881,0.0447883371462856,0.0427662513724228,0.0405636886018271,0.0382235007283874,0.0357852520227725,0.0335095286644985,0.0314135502125192,0.0292686778237741,0.0270999572153828,0.0249284324415972,0.0231898520789031,0.0214740614437758,0.0197612168185415,0.0181330998574602,0.0166770636472927,0.0153128531346954,0.0140414288437561,0.0128614482887243,0.0117700100149413,0.0107632002932805,0.00983649193324876,0.00898503251281219,0.0082038501392782,0.00748799789910356,0.00683265291541666,0.00623318196801445,0.00568518263798727,0.00518450669246388,0.00472727071312682,0.00430985770275493,0.00392891243562607,0.00358133259225753,0.00326425718159938,0.00297505334103718,0.00271130230242895,0.00247078508727946,0.00225146832394232,0.00205149045450971,0.00186914850888404,0.00170288555701984,0.00155127889741924,0.00141302901289685,0.00128694928992732,0.00117195649062348,0.00106706194861484,0.000971363454576928,0.000884037794406575,0.000804333897237769,0.000731566553338852,0.000666355266488422,0.000608760362781027,0.000555974059667541,0.000507556454876129,0.000463107101123464,0.000422261557897663,0.000384688212577466,0.000350085342573277,0.000318178388675769,0.000288717418438778,0.000263846369329291,0.000241365225991978,0.000220177345202923,0.000200184269560082,0.000181294534479727,0.00016622487913547,0.000151736299524295,0.000137519349979328,0.000123616728516884,0.00011004938621021,9.68191081611829e-05,8.3911294464942e-05,7.12976134498703e-05,5.89382879074405e-05,4.67838804283548e-05,3.47765318011892e-05,2.28506733357247e-05,1.09332640704422e-05,0
0,0,0,0.000604230259199818,0.0052557315477841,0.0117778976468264,0.0184000529418181,0.0254389658513552,0.0315358127605254,0.0366995910381956,0.040972591568014,0.0443993731430312,0.0470269971690111,0.0489051990178025,0.0500864764605582,0.0506260621515643,0.0505817391651987,0.0500134588533073,0.048982730590355,0.0475517736573054,0.0457824514220962,0.0440434635530037,0.0422119351598774,0.0401764855386663,0.0379821043296483,0.0356707947260913,0.033481376882879,0.031476427697994,0.0294100758267243,0.0273093991879304,0.0251975568589599,0.0233967021285711,0.0217243874473186,0.0200492297353308,0.0183852381190906,0.0168391649970585,0.0154986681481509,0.0142394666319178,0.013063521629339,0.0119703865128578,0.0109579640936603,0.010023064393433,0.00916181282834491,0.00836994643539129,0.00764302650787312,0.00697658900069402,0.00636624878058201,0.00580776980209955,0.0052971102688552,0.0048304495788612,0.00440420212050397,0.004015021708262,0.00365979946694173,0.00333565724292331,0.00303993807521074,0.00277019484383109,0.0025241779058582,0.00229982230094854,0.00209523493712333,0.00190868203778337,0.00173857704158912,0.00158346907592083,0.00144203207388845,0.00131305457277963,0.00119543020025209,0.00108814884280111,0.000990288474900557,0.000901007620621231,0.000819707100701785,0.000748657251583118,0.000683671630096471,0.000624199451557202,0.000569738888819623,0.000519832826889332,0.000474064975225355,0.000432056301826627,0.00039346175597939,0.000357967245770282,0.000325286844822554,0.000295160201130025,0.000269727120748062,0.000246817097635268,0.000225278567458176,0.000205005096259742,0.000185898491136493,0.000169542717054197,0.000155245699216449,0.000141205546115735,0.000127475430016281,0.000114085717666293,0.000101046426339102,8.83500389391636e-05,7.59743256309829e-05,6.38848967943388e-05,5.20373064923964e-05,4.03786250388755e-05,2.88484731429722e-05,1.73795606377878e-05,5.897788606471e-06,0
0,0,0,0.000584421439350565,0.00495826872981365,0.0110647798422765,0.0175776120633717,0.0239071222264305,0.0298380076552089,0.0348322867663752,0.038934559080654,0.0421920307166818,0.0446547236156857,0.0463755934518804,0.0474105307426798,0.0478182089634093,0.0476597401631728,0.0469981052629334,0.0458973438284978,0.0444528238192251,0.0431074657961599,0.0414846390706148,0.0396328104209063,0.0375989766073463,0.0354274808766726,0.0333556761502352,0.0314508882545054,0.029470853965022,0.0274446272298584,0.0253974651640675,0.0235526548710262,0.0219278634322738,0.020293467423435,0.0186649974101608,0.0170547775150589,0.0155913651623905,0.0143622862437175,0.0132043583457476,0.0121205041186876,0.0111111382868228,0.0101749373898043,0.00930940805643793,0.00851130409089255,0.00777693030847437,0.00710236172613104,0.00648359965401551,0.00591668091148206,0.00539775236428467,0.00492311993727955,0.00448927897463496,0.00409293107839266,0.0037309912623242,0.00340058827335595,0.00309906019234561,0.00282394687780548,0.00257298039405868,0.00234407425558575,0.00213531208821005,0.00194493613340366,0.00177133589110145,0.00161303710433904,0.00146869121804982,0.00133706539064659,0.00121703310598955,0.00110756539842648,0.0010092543361968,0.000921377453507397,0.000841111428057602,0.000767769823054731,0.000700726828489359,0.000639412000971893,0.00058330546044654,0.00053193349611899,0.000484864549449688,0.000441705533254851,0.000402098453883322,0.000365717305524315,0.000332265205721815,0.000301471748544191,0.000275614101522687,0.000252245881832956,0.000230329424385984,0.000209749830200215,0.000190401678378221,0.000172598132386159,0.000158500770333126,0.000144638605925052,0.000131075648435102,0.000117852167104774,0.000104986941632422,9.24800308580754e-05,8.0315690167092e-05,6.84651314909626e-05,5.68889081984803e-05,4.55388000159523e-05,3.43591612257909e-05,2.32877544828e-05,1.22561272752881e-05,1.18959151670319e-06,0
0,0,0,0.000562960101471036,0.00463895620836974,0.0103041234423999,0.016702172492685,0.0223826096319378,0.0280493941554666,0.0328712510453172,0.0368015051355232,0.039890315636291,0.0421909391310922,0.0437597673356695,0.044656211250833,0.0449423954836036,0.0446826293602869,0.0439426355049995,0.0430550837913361,0.0419659239187746,0.0405711863629393,0.0389207968171877,0.0370636156857279,0.0350462135047326,0.0331257659324799,0.031331162755438,0.0294461860753452,0.0275017930268381,0.0255253042900973,0.0236550780749578,0.0220824867335177,0.0204925831768859,0.0189024058746885,0.0173257972331725,0.0157733491027692,0.0145759148561169,0.0133524275611283,0.0122210863782032,0.0112145293096612,0.0102856615452156,0.00942270993118692,0.00862384907676232,0.00788643559370478,0.00720731914683817,0.00658306787097086,0.00601012987230188,0.0054849471753006,0.005004034419972,0.00456403155241432,0.0041617374500292,0.0037941296702888,0.00345837420746187,0.00315182814831762,0.00287203737260035,0.00261673088756103,0.00238381296397439,0.00217135392370732,0.00197758019823179,0.00180086409906133,0.00163971360842182,0.0014933882693672,0.00136269447794279,0.00124346694634152,0.00113468198771961,0.00103540556217411,0.000944785574967675,0.000862044808475961,0.000786474447215224,0.00071742815322196,0.000654316646113279,0.000596602747286538,0.000543796851940497,0.000495452784460231,0.000451164007183661,0.000410560144842548,0.000373303793900566,0.000339087588144625,0.000307631492304531,0.00028151398217469,0.000257659698055023,0.000235339428957117,0.000214429400046891,0.000194816525197335,0.000176396546841929,0.000161505260670628,0.000147826912929329,0.00013443035657275,0.000121366177493442,0.000108662418395439,9.63272240941608e-05,8.43517821812857e-05,7.27132281346227e-05,6.13772636862896e-05,5.03003271737631e-05,3.94312414011498e-05,2.87123382736223e-05,1.8080103532622e-05,7.46540549704286e-06,0,0
0,0,0,0.00053971565707117,0.00429655589754874,0.00955409034620632,0.0157719632373163,0.0213241120617144,0.0261700604066094,0.0308176811941738,0.0345759625169089,0.03749830625143,0.0396414414955294,0.0410653527211187,0.0418330167360093,0.0420099166034968,0.0418399762674022,0.0414145489480896,0.0406034950214463,0.0394574390737372,0.0380275828903506,0.0363644928692994,0.0345168398335897,0.0327844203643035,0.0311108663453574,0.0293305852600634,0.027476348390051,0.0255774890027749,0.0237009630982993,0.0221858362749683,0.020644776327649,0.0190963018955098,0.0175557756888621,0.0160352835408628,0.0147956200191539,0.0136606771849908,0.0125183635089029,0.0114608484146224,0.0104846443324724,0.00958558991493283,0.00875914899122419,0.00800062481533071,0.00730531127248225,0.00666859735176556,0.00608604276337955,0.00555699320690665,0.0050717842860331,0.00462728263067208,0.00422044791495532,0.00384836959369717,0.00350828942531133,0.00319927361411546,0.00291793965112249,0.00266134207938394,0.0024273259835639,0.00221391604783216,0.00201930337141202,0.0018418327820462,0.00167999077093923,0.00153239411376532,0.00139777921478942,0.0012749921799409,0.00116297960922142,0.0010607800849787,0.000967516324113006,0.000882387963461249,0.000804664932194533,0.000733681378179169,0.000668830105781661,0.000609557484984766,0.0005553587939367,0.000505773960877379,0.000460383664627447,0.000418805765931274,0.000380692034367459,0.000345725142850374,0.000313615903146454,0.000287431366019804,0.000263064756692243,0.00024031626271953,0.000219052907780951,0.000199153576801406,0.000180507135532947,0.00016425983682816,0.000150775522814385,0.000137549015136779,0.000124641547714973,0.000112090873061551,9.99137197670468e-05,8.81086850265009e-05,7.66592217928224e-05,6.55364389542178e-05,5.47015200549008e-05,4.4107652249436e-05,3.37014328017635e-05,2.34237798422164e-05,1.32104038112094e-05,2.99190504932239e-06,0,0
0,0,0,0.000514548476351656,0.00392982184888059,0.00911728883786348,0.0147854322656888,0.0202044831331622,0.0249040526994042,0.0289013115238225,0.0322616271217554,0.0350213677901829,0.0370133972577381,0.0383489639081013,0.0392340365013371,0.0396069678191853,0.0395138877475445,0.039003921585557,0.0381283079903091,0.0369393250932792,0.0354890714822394,0.0338281757024356,0.0323238876702894,0.0307830392127895,0.0291179462991948,0.0273630887138866,0.0255497451086328,0.0237053035647244,0.0222351159519605,0.0207478344537432,0.0192450813755174,0.0177437285472864,0.0162573719795435,0.0149170457868731,0.0138552115631406,0.0127707608708141,0.0117074057878347,0.0107217074435125,0.00981084421110014,0.00897125387265876,0.00819894038824165,0.00748969480124713,0.00683925216440486,0.00624340096067893,0.0056980574002196,0.00519931389445157,0.00474346867515609,0.00432704177481732,0.00394678125225469,0.00359966256190713,0.00328288320554021,0.00299385424810559,0.00273018985271277,0.00248969567696159,0.00227035673480861,0.00207032515205866,0.0018879081129014,0.00172155619959686,0.00156985225714093,0.00143150085892342,0.00130531841666243,0.00119022395010586,0.00108523051077815,0.000989437244609018,0.000902022065730178,0.000822234914240302,0.000749391559280239,0.000682867914206287,0.000622094828504356,0.00056655331750876,0.000515770195598998,0.000469314082399216,0.000426791742635386,0.000387844735688892,0.000352146341393672,0.000320133400234459,0.000293368750675943,0.000268465365294265,0.000245265828642428,0.000223627728423944,0.000203421637407121,0.000184529223772886,0.000166841513693209,0.00015348653613398,0.000140437908997201,0.000127688732531807,0.000115286850859581,0.000103258037940368,9.16087812654986e-05,8.03292865831129e-05,6.93964064274808e-05,5.87762657922421e-05,4.84264442283599e-05,3.82976525135037e-05,2.83349044328377e-05,1.84782293961937e-05,8.66298885650881e-06,0,0,0
0,0,0,0.000487309512818052,0.0036368115064218,0.00865097682731445,0.0137412988236818,0.0190228482394665,0.0235793437206805,0.0274300146925739,0.0305981662668063,0.0331115718836693,0.0350026654327349,0.0363085400095501,0.0370707495041584,0.0373349017670706,0.0371500318420597,0.036567752783415,0.0356412003241824,0.0344238130530261,0.0329680171102377,0.0317359225605052,0.0303401795790423,0.0288015802098276,0.0271561893674057,0.0254371471216716,0.0236738900400352,0.0222271937214021,0.0207991721981826,0.019346735659128,0.0178882407345462,0.0164387978818422,0.0150102039708356,0.0139769478694874,0.0129419595787983,0.0119091165697201,0.0109222388710493,0.0100061055680193,0.00915853834921622,0.00837655405583059,0.00765667890243974,0.00699517574382448,0.00638820647498721,0.00583194619763706,0.00532266165619646,0.00485676334722752,0.00443083834458462,0.00404166912310064,0.00368624231595889,0.00336175034438771,0.0030655880961919,0.00279534626235141,0.00254880251090408,0.00232391136267423,0.00211879338912317,0.00193172417695631,0.00176112336985694,0.00160554400062712,0.0014636622562906,0.00133426776108212,0.00121625442853177,0.00110861190463679,0.00101041760422252,0.000920829329381905,0.000839078447920468,0.000764463610219916,0.000696344968182327,0.000634138868713713,0.000577312988454504,0.000525381874722211,0.000477902861752447,0.000434472333016554,0.0003947222951483,0.000358317239617013,0.000326748028438177,0.000299326477125221,0.000273863909777475,0.000250192272115347,0.000228159573062837,0.000207627875816185,0.000188471405008633,0.00017057479188515,0.000155959476734622,0.000143100493140014,0.00013051515865047,0.000118261713298192,0.000106375390179677,9.48710275171613e-05,8.37460355979286e-05,7.29833972851378e-05,6.25544563334927e-05,5.24213205694827e-05,4.25387887962168e-05,3.28557769428794e-05,2.33162693167773e-05,1.38598524004365e-05,4.42189526906511e-06,0,0,0
0,0,0,0.000457839914493826,0.00347649921893203,0.00815390486561346,0.0127396288743985,0.0177787651677584,0.022189235116927,0.0258915902531806,0.028911816618833,0.0312806572978375,0.0330337284805104,0.0342114124446328,0.0348585226084518,0.0350237334544222,0.0347587738428072,0.0341173979942111,0.0331541717952563,0.0320478017827476,0.0310118127877726,0.0297742695564446,0.0283742409625181,0.026849234209323,0.0252341488241715,0.0235604091451809,0.0221586360356045,0.0207958657513457,0.0193988859650721,0.0179875002656493,0.0165783258207299,0.0151846569970068,0.0140707497577432,0.0130632548348509,0.0120587765073961,0.0110781996112012,0.0101650958401248,0.00931607336449682,0.00852957280445911,0.00780316838869514,0.00713388925153847,0.00651845275256066,0.00595343209435695,0.00543537501843982,0.00496088620027129,0.00452668283724916,0.00412963054767688,0.003766764922673,0.00343530271374825,0.00313264563586373,0.0028563789942479,0.00260426677289136,0.00237424438659643,0.00216440998070023,0.00197301491625202,0.00179845389970448,0.00163925507980815,0.00149407033689487,0.00136166591584759,0.0012409134972684,0.00113078176539331,0.00103032850063302,0.000938693207087306,0.00085509026689219,0.000778802606257972,0.000709175854520029,0.000645612965592292,0.000587569276055406,0.000534547971491923,0.000486095928685856,0.000441799904987188,0.000401283049654933,0.000364201703805792,0.000333402224315389,0.000305302675720823,0.000279260821127559,0.000255097976445322,0.000232652520610398,0.000211777895466438,0.000192340716028189,0.000174219005034872,0.000158191659632421,0.000145537740858631,0.00013312554578177,0.000121023935951333,0.000109277956058695,9.79112235674587e-05,8.6928798971254e-05,7.63202093279384e-05,6.60623510931873e-05,5.61220789775031e-05,4.64583589965371e-05,3.7023935577355e-05,2.77665186866289e-05,1.86295335791523e-05,9.55249634453856e-06,4.71077141148592e-07,0,0,0
0,0,0,0.000425970717039135,0.00330435434730069,0.00762489415341271,0.012120017438544,0.0164722875726282,0.0207345855157721,0.0242878875642958,0.0271611302709049,0.0293882569372512,0.0310082321624716,0.0320648025451099,0.0326060011827374,0.0326833971407529,0.032351103505719,0.0316645787839065,0.0309850467936654,0.0301424011546787,0.0290767950262055,0.0278281449992658,0.0264352362610213,0.0249346059909321,0.0233595878029696,0.0220257378211552,0.0207346826881508,0.019398813485389,0.0180393285309295,0.0166743314607271,0.0153186215944131,0.0141353286444593,0.0131581203994004,0.0121789619246107,0.011208057844391,0.0102799632196462,0.00943775236068673,0.00865322456682404,0.00792541365039568,0.0072524283136597,0.00663178013748616,0.00606062263721091,0.00553592383494402,0.00505458926202557,0.00461354812490887,0.00420981221085338,0.00384051472183871,0.00350293443333301,0.00319450920700582,0.00291284187451371,0.00265570073052233,0.00242101630044213,0.00220687560564582,0.00201151482937666,0.00183331103745385,0.00167077342590183,0.00152253443142971,0.00138734093926855,0.00126404575034766,0.00115159940920642,0.00104904245940801,0.000955498160912121,0.00087016568474389,0.000792313782937264,0.000721274923323191,0.000656439873718217,0.000597252710299734,0.000543206227061264,0.000493837720943852,0.00044872512428396,0.000407483457780186,0.000371250630142172,0.00034008881372422,0.000311293221609007,0.000284654537328301,0.000259983543103401,0.000237109023837871,0.000215875773801257,0.000196142711376439,0.000177781110740276,0.000160672961695244,0.000147748479879115,0.000135522226845142,0.000123579406516053,0.000111975164117812,0.000100742278951259,8.98938897434537e-05,7.94264877520368e-05,6.9322891777452e-05,5.95549829759263e-05,5.00860564137088e-05,4.08727121780107e-05,3.18662698484889e-05,2.30137339488109e-05,1.42583636913877e-05,5.53991120109151e-06,0,0,0,0
0,0,0,0.000391522553031107,0.00311969386121454,0.00706286087334039,0.0114635395699574,0.0153921889793894,0.0192169280893507,0.0226215416490571,0.0253500034204764,0.0274396484533027,0.0289328971435262,0.0298768582052679,0.0303226528309942,0.0303244744829798,0.0301019210102266,0.0297524779894273,0.0291181041734663,0.0282387608125137,0.02715498467666,0.0259066511575134,0.0245317913119823,0.0230655498000744,0.0218245487017845,0.0206121073581604,0.0193434848767479,0.0180412062717946,0.016724827960996,0.0154106504589801,0.0141692602653203,0.0132254011507474,0.0122741196078518,0.0113265531682739,0.0103916800398103,0.00951586815364761,0.00874153558863225,0.00801876432502075,0.00734715466423708,0.006725325972073,0.00615125097456869,0.00562250023118326,0.00513641939153177,0.00469025628171867,0.00428125064767149,0.00390669621287147,0.00356398230558667,0.00325062049996176,0.00296426034503623,0.00270269723298031,0.00246387467420822,0.00224588266816703,0.00204695341475694,0.00186545528631373,0.00169988572919224,0.00154886358106217,0.00141112115073187,0.00128549630558907,0.0011709247363455,0.00106643250967777,0.00097112898193296,0.000884200114665628,0.000804902212178502,0.000732556085650707,0.000666541636574582,0.000606292848804992,0.000551293167600536,0.000501071245572281,0.000455197034282706,0.000413484495330715,0.000378781067538121,0.000346798055798339,0.000317291708904223,0.00029004147024646,0.000264847764483673,0.000241529899148535,0.000219924075628814,0.000199881507699868,0.000181266653174727,0.000163955565421073,0.000149729710234484,0.000137705454723511,0.000125931719428048,0.000114473969250746,0.000103374479031864,9.26548620493175e-05,8.2318988471241e-05,7.23559855031374e-05,6.27430824079382e-05,5.34481287243421e-05,4.44316886273348e-05,3.56486714695118e-05,2.70495082286826e-05,1.85809166242738e-05,1.01863130883928e-05,1.80593323219555e-06,0,0,0,0
0,0,0,0.000354305453567261,0.00292182724264659,0.00646684288667053,0.0107694241201542,0.0145924361301562,0.0179335353439066,0.0208960111160892,0.0234832274124469,0.0254410364345493,0.0268153495980691,0.0276565474314361,0.0282021096570881,0.0284432585683377,0.028339709638536,0.027928928280791,0.0272507023754184,0.0263459368788567,0.0252553844583913,0.0240184021126308,0.0226718253170117,0.0215508963468828,0.0204243625106338,0.0192295733479774,0.0179902950259997,0.0167274881393694,0.0154589384396484,0.0141990991752115,0.0132638012078087,0.0123432238243345,0.0114213163144083,0.0105079955689401,0.00961101469933551,0.00878690605351633,0.00807734553162794,0.0074135087845418,0.00679553529930849,0.00622253072701297,0.00569290710291483,0.0052046324173103,0.00475541229156135,0.00434282092034818,0.00396439419883393,0.00361769476737404,0.00330035628562383,0.00301011243132501,0.00274481473440984,0.00250244233197618,0.00228110593863446,0.00207904774378934,0.00189463849978134,0.00172637273803317,0.00157286279641858,0.00143283215615144,0.00130510844595516,0.00118861636767665,0.00108237072255418,0.000985469655202757,0.000897088194996471,0.00081647214247712,0.000742932325531115,0.000675839234827924,0.000614618035541919,0.000558743949468376,0.000507737987164224,0.000461163016663798,0.000421988466756778,0.000386332168113284,0.000353517678688087,0.00032328945140665,0.000295415986617603,0.000269687598255697,0.000245914306954142,0.000223923849908771,0.000203559802483246,0.000184679810519009,0.00016715393777088,0.000151476901181603,0.00013967369034214,0.000128082455637292,0.000116779124001551,0.00010581574376014,9.52227637803835e-05,8.50118288630874e-05,7.51787659262637e-05,6.57064986129491e-05,5.65677030662867e-05,4.77270805479408e-05,3.91431893476642e-05,3.07698255001339e-05,2.25569809768685e-05,1.44514312774706e-05,6.39701117051572e-06,0,0,0,0,0
0,0,0,0.000314118707660843,0.00271006244000122,0.00589760562529811,0.0100371142183761,0.0137515554929244,0.0169785729376039,0.0197207078542961,0.0219848025927009,0.0237826873286319,0.0251315607673658,0.026054062515253,0.0265780421481521,0.0267360373573202,0.026564483845972,0.0261026949532591,0.0253916680079298,0.0244727940110905,0.0233865618826348,0.0221713533024204,0.0212004079986888,0.0201674280059714,0.0190534759925286,0.0178834542342285,0.0166796621947222,0.0154613412093348,0.0142444374302679,0.0132719022670509,0.0123851040001309,0.011491445607969,0.0106017668570718,0.00972475002539411,0.00886695614715716,0.00809363340762929,0.00744568605656645,0.00683791342096825,0.00627096660432704,0.00574441289505598,0.00525708153545488,0.00480731807648489,0.00439317020965516,0.00401252233885181,0.00366319190025562,0.0033429972272615,0.00304980432721227,0.00278155811070979,0.00253630222030601,0.00231219057365735,0.00210749294146242,0.00192059629334227,0.00175000319321011,0.00159432819700259,0.00145229294945579,0.00132272048992624,0.0012045291349537,0.00109672620136381,0.000998401756328657,0.000908722518294835,0.00082692599634228,0.000752314919075149,0.000684251984181504,0.000622154942817242,0.000565492018958325,0.000513815432816758,0.000470366895137884,0.00043049805954366,0.000393884822171197,0.000360232956297792,0.000329275514348325,0.000300770408991963,0.000274498151699284,0.000250259730691805,0.000227874615060478,0.000207178875343039,0.000188023417333913,0.00017027232731795,0.000153801332421293,0.000141423870392078,0.000130031443993719,0.000118893434293642,0.000108071878284335,9.7606379036074e-05,8.75167287749421e-05,7.78058375503423e-05,6.84626836403913e-05,5.94650727564523e-05,5.07820660377496e-05,4.23759942570746e-05,3.42040330666801e-05,2.62193509300684e-05,1.83718717667138e-05,1.06087075902794e-05,2.87431850594887e-06,0,0,0,0,0
0,0,0,0.000270750848458274,0.00248371290290747,0.00562279292833215,0.00926630240540511,0.0128696936556516,0.0159809871279198,0.0186049313561118,0.0207509220518189,0.0224336067421064,0.0236731562870068,0.0244952025346994,0.0249304518838427,0.0250139965408344,0.0247843605058232,0.024282336310828,0.0235496885544839,0.0226278167631275,0.0215782313124365,0.0207685310822405,0.0198370576234739,0.018811328173391,0.0177172546169396,0.0165783911832229,0.0154153896197156,0.0142456771149951,0.0132481803429249,0.0123984604629555,0.0115358914349273,0.0106722098969705,0.009817022382581,0.00897779618966365,0.00815995909854484,0.00743621298808868,0.00684670267225317,0.00629210751933869,0.00577356270986385,0.00529107251857872,0.00484386126774002,0.00443063216006333,0.00404975700549364,0.00369941420499512,0.00337768807051951,0.00308263934779509,0.00281235435190819,0.00256497830219035,0.00233873703395751,0.00213195023234697,0.00194303853086591,0.00177052622728688,0.00161304091732677,0.00146931101059013,0.00133816184110894,0.001218510890696,0.00110936250462674,0.00100980237025841,0.000918991953088336,0.000836163021832118,0.000760612353268745,0.000691696677165071,0.0006288278931295,0.00057338154876157,0.000524615023725252,0.000479940163408197,0.000438986561364344,0.000401417450463523,0.000366926824712588,0.000335236778594269,0.000306095040868571,0.000279272680302113,0.000254561962151339,0.000231774340905334,0.000210738576979298,0.000191298969096721,0.000173313699133,0.000156653287859254,0.000142951649093713,0.000131777002552783,0.000120817996580204,0.000110146807021187,9.98124603054067e-05,8.98432387420841e-05,8.02495067059942e-05,7.10266589706941e-05,6.21579548401638e-05,5.3617073483254e-05,4.53702931233484e-05,3.7378246814511e-05,2.95972544098821e-05,2.19802591565698e-05,1.44774176970522e-05,7.03639997258473e-06,0,0,0,0,0,0
0,0,0,0.000223979754609153,0.00224210575993486,0.0053302178219713,0.00845696581201235,0.0119473598331146,0.0149419620481488,0.017447966642928,0.0194775327443641,0.0210482844741667,0.0221834503364947,0.0229116454069309,0.0232663146102608,0.0232848722092308,0.0230075919876062,0.0224763235345534,0.0217331281249107,0.0209362894021854,0.0202505536204362,0.0194287948761828,0.018499015927163,0.0174879885778587,0.0164204168003564,0.01531829990243,0.014200520220722,0.0131910215304547,0.0123818785930617,0.0115534696427363,0.0107183905771071,0.00988715820506482,0.009068150683964,0.00826766808088618,0.00749008321159007,0.00681445978887202,0.00628022439328513,0.0057759323456125,0.00530317565046997,0.00486237114842325,0.00445311630055313,0.00407445220220722,0.00372505695561323,0.00340338684807075,0.00310777848960262,0.00283652182993808,0.00258791151419952,0.00236028219904597,0.00215203203917914,0.00196163751441509,0.00178766196277261,0.00162875959004618,0.00148367627122581,0.00135124812438273,0.00123039857739514,0.0011201344597111,0.00101954150442406,0.000927779541992992,0.000844077584887097,0.000767728942134199,0.000700182152667876,0.000640263322388971,0.000585470415051779,0.000535340912752501,0.000489453584075856,0.000447424979945079,0.000408906219520558,0.000373580032001003,0.000341158034877684,0.000311378216783863,0.000284002605053309,0.000258815096482355,0.000235619433649481,0.000214237312900018,0.000194506613753698,0.000176279741792113,0.000159422082418673,0.000144251620932682,0.000133316155024455,0.000122552415916828,0.000112042789585729,0.000101845943625,9.19989559416013e-05,8.25199973407278e-05,7.34112379403855e-05,6.46617240398922e-05,5.62500375054863e-05,4.8146617460286e-05,4.03156840825787e-05,3.27167448541532e-05,2.53057023935317e-05,1.8035602304332e-05,1.08570736372064e-05,3.71851605807911e-06,0,0,0,0,0,0
0,0,0,0.00018346043102787,0.0019845911618978,0.00501924804391451,0.0078120250632603,0.0109854588497229,0.0138631514028577,0.0162523432292988,0.0181681392524697,0.0196312559355577,0.0206680063625858,0.0213099096291497,0.0215929553165993,0.0215565749818148,0.0212423946210894,0.0206928621931898,0.0201948249587438,0.0196416248125465,0.0189379885627385,0.0181121872797622,0.0171916785484571,0.0162021881700959,0.0151669802346957,0.0141063501360806,0.0130987374531718,0.0123338419604782,0.0115428733554458,0.0107392359967904,0.0099343325180913,0.00913744868527654,0.00835576940155093,0.00759449721872578,0.00685704153263769,0.00628424504189421,0.00574760556174847,0.00528898086223057,0.00485943157216595,0.00445796486414956,0.00408452976093674,0.00373848580708791,0.00341879984243956,0.00312419016846149,0.00285323132313663,0.00260442943652653,0.0023762756697721,0.00216728339132803,0.00197601333191961,0.0018010899101815,0.00164121111592459,0.00149515373691845,0.00136177526165409,0.00124001344846017,0.00112888429475321,0.00102747894628431,0.000937341152632327,0.000856510320056105,0.000782704292815493,0.000715294170304195,0.000653706212513466,0.000597417199399988,0.00054595017009477,0.00049887050782478,0.000455782347346475,0.000416325277083792,0.000380171311511988,0.00034702210297767,0.000316606374944258,0.000288677548278068,0.000263011541523313,0.000239404727306234,0.000217672027622315,0.000197645136546237,0.000179170860874613,0.000162109570811469,0.00014633375879983,0.000134644828972183,0.000124094999969123,0.000113760618300904,0.000103710145918759,9.39897231176922e-05,8.4625653222338e-05,7.56272310008919e-05,6.69896279502054e-05,5.86966289049662e-05,5.07230778905427e-05,4.30369522468224e-05,3.56010349019599e-05,2.83741869452649e-05,2.13122527788972e-05,1.43686425514329e-05,7.49464462074362e-06,6.39517902694524e-07,0,0,0,0,0,0
0,0,0,0.000179413916579,0.00181494108334352,0.0046893114331129,0.00741905488110211,0.00998531913288391,0.0127466976191392,0.0150211273671433,0.0168268036075226,0.0181875974965963,0.0191328671513713,0.0196968823166516,0.0199179095039944,0.0198370289816983,0.0195685186604327,0.0193488652218003,0.0189367756576585,0.0183598084816425,0.0176462631879455,0.0168240841175388,0.0159198664901874,0.0149580342937331,0.0139602353655029,0.0129695809925566,0.0122527450886947,0.0115026837490318,0.0107335442104389,0.0099575784166501,0.00918496729771761,0.00842378655981745,0.00768008738137012,0.00695806024633407,0.00634803531987496,0.00588375527719653,0.0053821636943928,0.00492079406630548,0.00449711496569424,0.00410856637725753,0.00375262372871187,0.00342684128819329,0.00313058581666118,0.00286145631393188,0.00261370780934009,0.00238604986806942,0.00217715860151814,0.00198571558780161,0.00181078532343691,0.00165308858367188,0.00150920566356033,0.00137793219482901,0.0012581636509885,0.00114888815291695,0.00104917951525406,0.000958190617434822,0.000875147137808672,0.000799341676962363,0.000730128282792371,0.000666917362791311,0.000609170985861654,0.00055639854262206,0.000508152756117793,0.000464026012536615,0.000423646990812521,0.000386677566206594,0.000352809965992555,0.000321764147862782,0.000293285386372763,0.000267142040353398,0.000243123485081252,0.00022103819239071,0.000200711943547866,0.000181986164770752,0.000164716375640146,0.000148770744848255,0.000135758041328742,0.000125442935822434,0.000115299792816139,0.00010540694457572,9.58198096232989e-05,8.65731226171767e-05,7.76836360774339e-05,6.91529833869107e-05,6.09704637846106e-05,5.31155905934151e-05,4.55603018073786e-05,3.82707847533168e-05,3.12089085274701e-05,2.43332827238614e-05,1.75999826092986e-05,1.0962988537894e-05,4.37439001163961e-06,0,0,0,0,0,0,0
0,0,0,0.000175026785739238,0.00174121177482494,0.00433991084004152,0.007004347658348,0.00940321097474258,0.011595240642852,0.0137579122239002,0.0154581108352731,0.0167228625871838,0.0175844592819908,0.0180796935699596,0.0182759415059147,0.018449887203002,0.018393413509588,0.0181309390002564,0.0176892613243212,0.0170964486116841,0.0163807086688868,0.0155693283301993,0.0146877625797425,0.0137589302302209,0.0128027442694788,0.0121369064078271,0.0114313803729205,0.010699992897096,0.00995579500095123,0.00920983956688619,0.00847109121808933,0.00774646332430986,0.00704095112580223,0.00635782838305168,0.00594084369227378,0.00549744429785827,0.00502970024234816,0.00459914879391815,0.00420353392091959,0.00384054508415827,0.00350788393231047,0.00320331003640988,0.00292467118476079,0.0026699223717996,0.00243713658298251,0.00222450968753946,0.00203036116434999,0.00185313193631984,0.00169138025710679,0.00154377634825252,0.00140909628686023,0.00128621551125515,0.00117410220443923,0.00107181073754011,0.000978475296083707,0.000893303774763745,0.000815571988310094,0.000744618225763879,0.000679838166341199,0.00062068014620094,0.000566640781016761,0.000517260917183103,0.000472121905137944,0.0004308421684278,0.000393074049627768,0.000358500909694428,0.000326834462251334,0.000297812315038239,0.000271195706230729,0.000246767410402998,0.000224329799922266,0.000203703046145659,0.000184723447505908,0.000167241874083597,0.000151122321031832,0.000136650070023145,0.000126592454351227,0.000116658678358174,0.000106936935424282,9.74920757361724e-05,8.8367525636703e-05,7.95878112425115e-05,7.11613566973352e-05,6.30832923004403e-05,5.53380813852178e-05,4.79018499435038e-05,4.07443537788968e-05,3.38305608726308e-05,2.71218612171286e-05,2.05769330622565e-05,1.41523109411354e-05,7.80270287678681e-06,1.48110356333181e-06,0,0,0,0,0,0,0
0,0,0,0.000170271577705095,0.00166209135193944,0.00397063994789038,0.00656767852316529,0.00889292494764028,0.010938019362873,0.0126963968628154,0.0141644461354683,0.0153424521813012,0.0162352529165927,0.0168525637984781,0.0172089516152294,0.0173234664133085,0.0172189677133232,0.0169212062849468,0.0164577438043762,0.0158568060407054,0.0151461682766742,0.0143521622447962,0.0134988732510375,0.0126075678336604,0.0119845818883746,0.0113273515675914,0.0106371475023356,0.00992775419797814,0.00921106084449525,0.00849690973828107,0.0077930835007329,0.00710540165919181,0.00643789362083527,0.00594248068033875,0.00554836759810455,0.0051262073924039,0.00469102690158845,0.00429012566522921,0.00392151222159927,0.00358311576524939,0.00327285537892096,0.00298868800077697,0.00272864068997973,0.00249083136732312,0.00227348116110148,0.00207492069483244,0.00189359206580136,0.00172804780425604,0.00157694777455658,0.00143905472771357,0.00131322901515803,0.00119842284317793,0.00109367433378017,0.000998101581891482,0.000910896838034048,0.000831320907677205,0.000758697819896434,0.000692409796170547,0.000631892542583676,0.000576630857737932,0.00052615456437519,0.000480034740333377,0.000437880246211391,0.000399334524344932,0.000364072653587285,0.000331798639108851,0.000302242919209449,0.000275160065865944,0.00025032666662106,0.000227539365490506,0.000206613050154552,0.000187379170999237,0.000169684180452343,0.000153388083148846,0.000138363089449147,0.000127538980691879,0.000117834651822311,0.000108299575152025,9.90081164390345e-05,9.0012605403263e-05,8.13456303361424e-05,7.3022726448373e-05,6.50451709469025e-05,5.74026683317737e-05,5.00757802724413e-05,4.30380215942284e-05,3.62575859177245e-05,2.969869959713e-05,2.33226287361167e-05,1.70883753633287e-05,1.09531098449004e-05,4.87238466223027e-06,0,0,0,0,0,0,0,0
0,0,0,0.000165118824702207,0.00157727611899304,0.00358119981546298,0.00610897198250018,0.00835916125691908,0.0103246512964137,0.0120005247862386,0.0133851730184234,0.0144811542419016,0.0152957340004299,0.015841068570241,0.0161340233253275,0.0161956491324485,0.0160503693767612,0.0157249555312818,0.0152473873790147,0.0146457014468847,0.0139469260841535,0.0131761838803181,0.0123560148741428,0.0117939796626277,0.0111889054509358,0.0105434693577311,0.00987210697734277,0.00918749401860404,0.0085003282143247,0.00781926058298453,0.00715094927278731,0.00650020328622281,0.0059318985539078,0.00555432989128566,0.0051714714623108,0.00477071887632953,0.00436675370845884,0.0039942760755048,0.00365154777138147,0.00333672753372404,0.00304794268307802,0.00278333921124164,0.0025411159238777,0.00231954684867001,0.00211699507018396,0.00193192034914557,0.00176288229706002,0.00160854041086641,0.00146765194350805,0.00133906833155879,0.00122173070096833,0.00111466483685859,0.00101697589342038,0.000927843038639684,0.000846514170592649,0.000772300799351258,0.000704573154766194,0.000642755552505204,0.000586322047644869,0.000534792369033363,0.000487728147848598,0.000444729417971065,0.00040543138714855,0.000369501457837034,0.000336636483275634,0.000306560240419134,0.000279021104211621,0.000253789901453158,0.000230657933691235,0.000209435148806795,0.000189948449578321,0.000172040126753475,0.000155566405157582,0.000140396095062468,0.000128277285055444,0.000118824234267272,0.000109493311940935,0.0001003683905299,9.15108600394718e-05,8.29616232774671e-05,7.47436292086874e-05,6.6864616513538e-05,5.93198270755529e-05,5.20945205253228e-05,4.51661843572147e-05,3.85063926518275e-05,3.20823002012002e-05,2.58577855820754e-05,1.97942765835105e-05,1.38512983077746e-05,7.98678961042974e-06,2.15723046544574e-06,0,0,0,0,0,0,0,0
0,0,0,0.000159536961026094,0.00148646022273562,0.00317141576119982,0.00562832005082792,0.00780237417917203,0.00968789725002187,0.0112818021794037,0.0125846369249729,0.013601338176665,0.0143416366107899,0.0148200847637294,0.0150557132099469,0.0150713548391269,0.0148927074166769,0.0145472280402702,0.0140629661181056,0.0134674412078533,0.0127866581929457,0.0120481852496868,0.0115632757640836,0.0110142818086633,0.0104173242461706,0.00978738942690871,0.00913787405754706,0.00848029634155443,0.0078241653704044,0.00717698576112029,0.00654436607922662,0.00593019741992574,0.0055490033616116,0.00518111618795351,0.00481079658984002,0.00443144164384679,0.00405729791289297,0.00371197559544691,0.00339397809401521,0.00310168319008577,0.0028334169614215,0.00258750587861021,0.00236231272818497,0.00215626060498985,0.00196784816090853,0.001795658492245,0.00163836345108451,0.00149472470608225,0.0013635925356361,0.0012439030903287,0.00113467465328744,0.00103500329366189,0.000944058194450015,0.000861076859312721,0.000785360336552912,0.000716268564337428,0.000653215895418874,0.000595666844552782,0.00054313208608611,0.000495164701749373,0.000451356692647424,0.00041133573725418,0.00037476219655869,0.000341326347237686,0.00031074583113547,0.000282763304007117,0.000257144270859513,0.000233675087439095,0.000212161118738158,0.000192425036318021,0.000174305243766304,0.000157654418681057,0.000142338161368205,0.000128801635955613,0.000119623222857325,0.000110515702725941,0.000101572338132948,9.28636604197551e-05,8.44390979389225e-05,7.63292907507434e-05,6.85487440665935e-05,6.10985380496333e-05,5.39689021709423e-05,4.7141528131285e-05,4.05915504277945e-05,3.42891732655084e-05,2.82009478807911e-05,2.22907246527078e-05,1.6520318682086e-05,1.08499299274912e-05,5.23836184502999e-06,0,0,0,0,0,0,0,0,0
0,0,0,0.000153492197662409,0.0013893384314577,0.00291787730233151,0.00512599928243056,0.00722324648181307,0.00902893955368802,0.0105419911051741,0.0117652347691525,0.0127060540402304,0.0133766355596361,0.0137938312238688,0.0139786514886696,0.0139554481096472,0.0137508739172307,0.013392726411499,0.0129087876772577,0.0123257640412898,0.0117076152610509,0.0112906308279886,0.0108016650644033,0.0102569917505316,0.00967202912893493,0.00906081228210105,0.00843563052440611,0.00780682952393704,0.00718276026749239,0.00656984572513816,0.0059727315270364,0.00553196555623033,0.00518033582255187,0.00482352872659044,0.00446677195639649,0.00410864150958842,0.00376289719279896,0.00344343616252112,0.00314899159435395,0.0028781496375594,0.00262942547934099,0.00240131733993347,0.00219234407808816,0.0020010706827414,0.00182612486237656,0.00166620713428043,0.0015200962158366,0.00138665105717554,0.00126481051338185,0.00115359139904618,0.0010520854663408,0.000959455707937841,0.000874932274499684,0.000797808213990591,0.000727435181299887,0.000663219221943115,0.000604616696094682,0.000551130388160285,0.000502305832111386,0.000457727858379415,0.000417017375947863,0.000379828376490272,0.000345845162536184,0.000314779783923369,0.000286369671739367,0.000260375455977376,0.000236578954640974,0.000214781316662551,0.000194801310606067,0.00017647374227827,0.000159647991564524,0.000144186658926975,0.000129964311242056,0.000120226823785897,0.000111363528938268,0.00010261848544877,9.40713572653886e-05,8.57802489393978e-05,7.77837397482473e-05,7.01033904649551e-05,6.2746417690987e-05,5.57083021268289e-05,4.89751842967992e-05,4.25259591868603e-05,3.63340277241204e-05,3.03687033499193e-05,2.45962905680258e-05,1.89808667918666e-05,1.34848085981895e-05,8.06910292903732e-06,2.6934837851521e-06,0,0,0,0,0,0,0,0,0
0,0,0,0.000146948441330409,0.00128560937236862,0.00278950516172779,0.00460248600636826,0.00662270100703446,0.00834923306042496,0.00978314411195828,0.0109296506731569,0.0117986087130191,0.0124046015125782,0.0127666312008303,0.0129074553874471,0.0128526461383644,0.0126294745938127,0.0122657371289122,0.0117886359676656,0.0113194470633112,0.0109742074004539,0.0105491982721047,0.0100606755965624,0.00952435217246878,0.00895480079671968,0.008365016601335,0.007766147459465,0.00716738107339588,0.00657596319775559,0.00599731419317709,0.00550278706312937,0.00516873663271028,0.00482663169100187,0.00448204810467836,0.00413962956664144,0.00380240502720387,0.00348362600479756,0.00318872109959637,0.0029166413676214,0.002666170589861,0.00243600335779861,0.00222480085388566,0.00203123004503978,0.00185399058951973,0.00169183269296159,0.00154356833329768,0.00140807767465385,0.0012843120204984,0.00117129431741479,0.00106811796107292,0.000973944454617284,0.000888000327748693,0.000809573611979766,0.000738010087694774,0.000672709452358187,0.000613121521941237,0.000558742533259955,0.000509111597746731,0.000463807338476794,0.000422444721061051,0.000384672092406997,0.00035016841928871,0.000318640728807618,0.000289821738388823,0.00026346766549794,0.000239356206250456,0.000217284671498508,0.000197068264525442,0.000178538493717068,0.000161541705073453,0.000145937725155927,0.000131598606498386,0.000120629791685103,0.000112032912257804,0.000103504546843683,9.51333750572598e-05,8.69862557188288e-05,7.9109909018507e-05,7.15332214841499e-05,6.42698359963172e-05,5.73207685772985e-05,5.06768664259429e-05,4.43210009482043e-05,3.82299387883306e-05,3.23758719935095e-05,2.67276197886887e-05,2.12515279439789e-05,1.59121007070108e-05,1.06724072728183e-05,5.49430074003398e-06,3.38486764782171e-07,0,0,0,0,0,0,0,0,0
0,0,0,0.000139867178337196,0.00117497927941858,0.00265300820707846,0.00405846902976413,0.00600190795380114,0.00765050343046042,0.00900758989986047,0.0100808258551919,0.0108825183031861,0.011429536348688,0.0117428337956027,0.0118466425543026,0.0117674321521983,0.0115327510941028,0.0111700699700691,0.0108820289906727,0.010612187109674,0.0102549978832766,0.0098265150071346,0.00934259103844332,0.00881821738571307,0.00826701255511058,0.00770087774731254,0.00712981648816391,0.00656189773799631,0.00600333171744076,0.0054610401006073,0.00514591034627435,0.00481974200941878,0.00448842325443574,0.00415695977304317,0.0038294230546623,0.00351265950355028,0.00321941391055048,0.00294776190708634,0.00269686059474198,0.00246568069736334,0.00225308654116582,0.00205789351347835,0.00187890874921995,0.00171495937089453,0.00156491153746394,0.00142768274131756,0.00130224918630763,0.00118764961095375,0.00108298657709053,0.000987425986717837,0.000900195383259237,0.000820581452830348,0.000747927028804908,0.000681627817142277,0.000621129000504409,0.000565921833873431,0.000515540306285642,0.000469557919129785,0.000427584620283952,0.000389263902344297,0.000354270086423409,0.000322305782116805,0.00029309952970944,0.0002664036137467,0.000241992040225103,0.000219658667777858,0.000199215483401027,0.00018049100850984,0.000163328829431938,0.00014758623854764,0.00013313297840747,0.000120826583202748,0.00011251943516584,0.000104227526197723,9.60483033633439e-05,8.8057368259295e-05,8.03097266589368e-05,7.28418269448013e-05,6.56740180954041e-05,5.88131335625679e-05,5.22549921601258e-05,4.5986673440875e-05,3.99884966605893e-05,3.42356714005235e-05,2.86996193144163e-05,2.33489889928459e-05,1.81503959210239e-05,1.30689242365734e-05,8.06843084589433e-06,3.11168716055409e-06,0,0,0,0,0,0,0,0,0,0
0,0,0,0.000132207401156694,0.00105716622354824,0.00250811993748584,0.00386131917432488,0.00536228707193207,0.00693473861801932,0.00821791074834258,0.00922191978718471,0.00996145261918163,0.0104555030008432,0.0107267339636813,0.0108005483282528,0.0107039783433951,0.0104754861294034,0.0103937933332078,0.0102027867146134,0.00991716872165351,0.00955259692576807,0.00912489342771813,0.00864933112860195,0.00814005152518088,0.0076096443423555,0.00706889513423065,0.00652668692205399,0.00599002848660238,0.00546417577731817,0.00511144152757794,0.00480247534619944,0.00448556501695546,0.00416605063913947,0.00384837094547916,0.00353604827060495,0.00323919408056856,0.00297006484811521,0.00272037588710077,0.00248947866974126,0.00227652030986707,0.0020805253189711,0.0019004546368181,0.00173524771907504,0.00158385202871729,0.00144524320753482,0.00131843838154164,0.00120250444607578,0.00109656270913762,0.000999790919909782,0.000911423455341573,0.000830750227626644,0.000757114735821166,0.000689911568235263,0.000628583580873018,0.000572618911938455,0.000521547950125759,0.000474940335681693,0.000432402046184617,0.000393572609637989,0.000358122457577675,0.000325750438987524,0.000296181490406636,0.000269164469183287,0.000244470140640641,0.000221889313763171,0.000201231117180498,0.000182321407194008,0.000165001295251864,0.000149125790069517,0.000134562541652905,0.000121190680749423,0.000112818273364608,0.000104783821138909,9.68139858341357e-05,8.89929890843599e-05,8.13841947068165e-05,7.40318062326815e-05,6.69631347708978e-05,6.01911104866319e-05,5.37167916989769e-05,4.75317085222848e-05,4.16199371715823e-05,3.5959863138291e-05,3.05256211055241e-05,2.52882237762684e-05,2.0216409032055e-05,1.52772398800807e-05,1.04364940701022e-05,5.65888168972584e-06,9.08122730057623e-07,0,0,0,0,0,0,0,0,0,0
0,0,0,0.000123925516626429,0.000931904791045627,0.00235460372040369,0.00367515628465638,0.00488650343487235,0.00620417304036688,0.00741691183912231,0.00835626351308835,0.00903917352555433,0.00948655252518746,0.00972249437961262,0.00977325022449674,0.00984707869626293,0.00985326539506535,0.00974427178430887,0.0095338183555501,0.00923696867779862,0.00886933197622145,0.00844630884908343,0.00798244536228354,0.00749093793702211,0.00698330591205791,0.00646922601961021,0.00595650638067988,0.00545116826393513,0.00506491576699308,0.00477443276309623,0.00447311498763101,0.00416660103608549,0.00385967684707635,0.00355622979597013,0.00325926473772092,0.00298168091839454,0.00273527647238015,0.00250628380940846,0.00229423733862885,0.00209845022746044,0.00191809781216994,0.0017522781010336,0.00160005517362478,0.00146048984549155,0.00133266089191394,0.00121567930066131,0.00110869740950294,0.00101091431989208,0.000921578621421529,0.000839989208246604,0.000765494757369578,0.000697492298314694,0.000635425183671883,0.000578780694800691,0.000527087442743419,0.000479912687831619,0.000436859659855173,0.000397564934596933,0.000361695909453749,0.000328948396891334,0.000299044355646017,0.000271729759212632,0.000246772608997525,0.000223961085979194,0.000203101835958754,0.000184018381873988,0.000166549657587923,0.000150548649318463,0.000135881143486359,0.000122424567827717,0.000112924339809957,0.000105169337315729,9.74276110550167e-05,8.97917524696641e-05,8.23334643077604e-05,7.5104841666009e-05,6.81403832913872e-05,6.1459380536034e-05,5.5068401993449e-05,4.89636774160235e-05,4.31332577863886e-05,3.75588814745905e-05,3.22175268981578e-05,2.70826551907001e-05,2.21251641162982e-05,1.73140860826417e-05,1.26170665989399e-05,8.00065822849784e-06,3.43046557651716e-06,0,0,0,0,0,0,0,0,0,0,0
